bm_unit,national_grid_bm_unit,settlement_date,settlement_period,half_hour_end_utc,settlement_run_type,psr_type,quantity_mwh
2__BLOND003,AG-BEDF03,2026-09-08,1,2026-09-07T23:30:00Z,II,Generation,1.318
2__BLOND003,AG-BEDF03,2026-09-08,2,2026-09-08T00:00:00Z,II,Generation,2.017
2__BLOND003,AG-BEDF03,2026-09-08,3,2026-09-08T00:30:00Z,II,Generation,2.344
2__BLOND003,AG-BEDF03,2026-09-08,4,2026-09-08T01:00:00Z,II,Generation,2.194
2__BLOND003,AG-BEDF03,2026-09-08,5,2026-09-08T01:30:00Z,II,Generation,2.473
2__BLOND003,AG-BEDF03,2026-09-08,6,2026-09-08T02:00:00Z,II,Generation,2.482
2__BLOND003,AG-BEDF03,2026-09-08,7,2026-09-08T02:30:00Z,II,Generation,2.759
2__BLOND003,AG-BEDF03,2026-09-08,8,2026-09-08T03:00:00Z,II,Generation,3.562
2__BLOND003,AG-BEDF03,2026-09-08,9,2026-09-08T03:30:00Z,II,Generation,3.381
2__BLOND003,AG-BEDF03,2026-09-08,10,2026-09-08T04:00:00Z,II,Generation,3.381
2__BLOND003,AG-BEDF03,2026-09-08,11,2026-09-08T04:30:00Z,II,Generation,3.140
2__BLOND003,AG-BEDF03,2026-09-08,12,2026-09-08T05:00:00Z,II,Generation,2.022
2__BLOND003,AG-BEDF03,2026-09-08,13,2026-09-08T05:30:00Z,II,Generation,1.755
2__BLOND003,AG-BEDF03,2026-09-08,14,2026-09-08T06:00:00Z,II,Generation,1.589
2__BLOND003,AG-BEDF03,2026-09-08,15,2026-09-08T06:30:00Z,II,Generation,1.037
2__BLOND003,AG-BEDF03,2026-09-08,16,2026-09-08T07:00:00Z,II,Generation,1.045
2__BLOND003,AG-BEDF03,2026-09-08,17,2026-09-08T07:30:00Z,II,Generation,0.485
2__BLOND003,AG-BEDF03,2026-09-08,18,2026-09-08T08:00:00Z,II,Generation,0.104
2__BLOND003,AG-BEDF03,2026-09-08,19,2026-09-08T08:30:00Z,II,Generation,-0.019
2__BLOND003,AG-BEDF03,2026-09-08,20,2026-09-08T09:00:00Z,II,Generation,0.043
2__BLOND003,AG-BEDF03,2026-09-08,21,2026-09-08T09:30:00Z,II,Generation,-0.011
2__BLOND003,AG-BEDF03,2026-09-08,22,2026-09-08T10:00:00Z,II,Generation,-0.039
2__BLOND003,AG-BEDF03,2026-09-08,23,2026-09-08T10:30:00Z,II,Generation,0.024
2__BLOND003,AG-BEDF03,2026-09-08,24,2026-09-08T11:00:00Z,II,Generation,-0.025
2__BLOND003,AG-BEDF03,2026-09-08,25,2026-09-08T11:30:00Z,II,Generation,-0.010
2__BLOND003,AG-BEDF03,2026-09-08,26,2026-09-08T12:00:00Z,II,Generation,-0.025
2__BLOND003,AG-BEDF03,2026-09-08,27,2026-09-08T12:30:00Z,II,Generation,0.028
2__BLOND003,AG-BEDF03,2026-09-08,28,2026-09-08T13:00:00Z,II,Generation,0.021
2__BLOND003,AG-BEDF03,2026-09-08,29,2026-09-08T13:30:00Z,II,Generation,0.644
2__BLOND003,AG-BEDF03,2026-09-08,30,2026-09-08T14:00:00Z,II,Generation,0.921
2__BLOND003,AG-BEDF03,2026-09-08,31,2026-09-08T14:30:00Z,II,Generation,1.236
2__BLOND003,AG-BEDF03,2026-09-08,32,2026-09-08T15:00:00Z,II,Generation,1.366
2__BLOND003,AG-BEDF03,2026-09-08,33,2026-09-08T15:30:00Z,II,Generation,2.129
2__BLOND003,AG-BEDF03,2026-09-08,34,2026-09-08T16:00:00Z,II,Generation,2.155
2__BLOND003,AG-BEDF03,2026-09-08,35,2026-09-08T16:30:00Z,II,Generation,2.803
2__BLOND003,AG-BEDF03,2026-09-08,36,2026-09-08T17:00:00Z,II,Generation,3.957
2__BLOND003,AG-BEDF03,2026-09-08,37,2026-09-08T17:30:00Z,II,Generation,3.948
2__BLOND003,AG-BEDF03,2026-09-08,38,2026-09-08T18:00:00Z,II,Generation,3.747
2__BLOND003,AG-BEDF03,2026-09-08,39,2026-09-08T18:30:00Z,II,Generation,3.257
2__BLOND003,AG-BEDF03,2026-09-08,40,2026-09-08T19:00:00Z,II,Generation,2.995
2__BLOND003,AG-BEDF03,2026-09-08,41,2026-09-08T19:30:00Z,II,Generation,1.941
2__BLOND003,AG-BEDF03,2026-09-08,42,2026-09-08T20:00:00Z,II,Generation,3.525
2__BLOND003,AG-BEDF03,2026-09-08,43,2026-09-08T20:30:00Z,II,Generation,3.038
2__BLOND003,AG-BEDF03,2026-09-08,44,2026-09-08T21:00:00Z,II,Generation,2.192
2__BLOND003,AG-BEDF03,2026-09-08,45,2026-09-08T21:30:00Z,II,Generation,2.281
2__BLOND003,AG-BEDF03,2026-09-08,46,2026-09-08T22:00:00Z,II,Generation,2.807
2__BLOND003,AG-BEDF03,2026-09-08,47,2026-09-08T22:30:00Z,II,Generation,2.999
2__BLOND003,AG-BEDF03,2026-09-08,48,2026-09-08T23:00:00Z,II,Generation,3.270
2__NNATP001,NNPW01,2026-09-08,1,2026-09-07T23:30:00Z,II,Generation,0.000
2__NNATP001,NNPW01,2026-09-08,2,2026-09-08T00:00:00Z,II,Generation,0.000
2__NNATP001,NNPW01,2026-09-08,3,2026-09-08T00:30:00Z,II,Generation,0.000
2__NNATP001,NNPW01,2026-09-08,4,2026-09-08T01:00:00Z,II,Generation,0.000
2__NNATP001,NNPW01,2026-09-08,5,2026-09-08T01:30:00Z,II,Generation,0.000
2__NNATP001,NNPW01,2026-09-08,6,2026-09-08T02:00:00Z,II,Generation,0.000
2__NNATP001,NNPW01,2026-09-08,7,2026-09-08T02:30:00Z,II,Generation,0.000
2__NNATP001,NNPW01,2026-09-08,8,2026-09-08T03:00:00Z,II,Generation,0.000
2__NNATP001,NNPW01,2026-09-08,9,2026-09-08T03:30:00Z,II,Generation,0.000
2__NNATP001,NNPW01,2026-09-08,10,2026-09-08T04:00:00Z,II,Generation,0.000
2__NNATP001,NNPW01,2026-09-08,11,2026-09-08T04:30:00Z,II,Generation,0.000
2__NNATP001,NNPW01,2026-09-08,12,2026-09-08T05:00:00Z,II,Generation,0.000
2__NNATP001,NNPW01,2026-09-08,13,2026-09-08T05:30:00Z,II,Generation,0.000
2__NNATP001,NNPW01,2026-09-08,14,2026-09-08T06:00:00Z,II,Generation,0.000
2__NNATP001,NNPW01,2026-09-08,15,2026-09-08T06:30:00Z,II,Generation,0.000
2__NNATP001,NNPW01,2026-09-08,16,2026-09-08T07:00:00Z,II,Generation,0.000
2__NNATP001,NNPW01,2026-09-08,17,2026-09-08T07:30:00Z,II,Generation,0.000
2__NNATP001,NNPW01,2026-09-08,18,2026-09-08T08:00:00Z,II,Generation,0.000
2__NNATP001,NNPW01,2026-09-08,19,2026-09-08T08:30:00Z,II,Generation,0.000
2__NNATP001,NNPW01,2026-09-08,20,2026-09-08T09:00:00Z,II,Generation,0.000
2__NNATP001,NNPW01,2026-09-08,21,2026-09-08T09:30:00Z,II,Generation,0.000
2__NNATP001,NNPW01,2026-09-08,22,2026-09-08T10:00:00Z,II,Generation,0.000
2__NNATP001,NNPW01,2026-09-08,23,2026-09-08T10:30:00Z,II,Generation,0.000
2__NNATP001,NNPW01,2026-09-08,24,2026-09-08T11:00:00Z,II,Generation,0.000
2__NNATP001,NNPW01,2026-09-08,25,2026-09-08T11:30:00Z,II,Generation,0.000
2__NNATP001,NNPW01,2026-09-08,26,2026-09-08T12:00:00Z,II,Generation,0.000
2__NNATP001,NNPW01,2026-09-08,27,2026-09-08T12:30:00Z,II,Generation,0.000
2__NNATP001,NNPW01,2026-09-08,28,2026-09-08T13:00:00Z,II,Generation,0.000
2__NNATP001,NNPW01,2026-09-08,29,2026-09-08T13:30:00Z,II,Generation,0.000
2__NNATP001,NNPW01,2026-09-08,30,2026-09-08T14:00:00Z,II,Generation,0.000
2__NNATP001,NNPW01,2026-09-08,31,2026-09-08T14:30:00Z,II,Generation,0.000
2__NNATP001,NNPW01,2026-09-08,32,2026-09-08T15:00:00Z,II,Generation,0.000
2__NNATP001,NNPW01,2026-09-08,33,2026-09-08T15:30:00Z,II,Generation,0.000
2__NNATP001,NNPW01,2026-09-08,34,2026-09-08T16:00:00Z,II,Generation,0.000
2__NNATP001,NNPW01,2026-09-08,35,2026-09-08T16:30:00Z,II,Generation,0.000
2__NNATP001,NNPW01,2026-09-08,36,2026-09-08T17:00:00Z,II,Generation,0.000
2__NNATP001,NNPW01,2026-09-08,37,2026-09-08T17:30:00Z,II,Generation,0.000
2__NNATP001,NNPW01,2026-09-08,38,2026-09-08T18:00:00Z,II,Generation,0.000
2__NNATP001,NNPW01,2026-09-08,39,2026-09-08T18:30:00Z,II,Generation,0.000
2__NNATP001,NNPW01,2026-09-08,40,2026-09-08T19:00:00Z,II,Generation,0.000
2__NNATP001,NNPW01,2026-09-08,41,2026-09-08T19:30:00Z,II,Generation,0.000
2__NNATP001,NNPW01,2026-09-08,42,2026-09-08T20:00:00Z,II,Generation,0.000
2__NNATP001,NNPW01,2026-09-08,43,2026-09-08T20:30:00Z,II,Generation,0.000
2__NNATP001,NNPW01,2026-09-08,44,2026-09-08T21:00:00Z,II,Generation,0.000
2__NNATP001,NNPW01,2026-09-08,45,2026-09-08T21:30:00Z,II,Generation,0.000
2__NNATP001,NNPW01,2026-09-08,46,2026-09-08T22:00:00Z,II,Generation,0.000
2__NNATP001,NNPW01,2026-09-08,47,2026-09-08T22:30:00Z,II,Generation,0.000
2__NNATP001,NNPW01,2026-09-08,48,2026-09-08T23:00:00Z,II,Generation,0.000
2__PEDGE003,CMSTW-1,2026-09-08,1,2026-09-07T23:30:00Z,II,Generation,0.000
2__PEDGE003,CMSTW-1,2026-09-08,2,2026-09-08T00:00:00Z,II,Generation,0.000
2__PEDGE003,CMSTW-1,2026-09-08,3,2026-09-08T00:30:00Z,II,Generation,0.000
2__PEDGE003,CMSTW-1,2026-09-08,4,2026-09-08T01:00:00Z,II,Generation,0.000
2__PEDGE003,CMSTW-1,2026-09-08,5,2026-09-08T01:30:00Z,II,Generation,0.000
2__PEDGE003,CMSTW-1,2026-09-08,6,2026-09-08T02:00:00Z,II,Generation,0.000
2__PEDGE003,CMSTW-1,2026-09-08,7,2026-09-08T02:30:00Z,II,Generation,0.000
2__PEDGE003,CMSTW-1,2026-09-08,8,2026-09-08T03:00:00Z,II,Generation,0.000
2__PEDGE003,CMSTW-1,2026-09-08,9,2026-09-08T03:30:00Z,II,Generation,0.000
2__PEDGE003,CMSTW-1,2026-09-08,10,2026-09-08T04:00:00Z,II,Generation,0.000
2__PEDGE003,CMSTW-1,2026-09-08,11,2026-09-08T04:30:00Z,II,Generation,0.000
2__PEDGE003,CMSTW-1,2026-09-08,12,2026-09-08T05:00:00Z,II,Generation,0.000
2__PEDGE003,CMSTW-1,2026-09-08,13,2026-09-08T05:30:00Z,II,Generation,0.000
2__PEDGE003,CMSTW-1,2026-09-08,14,2026-09-08T06:00:00Z,II,Generation,0.000
2__PEDGE003,CMSTW-1,2026-09-08,15,2026-09-08T06:30:00Z,II,Generation,0.000
2__PEDGE003,CMSTW-1,2026-09-08,16,2026-09-08T07:00:00Z,II,Generation,0.000
2__PEDGE003,CMSTW-1,2026-09-08,17,2026-09-08T07:30:00Z,II,Generation,0.000
2__PEDGE003,CMSTW-1,2026-09-08,18,2026-09-08T08:00:00Z,II,Generation,0.000
2__PEDGE003,CMSTW-1,2026-09-08,19,2026-09-08T08:30:00Z,II,Generation,0.000
2__PEDGE003,CMSTW-1,2026-09-08,20,2026-09-08T09:00:00Z,II,Generation,0.000
2__PEDGE003,CMSTW-1,2026-09-08,21,2026-09-08T09:30:00Z,II,Generation,0.000
2__PEDGE003,CMSTW-1,2026-09-08,22,2026-09-08T10:00:00Z,II,Generation,0.000
2__PEDGE003,CMSTW-1,2026-09-08,23,2026-09-08T10:30:00Z,II,Generation,0.000
2__PEDGE003,CMSTW-1,2026-09-08,24,2026-09-08T11:00:00Z,II,Generation,0.000
2__PEDGE003,CMSTW-1,2026-09-08,25,2026-09-08T11:30:00Z,II,Generation,0.000
2__PEDGE003,CMSTW-1,2026-09-08,26,2026-09-08T12:00:00Z,II,Generation,0.000
2__PEDGE003,CMSTW-1,2026-09-08,27,2026-09-08T12:30:00Z,II,Generation,0.000
2__PEDGE003,CMSTW-1,2026-09-08,28,2026-09-08T13:00:00Z,II,Generation,0.000
2__PEDGE003,CMSTW-1,2026-09-08,29,2026-09-08T13:30:00Z,II,Generation,0.000
2__PEDGE003,CMSTW-1,2026-09-08,30,2026-09-08T14:00:00Z,II,Generation,0.000
2__PEDGE003,CMSTW-1,2026-09-08,31,2026-09-08T14:30:00Z,II,Generation,0.000
2__PEDGE003,CMSTW-1,2026-09-08,32,2026-09-08T15:00:00Z,II,Generation,0.000
2__PEDGE003,CMSTW-1,2026-09-08,33,2026-09-08T15:30:00Z,II,Generation,0.000
2__PEDGE003,CMSTW-1,2026-09-08,34,2026-09-08T16:00:00Z,II,Generation,0.000
2__PEDGE003,CMSTW-1,2026-09-08,35,2026-09-08T16:30:00Z,II,Generation,0.000
2__PEDGE003,CMSTW-1,2026-09-08,36,2026-09-08T17:00:00Z,II,Generation,0.000
2__PEDGE003,CMSTW-1,2026-09-08,37,2026-09-08T17:30:00Z,II,Generation,0.000
2__PEDGE003,CMSTW-1,2026-09-08,38,2026-09-08T18:00:00Z,II,Generation,0.000
2__PEDGE003,CMSTW-1,2026-09-08,39,2026-09-08T18:30:00Z,II,Generation,0.000
2__PEDGE003,CMSTW-1,2026-09-08,40,2026-09-08T19:00:00Z,II,Generation,0.000
2__PEDGE003,CMSTW-1,2026-09-08,41,2026-09-08T19:30:00Z,II,Generation,0.000
2__PEDGE003,CMSTW-1,2026-09-08,42,2026-09-08T20:00:00Z,II,Generation,0.000
2__PEDGE003,CMSTW-1,2026-09-08,43,2026-09-08T20:30:00Z,II,Generation,0.000
2__PEDGE003,CMSTW-1,2026-09-08,44,2026-09-08T21:00:00Z,II,Generation,0.000
2__PEDGE003,CMSTW-1,2026-09-08,45,2026-09-08T21:30:00Z,II,Generation,0.000
2__PEDGE003,CMSTW-1,2026-09-08,46,2026-09-08T22:00:00Z,II,Generation,0.000
2__PEDGE003,CMSTW-1,2026-09-08,47,2026-09-08T22:30:00Z,II,Generation,0.000
2__PEDGE003,CMSTW-1,2026-09-08,48,2026-09-08T23:00:00Z,II,Generation,0.000
2__PEDGE004,RSHLW-1,2026-09-08,1,2026-09-07T23:30:00Z,II,Generation,8.258
2__PEDGE004,RSHLW-1,2026-09-08,2,2026-09-08T00:00:00Z,II,Generation,6.414
2__PEDGE004,RSHLW-1,2026-09-08,3,2026-09-08T00:30:00Z,II,Generation,2.964
2__PEDGE004,RSHLW-1,2026-09-08,4,2026-09-08T01:00:00Z,II,Generation,2.021
2__PEDGE004,RSHLW-1,2026-09-08,5,2026-09-08T01:30:00Z,II,Generation,4.212
2__PEDGE004,RSHLW-1,2026-09-08,6,2026-09-08T02:00:00Z,II,Generation,7.668
2__PEDGE004,RSHLW-1,2026-09-08,7,2026-09-08T02:30:00Z,II,Generation,7.152
2__PEDGE004,RSHLW-1,2026-09-08,8,2026-09-08T03:00:00Z,II,Generation,2.482
2__PEDGE004,RSHLW-1,2026-09-08,9,2026-09-08T03:30:00Z,II,Generation,4.384
2__PEDGE004,RSHLW-1,2026-09-08,10,2026-09-08T04:00:00Z,II,Generation,8.599
2__PEDGE004,RSHLW-1,2026-09-08,11,2026-09-08T04:30:00Z,II,Generation,7.790
2__PEDGE004,RSHLW-1,2026-09-08,12,2026-09-08T05:00:00Z,II,Generation,8.033
2__PEDGE004,RSHLW-1,2026-09-08,13,2026-09-08T05:30:00Z,II,Generation,8.048
2__PEDGE004,RSHLW-1,2026-09-08,14,2026-09-08T06:00:00Z,II,Generation,10.739
2__PEDGE004,RSHLW-1,2026-09-08,15,2026-09-08T06:30:00Z,II,Generation,11.007
2__PEDGE004,RSHLW-1,2026-09-08,16,2026-09-08T07:00:00Z,II,Generation,10.830
2__PEDGE004,RSHLW-1,2026-09-08,17,2026-09-08T07:30:00Z,II,Generation,10.790
2__PEDGE004,RSHLW-1,2026-09-08,18,2026-09-08T08:00:00Z,II,Generation,10.597
2__PEDGE004,RSHLW-1,2026-09-08,19,2026-09-08T08:30:00Z,II,Generation,11.031
2__PEDGE004,RSHLW-1,2026-09-08,20,2026-09-08T09:00:00Z,II,Generation,10.881
2__PEDGE004,RSHLW-1,2026-09-08,21,2026-09-08T09:30:00Z,II,Generation,11.663
2__PEDGE004,RSHLW-1,2026-09-08,22,2026-09-08T10:00:00Z,II,Generation,11.731
2__PEDGE004,RSHLW-1,2026-09-08,23,2026-09-08T10:30:00Z,II,Generation,11.585
2__PEDGE004,RSHLW-1,2026-09-08,24,2026-09-08T11:00:00Z,II,Generation,11.099
2__PEDGE004,RSHLW-1,2026-09-08,25,2026-09-08T11:30:00Z,II,Generation,11.579
2__PEDGE004,RSHLW-1,2026-09-08,26,2026-09-08T12:00:00Z,II,Generation,11.606
2__PEDGE004,RSHLW-1,2026-09-08,27,2026-09-08T12:30:00Z,II,Generation,11.783
2__PEDGE004,RSHLW-1,2026-09-08,28,2026-09-08T13:00:00Z,II,Generation,11.429
2__PEDGE004,RSHLW-1,2026-09-08,29,2026-09-08T13:30:00Z,II,Generation,11.447
2__PEDGE004,RSHLW-1,2026-09-08,30,2026-09-08T14:00:00Z,II,Generation,10.939
2__PEDGE004,RSHLW-1,2026-09-08,31,2026-09-08T14:30:00Z,II,Generation,9.743
2__PEDGE004,RSHLW-1,2026-09-08,32,2026-09-08T15:00:00Z,II,Generation,10.073
2__PEDGE004,RSHLW-1,2026-09-08,33,2026-09-08T15:30:00Z,II,Generation,8.389
2__PEDGE004,RSHLW-1,2026-09-08,34,2026-09-08T16:00:00Z,II,Generation,6.685
2__PEDGE004,RSHLW-1,2026-09-08,35,2026-09-08T16:30:00Z,II,Generation,5.101
2__PEDGE004,RSHLW-1,2026-09-08,36,2026-09-08T17:00:00Z,II,Generation,4.929
2__PEDGE004,RSHLW-1,2026-09-08,37,2026-09-08T17:30:00Z,II,Generation,4.465
2__PEDGE004,RSHLW-1,2026-09-08,38,2026-09-08T18:00:00Z,II,Generation,4.061
2__PEDGE004,RSHLW-1,2026-09-08,39,2026-09-08T18:30:00Z,II,Generation,3.613
2__PEDGE004,RSHLW-1,2026-09-08,40,2026-09-08T19:00:00Z,II,Generation,2.741
2__PEDGE004,RSHLW-1,2026-09-08,41,2026-09-08T19:30:00Z,II,Generation,3.400
2__PEDGE004,RSHLW-1,2026-09-08,42,2026-09-08T20:00:00Z,II,Generation,2.936
2__PEDGE004,RSHLW-1,2026-09-08,43,2026-09-08T20:30:00Z,II,Generation,1.908
2__PEDGE004,RSHLW-1,2026-09-08,44,2026-09-08T21:00:00Z,II,Generation,1.908
2__PEDGE004,RSHLW-1,2026-09-08,45,2026-09-08T21:30:00Z,II,Generation,2.096
2__PEDGE004,RSHLW-1,2026-09-08,46,2026-09-08T22:00:00Z,II,Generation,0.903
2__PEDGE004,RSHLW-1,2026-09-08,47,2026-09-08T22:30:00Z,II,Generation,0.955
2__PEDGE004,RSHLW-1,2026-09-08,48,2026-09-08T23:00:00Z,II,Generation,2.317
2__PENEC001,ROTHW-1,2026-09-08,1,2026-09-07T23:30:00Z,II,Generation,9.986
2__PENEC001,ROTHW-1,2026-09-08,2,2026-09-08T00:00:00Z,II,Generation,11.404
2__PENEC001,ROTHW-1,2026-09-08,3,2026-09-08T00:30:00Z,II,Generation,5.169
2__PENEC001,ROTHW-1,2026-09-08,4,2026-09-08T01:00:00Z,II,Generation,8.683
2__PENEC001,ROTHW-1,2026-09-08,5,2026-09-08T01:30:00Z,II,Generation,10.990
2__PENEC001,ROTHW-1,2026-09-08,6,2026-09-08T02:00:00Z,II,Generation,6.416
2__PENEC001,ROTHW-1,2026-09-08,7,2026-09-08T02:30:00Z,II,Generation,11.017
2__PENEC001,ROTHW-1,2026-09-08,8,2026-09-08T03:00:00Z,II,Generation,17.135
2__PENEC001,ROTHW-1,2026-09-08,9,2026-09-08T03:30:00Z,II,Generation,17.967
2__PENEC001,ROTHW-1,2026-09-08,10,2026-09-08T04:00:00Z,II,Generation,17.900
2__PENEC001,ROTHW-1,2026-09-08,11,2026-09-08T04:30:00Z,II,Generation,12.900
2__PENEC001,ROTHW-1,2026-09-08,12,2026-09-08T05:00:00Z,II,Generation,16.402
2__PENEC001,ROTHW-1,2026-09-08,13,2026-09-08T05:30:00Z,II,Generation,17.306
2__PENEC001,ROTHW-1,2026-09-08,14,2026-09-08T06:00:00Z,II,Generation,14.306
2__PENEC001,ROTHW-1,2026-09-08,15,2026-09-08T06:30:00Z,II,Generation,11.607
2__PENEC001,ROTHW-1,2026-09-08,16,2026-09-08T07:00:00Z,II,Generation,9.837
2__PENEC001,ROTHW-1,2026-09-08,17,2026-09-08T07:30:00Z,II,Generation,14.619
2__PENEC001,ROTHW-1,2026-09-08,18,2026-09-08T08:00:00Z,II,Generation,16.651
2__PENEC001,ROTHW-1,2026-09-08,19,2026-09-08T08:30:00Z,II,Generation,18.937
2__PENEC001,ROTHW-1,2026-09-08,20,2026-09-08T09:00:00Z,II,Generation,20.534
2__PENEC001,ROTHW-1,2026-09-08,21,2026-09-08T09:30:00Z,II,Generation,21.742
2__PENEC001,ROTHW-1,2026-09-08,22,2026-09-08T10:00:00Z,II,Generation,21.598
2__PENEC001,ROTHW-1,2026-09-08,23,2026-09-08T10:30:00Z,II,Generation,21.838
2__PENEC001,ROTHW-1,2026-09-08,24,2026-09-08T11:00:00Z,II,Generation,21.037
2__PENEC001,ROTHW-1,2026-09-08,25,2026-09-08T11:30:00Z,II,Generation,21.215
2__PENEC001,ROTHW-1,2026-09-08,26,2026-09-08T12:00:00Z,II,Generation,19.496
2__PENEC001,ROTHW-1,2026-09-08,27,2026-09-08T12:30:00Z,II,Generation,22.310
2__PENEC001,ROTHW-1,2026-09-08,28,2026-09-08T13:00:00Z,II,Generation,21.489
2__PENEC001,ROTHW-1,2026-09-08,29,2026-09-08T13:30:00Z,II,Generation,20.613
2__PENEC001,ROTHW-1,2026-09-08,30,2026-09-08T14:00:00Z,II,Generation,21.428
2__PENEC001,ROTHW-1,2026-09-08,31,2026-09-08T14:30:00Z,II,Generation,21.968
2__PENEC001,ROTHW-1,2026-09-08,32,2026-09-08T15:00:00Z,II,Generation,24.819
2__PENEC001,ROTHW-1,2026-09-08,33,2026-09-08T15:30:00Z,II,Generation,24.403
2__PENEC001,ROTHW-1,2026-09-08,34,2026-09-08T16:00:00Z,II,Generation,22.713
2__PENEC001,ROTHW-1,2026-09-08,35,2026-09-08T16:30:00Z,II,Generation,22.333
2__PENEC001,ROTHW-1,2026-09-08,36,2026-09-08T17:00:00Z,II,Generation,22.371
2__PENEC001,ROTHW-1,2026-09-08,37,2026-09-08T17:30:00Z,II,Generation,21.796
2__PENEC001,ROTHW-1,2026-09-08,38,2026-09-08T18:00:00Z,II,Generation,18.339
2__PENEC001,ROTHW-1,2026-09-08,39,2026-09-08T18:30:00Z,II,Generation,19.495
2__PENEC001,ROTHW-1,2026-09-08,40,2026-09-08T19:00:00Z,II,Generation,19.005
2__PENEC001,ROTHW-1,2026-09-08,41,2026-09-08T19:30:00Z,II,Generation,17.862
2__PENEC001,ROTHW-1,2026-09-08,42,2026-09-08T20:00:00Z,II,Generation,16.883
2__PENEC001,ROTHW-1,2026-09-08,43,2026-09-08T20:30:00Z,II,Generation,15.001
2__PENEC001,ROTHW-1,2026-09-08,44,2026-09-08T21:00:00Z,II,Generation,11.603
2__PENEC001,ROTHW-1,2026-09-08,45,2026-09-08T21:30:00Z,II,Generation,9.570
2__PENEC001,ROTHW-1,2026-09-08,46,2026-09-08T22:00:00Z,II,Generation,8.823
2__PENEC001,ROTHW-1,2026-09-08,47,2026-09-08T22:30:00Z,II,Generation,6.271
2__PENEC001,ROTHW-1,2026-09-08,48,2026-09-08T23:00:00Z,II,Generation,6.755
2__PENEC002,PAUHW-1,2026-09-08,1,2026-09-07T23:30:00Z,II,Generation,30.161
2__PENEC002,PAUHW-1,2026-09-08,2,2026-09-08T00:00:00Z,II,Generation,31.190
2__PENEC002,PAUHW-1,2026-09-08,3,2026-09-08T00:30:00Z,II,Generation,31.104
2__PENEC002,PAUHW-1,2026-09-08,4,2026-09-08T01:00:00Z,II,Generation,30.457
2__PENEC002,PAUHW-1,2026-09-08,5,2026-09-08T01:30:00Z,II,Generation,30.611
2__PENEC002,PAUHW-1,2026-09-08,6,2026-09-08T02:00:00Z,II,Generation,29.306
2__PENEC002,PAUHW-1,2026-09-08,7,2026-09-08T02:30:00Z,II,Generation,30.817
2__PENEC002,PAUHW-1,2026-09-08,8,2026-09-08T03:00:00Z,II,Generation,31.050
2__PENEC002,PAUHW-1,2026-09-08,9,2026-09-08T03:30:00Z,II,Generation,29.542
2__PENEC002,PAUHW-1,2026-09-08,10,2026-09-08T04:00:00Z,II,Generation,27.623
2__PENEC002,PAUHW-1,2026-09-08,11,2026-09-08T04:30:00Z,II,Generation,30.166
2__PENEC002,PAUHW-1,2026-09-08,12,2026-09-08T05:00:00Z,II,Generation,23.927
2__PENEC002,PAUHW-1,2026-09-08,13,2026-09-08T05:30:00Z,II,Generation,23.041
2__PENEC002,PAUHW-1,2026-09-08,14,2026-09-08T06:00:00Z,II,Generation,27.725
2__PENEC002,PAUHW-1,2026-09-08,15,2026-09-08T06:30:00Z,II,Generation,24.683
2__PENEC002,PAUHW-1,2026-09-08,16,2026-09-08T07:00:00Z,II,Generation,28.467
2__PENEC002,PAUHW-1,2026-09-08,17,2026-09-08T07:30:00Z,II,Generation,31.349
2__PENEC002,PAUHW-1,2026-09-08,18,2026-09-08T08:00:00Z,II,Generation,31.344
2__PENEC002,PAUHW-1,2026-09-08,19,2026-09-08T08:30:00Z,II,Generation,29.398
2__PENEC002,PAUHW-1,2026-09-08,20,2026-09-08T09:00:00Z,II,Generation,28.847
2__PENEC002,PAUHW-1,2026-09-08,21,2026-09-08T09:30:00Z,II,Generation,30.310
2__PENEC002,PAUHW-1,2026-09-08,22,2026-09-08T10:00:00Z,II,Generation,30.408
2__PENEC002,PAUHW-1,2026-09-08,23,2026-09-08T10:30:00Z,II,Generation,30.353
2__PENEC002,PAUHW-1,2026-09-08,24,2026-09-08T11:00:00Z,II,Generation,30.314
2__PENEC002,PAUHW-1,2026-09-08,25,2026-09-08T11:30:00Z,II,Generation,30.160
2__PENEC002,PAUHW-1,2026-09-08,26,2026-09-08T12:00:00Z,II,Generation,30.091
2__PENEC002,PAUHW-1,2026-09-08,27,2026-09-08T12:30:00Z,II,Generation,30.119
2__PENEC002,PAUHW-1,2026-09-08,28,2026-09-08T13:00:00Z,II,Generation,30.446
2__PENEC002,PAUHW-1,2026-09-08,29,2026-09-08T13:30:00Z,II,Generation,30.715
2__PENEC002,PAUHW-1,2026-09-08,30,2026-09-08T14:00:00Z,II,Generation,28.210
2__PENEC002,PAUHW-1,2026-09-08,31,2026-09-08T14:30:00Z,II,Generation,30.464
2__PENEC002,PAUHW-1,2026-09-08,32,2026-09-08T15:00:00Z,II,Generation,31.089
2__PENEC002,PAUHW-1,2026-09-08,33,2026-09-08T15:30:00Z,II,Generation,30.606
2__PENEC002,PAUHW-1,2026-09-08,34,2026-09-08T16:00:00Z,II,Generation,31.161
2__PENEC002,PAUHW-1,2026-09-08,35,2026-09-08T16:30:00Z,II,Generation,31.122
2__PENEC002,PAUHW-1,2026-09-08,36,2026-09-08T17:00:00Z,II,Generation,31.005
2__PENEC002,PAUHW-1,2026-09-08,37,2026-09-08T17:30:00Z,II,Generation,30.794
2__PENEC002,PAUHW-1,2026-09-08,38,2026-09-08T18:00:00Z,II,Generation,30.784
2__PENEC002,PAUHW-1,2026-09-08,39,2026-09-08T18:30:00Z,II,Generation,30.201
2__PENEC002,PAUHW-1,2026-09-08,40,2026-09-08T19:00:00Z,II,Generation,28.849
2__PENEC002,PAUHW-1,2026-09-08,41,2026-09-08T19:30:00Z,II,Generation,28.322
2__PENEC002,PAUHW-1,2026-09-08,42,2026-09-08T20:00:00Z,II,Generation,26.664
2__PENEC002,PAUHW-1,2026-09-08,43,2026-09-08T20:30:00Z,II,Generation,22.160
2__PENEC002,PAUHW-1,2026-09-08,44,2026-09-08T21:00:00Z,II,Generation,20.015
2__PENEC002,PAUHW-1,2026-09-08,45,2026-09-08T21:30:00Z,II,Generation,22.118
2__PENEC002,PAUHW-1,2026-09-08,46,2026-09-08T22:00:00Z,II,Generation,18.561
2__PENEC002,PAUHW-1,2026-09-08,47,2026-09-08T22:30:00Z,II,Generation,17.121
2__PENEC002,PAUHW-1,2026-09-08,48,2026-09-08T23:00:00Z,II,Generation,13.978
2__PSMAE001,CAUSW-1,2026-09-08,1,2026-09-07T23:30:00Z,II,Generation,0.000
2__PSMAE001,CAUSW-1,2026-09-08,2,2026-09-08T00:00:00Z,II,Generation,0.000
2__PSMAE001,CAUSW-1,2026-09-08,3,2026-09-08T00:30:00Z,II,Generation,0.000
2__PSMAE001,CAUSW-1,2026-09-08,4,2026-09-08T01:00:00Z,II,Generation,0.000
2__PSMAE001,CAUSW-1,2026-09-08,5,2026-09-08T01:30:00Z,II,Generation,0.000
2__PSMAE001,CAUSW-1,2026-09-08,6,2026-09-08T02:00:00Z,II,Generation,0.000
2__PSMAE001,CAUSW-1,2026-09-08,7,2026-09-08T02:30:00Z,II,Generation,0.000
2__PSMAE001,CAUSW-1,2026-09-08,8,2026-09-08T03:00:00Z,II,Generation,0.000
2__PSMAE001,CAUSW-1,2026-09-08,9,2026-09-08T03:30:00Z,II,Generation,0.000
2__PSMAE001,CAUSW-1,2026-09-08,10,2026-09-08T04:00:00Z,II,Generation,0.000
2__PSMAE001,CAUSW-1,2026-09-08,11,2026-09-08T04:30:00Z,II,Generation,0.000
2__PSMAE001,CAUSW-1,2026-09-08,12,2026-09-08T05:00:00Z,II,Generation,0.000
2__PSMAE001,CAUSW-1,2026-09-08,13,2026-09-08T05:30:00Z,II,Generation,0.000
2__PSMAE001,CAUSW-1,2026-09-08,14,2026-09-08T06:00:00Z,II,Generation,0.000
2__PSMAE001,CAUSW-1,2026-09-08,15,2026-09-08T06:30:00Z,II,Generation,0.000
2__PSMAE001,CAUSW-1,2026-09-08,16,2026-09-08T07:00:00Z,II,Generation,0.000
2__PSMAE001,CAUSW-1,2026-09-08,17,2026-09-08T07:30:00Z,II,Generation,0.000
2__PSMAE001,CAUSW-1,2026-09-08,18,2026-09-08T08:00:00Z,II,Generation,0.000
2__PSMAE001,CAUSW-1,2026-09-08,19,2026-09-08T08:30:00Z,II,Generation,0.000
2__PSMAE001,CAUSW-1,2026-09-08,20,2026-09-08T09:00:00Z,II,Generation,0.000
2__PSMAE001,CAUSW-1,2026-09-08,21,2026-09-08T09:30:00Z,II,Generation,0.000
2__PSMAE001,CAUSW-1,2026-09-08,22,2026-09-08T10:00:00Z,II,Generation,0.000
2__PSMAE001,CAUSW-1,2026-09-08,23,2026-09-08T10:30:00Z,II,Generation,0.000
2__PSMAE001,CAUSW-1,2026-09-08,24,2026-09-08T11:00:00Z,II,Generation,0.000
2__PSMAE001,CAUSW-1,2026-09-08,25,2026-09-08T11:30:00Z,II,Generation,0.000
2__PSMAE001,CAUSW-1,2026-09-08,26,2026-09-08T12:00:00Z,II,Generation,0.000
2__PSMAE001,CAUSW-1,2026-09-08,27,2026-09-08T12:30:00Z,II,Generation,0.000
2__PSMAE001,CAUSW-1,2026-09-08,28,2026-09-08T13:00:00Z,II,Generation,0.000
2__PSMAE001,CAUSW-1,2026-09-08,29,2026-09-08T13:30:00Z,II,Generation,0.000
2__PSMAE001,CAUSW-1,2026-09-08,30,2026-09-08T14:00:00Z,II,Generation,0.000
2__PSMAE001,CAUSW-1,2026-09-08,31,2026-09-08T14:30:00Z,II,Generation,0.000
2__PSMAE001,CAUSW-1,2026-09-08,32,2026-09-08T15:00:00Z,II,Generation,0.000
2__PSMAE001,CAUSW-1,2026-09-08,33,2026-09-08T15:30:00Z,II,Generation,0.000
2__PSMAE001,CAUSW-1,2026-09-08,34,2026-09-08T16:00:00Z,II,Generation,0.000
2__PSMAE001,CAUSW-1,2026-09-08,35,2026-09-08T16:30:00Z,II,Generation,0.000
2__PSMAE001,CAUSW-1,2026-09-08,36,2026-09-08T17:00:00Z,II,Generation,0.000
2__PSMAE001,CAUSW-1,2026-09-08,37,2026-09-08T17:30:00Z,II,Generation,0.000
2__PSMAE001,CAUSW-1,2026-09-08,38,2026-09-08T18:00:00Z,II,Generation,0.000
2__PSMAE001,CAUSW-1,2026-09-08,39,2026-09-08T18:30:00Z,II,Generation,0.000
2__PSMAE001,CAUSW-1,2026-09-08,40,2026-09-08T19:00:00Z,II,Generation,0.000
2__PSMAE001,CAUSW-1,2026-09-08,41,2026-09-08T19:30:00Z,II,Generation,0.000
2__PSMAE001,CAUSW-1,2026-09-08,42,2026-09-08T20:00:00Z,II,Generation,0.000
2__PSMAE001,CAUSW-1,2026-09-08,43,2026-09-08T20:30:00Z,II,Generation,0.000
2__PSMAE001,CAUSW-1,2026-09-08,44,2026-09-08T21:00:00Z,II,Generation,0.000
2__PSMAE001,CAUSW-1,2026-09-08,45,2026-09-08T21:30:00Z,II,Generation,0.000
2__PSMAE001,CAUSW-1,2026-09-08,46,2026-09-08T22:00:00Z,II,Generation,0.000
2__PSMAE001,CAUSW-1,2026-09-08,47,2026-09-08T22:30:00Z,II,Generation,0.000
2__PSMAE001,CAUSW-1,2026-09-08,48,2026-09-08T23:00:00Z,II,Generation,0.000
2__PSMAE003,TACHW-1,2026-09-08,1,2026-09-07T23:30:00Z,II,Generation,0.000
2__PSMAE003,TACHW-1,2026-09-08,2,2026-09-08T00:00:00Z,II,Generation,0.000
2__PSMAE003,TACHW-1,2026-09-08,3,2026-09-08T00:30:00Z,II,Generation,0.000
2__PSMAE003,TACHW-1,2026-09-08,4,2026-09-08T01:00:00Z,II,Generation,0.000
2__PSMAE003,TACHW-1,2026-09-08,5,2026-09-08T01:30:00Z,II,Generation,0.000
2__PSMAE003,TACHW-1,2026-09-08,6,2026-09-08T02:00:00Z,II,Generation,0.000
2__PSMAE003,TACHW-1,2026-09-08,7,2026-09-08T02:30:00Z,II,Generation,0.000
2__PSMAE003,TACHW-1,2026-09-08,8,2026-09-08T03:00:00Z,II,Generation,0.000
2__PSMAE003,TACHW-1,2026-09-08,9,2026-09-08T03:30:00Z,II,Generation,0.000
2__PSMAE003,TACHW-1,2026-09-08,10,2026-09-08T04:00:00Z,II,Generation,0.000
2__PSMAE003,TACHW-1,2026-09-08,11,2026-09-08T04:30:00Z,II,Generation,0.000
2__PSMAE003,TACHW-1,2026-09-08,12,2026-09-08T05:00:00Z,II,Generation,0.000
2__PSMAE003,TACHW-1,2026-09-08,13,2026-09-08T05:30:00Z,II,Generation,0.000
2__PSMAE003,TACHW-1,2026-09-08,14,2026-09-08T06:00:00Z,II,Generation,0.000
2__PSMAE003,TACHW-1,2026-09-08,15,2026-09-08T06:30:00Z,II,Generation,0.000
2__PSMAE003,TACHW-1,2026-09-08,16,2026-09-08T07:00:00Z,II,Generation,0.000
2__PSMAE003,TACHW-1,2026-09-08,17,2026-09-08T07:30:00Z,II,Generation,0.000
2__PSMAE003,TACHW-1,2026-09-08,18,2026-09-08T08:00:00Z,II,Generation,0.000
2__PSMAE003,TACHW-1,2026-09-08,19,2026-09-08T08:30:00Z,II,Generation,0.000
2__PSMAE003,TACHW-1,2026-09-08,20,2026-09-08T09:00:00Z,II,Generation,0.000
2__PSMAE003,TACHW-1,2026-09-08,21,2026-09-08T09:30:00Z,II,Generation,0.000
2__PSMAE003,TACHW-1,2026-09-08,22,2026-09-08T10:00:00Z,II,Generation,0.000
2__PSMAE003,TACHW-1,2026-09-08,23,2026-09-08T10:30:00Z,II,Generation,0.000
2__PSMAE003,TACHW-1,2026-09-08,24,2026-09-08T11:00:00Z,II,Generation,0.000
2__PSMAE003,TACHW-1,2026-09-08,25,2026-09-08T11:30:00Z,II,Generation,0.000
2__PSMAE003,TACHW-1,2026-09-08,26,2026-09-08T12:00:00Z,II,Generation,0.000
2__PSMAE003,TACHW-1,2026-09-08,27,2026-09-08T12:30:00Z,II,Generation,0.000
2__PSMAE003,TACHW-1,2026-09-08,28,2026-09-08T13:00:00Z,II,Generation,0.000
2__PSMAE003,TACHW-1,2026-09-08,29,2026-09-08T13:30:00Z,II,Generation,0.000
2__PSMAE003,TACHW-1,2026-09-08,30,2026-09-08T14:00:00Z,II,Generation,0.000
2__PSMAE003,TACHW-1,2026-09-08,31,2026-09-08T14:30:00Z,II,Generation,0.000
2__PSMAE003,TACHW-1,2026-09-08,32,2026-09-08T15:00:00Z,II,Generation,0.000
2__PSMAE003,TACHW-1,2026-09-08,33,2026-09-08T15:30:00Z,II,Generation,0.000
2__PSMAE003,TACHW-1,2026-09-08,34,2026-09-08T16:00:00Z,II,Generation,0.000
2__PSMAE003,TACHW-1,2026-09-08,35,2026-09-08T16:30:00Z,II,Generation,0.000
2__PSMAE003,TACHW-1,2026-09-08,36,2026-09-08T17:00:00Z,II,Generation,0.000
2__PSMAE003,TACHW-1,2026-09-08,37,2026-09-08T17:30:00Z,II,Generation,0.000
2__PSMAE003,TACHW-1,2026-09-08,38,2026-09-08T18:00:00Z,II,Generation,0.000
2__PSMAE003,TACHW-1,2026-09-08,39,2026-09-08T18:30:00Z,II,Generation,0.000
2__PSMAE003,TACHW-1,2026-09-08,40,2026-09-08T19:00:00Z,II,Generation,0.000
2__PSMAE003,TACHW-1,2026-09-08,41,2026-09-08T19:30:00Z,II,Generation,0.000
2__PSMAE003,TACHW-1,2026-09-08,42,2026-09-08T20:00:00Z,II,Generation,0.000
2__PSMAE003,TACHW-1,2026-09-08,43,2026-09-08T20:30:00Z,II,Generation,0.000
2__PSMAE003,TACHW-1,2026-09-08,44,2026-09-08T21:00:00Z,II,Generation,0.000
2__PSMAE003,TACHW-1,2026-09-08,45,2026-09-08T21:30:00Z,II,Generation,0.000
2__PSMAE003,TACHW-1,2026-09-08,46,2026-09-08T22:00:00Z,II,Generation,0.000
2__PSMAE003,TACHW-1,2026-09-08,47,2026-09-08T22:30:00Z,II,Generation,0.000
2__PSMAE003,TACHW-1,2026-09-08,48,2026-09-08T23:00:00Z,II,Generation,0.000
2__PSMAR001,AG-PSMA01,2026-09-08,1,2026-09-07T23:30:00Z,II,Generation,0.000
2__PSMAR001,AG-PSMA01,2026-09-08,2,2026-09-08T00:00:00Z,II,Generation,0.000
2__PSMAR001,AG-PSMA01,2026-09-08,3,2026-09-08T00:30:00Z,II,Generation,0.000
2__PSMAR001,AG-PSMA01,2026-09-08,4,2026-09-08T01:00:00Z,II,Generation,0.000
2__PSMAR001,AG-PSMA01,2026-09-08,5,2026-09-08T01:30:00Z,II,Generation,0.000
2__PSMAR001,AG-PSMA01,2026-09-08,6,2026-09-08T02:00:00Z,II,Generation,0.000
2__PSMAR001,AG-PSMA01,2026-09-08,7,2026-09-08T02:30:00Z,II,Generation,0.000
2__PSMAR001,AG-PSMA01,2026-09-08,8,2026-09-08T03:00:00Z,II,Generation,0.000
2__PSMAR001,AG-PSMA01,2026-09-08,9,2026-09-08T03:30:00Z,II,Generation,0.000
2__PSMAR001,AG-PSMA01,2026-09-08,10,2026-09-08T04:00:00Z,II,Generation,0.000
2__PSMAR001,AG-PSMA01,2026-09-08,11,2026-09-08T04:30:00Z,II,Generation,0.000
2__PSMAR001,AG-PSMA01,2026-09-08,12,2026-09-08T05:00:00Z,II,Generation,0.000
2__PSMAR001,AG-PSMA01,2026-09-08,13,2026-09-08T05:30:00Z,II,Generation,0.000
2__PSMAR001,AG-PSMA01,2026-09-08,14,2026-09-08T06:00:00Z,II,Generation,0.000
2__PSMAR001,AG-PSMA01,2026-09-08,15,2026-09-08T06:30:00Z,II,Generation,0.000
2__PSMAR001,AG-PSMA01,2026-09-08,16,2026-09-08T07:00:00Z,II,Generation,0.000
2__PSMAR001,AG-PSMA01,2026-09-08,17,2026-09-08T07:30:00Z,II,Generation,0.000
2__PSMAR001,AG-PSMA01,2026-09-08,18,2026-09-08T08:00:00Z,II,Generation,0.000
2__PSMAR001,AG-PSMA01,2026-09-08,19,2026-09-08T08:30:00Z,II,Generation,0.000
2__PSMAR001,AG-PSMA01,2026-09-08,20,2026-09-08T09:00:00Z,II,Generation,0.000
2__PSMAR001,AG-PSMA01,2026-09-08,21,2026-09-08T09:30:00Z,II,Generation,0.000
2__PSMAR001,AG-PSMA01,2026-09-08,22,2026-09-08T10:00:00Z,II,Generation,0.000
2__PSMAR001,AG-PSMA01,2026-09-08,23,2026-09-08T10:30:00Z,II,Generation,0.000
2__PSMAR001,AG-PSMA01,2026-09-08,24,2026-09-08T11:00:00Z,II,Generation,0.000
2__PSMAR001,AG-PSMA01,2026-09-08,25,2026-09-08T11:30:00Z,II,Generation,0.000
2__PSMAR001,AG-PSMA01,2026-09-08,26,2026-09-08T12:00:00Z,II,Generation,0.000
2__PSMAR001,AG-PSMA01,2026-09-08,27,2026-09-08T12:30:00Z,II,Generation,0.000
2__PSMAR001,AG-PSMA01,2026-09-08,28,2026-09-08T13:00:00Z,II,Generation,0.000
2__PSMAR001,AG-PSMA01,2026-09-08,29,2026-09-08T13:30:00Z,II,Generation,0.000
2__PSMAR001,AG-PSMA01,2026-09-08,30,2026-09-08T14:00:00Z,II,Generation,0.000
2__PSMAR001,AG-PSMA01,2026-09-08,31,2026-09-08T14:30:00Z,II,Generation,0.000
2__PSMAR001,AG-PSMA01,2026-09-08,32,2026-09-08T15:00:00Z,II,Generation,0.000
2__PSMAR001,AG-PSMA01,2026-09-08,33,2026-09-08T15:30:00Z,II,Generation,0.000
2__PSMAR001,AG-PSMA01,2026-09-08,34,2026-09-08T16:00:00Z,II,Generation,0.000
2__PSMAR001,AG-PSMA01,2026-09-08,35,2026-09-08T16:30:00Z,II,Generation,0.000
2__PSMAR001,AG-PSMA01,2026-09-08,36,2026-09-08T17:00:00Z,II,Generation,0.000
2__PSMAR001,AG-PSMA01,2026-09-08,37,2026-09-08T17:30:00Z,II,Generation,0.000
2__PSMAR001,AG-PSMA01,2026-09-08,38,2026-09-08T18:00:00Z,II,Generation,0.000
2__PSMAR001,AG-PSMA01,2026-09-08,39,2026-09-08T18:30:00Z,II,Generation,0.000
2__PSMAR001,AG-PSMA01,2026-09-08,40,2026-09-08T19:00:00Z,II,Generation,0.000
2__PSMAR001,AG-PSMA01,2026-09-08,41,2026-09-08T19:30:00Z,II,Generation,0.000
2__PSMAR001,AG-PSMA01,2026-09-08,42,2026-09-08T20:00:00Z,II,Generation,0.000
2__PSMAR001,AG-PSMA01,2026-09-08,43,2026-09-08T20:30:00Z,II,Generation,0.000
2__PSMAR001,AG-PSMA01,2026-09-08,44,2026-09-08T21:00:00Z,II,Generation,0.000
2__PSMAR001,AG-PSMA01,2026-09-08,45,2026-09-08T21:30:00Z,II,Generation,0.000
2__PSMAR001,AG-PSMA01,2026-09-08,46,2026-09-08T22:00:00Z,II,Generation,0.000
2__PSMAR001,AG-PSMA01,2026-09-08,47,2026-09-08T22:30:00Z,II,Generation,0.000
2__PSMAR001,AG-PSMA01,2026-09-08,48,2026-09-08T23:00:00Z,II,Generation,0.000
2__PSTAT001,CAIRW-2,2026-09-08,1,2026-09-07T23:30:00Z,II,Generation,16.982
2__PSTAT001,CAIRW-2,2026-09-08,2,2026-09-08T00:00:00Z,II,Generation,17.201
2__PSTAT001,CAIRW-2,2026-09-08,3,2026-09-08T00:30:00Z,II,Generation,11.235
2__PSTAT001,CAIRW-2,2026-09-08,4,2026-09-08T01:00:00Z,II,Generation,13.825
2__PSTAT001,CAIRW-2,2026-09-08,5,2026-09-08T01:30:00Z,II,Generation,17.081
2__PSTAT001,CAIRW-2,2026-09-08,6,2026-09-08T02:00:00Z,II,Generation,15.348
2__PSTAT001,CAIRW-2,2026-09-08,7,2026-09-08T02:30:00Z,II,Generation,18.227
2__PSTAT001,CAIRW-2,2026-09-08,8,2026-09-08T03:00:00Z,II,Generation,20.299
2__PSTAT001,CAIRW-2,2026-09-08,9,2026-09-08T03:30:00Z,II,Generation,20.279
2__PSTAT001,CAIRW-2,2026-09-08,10,2026-09-08T04:00:00Z,II,Generation,20.229
2__PSTAT001,CAIRW-2,2026-09-08,11,2026-09-08T04:30:00Z,II,Generation,19.741
2__PSTAT001,CAIRW-2,2026-09-08,12,2026-09-08T05:00:00Z,II,Generation,20.059
2__PSTAT001,CAIRW-2,2026-09-08,13,2026-09-08T05:30:00Z,II,Generation,20.249
2__PSTAT001,CAIRW-2,2026-09-08,14,2026-09-08T06:00:00Z,II,Generation,19.312
2__PSTAT001,CAIRW-2,2026-09-08,15,2026-09-08T06:30:00Z,II,Generation,17.988
2__PSTAT001,CAIRW-2,2026-09-08,16,2026-09-08T07:00:00Z,II,Generation,16.056
2__PSTAT001,CAIRW-2,2026-09-08,17,2026-09-08T07:30:00Z,II,Generation,19.362
2__PSTAT001,CAIRW-2,2026-09-08,18,2026-09-08T08:00:00Z,II,Generation,19.322
2__PSTAT001,CAIRW-2,2026-09-08,19,2026-09-08T08:30:00Z,II,Generation,18.904
2__PSTAT001,CAIRW-2,2026-09-08,20,2026-09-08T09:00:00Z,II,Generation,19.173
2__PSTAT001,CAIRW-2,2026-09-08,21,2026-09-08T09:30:00Z,II,Generation,19.233
2__PSTAT001,CAIRW-2,2026-09-08,22,2026-09-08T10:00:00Z,II,Generation,19.233
2__PSTAT001,CAIRW-2,2026-09-08,23,2026-09-08T10:30:00Z,II,Generation,19.203
2__PSTAT001,CAIRW-2,2026-09-08,24,2026-09-08T11:00:00Z,II,Generation,19.143
2__PSTAT001,CAIRW-2,2026-09-08,25,2026-09-08T11:30:00Z,II,Generation,19.083
2__PSTAT001,CAIRW-2,2026-09-08,26,2026-09-08T12:00:00Z,II,Generation,18.904
2__PSTAT001,CAIRW-2,2026-09-08,27,2026-09-08T12:30:00Z,II,Generation,19.173
2__PSTAT001,CAIRW-2,2026-09-08,28,2026-09-08T13:00:00Z,II,Generation,19.183
2__PSTAT001,CAIRW-2,2026-09-08,29,2026-09-08T13:30:00Z,II,Generation,19.093
2__PSTAT001,CAIRW-2,2026-09-08,30,2026-09-08T14:00:00Z,II,Generation,19.054
2__PSTAT001,CAIRW-2,2026-09-08,31,2026-09-08T14:30:00Z,II,Generation,19.054
2__PSTAT001,CAIRW-2,2026-09-08,32,2026-09-08T15:00:00Z,II,Generation,20.328
2__PSTAT001,CAIRW-2,2026-09-08,33,2026-09-08T15:30:00Z,II,Generation,20.368
2__PSTAT001,CAIRW-2,2026-09-08,34,2026-09-08T16:00:00Z,II,Generation,20.368
2__PSTAT001,CAIRW-2,2026-09-08,35,2026-09-08T16:30:00Z,II,Generation,20.318
2__PSTAT001,CAIRW-2,2026-09-08,36,2026-09-08T17:00:00Z,II,Generation,20.358
2__PSTAT001,CAIRW-2,2026-09-08,37,2026-09-08T17:30:00Z,II,Generation,20.338
2__PSTAT001,CAIRW-2,2026-09-08,38,2026-09-08T18:00:00Z,II,Generation,20.269
2__PSTAT001,CAIRW-2,2026-09-08,39,2026-09-08T18:30:00Z,II,Generation,20.149
2__PSTAT001,CAIRW-2,2026-09-08,40,2026-09-08T19:00:00Z,II,Generation,19.332
2__PSTAT001,CAIRW-2,2026-09-08,41,2026-09-08T19:30:00Z,II,Generation,18.157
2__PSTAT001,CAIRW-2,2026-09-08,42,2026-09-08T20:00:00Z,II,Generation,17.769
2__PSTAT001,CAIRW-2,2026-09-08,43,2026-09-08T20:30:00Z,II,Generation,15.767
2__PSTAT001,CAIRW-2,2026-09-08,44,2026-09-08T21:00:00Z,II,Generation,13.486
2__PSTAT001,CAIRW-2,2026-09-08,45,2026-09-08T21:30:00Z,II,Generation,12.848
2__PSTAT001,CAIRW-2,2026-09-08,46,2026-09-08T22:00:00Z,II,Generation,10.697
2__PSTAT001,CAIRW-2,2026-09-08,47,2026-09-08T22:30:00Z,II,Generation,7.590
2__PSTAT001,CAIRW-2,2026-09-08,48,2026-09-08T23:00:00Z,II,Generation,6.643
2__PSTAT002,MDHLW-1,2026-09-08,1,2026-09-07T23:30:00Z,II,Generation,0.000
2__PSTAT002,MDHLW-1,2026-09-08,2,2026-09-08T00:00:00Z,II,Generation,0.000
2__PSTAT002,MDHLW-1,2026-09-08,3,2026-09-08T00:30:00Z,II,Generation,0.000
2__PSTAT002,MDHLW-1,2026-09-08,4,2026-09-08T01:00:00Z,II,Generation,0.000
2__PSTAT002,MDHLW-1,2026-09-08,5,2026-09-08T01:30:00Z,II,Generation,0.000
2__PSTAT002,MDHLW-1,2026-09-08,6,2026-09-08T02:00:00Z,II,Generation,0.000
2__PSTAT002,MDHLW-1,2026-09-08,7,2026-09-08T02:30:00Z,II,Generation,0.000
2__PSTAT002,MDHLW-1,2026-09-08,8,2026-09-08T03:00:00Z,II,Generation,0.000
2__PSTAT002,MDHLW-1,2026-09-08,9,2026-09-08T03:30:00Z,II,Generation,0.000
2__PSTAT002,MDHLW-1,2026-09-08,10,2026-09-08T04:00:00Z,II,Generation,0.000
2__PSTAT002,MDHLW-1,2026-09-08,11,2026-09-08T04:30:00Z,II,Generation,0.000
2__PSTAT002,MDHLW-1,2026-09-08,12,2026-09-08T05:00:00Z,II,Generation,0.000
2__PSTAT002,MDHLW-1,2026-09-08,13,2026-09-08T05:30:00Z,II,Generation,0.000
2__PSTAT002,MDHLW-1,2026-09-08,14,2026-09-08T06:00:00Z,II,Generation,0.000
2__PSTAT002,MDHLW-1,2026-09-08,15,2026-09-08T06:30:00Z,II,Generation,0.000
2__PSTAT002,MDHLW-1,2026-09-08,16,2026-09-08T07:00:00Z,II,Generation,0.000
2__PSTAT002,MDHLW-1,2026-09-08,17,2026-09-08T07:30:00Z,II,Generation,0.000
2__PSTAT002,MDHLW-1,2026-09-08,18,2026-09-08T08:00:00Z,II,Generation,0.000
2__PSTAT002,MDHLW-1,2026-09-08,19,2026-09-08T08:30:00Z,II,Generation,0.000
2__PSTAT002,MDHLW-1,2026-09-08,20,2026-09-08T09:00:00Z,II,Generation,0.000
2__PSTAT002,MDHLW-1,2026-09-08,21,2026-09-08T09:30:00Z,II,Generation,0.000
2__PSTAT002,MDHLW-1,2026-09-08,22,2026-09-08T10:00:00Z,II,Generation,0.000
2__PSTAT002,MDHLW-1,2026-09-08,23,2026-09-08T10:30:00Z,II,Generation,0.000
2__PSTAT002,MDHLW-1,2026-09-08,24,2026-09-08T11:00:00Z,II,Generation,0.000
2__PSTAT002,MDHLW-1,2026-09-08,25,2026-09-08T11:30:00Z,II,Generation,0.000
2__PSTAT002,MDHLW-1,2026-09-08,26,2026-09-08T12:00:00Z,II,Generation,0.000
2__PSTAT002,MDHLW-1,2026-09-08,27,2026-09-08T12:30:00Z,II,Generation,0.000
2__PSTAT002,MDHLW-1,2026-09-08,28,2026-09-08T13:00:00Z,II,Generation,0.000
2__PSTAT002,MDHLW-1,2026-09-08,29,2026-09-08T13:30:00Z,II,Generation,0.000
2__PSTAT002,MDHLW-1,2026-09-08,30,2026-09-08T14:00:00Z,II,Generation,0.000
2__PSTAT002,MDHLW-1,2026-09-08,31,2026-09-08T14:30:00Z,II,Generation,0.000
2__PSTAT002,MDHLW-1,2026-09-08,32,2026-09-08T15:00:00Z,II,Generation,0.000
2__PSTAT002,MDHLW-1,2026-09-08,33,2026-09-08T15:30:00Z,II,Generation,0.000
2__PSTAT002,MDHLW-1,2026-09-08,34,2026-09-08T16:00:00Z,II,Generation,0.000
2__PSTAT002,MDHLW-1,2026-09-08,35,2026-09-08T16:30:00Z,II,Generation,0.000
2__PSTAT002,MDHLW-1,2026-09-08,36,2026-09-08T17:00:00Z,II,Generation,0.000
2__PSTAT002,MDHLW-1,2026-09-08,37,2026-09-08T17:30:00Z,II,Generation,0.000
2__PSTAT002,MDHLW-1,2026-09-08,38,2026-09-08T18:00:00Z,II,Generation,0.000
2__PSTAT002,MDHLW-1,2026-09-08,39,2026-09-08T18:30:00Z,II,Generation,0.000
2__PSTAT002,MDHLW-1,2026-09-08,40,2026-09-08T19:00:00Z,II,Generation,0.000
2__PSTAT002,MDHLW-1,2026-09-08,41,2026-09-08T19:30:00Z,II,Generation,0.000
2__PSTAT002,MDHLW-1,2026-09-08,42,2026-09-08T20:00:00Z,II,Generation,0.000
2__PSTAT002,MDHLW-1,2026-09-08,43,2026-09-08T20:30:00Z,II,Generation,0.000
2__PSTAT002,MDHLW-1,2026-09-08,44,2026-09-08T21:00:00Z,II,Generation,0.000
2__PSTAT002,MDHLW-1,2026-09-08,45,2026-09-08T21:30:00Z,II,Generation,0.000
2__PSTAT002,MDHLW-1,2026-09-08,46,2026-09-08T22:00:00Z,II,Generation,0.000
2__PSTAT002,MDHLW-1,2026-09-08,47,2026-09-08T22:30:00Z,II,Generation,0.000
2__PSTAT002,MDHLW-1,2026-09-08,48,2026-09-08T23:00:00Z,II,Generation,0.000
C__PSMAR001,ACHLW-1,2026-09-08,1,2026-09-07T23:30:00Z,II,Generation,3.512
C__PSMAR001,ACHLW-1,2026-09-08,2,2026-09-08T00:00:00Z,II,Generation,3.917
C__PSMAR001,ACHLW-1,2026-09-08,3,2026-09-08T00:30:00Z,II,Generation,3.417
C__PSMAR001,ACHLW-1,2026-09-08,4,2026-09-08T01:00:00Z,II,Generation,4.048
C__PSMAR001,ACHLW-1,2026-09-08,5,2026-09-08T01:30:00Z,II,Generation,4.042
C__PSMAR001,ACHLW-1,2026-09-08,6,2026-09-08T02:00:00Z,II,Generation,4.340
C__PSMAR001,ACHLW-1,2026-09-08,7,2026-09-08T02:30:00Z,II,Generation,4.002
C__PSMAR001,ACHLW-1,2026-09-08,8,2026-09-08T03:00:00Z,II,Generation,4.129
C__PSMAR001,ACHLW-1,2026-09-08,9,2026-09-08T03:30:00Z,II,Generation,4.944
C__PSMAR001,ACHLW-1,2026-09-08,10,2026-09-08T04:00:00Z,II,Generation,4.722
C__PSMAR001,ACHLW-1,2026-09-08,11,2026-09-08T04:30:00Z,II,Generation,4.777
C__PSMAR001,ACHLW-1,2026-09-08,12,2026-09-08T05:00:00Z,II,Generation,4.971
C__PSMAR001,ACHLW-1,2026-09-08,13,2026-09-08T05:30:00Z,II,Generation,4.651
C__PSMAR001,ACHLW-1,2026-09-08,14,2026-09-08T06:00:00Z,II,Generation,4.083
C__PSMAR001,ACHLW-1,2026-09-08,15,2026-09-08T06:30:00Z,II,Generation,4.238
C__PSMAR001,ACHLW-1,2026-09-08,16,2026-09-08T07:00:00Z,II,Generation,4.875
C__PSMAR001,ACHLW-1,2026-09-08,17,2026-09-08T07:30:00Z,II,Generation,4.949
C__PSMAR001,ACHLW-1,2026-09-08,18,2026-09-08T08:00:00Z,II,Generation,4.955
C__PSMAR001,ACHLW-1,2026-09-08,19,2026-09-08T08:30:00Z,II,Generation,4.939
C__PSMAR001,ACHLW-1,2026-09-08,20,2026-09-08T09:00:00Z,II,Generation,4.923
C__PSMAR001,ACHLW-1,2026-09-08,21,2026-09-08T09:30:00Z,II,Generation,4.930
C__PSMAR001,ACHLW-1,2026-09-08,22,2026-09-08T10:00:00Z,II,Generation,4.932
C__PSMAR001,ACHLW-1,2026-09-08,23,2026-09-08T10:30:00Z,II,Generation,4.726
C__PSMAR001,ACHLW-1,2026-09-08,24,2026-09-08T11:00:00Z,II,Generation,2.456
C__PSMAR001,ACHLW-1,2026-09-08,25,2026-09-08T11:30:00Z,II,Generation,1.362
C__PSMAR001,ACHLW-1,2026-09-08,26,2026-09-08T12:00:00Z,II,Generation,2.337
C__PSMAR001,ACHLW-1,2026-09-08,27,2026-09-08T12:30:00Z,II,Generation,4.343
C__PSMAR001,ACHLW-1,2026-09-08,28,2026-09-08T13:00:00Z,II,Generation,4.681
C__PSMAR001,ACHLW-1,2026-09-08,29,2026-09-08T13:30:00Z,II,Generation,4.470
C__PSMAR001,ACHLW-1,2026-09-08,30,2026-09-08T14:00:00Z,II,Generation,4.814
C__PSMAR001,ACHLW-1,2026-09-08,31,2026-09-08T14:30:00Z,II,Generation,4.862
C__PSMAR001,ACHLW-1,2026-09-08,32,2026-09-08T15:00:00Z,II,Generation,4.824
C__PSMAR001,ACHLW-1,2026-09-08,33,2026-09-08T15:30:00Z,II,Generation,4.766
C__PSMAR001,ACHLW-1,2026-09-08,34,2026-09-08T16:00:00Z,II,Generation,4.471
C__PSMAR001,ACHLW-1,2026-09-08,35,2026-09-08T16:30:00Z,II,Generation,4.584
C__PSMAR001,ACHLW-1,2026-09-08,36,2026-09-08T17:00:00Z,II,Generation,4.754
C__PSMAR001,ACHLW-1,2026-09-08,37,2026-09-08T17:30:00Z,II,Generation,4.663
C__PSMAR001,ACHLW-1,2026-09-08,38,2026-09-08T18:00:00Z,II,Generation,4.231
C__PSMAR001,ACHLW-1,2026-09-08,39,2026-09-08T18:30:00Z,II,Generation,3.968
C__PSMAR001,ACHLW-1,2026-09-08,40,2026-09-08T19:00:00Z,II,Generation,3.968
C__PSMAR001,ACHLW-1,2026-09-08,41,2026-09-08T19:30:00Z,II,Generation,3.659
C__PSMAR001,ACHLW-1,2026-09-08,42,2026-09-08T20:00:00Z,II,Generation,2.870
C__PSMAR001,ACHLW-1,2026-09-08,43,2026-09-08T20:30:00Z,II,Generation,3.616
C__PSMAR001,ACHLW-1,2026-09-08,44,2026-09-08T21:00:00Z,II,Generation,2.628
C__PSMAR001,ACHLW-1,2026-09-08,45,2026-09-08T21:30:00Z,II,Generation,3.239
C__PSMAR001,ACHLW-1,2026-09-08,46,2026-09-08T22:00:00Z,II,Generation,2.857
C__PSMAR001,ACHLW-1,2026-09-08,47,2026-09-08T22:30:00Z,II,Generation,1.963
C__PSMAR001,ACHLW-1,2026-09-08,48,2026-09-08T23:00:00Z,II,Generation,2.594
C__PSTAT011,TMNCW-1,2026-09-08,1,2026-09-07T23:30:00Z,II,Generation,2.422
C__PSTAT011,TMNCW-1,2026-09-08,2,2026-09-08T00:00:00Z,II,Generation,2.421
C__PSTAT011,TMNCW-1,2026-09-08,3,2026-09-08T00:30:00Z,II,Generation,2.422
C__PSTAT011,TMNCW-1,2026-09-08,4,2026-09-08T01:00:00Z,II,Generation,2.422
C__PSTAT011,TMNCW-1,2026-09-08,5,2026-09-08T01:30:00Z,II,Generation,2.423
C__PSTAT011,TMNCW-1,2026-09-08,6,2026-09-08T02:00:00Z,II,Generation,2.421
C__PSTAT011,TMNCW-1,2026-09-08,7,2026-09-08T02:30:00Z,II,Generation,2.420
C__PSTAT011,TMNCW-1,2026-09-08,8,2026-09-08T03:00:00Z,II,Generation,2.418
C__PSTAT011,TMNCW-1,2026-09-08,9,2026-09-08T03:30:00Z,II,Generation,2.421
C__PSTAT011,TMNCW-1,2026-09-08,10,2026-09-08T04:00:00Z,II,Generation,2.420
C__PSTAT011,TMNCW-1,2026-09-08,11,2026-09-08T04:30:00Z,II,Generation,2.416
C__PSTAT011,TMNCW-1,2026-09-08,12,2026-09-08T05:00:00Z,II,Generation,2.416
C__PSTAT011,TMNCW-1,2026-09-08,13,2026-09-08T05:30:00Z,II,Generation,2.417
C__PSTAT011,TMNCW-1,2026-09-08,14,2026-09-08T06:00:00Z,II,Generation,2.416
C__PSTAT011,TMNCW-1,2026-09-08,15,2026-09-08T06:30:00Z,II,Generation,2.417
C__PSTAT011,TMNCW-1,2026-09-08,16,2026-09-08T07:00:00Z,II,Generation,2.418
C__PSTAT011,TMNCW-1,2026-09-08,17,2026-09-08T07:30:00Z,II,Generation,2.418
C__PSTAT011,TMNCW-1,2026-09-08,18,2026-09-08T08:00:00Z,II,Generation,2.419
C__PSTAT011,TMNCW-1,2026-09-08,19,2026-09-08T08:30:00Z,II,Generation,2.423
C__PSTAT011,TMNCW-1,2026-09-08,20,2026-09-08T09:00:00Z,II,Generation,2.421
C__PSTAT011,TMNCW-1,2026-09-08,21,2026-09-08T09:30:00Z,II,Generation,2.421
C__PSTAT011,TMNCW-1,2026-09-08,22,2026-09-08T10:00:00Z,II,Generation,2.421
C__PSTAT011,TMNCW-1,2026-09-08,23,2026-09-08T10:30:00Z,II,Generation,2.419
C__PSTAT011,TMNCW-1,2026-09-08,24,2026-09-08T11:00:00Z,II,Generation,2.420
C__PSTAT011,TMNCW-1,2026-09-08,25,2026-09-08T11:30:00Z,II,Generation,2.420
C__PSTAT011,TMNCW-1,2026-09-08,26,2026-09-08T12:00:00Z,II,Generation,2.420
C__PSTAT011,TMNCW-1,2026-09-08,27,2026-09-08T12:30:00Z,II,Generation,2.420
C__PSTAT011,TMNCW-1,2026-09-08,28,2026-09-08T13:00:00Z,II,Generation,2.420
C__PSTAT011,TMNCW-1,2026-09-08,29,2026-09-08T13:30:00Z,II,Generation,2.422
C__PSTAT011,TMNCW-1,2026-09-08,30,2026-09-08T14:00:00Z,II,Generation,2.424
C__PSTAT011,TMNCW-1,2026-09-08,31,2026-09-08T14:30:00Z,II,Generation,2.423
C__PSTAT011,TMNCW-1,2026-09-08,32,2026-09-08T15:00:00Z,II,Generation,2.423
C__PSTAT011,TMNCW-1,2026-09-08,33,2026-09-08T15:30:00Z,II,Generation,2.424
C__PSTAT011,TMNCW-1,2026-09-08,34,2026-09-08T16:00:00Z,II,Generation,2.423
C__PSTAT011,TMNCW-1,2026-09-08,35,2026-09-08T16:30:00Z,II,Generation,2.419
C__PSTAT011,TMNCW-1,2026-09-08,36,2026-09-08T17:00:00Z,II,Generation,2.421
C__PSTAT011,TMNCW-1,2026-09-08,37,2026-09-08T17:30:00Z,II,Generation,2.421
C__PSTAT011,TMNCW-1,2026-09-08,38,2026-09-08T18:00:00Z,II,Generation,2.417
C__PSTAT011,TMNCW-1,2026-09-08,39,2026-09-08T18:30:00Z,II,Generation,2.417
C__PSTAT011,TMNCW-1,2026-09-08,40,2026-09-08T19:00:00Z,II,Generation,2.418
C__PSTAT011,TMNCW-1,2026-09-08,41,2026-09-08T19:30:00Z,II,Generation,2.415
C__PSTAT011,TMNCW-1,2026-09-08,42,2026-09-08T20:00:00Z,II,Generation,2.415
C__PSTAT011,TMNCW-1,2026-09-08,43,2026-09-08T20:30:00Z,II,Generation,2.416
C__PSTAT011,TMNCW-1,2026-09-08,44,2026-09-08T21:00:00Z,II,Generation,2.415
C__PSTAT011,TMNCW-1,2026-09-08,45,2026-09-08T21:30:00Z,II,Generation,2.415
C__PSTAT011,TMNCW-1,2026-09-08,46,2026-09-08T22:00:00Z,II,Generation,2.415
C__PSTAT011,TMNCW-1,2026-09-08,47,2026-09-08T22:30:00Z,II,Generation,2.415
C__PSTAT011,TMNCW-1,2026-09-08,48,2026-09-08T23:00:00Z,II,Generation,2.415
E_ABRTW-1,ABRTW-1,2026-09-08,1,2026-09-07T23:30:00Z,II,Generation,15.279
E_ABRTW-1,ABRTW-1,2026-09-08,2,2026-09-08T00:00:00Z,II,Generation,15.880
E_ABRTW-1,ABRTW-1,2026-09-08,3,2026-09-08T00:30:00Z,II,Generation,15.027
E_ABRTW-1,ABRTW-1,2026-09-08,4,2026-09-08T01:00:00Z,II,Generation,16.700
E_ABRTW-1,ABRTW-1,2026-09-08,5,2026-09-08T01:30:00Z,II,Generation,16.779
E_ABRTW-1,ABRTW-1,2026-09-08,6,2026-09-08T02:00:00Z,II,Generation,17.211
E_ABRTW-1,ABRTW-1,2026-09-08,7,2026-09-08T02:30:00Z,II,Generation,15.827
E_ABRTW-1,ABRTW-1,2026-09-08,8,2026-09-08T03:00:00Z,II,Generation,14.575
E_ABRTW-1,ABRTW-1,2026-09-08,9,2026-09-08T03:30:00Z,II,Generation,14.417
E_ABRTW-1,ABRTW-1,2026-09-08,10,2026-09-08T04:00:00Z,II,Generation,14.570
E_ABRTW-1,ABRTW-1,2026-09-08,11,2026-09-08T04:30:00Z,II,Generation,14.693
E_ABRTW-1,ABRTW-1,2026-09-08,12,2026-09-08T05:00:00Z,II,Generation,14.655
E_ABRTW-1,ABRTW-1,2026-09-08,13,2026-09-08T05:30:00Z,II,Generation,14.729
E_ABRTW-1,ABRTW-1,2026-09-08,14,2026-09-08T06:00:00Z,II,Generation,15.127
E_ABRTW-1,ABRTW-1,2026-09-08,15,2026-09-08T06:30:00Z,II,Generation,15.685
E_ABRTW-1,ABRTW-1,2026-09-08,16,2026-09-08T07:00:00Z,II,Generation,16.402
E_ABRTW-1,ABRTW-1,2026-09-08,17,2026-09-08T07:30:00Z,II,Generation,15.508
E_ABRTW-1,ABRTW-1,2026-09-08,18,2026-09-08T08:00:00Z,II,Generation,16.150
E_ABRTW-1,ABRTW-1,2026-09-08,19,2026-09-08T08:30:00Z,II,Generation,16.159
E_ABRTW-1,ABRTW-1,2026-09-08,20,2026-09-08T09:00:00Z,II,Generation,11.229
E_ABRTW-1,ABRTW-1,2026-09-08,21,2026-09-08T09:30:00Z,II,Generation,10.286
E_ABRTW-1,ABRTW-1,2026-09-08,22,2026-09-08T10:00:00Z,II,Generation,13.532
E_ABRTW-1,ABRTW-1,2026-09-08,23,2026-09-08T10:30:00Z,II,Generation,13.418
E_ABRTW-1,ABRTW-1,2026-09-08,24,2026-09-08T11:00:00Z,II,Generation,16.335
E_ABRTW-1,ABRTW-1,2026-09-08,25,2026-09-08T11:30:00Z,II,Generation,17.409
E_ABRTW-1,ABRTW-1,2026-09-08,26,2026-09-08T12:00:00Z,II,Generation,17.733
E_ABRTW-1,ABRTW-1,2026-09-08,27,2026-09-08T12:30:00Z,II,Generation,17.416
E_ABRTW-1,ABRTW-1,2026-09-08,28,2026-09-08T13:00:00Z,II,Generation,17.789
E_ABRTW-1,ABRTW-1,2026-09-08,29,2026-09-08T13:30:00Z,II,Generation,17.704
E_ABRTW-1,ABRTW-1,2026-09-08,30,2026-09-08T14:00:00Z,II,Generation,17.747
E_ABRTW-1,ABRTW-1,2026-09-08,31,2026-09-08T14:30:00Z,II,Generation,17.766
E_ABRTW-1,ABRTW-1,2026-09-08,32,2026-09-08T15:00:00Z,II,Generation,17.386
E_ABRTW-1,ABRTW-1,2026-09-08,33,2026-09-08T15:30:00Z,II,Generation,17.508
E_ABRTW-1,ABRTW-1,2026-09-08,34,2026-09-08T16:00:00Z,II,Generation,17.421
E_ABRTW-1,ABRTW-1,2026-09-08,35,2026-09-08T16:30:00Z,II,Generation,15.818
E_ABRTW-1,ABRTW-1,2026-09-08,36,2026-09-08T17:00:00Z,II,Generation,15.908
E_ABRTW-1,ABRTW-1,2026-09-08,37,2026-09-08T17:30:00Z,II,Generation,17.622
E_ABRTW-1,ABRTW-1,2026-09-08,38,2026-09-08T18:00:00Z,II,Generation,16.496
E_ABRTW-1,ABRTW-1,2026-09-08,39,2026-09-08T18:30:00Z,II,Generation,16.579
E_ABRTW-1,ABRTW-1,2026-09-08,40,2026-09-08T19:00:00Z,II,Generation,17.541
E_ABRTW-1,ABRTW-1,2026-09-08,41,2026-09-08T19:30:00Z,II,Generation,17.587
E_ABRTW-1,ABRTW-1,2026-09-08,42,2026-09-08T20:00:00Z,II,Generation,17.086
E_ABRTW-1,ABRTW-1,2026-09-08,43,2026-09-08T20:30:00Z,II,Generation,13.848
E_ABRTW-1,ABRTW-1,2026-09-08,44,2026-09-08T21:00:00Z,II,Generation,15.348
E_ABRTW-1,ABRTW-1,2026-09-08,45,2026-09-08T21:30:00Z,II,Generation,12.579
E_ABRTW-1,ABRTW-1,2026-09-08,46,2026-09-08T22:00:00Z,II,Generation,7.979
E_ABRTW-1,ABRTW-1,2026-09-08,47,2026-09-08T22:30:00Z,II,Generation,10.712
E_ABRTW-1,ABRTW-1,2026-09-08,48,2026-09-08T23:00:00Z,II,Generation,7.786
E_AIRSW-1,AIRSW-1,2026-09-08,1,2026-09-07T23:30:00Z,II,Generation,5.214
E_AIRSW-1,AIRSW-1,2026-09-08,2,2026-09-08T00:00:00Z,II,Generation,10.134
E_AIRSW-1,AIRSW-1,2026-09-08,3,2026-09-08T00:30:00Z,II,Generation,11.389
E_AIRSW-1,AIRSW-1,2026-09-08,4,2026-09-08T01:00:00Z,II,Generation,10.892
E_AIRSW-1,AIRSW-1,2026-09-08,5,2026-09-08T01:30:00Z,II,Generation,6.739
E_AIRSW-1,AIRSW-1,2026-09-08,6,2026-09-08T02:00:00Z,II,Generation,8.606
E_AIRSW-1,AIRSW-1,2026-09-08,7,2026-09-08T02:30:00Z,II,Generation,7.350
E_AIRSW-1,AIRSW-1,2026-09-08,8,2026-09-08T03:00:00Z,II,Generation,7.905
E_AIRSW-1,AIRSW-1,2026-09-08,9,2026-09-08T03:30:00Z,II,Generation,7.776
E_AIRSW-1,AIRSW-1,2026-09-08,10,2026-09-08T04:00:00Z,II,Generation,5.761
E_AIRSW-1,AIRSW-1,2026-09-08,11,2026-09-08T04:30:00Z,II,Generation,7.955
E_AIRSW-1,AIRSW-1,2026-09-08,12,2026-09-08T05:00:00Z,II,Generation,7.447
E_AIRSW-1,AIRSW-1,2026-09-08,13,2026-09-08T05:30:00Z,II,Generation,9.001
E_AIRSW-1,AIRSW-1,2026-09-08,14,2026-09-08T06:00:00Z,II,Generation,10.375
E_AIRSW-1,AIRSW-1,2026-09-08,15,2026-09-08T06:30:00Z,II,Generation,7.353
E_AIRSW-1,AIRSW-1,2026-09-08,16,2026-09-08T07:00:00Z,II,Generation,8.451
E_AIRSW-1,AIRSW-1,2026-09-08,17,2026-09-08T07:30:00Z,II,Generation,10.931
E_AIRSW-1,AIRSW-1,2026-09-08,18,2026-09-08T08:00:00Z,II,Generation,13.224
E_AIRSW-1,AIRSW-1,2026-09-08,19,2026-09-08T08:30:00Z,II,Generation,11.586
E_AIRSW-1,AIRSW-1,2026-09-08,20,2026-09-08T09:00:00Z,II,Generation,13.199
E_AIRSW-1,AIRSW-1,2026-09-08,21,2026-09-08T09:30:00Z,II,Generation,15.199
E_AIRSW-1,AIRSW-1,2026-09-08,22,2026-09-08T10:00:00Z,II,Generation,13.045
E_AIRSW-1,AIRSW-1,2026-09-08,23,2026-09-08T10:30:00Z,II,Generation,12.080
E_AIRSW-1,AIRSW-1,2026-09-08,24,2026-09-08T11:00:00Z,II,Generation,11.815
E_AIRSW-1,AIRSW-1,2026-09-08,25,2026-09-08T11:30:00Z,II,Generation,12.740
E_AIRSW-1,AIRSW-1,2026-09-08,26,2026-09-08T12:00:00Z,II,Generation,16.549
E_AIRSW-1,AIRSW-1,2026-09-08,27,2026-09-08T12:30:00Z,II,Generation,17.120
E_AIRSW-1,AIRSW-1,2026-09-08,28,2026-09-08T13:00:00Z,II,Generation,17.175
E_AIRSW-1,AIRSW-1,2026-09-08,29,2026-09-08T13:30:00Z,II,Generation,16.960
E_AIRSW-1,AIRSW-1,2026-09-08,30,2026-09-08T14:00:00Z,II,Generation,17.122
E_AIRSW-1,AIRSW-1,2026-09-08,31,2026-09-08T14:30:00Z,II,Generation,16.667
E_AIRSW-1,AIRSW-1,2026-09-08,32,2026-09-08T15:00:00Z,II,Generation,17.039
E_AIRSW-1,AIRSW-1,2026-09-08,33,2026-09-08T15:30:00Z,II,Generation,16.176
E_AIRSW-1,AIRSW-1,2026-09-08,34,2026-09-08T16:00:00Z,II,Generation,7.259
E_AIRSW-1,AIRSW-1,2026-09-08,35,2026-09-08T16:30:00Z,II,Generation,3.053
E_AIRSW-1,AIRSW-1,2026-09-08,36,2026-09-08T17:00:00Z,II,Generation,3.087
E_AIRSW-1,AIRSW-1,2026-09-08,37,2026-09-08T17:30:00Z,II,Generation,3.904
E_AIRSW-1,AIRSW-1,2026-09-08,38,2026-09-08T18:00:00Z,II,Generation,4.197
E_AIRSW-1,AIRSW-1,2026-09-08,39,2026-09-08T18:30:00Z,II,Generation,5.079
E_AIRSW-1,AIRSW-1,2026-09-08,40,2026-09-08T19:00:00Z,II,Generation,6.693
E_AIRSW-1,AIRSW-1,2026-09-08,41,2026-09-08T19:30:00Z,II,Generation,7.531
E_AIRSW-1,AIRSW-1,2026-09-08,42,2026-09-08T20:00:00Z,II,Generation,6.675
E_AIRSW-1,AIRSW-1,2026-09-08,43,2026-09-08T20:30:00Z,II,Generation,7.128
E_AIRSW-1,AIRSW-1,2026-09-08,44,2026-09-08T21:00:00Z,II,Generation,5.346
E_AIRSW-1,AIRSW-1,2026-09-08,45,2026-09-08T21:30:00Z,II,Generation,4.511
E_AIRSW-1,AIRSW-1,2026-09-08,46,2026-09-08T22:00:00Z,II,Generation,0.000
E_AIRSW-1,AIRSW-1,2026-09-08,47,2026-09-08T22:30:00Z,II,Generation,0.000
E_AIRSW-1,AIRSW-1,2026-09-08,48,2026-09-08T23:00:00Z,II,Generation,0.000
E_ASHWW-1,ASHWW-1,2026-09-08,1,2026-09-07T23:30:00Z,II,Generation,16.716
E_ASHWW-1,ASHWW-1,2026-09-08,2,2026-09-08T00:00:00Z,II,Generation,16.969
E_ASHWW-1,ASHWW-1,2026-09-08,3,2026-09-08T00:30:00Z,II,Generation,16.231
E_ASHWW-1,ASHWW-1,2026-09-08,4,2026-09-08T01:00:00Z,II,Generation,16.859
E_ASHWW-1,ASHWW-1,2026-09-08,5,2026-09-08T01:30:00Z,II,Generation,17.200
E_ASHWW-1,ASHWW-1,2026-09-08,6,2026-09-08T02:00:00Z,II,Generation,17.198
E_ASHWW-1,ASHWW-1,2026-09-08,7,2026-09-08T02:30:00Z,II,Generation,17.276
E_ASHWW-1,ASHWW-1,2026-09-08,8,2026-09-08T03:00:00Z,II,Generation,17.225
E_ASHWW-1,ASHWW-1,2026-09-08,9,2026-09-08T03:30:00Z,II,Generation,17.105
E_ASHWW-1,ASHWW-1,2026-09-08,10,2026-09-08T04:00:00Z,II,Generation,16.946
E_ASHWW-1,ASHWW-1,2026-09-08,11,2026-09-08T04:30:00Z,II,Generation,16.933
E_ASHWW-1,ASHWW-1,2026-09-08,12,2026-09-08T05:00:00Z,II,Generation,16.174
E_ASHWW-1,ASHWW-1,2026-09-08,13,2026-09-08T05:30:00Z,II,Generation,16.531
E_ASHWW-1,ASHWW-1,2026-09-08,14,2026-09-08T06:00:00Z,II,Generation,16.796
E_ASHWW-1,ASHWW-1,2026-09-08,15,2026-09-08T06:30:00Z,II,Generation,16.388
E_ASHWW-1,ASHWW-1,2026-09-08,16,2026-09-08T07:00:00Z,II,Generation,16.141
E_ASHWW-1,ASHWW-1,2026-09-08,17,2026-09-08T07:30:00Z,II,Generation,16.920
E_ASHWW-1,ASHWW-1,2026-09-08,18,2026-09-08T08:00:00Z,II,Generation,17.014
E_ASHWW-1,ASHWW-1,2026-09-08,19,2026-09-08T08:30:00Z,II,Generation,16.301
E_ASHWW-1,ASHWW-1,2026-09-08,20,2026-09-08T09:00:00Z,II,Generation,11.800
E_ASHWW-1,ASHWW-1,2026-09-08,21,2026-09-08T09:30:00Z,II,Generation,11.533
E_ASHWW-1,ASHWW-1,2026-09-08,22,2026-09-08T10:00:00Z,II,Generation,11.686
E_ASHWW-1,ASHWW-1,2026-09-08,23,2026-09-08T10:30:00Z,II,Generation,15.009
E_ASHWW-1,ASHWW-1,2026-09-08,24,2026-09-08T11:00:00Z,II,Generation,16.458
E_ASHWW-1,ASHWW-1,2026-09-08,25,2026-09-08T11:30:00Z,II,Generation,15.936
E_ASHWW-1,ASHWW-1,2026-09-08,26,2026-09-08T12:00:00Z,II,Generation,16.544
E_ASHWW-1,ASHWW-1,2026-09-08,27,2026-09-08T12:30:00Z,II,Generation,17.164
E_ASHWW-1,ASHWW-1,2026-09-08,28,2026-09-08T13:00:00Z,II,Generation,16.423
E_ASHWW-1,ASHWW-1,2026-09-08,29,2026-09-08T13:30:00Z,II,Generation,16.161
E_ASHWW-1,ASHWW-1,2026-09-08,30,2026-09-08T14:00:00Z,II,Generation,17.047
E_ASHWW-1,ASHWW-1,2026-09-08,31,2026-09-08T14:30:00Z,II,Generation,17.160
E_ASHWW-1,ASHWW-1,2026-09-08,32,2026-09-08T15:00:00Z,II,Generation,16.848
E_ASHWW-1,ASHWW-1,2026-09-08,33,2026-09-08T15:30:00Z,II,Generation,17.103
E_ASHWW-1,ASHWW-1,2026-09-08,34,2026-09-08T16:00:00Z,II,Generation,16.359
E_ASHWW-1,ASHWW-1,2026-09-08,35,2026-09-08T16:30:00Z,II,Generation,16.133
E_ASHWW-1,ASHWW-1,2026-09-08,36,2026-09-08T17:00:00Z,II,Generation,16.517
E_ASHWW-1,ASHWW-1,2026-09-08,37,2026-09-08T17:30:00Z,II,Generation,16.371
E_ASHWW-1,ASHWW-1,2026-09-08,38,2026-09-08T18:00:00Z,II,Generation,16.207
E_ASHWW-1,ASHWW-1,2026-09-08,39,2026-09-08T18:30:00Z,II,Generation,15.988
E_ASHWW-1,ASHWW-1,2026-09-08,40,2026-09-08T19:00:00Z,II,Generation,16.493
E_ASHWW-1,ASHWW-1,2026-09-08,41,2026-09-08T19:30:00Z,II,Generation,17.057
E_ASHWW-1,ASHWW-1,2026-09-08,42,2026-09-08T20:00:00Z,II,Generation,16.885
E_ASHWW-1,ASHWW-1,2026-09-08,43,2026-09-08T20:30:00Z,II,Generation,15.203
E_ASHWW-1,ASHWW-1,2026-09-08,44,2026-09-08T21:00:00Z,II,Generation,15.769
E_ASHWW-1,ASHWW-1,2026-09-08,45,2026-09-08T21:30:00Z,II,Generation,14.517
E_ASHWW-1,ASHWW-1,2026-09-08,46,2026-09-08T22:00:00Z,II,Generation,11.348
E_ASHWW-1,ASHWW-1,2026-09-08,47,2026-09-08T22:30:00Z,II,Generation,9.189
E_ASHWW-1,ASHWW-1,2026-09-08,48,2026-09-08T23:00:00Z,II,Generation,9.682
E_ASLVW-1,ASLVW-1,2026-09-08,1,2026-09-07T23:30:00Z,II,Generation,9.189
E_ASLVW-1,ASLVW-1,2026-09-08,2,2026-09-08T00:00:00Z,II,Generation,9.210
E_ASLVW-1,ASLVW-1,2026-09-08,3,2026-09-08T00:30:00Z,II,Generation,9.285
E_ASLVW-1,ASLVW-1,2026-09-08,4,2026-09-08T01:00:00Z,II,Generation,9.551
E_ASLVW-1,ASLVW-1,2026-09-08,5,2026-09-08T01:30:00Z,II,Generation,9.933
E_ASLVW-1,ASLVW-1,2026-09-08,6,2026-09-08T02:00:00Z,II,Generation,10.341
E_ASLVW-1,ASLVW-1,2026-09-08,7,2026-09-08T02:30:00Z,II,Generation,10.197
E_ASLVW-1,ASLVW-1,2026-09-08,8,2026-09-08T03:00:00Z,II,Generation,9.550
E_ASLVW-1,ASLVW-1,2026-09-08,9,2026-09-08T03:30:00Z,II,Generation,9.175
E_ASLVW-1,ASLVW-1,2026-09-08,10,2026-09-08T04:00:00Z,II,Generation,9.761
E_ASLVW-1,ASLVW-1,2026-09-08,11,2026-09-08T04:30:00Z,II,Generation,10.341
E_ASLVW-1,ASLVW-1,2026-09-08,12,2026-09-08T05:00:00Z,II,Generation,10.417
E_ASLVW-1,ASLVW-1,2026-09-08,13,2026-09-08T05:30:00Z,II,Generation,10.287
E_ASLVW-1,ASLVW-1,2026-09-08,14,2026-09-08T06:00:00Z,II,Generation,10.449
E_ASLVW-1,ASLVW-1,2026-09-08,15,2026-09-08T06:30:00Z,II,Generation,10.299
E_ASLVW-1,ASLVW-1,2026-09-08,16,2026-09-08T07:00:00Z,II,Generation,10.493
E_ASLVW-1,ASLVW-1,2026-09-08,17,2026-09-08T07:30:00Z,II,Generation,9.757
E_ASLVW-1,ASLVW-1,2026-09-08,18,2026-09-08T08:00:00Z,II,Generation,9.782
E_ASLVW-1,ASLVW-1,2026-09-08,19,2026-09-08T08:30:00Z,II,Generation,9.699
E_ASLVW-1,ASLVW-1,2026-09-08,20,2026-09-08T09:00:00Z,II,Generation,9.238
E_ASLVW-1,ASLVW-1,2026-09-08,21,2026-09-08T09:30:00Z,II,Generation,7.182
E_ASLVW-1,ASLVW-1,2026-09-08,22,2026-09-08T10:00:00Z,II,Generation,9.156
E_ASLVW-1,ASLVW-1,2026-09-08,23,2026-09-08T10:30:00Z,II,Generation,9.766
E_ASLVW-1,ASLVW-1,2026-09-08,24,2026-09-08T11:00:00Z,II,Generation,9.311
E_ASLVW-1,ASLVW-1,2026-09-08,25,2026-09-08T11:30:00Z,II,Generation,9.717
E_ASLVW-1,ASLVW-1,2026-09-08,26,2026-09-08T12:00:00Z,II,Generation,9.964
E_ASLVW-1,ASLVW-1,2026-09-08,27,2026-09-08T12:30:00Z,II,Generation,9.859
E_ASLVW-1,ASLVW-1,2026-09-08,28,2026-09-08T13:00:00Z,II,Generation,9.847
E_ASLVW-1,ASLVW-1,2026-09-08,29,2026-09-08T13:30:00Z,II,Generation,9.782
E_ASLVW-1,ASLVW-1,2026-09-08,30,2026-09-08T14:00:00Z,II,Generation,8.891
E_ASLVW-1,ASLVW-1,2026-09-08,31,2026-09-08T14:30:00Z,II,Generation,9.633
E_ASLVW-1,ASLVW-1,2026-09-08,32,2026-09-08T15:00:00Z,II,Generation,9.301
E_ASLVW-1,ASLVW-1,2026-09-08,33,2026-09-08T15:30:00Z,II,Generation,9.830
E_ASLVW-1,ASLVW-1,2026-09-08,34,2026-09-08T16:00:00Z,II,Generation,9.874
E_ASLVW-1,ASLVW-1,2026-09-08,35,2026-09-08T16:30:00Z,II,Generation,9.921
E_ASLVW-1,ASLVW-1,2026-09-08,36,2026-09-08T17:00:00Z,II,Generation,9.864
E_ASLVW-1,ASLVW-1,2026-09-08,37,2026-09-08T17:30:00Z,II,Generation,9.837
E_ASLVW-1,ASLVW-1,2026-09-08,38,2026-09-08T18:00:00Z,II,Generation,9.899
E_ASLVW-1,ASLVW-1,2026-09-08,39,2026-09-08T18:30:00Z,II,Generation,9.936
E_ASLVW-1,ASLVW-1,2026-09-08,40,2026-09-08T19:00:00Z,II,Generation,9.717
E_ASLVW-1,ASLVW-1,2026-09-08,41,2026-09-08T19:30:00Z,II,Generation,8.888
E_ASLVW-1,ASLVW-1,2026-09-08,42,2026-09-08T20:00:00Z,II,Generation,8.669
E_ASLVW-1,ASLVW-1,2026-09-08,43,2026-09-08T20:30:00Z,II,Generation,8.875
E_ASLVW-1,ASLVW-1,2026-09-08,44,2026-09-08T21:00:00Z,II,Generation,9.351
E_ASLVW-1,ASLVW-1,2026-09-08,45,2026-09-08T21:30:00Z,II,Generation,8.894
E_ASLVW-1,ASLVW-1,2026-09-08,46,2026-09-08T22:00:00Z,II,Generation,7.688
E_ASLVW-1,ASLVW-1,2026-09-08,47,2026-09-08T22:30:00Z,II,Generation,7.016
E_ASLVW-1,ASLVW-1,2026-09-08,48,2026-09-08T23:00:00Z,II,Generation,7.009
E_BABAW-1,BABAW-1,2026-09-08,1,2026-09-07T23:30:00Z,II,Generation,5.831
E_BABAW-1,BABAW-1,2026-09-08,2,2026-09-08T00:00:00Z,II,Generation,4.881
E_BABAW-1,BABAW-1,2026-09-08,3,2026-09-08T00:30:00Z,II,Generation,3.790
E_BABAW-1,BABAW-1,2026-09-08,4,2026-09-08T01:00:00Z,II,Generation,6.422
E_BABAW-1,BABAW-1,2026-09-08,5,2026-09-08T01:30:00Z,II,Generation,4.474
E_BABAW-1,BABAW-1,2026-09-08,6,2026-09-08T02:00:00Z,II,Generation,4.505
E_BABAW-1,BABAW-1,2026-09-08,7,2026-09-08T02:30:00Z,II,Generation,4.675
E_BABAW-1,BABAW-1,2026-09-08,8,2026-09-08T03:00:00Z,II,Generation,5.413
E_BABAW-1,BABAW-1,2026-09-08,9,2026-09-08T03:30:00Z,II,Generation,5.052
E_BABAW-1,BABAW-1,2026-09-08,10,2026-09-08T04:00:00Z,II,Generation,4.762
E_BABAW-1,BABAW-1,2026-09-08,11,2026-09-08T04:30:00Z,II,Generation,4.943
E_BABAW-1,BABAW-1,2026-09-08,12,2026-09-08T05:00:00Z,II,Generation,5.203
E_BABAW-1,BABAW-1,2026-09-08,13,2026-09-08T05:30:00Z,II,Generation,4.978
E_BABAW-1,BABAW-1,2026-09-08,14,2026-09-08T06:00:00Z,II,Generation,7.259
E_BABAW-1,BABAW-1,2026-09-08,15,2026-09-08T06:30:00Z,II,Generation,8.406
E_BABAW-1,BABAW-1,2026-09-08,16,2026-09-08T07:00:00Z,II,Generation,7.625
E_BABAW-1,BABAW-1,2026-09-08,17,2026-09-08T07:30:00Z,II,Generation,6.085
E_BABAW-1,BABAW-1,2026-09-08,18,2026-09-08T08:00:00Z,II,Generation,6.966
E_BABAW-1,BABAW-1,2026-09-08,19,2026-09-08T08:30:00Z,II,Generation,7.135
E_BABAW-1,BABAW-1,2026-09-08,20,2026-09-08T09:00:00Z,II,Generation,6.829
E_BABAW-1,BABAW-1,2026-09-08,21,2026-09-08T09:30:00Z,II,Generation,5.974
E_BABAW-1,BABAW-1,2026-09-08,22,2026-09-08T10:00:00Z,II,Generation,4.466
E_BABAW-1,BABAW-1,2026-09-08,23,2026-09-08T10:30:00Z,II,Generation,5.077
E_BABAW-1,BABAW-1,2026-09-08,24,2026-09-08T11:00:00Z,II,Generation,5.963
E_BABAW-1,BABAW-1,2026-09-08,25,2026-09-08T11:30:00Z,II,Generation,0.197
E_BABAW-1,BABAW-1,2026-09-08,26,2026-09-08T12:00:00Z,II,Generation,-0.069
E_BABAW-1,BABAW-1,2026-09-08,27,2026-09-08T12:30:00Z,II,Generation,-0.060
E_BABAW-1,BABAW-1,2026-09-08,28,2026-09-08T13:00:00Z,II,Generation,-0.059
E_BABAW-1,BABAW-1,2026-09-08,29,2026-09-08T13:30:00Z,II,Generation,-0.059
E_BABAW-1,BABAW-1,2026-09-08,30,2026-09-08T14:00:00Z,II,Generation,-0.059
E_BABAW-1,BABAW-1,2026-09-08,31,2026-09-08T14:30:00Z,II,Generation,-0.059
E_BABAW-1,BABAW-1,2026-09-08,32,2026-09-08T15:00:00Z,II,Generation,-0.059
E_BABAW-1,BABAW-1,2026-09-08,33,2026-09-08T15:30:00Z,II,Generation,-0.059
E_BABAW-1,BABAW-1,2026-09-08,34,2026-09-08T16:00:00Z,II,Generation,-0.058
E_BABAW-1,BABAW-1,2026-09-08,35,2026-09-08T16:30:00Z,II,Generation,-0.059
E_BABAW-1,BABAW-1,2026-09-08,36,2026-09-08T17:00:00Z,II,Generation,-0.060
E_BABAW-1,BABAW-1,2026-09-08,37,2026-09-08T17:30:00Z,II,Generation,-0.060
E_BABAW-1,BABAW-1,2026-09-08,38,2026-09-08T18:00:00Z,II,Generation,-0.059
E_BABAW-1,BABAW-1,2026-09-08,39,2026-09-08T18:30:00Z,II,Generation,-0.059
E_BABAW-1,BABAW-1,2026-09-08,40,2026-09-08T19:00:00Z,II,Generation,-0.060
E_BABAW-1,BABAW-1,2026-09-08,41,2026-09-08T19:30:00Z,II,Generation,-0.060
E_BABAW-1,BABAW-1,2026-09-08,42,2026-09-08T20:00:00Z,II,Generation,-0.060
E_BABAW-1,BABAW-1,2026-09-08,43,2026-09-08T20:30:00Z,II,Generation,-0.061
E_BABAW-1,BABAW-1,2026-09-08,44,2026-09-08T21:00:00Z,II,Generation,-0.061
E_BABAW-1,BABAW-1,2026-09-08,45,2026-09-08T21:30:00Z,II,Generation,-0.061
E_BABAW-1,BABAW-1,2026-09-08,46,2026-09-08T22:00:00Z,II,Generation,-0.060
E_BABAW-1,BABAW-1,2026-09-08,47,2026-09-08T22:30:00Z,II,Generation,-0.061
E_BABAW-1,BABAW-1,2026-09-08,48,2026-09-08T23:00:00Z,II,Generation,-0.062
E_BETHW-1,BETHW-1,2026-09-08,1,2026-09-07T23:30:00Z,II,Generation,11.081
E_BETHW-1,BETHW-1,2026-09-08,2,2026-09-08T00:00:00Z,II,Generation,10.776
E_BETHW-1,BETHW-1,2026-09-08,3,2026-09-08T00:30:00Z,II,Generation,10.414
E_BETHW-1,BETHW-1,2026-09-08,4,2026-09-08T01:00:00Z,II,Generation,8.724
E_BETHW-1,BETHW-1,2026-09-08,5,2026-09-08T01:30:00Z,II,Generation,9.727
E_BETHW-1,BETHW-1,2026-09-08,6,2026-09-08T02:00:00Z,II,Generation,9.654
E_BETHW-1,BETHW-1,2026-09-08,7,2026-09-08T02:30:00Z,II,Generation,9.331
E_BETHW-1,BETHW-1,2026-09-08,8,2026-09-08T03:00:00Z,II,Generation,7.435
E_BETHW-1,BETHW-1,2026-09-08,9,2026-09-08T03:30:00Z,II,Generation,7.059
E_BETHW-1,BETHW-1,2026-09-08,10,2026-09-08T04:00:00Z,II,Generation,8.915
E_BETHW-1,BETHW-1,2026-09-08,11,2026-09-08T04:30:00Z,II,Generation,7.562
E_BETHW-1,BETHW-1,2026-09-08,12,2026-09-08T05:00:00Z,II,Generation,7.038
E_BETHW-1,BETHW-1,2026-09-08,13,2026-09-08T05:30:00Z,II,Generation,7.835
E_BETHW-1,BETHW-1,2026-09-08,14,2026-09-08T06:00:00Z,II,Generation,8.309
E_BETHW-1,BETHW-1,2026-09-08,15,2026-09-08T06:30:00Z,II,Generation,8.954
E_BETHW-1,BETHW-1,2026-09-08,16,2026-09-08T07:00:00Z,II,Generation,7.879
E_BETHW-1,BETHW-1,2026-09-08,17,2026-09-08T07:30:00Z,II,Generation,6.795
E_BETHW-1,BETHW-1,2026-09-08,18,2026-09-08T08:00:00Z,II,Generation,6.905
E_BETHW-1,BETHW-1,2026-09-08,19,2026-09-08T08:30:00Z,II,Generation,5.187
E_BETHW-1,BETHW-1,2026-09-08,20,2026-09-08T09:00:00Z,II,Generation,5.927
E_BETHW-1,BETHW-1,2026-09-08,21,2026-09-08T09:30:00Z,II,Generation,6.712
E_BETHW-1,BETHW-1,2026-09-08,22,2026-09-08T10:00:00Z,II,Generation,6.704
E_BETHW-1,BETHW-1,2026-09-08,23,2026-09-08T10:30:00Z,II,Generation,6.611
E_BETHW-1,BETHW-1,2026-09-08,24,2026-09-08T11:00:00Z,II,Generation,6.762
E_BETHW-1,BETHW-1,2026-09-08,25,2026-09-08T11:30:00Z,II,Generation,6.842
E_BETHW-1,BETHW-1,2026-09-08,26,2026-09-08T12:00:00Z,II,Generation,6.837
E_BETHW-1,BETHW-1,2026-09-08,27,2026-09-08T12:30:00Z,II,Generation,6.839
E_BETHW-1,BETHW-1,2026-09-08,28,2026-09-08T13:00:00Z,II,Generation,6.836
E_BETHW-1,BETHW-1,2026-09-08,29,2026-09-08T13:30:00Z,II,Generation,6.819
E_BETHW-1,BETHW-1,2026-09-08,30,2026-09-08T14:00:00Z,II,Generation,10.730
E_BETHW-1,BETHW-1,2026-09-08,31,2026-09-08T14:30:00Z,II,Generation,11.950
E_BETHW-1,BETHW-1,2026-09-08,32,2026-09-08T15:00:00Z,II,Generation,11.884
E_BETHW-1,BETHW-1,2026-09-08,33,2026-09-08T15:30:00Z,II,Generation,11.735
E_BETHW-1,BETHW-1,2026-09-08,34,2026-09-08T16:00:00Z,II,Generation,11.814
E_BETHW-1,BETHW-1,2026-09-08,35,2026-09-08T16:30:00Z,II,Generation,11.420
E_BETHW-1,BETHW-1,2026-09-08,36,2026-09-08T17:00:00Z,II,Generation,10.127
E_BETHW-1,BETHW-1,2026-09-08,37,2026-09-08T17:30:00Z,II,Generation,9.517
E_BETHW-1,BETHW-1,2026-09-08,38,2026-09-08T18:00:00Z,II,Generation,10.725
E_BETHW-1,BETHW-1,2026-09-08,39,2026-09-08T18:30:00Z,II,Generation,10.087
E_BETHW-1,BETHW-1,2026-09-08,40,2026-09-08T19:00:00Z,II,Generation,9.964
E_BETHW-1,BETHW-1,2026-09-08,41,2026-09-08T19:30:00Z,II,Generation,8.718
E_BETHW-1,BETHW-1,2026-09-08,42,2026-09-08T20:00:00Z,II,Generation,8.582
E_BETHW-1,BETHW-1,2026-09-08,43,2026-09-08T20:30:00Z,II,Generation,7.557
E_BETHW-1,BETHW-1,2026-09-08,44,2026-09-08T21:00:00Z,II,Generation,5.715
E_BETHW-1,BETHW-1,2026-09-08,45,2026-09-08T21:30:00Z,II,Generation,5.127
E_BETHW-1,BETHW-1,2026-09-08,46,2026-09-08T22:00:00Z,II,Generation,4.347
E_BETHW-1,BETHW-1,2026-09-08,47,2026-09-08T22:30:00Z,II,Generation,5.007
E_BETHW-1,BETHW-1,2026-09-08,48,2026-09-08T23:00:00Z,II,Generation,5.420
E_BLARW-1,BLARW-1,2026-09-08,1,2026-09-07T23:30:00Z,II,Generation,14.358
E_BLARW-1,BLARW-1,2026-09-08,2,2026-09-08T00:00:00Z,II,Generation,14.897
E_BLARW-1,BLARW-1,2026-09-08,3,2026-09-08T00:30:00Z,II,Generation,15.058
E_BLARW-1,BLARW-1,2026-09-08,4,2026-09-08T01:00:00Z,II,Generation,14.863
E_BLARW-1,BLARW-1,2026-09-08,5,2026-09-08T01:30:00Z,II,Generation,15.259
E_BLARW-1,BLARW-1,2026-09-08,6,2026-09-08T02:00:00Z,II,Generation,14.154
E_BLARW-1,BLARW-1,2026-09-08,7,2026-09-08T02:30:00Z,II,Generation,15.797
E_BLARW-1,BLARW-1,2026-09-08,8,2026-09-08T03:00:00Z,II,Generation,15.547
E_BLARW-1,BLARW-1,2026-09-08,9,2026-09-08T03:30:00Z,II,Generation,15.931
E_BLARW-1,BLARW-1,2026-09-08,10,2026-09-08T04:00:00Z,II,Generation,15.672
E_BLARW-1,BLARW-1,2026-09-08,11,2026-09-08T04:30:00Z,II,Generation,16.047
E_BLARW-1,BLARW-1,2026-09-08,12,2026-09-08T05:00:00Z,II,Generation,15.979
E_BLARW-1,BLARW-1,2026-09-08,13,2026-09-08T05:30:00Z,II,Generation,16.386
E_BLARW-1,BLARW-1,2026-09-08,14,2026-09-08T06:00:00Z,II,Generation,15.305
E_BLARW-1,BLARW-1,2026-09-08,15,2026-09-08T06:30:00Z,II,Generation,15.484
E_BLARW-1,BLARW-1,2026-09-08,16,2026-09-08T07:00:00Z,II,Generation,14.189
E_BLARW-1,BLARW-1,2026-09-08,17,2026-09-08T07:30:00Z,II,Generation,10.880
E_BLARW-1,BLARW-1,2026-09-08,18,2026-09-08T08:00:00Z,II,Generation,11.512
E_BLARW-1,BLARW-1,2026-09-08,19,2026-09-08T08:30:00Z,II,Generation,1.572
E_BLARW-1,BLARW-1,2026-09-08,20,2026-09-08T09:00:00Z,II,Generation,0.000
E_BLARW-1,BLARW-1,2026-09-08,21,2026-09-08T09:30:00Z,II,Generation,0.000
E_BLARW-1,BLARW-1,2026-09-08,22,2026-09-08T10:00:00Z,II,Generation,0.000
E_BLARW-1,BLARW-1,2026-09-08,23,2026-09-08T10:30:00Z,II,Generation,0.000
E_BLARW-1,BLARW-1,2026-09-08,24,2026-09-08T11:00:00Z,II,Generation,1.281
E_BLARW-1,BLARW-1,2026-09-08,25,2026-09-08T11:30:00Z,II,Generation,8.451
E_BLARW-1,BLARW-1,2026-09-08,26,2026-09-08T12:00:00Z,II,Generation,8.267
E_BLARW-1,BLARW-1,2026-09-08,27,2026-09-08T12:30:00Z,II,Generation,8.463
E_BLARW-1,BLARW-1,2026-09-08,28,2026-09-08T13:00:00Z,II,Generation,8.497
E_BLARW-1,BLARW-1,2026-09-08,29,2026-09-08T13:30:00Z,II,Generation,8.524
E_BLARW-1,BLARW-1,2026-09-08,30,2026-09-08T14:00:00Z,II,Generation,8.521
E_BLARW-1,BLARW-1,2026-09-08,31,2026-09-08T14:30:00Z,II,Generation,8.510
E_BLARW-1,BLARW-1,2026-09-08,32,2026-09-08T15:00:00Z,II,Generation,7.699
E_BLARW-1,BLARW-1,2026-09-08,33,2026-09-08T15:30:00Z,II,Generation,9.406
E_BLARW-1,BLARW-1,2026-09-08,34,2026-09-08T16:00:00Z,II,Generation,17.027
E_BLARW-1,BLARW-1,2026-09-08,35,2026-09-08T16:30:00Z,II,Generation,17.004
E_BLARW-1,BLARW-1,2026-09-08,36,2026-09-08T17:00:00Z,II,Generation,16.654
E_BLARW-1,BLARW-1,2026-09-08,37,2026-09-08T17:30:00Z,II,Generation,16.835
E_BLARW-1,BLARW-1,2026-09-08,38,2026-09-08T18:00:00Z,II,Generation,16.871
E_BLARW-1,BLARW-1,2026-09-08,39,2026-09-08T18:30:00Z,II,Generation,16.814
E_BLARW-1,BLARW-1,2026-09-08,40,2026-09-08T19:00:00Z,II,Generation,17.004
E_BLARW-1,BLARW-1,2026-09-08,41,2026-09-08T19:30:00Z,II,Generation,16.684
E_BLARW-1,BLARW-1,2026-09-08,42,2026-09-08T20:00:00Z,II,Generation,15.759
E_BLARW-1,BLARW-1,2026-09-08,43,2026-09-08T20:30:00Z,II,Generation,15.844
E_BLARW-1,BLARW-1,2026-09-08,44,2026-09-08T21:00:00Z,II,Generation,12.332
E_BLARW-1,BLARW-1,2026-09-08,45,2026-09-08T21:30:00Z,II,Generation,11.052
E_BLARW-1,BLARW-1,2026-09-08,46,2026-09-08T22:00:00Z,II,Generation,8.517
E_BLARW-1,BLARW-1,2026-09-08,47,2026-09-08T22:30:00Z,II,Generation,14.003
E_BLARW-1,BLARW-1,2026-09-08,48,2026-09-08T23:00:00Z,II,Generation,9.974
E_BNWKW-1,BNWKW-1,2026-09-08,1,2026-09-07T23:30:00Z,II,Generation,10.869
E_BNWKW-1,BNWKW-1,2026-09-08,2,2026-09-08T00:00:00Z,II,Generation,10.932
E_BNWKW-1,BNWKW-1,2026-09-08,3,2026-09-08T00:30:00Z,II,Generation,10.265
E_BNWKW-1,BNWKW-1,2026-09-08,4,2026-09-08T01:00:00Z,II,Generation,10.516
E_BNWKW-1,BNWKW-1,2026-09-08,5,2026-09-08T01:30:00Z,II,Generation,10.801
E_BNWKW-1,BNWKW-1,2026-09-08,6,2026-09-08T02:00:00Z,II,Generation,10.990
E_BNWKW-1,BNWKW-1,2026-09-08,7,2026-09-08T02:30:00Z,II,Generation,10.995
E_BNWKW-1,BNWKW-1,2026-09-08,8,2026-09-08T03:00:00Z,II,Generation,10.995
E_BNWKW-1,BNWKW-1,2026-09-08,9,2026-09-08T03:30:00Z,II,Generation,11.005
E_BNWKW-1,BNWKW-1,2026-09-08,10,2026-09-08T04:00:00Z,II,Generation,11.000
E_BNWKW-1,BNWKW-1,2026-09-08,11,2026-09-08T04:30:00Z,II,Generation,10.908
E_BNWKW-1,BNWKW-1,2026-09-08,12,2026-09-08T05:00:00Z,II,Generation,10.115
E_BNWKW-1,BNWKW-1,2026-09-08,13,2026-09-08T05:30:00Z,II,Generation,8.713
E_BNWKW-1,BNWKW-1,2026-09-08,14,2026-09-08T06:00:00Z,II,Generation,10.521
E_BNWKW-1,BNWKW-1,2026-09-08,15,2026-09-08T06:30:00Z,II,Generation,10.313
E_BNWKW-1,BNWKW-1,2026-09-08,16,2026-09-08T07:00:00Z,II,Generation,10.937
E_BNWKW-1,BNWKW-1,2026-09-08,17,2026-09-08T07:30:00Z,II,Generation,10.874
E_BNWKW-1,BNWKW-1,2026-09-08,18,2026-09-08T08:00:00Z,II,Generation,10.643
E_BNWKW-1,BNWKW-1,2026-09-08,19,2026-09-08T08:30:00Z,II,Generation,10.966
E_BNWKW-1,BNWKW-1,2026-09-08,20,2026-09-08T09:00:00Z,II,Generation,10.966
E_BNWKW-1,BNWKW-1,2026-09-08,21,2026-09-08T09:30:00Z,II,Generation,10.966
E_BNWKW-1,BNWKW-1,2026-09-08,22,2026-09-08T10:00:00Z,II,Generation,10.966
E_BNWKW-1,BNWKW-1,2026-09-08,23,2026-09-08T10:30:00Z,II,Generation,10.908
E_BNWKW-1,BNWKW-1,2026-09-08,24,2026-09-08T11:00:00Z,II,Generation,6.362
E_BNWKW-1,BNWKW-1,2026-09-08,25,2026-09-08T11:30:00Z,II,Generation,5.673
E_BNWKW-1,BNWKW-1,2026-09-08,26,2026-09-08T12:00:00Z,II,Generation,4.425
E_BNWKW-1,BNWKW-1,2026-09-08,27,2026-09-08T12:30:00Z,II,Generation,5.003
E_BNWKW-1,BNWKW-1,2026-09-08,28,2026-09-08T13:00:00Z,II,Generation,10.821
E_BNWKW-1,BNWKW-1,2026-09-08,29,2026-09-08T13:30:00Z,II,Generation,10.908
E_BNWKW-1,BNWKW-1,2026-09-08,30,2026-09-08T14:00:00Z,II,Generation,10.879
E_BNWKW-1,BNWKW-1,2026-09-08,31,2026-09-08T14:30:00Z,II,Generation,10.961
E_BNWKW-1,BNWKW-1,2026-09-08,32,2026-09-08T15:00:00Z,II,Generation,10.946
E_BNWKW-1,BNWKW-1,2026-09-08,33,2026-09-08T15:30:00Z,II,Generation,10.951
E_BNWKW-1,BNWKW-1,2026-09-08,34,2026-09-08T16:00:00Z,II,Generation,10.888
E_BNWKW-1,BNWKW-1,2026-09-08,35,2026-09-08T16:30:00Z,II,Generation,10.811
E_BNWKW-1,BNWKW-1,2026-09-08,36,2026-09-08T17:00:00Z,II,Generation,10.324
E_BNWKW-1,BNWKW-1,2026-09-08,37,2026-09-08T17:30:00Z,II,Generation,8.719
E_BNWKW-1,BNWKW-1,2026-09-08,38,2026-09-08T18:00:00Z,II,Generation,6.922
E_BNWKW-1,BNWKW-1,2026-09-08,39,2026-09-08T18:30:00Z,II,Generation,7.370
E_BNWKW-1,BNWKW-1,2026-09-08,40,2026-09-08T19:00:00Z,II,Generation,6.599
E_BNWKW-1,BNWKW-1,2026-09-08,41,2026-09-08T19:30:00Z,II,Generation,6.835
E_BNWKW-1,BNWKW-1,2026-09-08,42,2026-09-08T20:00:00Z,II,Generation,7.269
E_BNWKW-1,BNWKW-1,2026-09-08,43,2026-09-08T20:30:00Z,II,Generation,7.110
E_BNWKW-1,BNWKW-1,2026-09-08,44,2026-09-08T21:00:00Z,II,Generation,10.098
E_BNWKW-1,BNWKW-1,2026-09-08,45,2026-09-08T21:30:00Z,II,Generation,8.233
E_BNWKW-1,BNWKW-1,2026-09-08,46,2026-09-08T22:00:00Z,II,Generation,8.840
E_BNWKW-1,BNWKW-1,2026-09-08,47,2026-09-08T22:30:00Z,II,Generation,10.334
E_BNWKW-1,BNWKW-1,2026-09-08,48,2026-09-08T23:00:00Z,II,Generation,10.190
E_BRDUW-1,BRDUW-1,2026-09-08,1,2026-09-07T23:30:00Z,II,Generation,27.757
E_BRDUW-1,BRDUW-1,2026-09-08,2,2026-09-08T00:00:00Z,II,Generation,30.195
E_BRDUW-1,BRDUW-1,2026-09-08,3,2026-09-08T00:30:00Z,II,Generation,29.150
E_BRDUW-1,BRDUW-1,2026-09-08,4,2026-09-08T01:00:00Z,II,Generation,24.397
E_BRDUW-1,BRDUW-1,2026-09-08,5,2026-09-08T01:30:00Z,II,Generation,17.095
E_BRDUW-1,BRDUW-1,2026-09-08,6,2026-09-08T02:00:00Z,II,Generation,15.549
E_BRDUW-1,BRDUW-1,2026-09-08,7,2026-09-08T02:30:00Z,II,Generation,22.667
E_BRDUW-1,BRDUW-1,2026-09-08,8,2026-09-08T03:00:00Z,II,Generation,24.497
E_BRDUW-1,BRDUW-1,2026-09-08,9,2026-09-08T03:30:00Z,II,Generation,29.821
E_BRDUW-1,BRDUW-1,2026-09-08,10,2026-09-08T04:00:00Z,II,Generation,28.441
E_BRDUW-1,BRDUW-1,2026-09-08,11,2026-09-08T04:30:00Z,II,Generation,30.572
E_BRDUW-1,BRDUW-1,2026-09-08,12,2026-09-08T05:00:00Z,II,Generation,27.067
E_BRDUW-1,BRDUW-1,2026-09-08,13,2026-09-08T05:30:00Z,II,Generation,24.614
E_BRDUW-1,BRDUW-1,2026-09-08,14,2026-09-08T06:00:00Z,II,Generation,21.762
E_BRDUW-1,BRDUW-1,2026-09-08,15,2026-09-08T06:30:00Z,II,Generation,12.813
E_BRDUW-1,BRDUW-1,2026-09-08,16,2026-09-08T07:00:00Z,II,Generation,14.512
E_BRDUW-1,BRDUW-1,2026-09-08,17,2026-09-08T07:30:00Z,II,Generation,10.253
E_BRDUW-1,BRDUW-1,2026-09-08,18,2026-09-08T08:00:00Z,II,Generation,16.676
E_BRDUW-1,BRDUW-1,2026-09-08,19,2026-09-08T08:30:00Z,II,Generation,18.342
E_BRDUW-1,BRDUW-1,2026-09-08,20,2026-09-08T09:00:00Z,II,Generation,16.063
E_BRDUW-1,BRDUW-1,2026-09-08,21,2026-09-08T09:30:00Z,II,Generation,17.588
E_BRDUW-1,BRDUW-1,2026-09-08,22,2026-09-08T10:00:00Z,II,Generation,24.453
E_BRDUW-1,BRDUW-1,2026-09-08,23,2026-09-08T10:30:00Z,II,Generation,18.274
E_BRDUW-1,BRDUW-1,2026-09-08,24,2026-09-08T11:00:00Z,II,Generation,26.318
E_BRDUW-1,BRDUW-1,2026-09-08,25,2026-09-08T11:30:00Z,II,Generation,25.293
E_BRDUW-1,BRDUW-1,2026-09-08,26,2026-09-08T12:00:00Z,II,Generation,29.340
E_BRDUW-1,BRDUW-1,2026-09-08,27,2026-09-08T12:30:00Z,II,Generation,27.611
E_BRDUW-1,BRDUW-1,2026-09-08,28,2026-09-08T13:00:00Z,II,Generation,26.938
E_BRDUW-1,BRDUW-1,2026-09-08,29,2026-09-08T13:30:00Z,II,Generation,17.430
E_BRDUW-1,BRDUW-1,2026-09-08,30,2026-09-08T14:00:00Z,II,Generation,16.087
E_BRDUW-1,BRDUW-1,2026-09-08,31,2026-09-08T14:30:00Z,II,Generation,16.662
E_BRDUW-1,BRDUW-1,2026-09-08,32,2026-09-08T15:00:00Z,II,Generation,17.034
E_BRDUW-1,BRDUW-1,2026-09-08,33,2026-09-08T15:30:00Z,II,Generation,16.247
E_BRDUW-1,BRDUW-1,2026-09-08,34,2026-09-08T16:00:00Z,II,Generation,15.664
E_BRDUW-1,BRDUW-1,2026-09-08,35,2026-09-08T16:30:00Z,II,Generation,15.625
E_BRDUW-1,BRDUW-1,2026-09-08,36,2026-09-08T17:00:00Z,II,Generation,14.762
E_BRDUW-1,BRDUW-1,2026-09-08,37,2026-09-08T17:30:00Z,II,Generation,12.415
E_BRDUW-1,BRDUW-1,2026-09-08,38,2026-09-08T18:00:00Z,II,Generation,12.335
E_BRDUW-1,BRDUW-1,2026-09-08,39,2026-09-08T18:30:00Z,II,Generation,5.648
E_BRDUW-1,BRDUW-1,2026-09-08,40,2026-09-08T19:00:00Z,II,Generation,8.417
E_BRDUW-1,BRDUW-1,2026-09-08,41,2026-09-08T19:30:00Z,II,Generation,12.384
E_BRDUW-1,BRDUW-1,2026-09-08,42,2026-09-08T20:00:00Z,II,Generation,14.634
E_BRDUW-1,BRDUW-1,2026-09-08,43,2026-09-08T20:30:00Z,II,Generation,13.189
E_BRDUW-1,BRDUW-1,2026-09-08,44,2026-09-08T21:00:00Z,II,Generation,12.610
E_BRDUW-1,BRDUW-1,2026-09-08,45,2026-09-08T21:30:00Z,II,Generation,5.969
E_BRDUW-1,BRDUW-1,2026-09-08,46,2026-09-08T22:00:00Z,II,Generation,10.881
E_BRDUW-1,BRDUW-1,2026-09-08,47,2026-09-08T22:30:00Z,II,Generation,14.527
E_BRDUW-1,BRDUW-1,2026-09-08,48,2026-09-08T23:00:00Z,II,Generation,10.602
E_BRNLW-1,BRNLW-1,2026-09-08,1,2026-09-07T23:30:00Z,II,Generation,1.963
E_BRNLW-1,BRNLW-1,2026-09-08,2,2026-09-08T00:00:00Z,II,Generation,1.704
E_BRNLW-1,BRNLW-1,2026-09-08,3,2026-09-08T00:30:00Z,II,Generation,2.107
E_BRNLW-1,BRNLW-1,2026-09-08,4,2026-09-08T01:00:00Z,II,Generation,2.471
E_BRNLW-1,BRNLW-1,2026-09-08,5,2026-09-08T01:30:00Z,II,Generation,1.784
E_BRNLW-1,BRNLW-1,2026-09-08,6,2026-09-08T02:00:00Z,II,Generation,1.569
E_BRNLW-1,BRNLW-1,2026-09-08,7,2026-09-08T02:30:00Z,II,Generation,1.503
E_BRNLW-1,BRNLW-1,2026-09-08,8,2026-09-08T03:00:00Z,II,Generation,1.561
E_BRNLW-1,BRNLW-1,2026-09-08,9,2026-09-08T03:30:00Z,II,Generation,2.296
E_BRNLW-1,BRNLW-1,2026-09-08,10,2026-09-08T04:00:00Z,II,Generation,2.106
E_BRNLW-1,BRNLW-1,2026-09-08,11,2026-09-08T04:30:00Z,II,Generation,1.685
E_BRNLW-1,BRNLW-1,2026-09-08,12,2026-09-08T05:00:00Z,II,Generation,1.187
E_BRNLW-1,BRNLW-1,2026-09-08,13,2026-09-08T05:30:00Z,II,Generation,0.916
E_BRNLW-1,BRNLW-1,2026-09-08,14,2026-09-08T06:00:00Z,II,Generation,1.216
E_BRNLW-1,BRNLW-1,2026-09-08,15,2026-09-08T06:30:00Z,II,Generation,1.525
E_BRNLW-1,BRNLW-1,2026-09-08,16,2026-09-08T07:00:00Z,II,Generation,2.123
E_BRNLW-1,BRNLW-1,2026-09-08,17,2026-09-08T07:30:00Z,II,Generation,1.536
E_BRNLW-1,BRNLW-1,2026-09-08,18,2026-09-08T08:00:00Z,II,Generation,1.131
E_BRNLW-1,BRNLW-1,2026-09-08,19,2026-09-08T08:30:00Z,II,Generation,1.704
E_BRNLW-1,BRNLW-1,2026-09-08,20,2026-09-08T09:00:00Z,II,Generation,2.712
E_BRNLW-1,BRNLW-1,2026-09-08,21,2026-09-08T09:30:00Z,II,Generation,2.540
E_BRNLW-1,BRNLW-1,2026-09-08,22,2026-09-08T10:00:00Z,II,Generation,2.052
E_BRNLW-1,BRNLW-1,2026-09-08,23,2026-09-08T10:30:00Z,II,Generation,1.612
E_BRNLW-1,BRNLW-1,2026-09-08,24,2026-09-08T11:00:00Z,II,Generation,2.192
E_BRNLW-1,BRNLW-1,2026-09-08,25,2026-09-08T11:30:00Z,II,Generation,2.435
E_BRNLW-1,BRNLW-1,2026-09-08,26,2026-09-08T12:00:00Z,II,Generation,1.825
E_BRNLW-1,BRNLW-1,2026-09-08,27,2026-09-08T12:30:00Z,II,Generation,2.201
E_BRNLW-1,BRNLW-1,2026-09-08,28,2026-09-08T13:00:00Z,II,Generation,2.852
E_BRNLW-1,BRNLW-1,2026-09-08,29,2026-09-08T13:30:00Z,II,Generation,2.576
E_BRNLW-1,BRNLW-1,2026-09-08,30,2026-09-08T14:00:00Z,II,Generation,2.713
E_BRNLW-1,BRNLW-1,2026-09-08,31,2026-09-08T14:30:00Z,II,Generation,2.248
E_BRNLW-1,BRNLW-1,2026-09-08,32,2026-09-08T15:00:00Z,II,Generation,2.109
E_BRNLW-1,BRNLW-1,2026-09-08,33,2026-09-08T15:30:00Z,II,Generation,2.968
E_BRNLW-1,BRNLW-1,2026-09-08,34,2026-09-08T16:00:00Z,II,Generation,2.973
E_BRNLW-1,BRNLW-1,2026-09-08,35,2026-09-08T16:30:00Z,II,Generation,3.205
E_BRNLW-1,BRNLW-1,2026-09-08,36,2026-09-08T17:00:00Z,II,Generation,3.399
E_BRNLW-1,BRNLW-1,2026-09-08,37,2026-09-08T17:30:00Z,II,Generation,3.115
E_BRNLW-1,BRNLW-1,2026-09-08,38,2026-09-08T18:00:00Z,II,Generation,3.033
E_BRNLW-1,BRNLW-1,2026-09-08,39,2026-09-08T18:30:00Z,II,Generation,2.594
E_BRNLW-1,BRNLW-1,2026-09-08,40,2026-09-08T19:00:00Z,II,Generation,2.403
E_BRNLW-1,BRNLW-1,2026-09-08,41,2026-09-08T19:30:00Z,II,Generation,2.702
E_BRNLW-1,BRNLW-1,2026-09-08,42,2026-09-08T20:00:00Z,II,Generation,3.366
E_BRNLW-1,BRNLW-1,2026-09-08,43,2026-09-08T20:30:00Z,II,Generation,3.459
E_BRNLW-1,BRNLW-1,2026-09-08,44,2026-09-08T21:00:00Z,II,Generation,3.463
E_BRNLW-1,BRNLW-1,2026-09-08,45,2026-09-08T21:30:00Z,II,Generation,3.370
E_BRNLW-1,BRNLW-1,2026-09-08,46,2026-09-08T22:00:00Z,II,Generation,3.078
E_BRNLW-1,BRNLW-1,2026-09-08,47,2026-09-08T22:30:00Z,II,Generation,2.751
E_BRNLW-1,BRNLW-1,2026-09-08,48,2026-09-08T23:00:00Z,II,Generation,2.606
E_BRYBW-1,BRYBW-1,2026-09-08,1,2026-09-07T23:30:00Z,II,Generation,23.854
E_BRYBW-1,BRYBW-1,2026-09-08,2,2026-09-08T00:00:00Z,II,Generation,25.159
E_BRYBW-1,BRYBW-1,2026-09-08,3,2026-09-08T00:30:00Z,II,Generation,25.010
E_BRYBW-1,BRYBW-1,2026-09-08,4,2026-09-08T01:00:00Z,II,Generation,25.328
E_BRYBW-1,BRYBW-1,2026-09-08,5,2026-09-08T01:30:00Z,II,Generation,25.049
E_BRYBW-1,BRYBW-1,2026-09-08,6,2026-09-08T02:00:00Z,II,Generation,24.641
E_BRYBW-1,BRYBW-1,2026-09-08,7,2026-09-08T02:30:00Z,II,Generation,24.263
E_BRYBW-1,BRYBW-1,2026-09-08,8,2026-09-08T03:00:00Z,II,Generation,21.683
E_BRYBW-1,BRYBW-1,2026-09-08,9,2026-09-08T03:30:00Z,II,Generation,23.346
E_BRYBW-1,BRYBW-1,2026-09-08,10,2026-09-08T04:00:00Z,II,Generation,22.579
E_BRYBW-1,BRYBW-1,2026-09-08,11,2026-09-08T04:30:00Z,II,Generation,22.609
E_BRYBW-1,BRYBW-1,2026-09-08,12,2026-09-08T05:00:00Z,II,Generation,22.938
E_BRYBW-1,BRYBW-1,2026-09-08,13,2026-09-08T05:30:00Z,II,Generation,23.874
E_BRYBW-1,BRYBW-1,2026-09-08,14,2026-09-08T06:00:00Z,II,Generation,25.069
E_BRYBW-1,BRYBW-1,2026-09-08,15,2026-09-08T06:30:00Z,II,Generation,25.229
E_BRYBW-1,BRYBW-1,2026-09-08,16,2026-09-08T07:00:00Z,II,Generation,25.199
E_BRYBW-1,BRYBW-1,2026-09-08,17,2026-09-08T07:30:00Z,II,Generation,25.109
E_BRYBW-1,BRYBW-1,2026-09-08,18,2026-09-08T08:00:00Z,II,Generation,25.199
E_BRYBW-1,BRYBW-1,2026-09-08,19,2026-09-08T08:30:00Z,II,Generation,24.880
E_BRYBW-1,BRYBW-1,2026-09-08,20,2026-09-08T09:00:00Z,II,Generation,24.940
E_BRYBW-1,BRYBW-1,2026-09-08,21,2026-09-08T09:30:00Z,II,Generation,25.119
E_BRYBW-1,BRYBW-1,2026-09-08,22,2026-09-08T10:00:00Z,II,Generation,24.920
E_BRYBW-1,BRYBW-1,2026-09-08,23,2026-09-08T10:30:00Z,II,Generation,24.940
E_BRYBW-1,BRYBW-1,2026-09-08,24,2026-09-08T11:00:00Z,II,Generation,24.422
E_BRYBW-1,BRYBW-1,2026-09-08,25,2026-09-08T11:30:00Z,II,Generation,23.107
E_BRYBW-1,BRYBW-1,2026-09-08,26,2026-09-08T12:00:00Z,II,Generation,23.725
E_BRYBW-1,BRYBW-1,2026-09-08,27,2026-09-08T12:30:00Z,II,Generation,24.731
E_BRYBW-1,BRYBW-1,2026-09-08,28,2026-09-08T13:00:00Z,II,Generation,24.970
E_BRYBW-1,BRYBW-1,2026-09-08,29,2026-09-08T13:30:00Z,II,Generation,23.466
E_BRYBW-1,BRYBW-1,2026-09-08,30,2026-09-08T14:00:00Z,II,Generation,18.645
E_BRYBW-1,BRYBW-1,2026-09-08,31,2026-09-08T14:30:00Z,II,Generation,23.137
E_BRYBW-1,BRYBW-1,2026-09-08,32,2026-09-08T15:00:00Z,II,Generation,24.163
E_BRYBW-1,BRYBW-1,2026-09-08,33,2026-09-08T15:30:00Z,II,Generation,23.595
E_BRYBW-1,BRYBW-1,2026-09-08,34,2026-09-08T16:00:00Z,II,Generation,24.292
E_BRYBW-1,BRYBW-1,2026-09-08,35,2026-09-08T16:30:00Z,II,Generation,23.695
E_BRYBW-1,BRYBW-1,2026-09-08,36,2026-09-08T17:00:00Z,II,Generation,23.864
E_BRYBW-1,BRYBW-1,2026-09-08,37,2026-09-08T17:30:00Z,II,Generation,22.838
E_BRYBW-1,BRYBW-1,2026-09-08,38,2026-09-08T18:00:00Z,II,Generation,21.504
E_BRYBW-1,BRYBW-1,2026-09-08,39,2026-09-08T18:30:00Z,II,Generation,18.486
E_BRYBW-1,BRYBW-1,2026-09-08,40,2026-09-08T19:00:00Z,II,Generation,16.374
E_BRYBW-1,BRYBW-1,2026-09-08,41,2026-09-08T19:30:00Z,II,Generation,19.183
E_BRYBW-1,BRYBW-1,2026-09-08,42,2026-09-08T20:00:00Z,II,Generation,17.062
E_BRYBW-1,BRYBW-1,2026-09-08,43,2026-09-08T20:30:00Z,II,Generation,12.340
E_BRYBW-1,BRYBW-1,2026-09-08,44,2026-09-08T21:00:00Z,II,Generation,12.470
E_BRYBW-1,BRYBW-1,2026-09-08,45,2026-09-08T21:30:00Z,II,Generation,12.091
E_BRYBW-1,BRYBW-1,2026-09-08,46,2026-09-08T22:00:00Z,II,Generation,8.596
E_BRYBW-1,BRYBW-1,2026-09-08,47,2026-09-08T22:30:00Z,II,Generation,8.337
E_BRYBW-1,BRYBW-1,2026-09-08,48,2026-09-08T23:00:00Z,II,Generation,5.717
E_BTUIW-2,BTUIW-2,2026-09-08,1,2026-09-07T23:30:00Z,II,Generation,11.880
E_BTUIW-2,BTUIW-2,2026-09-08,2,2026-09-08T00:00:00Z,II,Generation,14.028
E_BTUIW-2,BTUIW-2,2026-09-08,3,2026-09-08T00:30:00Z,II,Generation,13.919
E_BTUIW-2,BTUIW-2,2026-09-08,4,2026-09-08T01:00:00Z,II,Generation,14.385
E_BTUIW-2,BTUIW-2,2026-09-08,5,2026-09-08T01:30:00Z,II,Generation,14.672
E_BTUIW-2,BTUIW-2,2026-09-08,6,2026-09-08T02:00:00Z,II,Generation,13.850
E_BTUIW-2,BTUIW-2,2026-09-08,7,2026-09-08T02:30:00Z,II,Generation,15.652
E_BTUIW-2,BTUIW-2,2026-09-08,8,2026-09-08T03:00:00Z,II,Generation,15.800
E_BTUIW-2,BTUIW-2,2026-09-08,9,2026-09-08T03:30:00Z,II,Generation,15.781
E_BTUIW-2,BTUIW-2,2026-09-08,10,2026-09-08T04:00:00Z,II,Generation,15.741
E_BTUIW-2,BTUIW-2,2026-09-08,11,2026-09-08T04:30:00Z,II,Generation,16.602
E_BTUIW-2,BTUIW-2,2026-09-08,12,2026-09-08T05:00:00Z,II,Generation,16.424
E_BTUIW-2,BTUIW-2,2026-09-08,13,2026-09-08T05:30:00Z,II,Generation,17.117
E_BTUIW-2,BTUIW-2,2026-09-08,14,2026-09-08T06:00:00Z,II,Generation,17.177
E_BTUIW-2,BTUIW-2,2026-09-08,15,2026-09-08T06:30:00Z,II,Generation,16.196
E_BTUIW-2,BTUIW-2,2026-09-08,16,2026-09-08T07:00:00Z,II,Generation,14.395
E_BTUIW-2,BTUIW-2,2026-09-08,17,2026-09-08T07:30:00Z,II,Generation,12.692
E_BTUIW-2,BTUIW-2,2026-09-08,18,2026-09-08T08:00:00Z,II,Generation,13.028
E_BTUIW-2,BTUIW-2,2026-09-08,19,2026-09-08T08:30:00Z,II,Generation,14.533
E_BTUIW-2,BTUIW-2,2026-09-08,20,2026-09-08T09:00:00Z,II,Generation,17.404
E_BTUIW-2,BTUIW-2,2026-09-08,21,2026-09-08T09:30:00Z,II,Generation,17.632
E_BTUIW-2,BTUIW-2,2026-09-08,22,2026-09-08T10:00:00Z,II,Generation,17.652
E_BTUIW-2,BTUIW-2,2026-09-08,23,2026-09-08T10:30:00Z,II,Generation,16.771
E_BTUIW-2,BTUIW-2,2026-09-08,24,2026-09-08T11:00:00Z,II,Generation,17.800
E_BTUIW-2,BTUIW-2,2026-09-08,25,2026-09-08T11:30:00Z,II,Generation,17.097
E_BTUIW-2,BTUIW-2,2026-09-08,26,2026-09-08T12:00:00Z,II,Generation,16.236
E_BTUIW-2,BTUIW-2,2026-09-08,27,2026-09-08T12:30:00Z,II,Generation,16.781
E_BTUIW-2,BTUIW-2,2026-09-08,28,2026-09-08T13:00:00Z,II,Generation,17.216
E_BTUIW-2,BTUIW-2,2026-09-08,29,2026-09-08T13:30:00Z,II,Generation,18.127
E_BTUIW-2,BTUIW-2,2026-09-08,30,2026-09-08T14:00:00Z,II,Generation,18.394
E_BTUIW-2,BTUIW-2,2026-09-08,31,2026-09-08T14:30:00Z,II,Generation,18.612
E_BTUIW-2,BTUIW-2,2026-09-08,32,2026-09-08T15:00:00Z,II,Generation,18.741
E_BTUIW-2,BTUIW-2,2026-09-08,33,2026-09-08T15:30:00Z,II,Generation,18.266
E_BTUIW-2,BTUIW-2,2026-09-08,34,2026-09-08T16:00:00Z,II,Generation,16.741
E_BTUIW-2,BTUIW-2,2026-09-08,35,2026-09-08T16:30:00Z,II,Generation,17.860
E_BTUIW-2,BTUIW-2,2026-09-08,36,2026-09-08T17:00:00Z,II,Generation,17.860
E_BTUIW-2,BTUIW-2,2026-09-08,37,2026-09-08T17:30:00Z,II,Generation,17.840
E_BTUIW-2,BTUIW-2,2026-09-08,38,2026-09-08T18:00:00Z,II,Generation,17.751
E_BTUIW-2,BTUIW-2,2026-09-08,39,2026-09-08T18:30:00Z,II,Generation,17.028
E_BTUIW-2,BTUIW-2,2026-09-08,40,2026-09-08T19:00:00Z,II,Generation,16.097
E_BTUIW-2,BTUIW-2,2026-09-08,41,2026-09-08T19:30:00Z,II,Generation,12.920
E_BTUIW-2,BTUIW-2,2026-09-08,42,2026-09-08T20:00:00Z,II,Generation,15.008
E_BTUIW-2,BTUIW-2,2026-09-08,43,2026-09-08T20:30:00Z,II,Generation,15.266
E_BTUIW-2,BTUIW-2,2026-09-08,44,2026-09-08T21:00:00Z,II,Generation,13.157
E_BTUIW-2,BTUIW-2,2026-09-08,45,2026-09-08T21:30:00Z,II,Generation,9.653
E_BTUIW-2,BTUIW-2,2026-09-08,46,2026-09-08T22:00:00Z,II,Generation,13.890
E_BTUIW-2,BTUIW-2,2026-09-08,47,2026-09-08T22:30:00Z,II,Generation,12.969
E_BTUIW-2,BTUIW-2,2026-09-08,48,2026-09-08T23:00:00Z,II,Generation,13.256
E_BTUIW-3,BTUIW-3,2026-09-08,1,2026-09-07T23:30:00Z,II,Generation,-0.172
E_BTUIW-3,BTUIW-3,2026-09-08,2,2026-09-08T00:00:00Z,II,Generation,-0.171
E_BTUIW-3,BTUIW-3,2026-09-08,3,2026-09-08T00:30:00Z,II,Generation,-0.172
E_BTUIW-3,BTUIW-3,2026-09-08,4,2026-09-08T01:00:00Z,II,Generation,-0.173
E_BTUIW-3,BTUIW-3,2026-09-08,5,2026-09-08T01:30:00Z,II,Generation,-0.172
E_BTUIW-3,BTUIW-3,2026-09-08,6,2026-09-08T02:00:00Z,II,Generation,-0.173
E_BTUIW-3,BTUIW-3,2026-09-08,7,2026-09-08T02:30:00Z,II,Generation,-0.176
E_BTUIW-3,BTUIW-3,2026-09-08,8,2026-09-08T03:00:00Z,II,Generation,-0.175
E_BTUIW-3,BTUIW-3,2026-09-08,9,2026-09-08T03:30:00Z,II,Generation,-0.172
E_BTUIW-3,BTUIW-3,2026-09-08,10,2026-09-08T04:00:00Z,II,Generation,-0.171
E_BTUIW-3,BTUIW-3,2026-09-08,11,2026-09-08T04:30:00Z,II,Generation,-0.176
E_BTUIW-3,BTUIW-3,2026-09-08,12,2026-09-08T05:00:00Z,II,Generation,-0.178
E_BTUIW-3,BTUIW-3,2026-09-08,13,2026-09-08T05:30:00Z,II,Generation,-0.178
E_BTUIW-3,BTUIW-3,2026-09-08,14,2026-09-08T06:00:00Z,II,Generation,-0.180
E_BTUIW-3,BTUIW-3,2026-09-08,15,2026-09-08T06:30:00Z,II,Generation,-0.182
E_BTUIW-3,BTUIW-3,2026-09-08,16,2026-09-08T07:00:00Z,II,Generation,-0.179
E_BTUIW-3,BTUIW-3,2026-09-08,17,2026-09-08T07:30:00Z,II,Generation,-0.178
E_BTUIW-3,BTUIW-3,2026-09-08,18,2026-09-08T08:00:00Z,II,Generation,-0.175
E_BTUIW-3,BTUIW-3,2026-09-08,19,2026-09-08T08:30:00Z,II,Generation,-0.177
E_BTUIW-3,BTUIW-3,2026-09-08,20,2026-09-08T09:00:00Z,II,Generation,-0.178
E_BTUIW-3,BTUIW-3,2026-09-08,21,2026-09-08T09:30:00Z,II,Generation,-0.177
E_BTUIW-3,BTUIW-3,2026-09-08,22,2026-09-08T10:00:00Z,II,Generation,-0.177
E_BTUIW-3,BTUIW-3,2026-09-08,23,2026-09-08T10:30:00Z,II,Generation,-0.179
E_BTUIW-3,BTUIW-3,2026-09-08,24,2026-09-08T11:00:00Z,II,Generation,-0.180
E_BTUIW-3,BTUIW-3,2026-09-08,25,2026-09-08T11:30:00Z,II,Generation,-0.175
E_BTUIW-3,BTUIW-3,2026-09-08,26,2026-09-08T12:00:00Z,II,Generation,-0.177
E_BTUIW-3,BTUIW-3,2026-09-08,27,2026-09-08T12:30:00Z,II,Generation,-0.180
E_BTUIW-3,BTUIW-3,2026-09-08,28,2026-09-08T13:00:00Z,II,Generation,-0.177
E_BTUIW-3,BTUIW-3,2026-09-08,29,2026-09-08T13:30:00Z,II,Generation,-0.178
E_BTUIW-3,BTUIW-3,2026-09-08,30,2026-09-08T14:00:00Z,II,Generation,-0.178
E_BTUIW-3,BTUIW-3,2026-09-08,31,2026-09-08T14:30:00Z,II,Generation,-0.180
E_BTUIW-3,BTUIW-3,2026-09-08,32,2026-09-08T15:00:00Z,II,Generation,-0.179
E_BTUIW-3,BTUIW-3,2026-09-08,33,2026-09-08T15:30:00Z,II,Generation,-0.178
E_BTUIW-3,BTUIW-3,2026-09-08,34,2026-09-08T16:00:00Z,II,Generation,-0.177
E_BTUIW-3,BTUIW-3,2026-09-08,35,2026-09-08T16:30:00Z,II,Generation,-0.177
E_BTUIW-3,BTUIW-3,2026-09-08,36,2026-09-08T17:00:00Z,II,Generation,-0.179
E_BTUIW-3,BTUIW-3,2026-09-08,37,2026-09-08T17:30:00Z,II,Generation,-0.179
E_BTUIW-3,BTUIW-3,2026-09-08,38,2026-09-08T18:00:00Z,II,Generation,-0.177
E_BTUIW-3,BTUIW-3,2026-09-08,39,2026-09-08T18:30:00Z,II,Generation,-0.180
E_BTUIW-3,BTUIW-3,2026-09-08,40,2026-09-08T19:00:00Z,II,Generation,-0.177
E_BTUIW-3,BTUIW-3,2026-09-08,41,2026-09-08T19:30:00Z,II,Generation,-0.177
E_BTUIW-3,BTUIW-3,2026-09-08,42,2026-09-08T20:00:00Z,II,Generation,-0.176
E_BTUIW-3,BTUIW-3,2026-09-08,43,2026-09-08T20:30:00Z,II,Generation,-0.177
E_BTUIW-3,BTUIW-3,2026-09-08,44,2026-09-08T21:00:00Z,II,Generation,-0.182
E_BTUIW-3,BTUIW-3,2026-09-08,45,2026-09-08T21:30:00Z,II,Generation,-0.185
E_BTUIW-3,BTUIW-3,2026-09-08,46,2026-09-08T22:00:00Z,II,Generation,-0.182
E_BTUIW-3,BTUIW-3,2026-09-08,47,2026-09-08T22:30:00Z,II,Generation,-0.179
E_BTUIW-3,BTUIW-3,2026-09-08,48,2026-09-08T23:00:00Z,II,Generation,-0.179
E_BURBO,BURBW-1,2026-09-08,1,2026-09-07T23:30:00Z,II,Generation,22.450
E_BURBO,BURBW-1,2026-09-08,2,2026-09-08T00:00:00Z,II,Generation,25.020
E_BURBO,BURBW-1,2026-09-08,3,2026-09-08T00:30:00Z,II,Generation,20.330
E_BURBO,BURBW-1,2026-09-08,4,2026-09-08T01:00:00Z,II,Generation,16.080
E_BURBO,BURBW-1,2026-09-08,5,2026-09-08T01:30:00Z,II,Generation,26.070
E_BURBO,BURBW-1,2026-09-08,6,2026-09-08T02:00:00Z,II,Generation,30.020
E_BURBO,BURBW-1,2026-09-08,7,2026-09-08T02:30:00Z,II,Generation,24.550
E_BURBO,BURBW-1,2026-09-08,8,2026-09-08T03:00:00Z,II,Generation,17.670
E_BURBO,BURBW-1,2026-09-08,9,2026-09-08T03:30:00Z,II,Generation,15.550
E_BURBO,BURBW-1,2026-09-08,10,2026-09-08T04:00:00Z,II,Generation,20.000
E_BURBO,BURBW-1,2026-09-08,11,2026-09-08T04:30:00Z,II,Generation,25.110
E_BURBO,BURBW-1,2026-09-08,12,2026-09-08T05:00:00Z,II,Generation,28.890
E_BURBO,BURBW-1,2026-09-08,13,2026-09-08T05:30:00Z,II,Generation,25.470
E_BURBO,BURBW-1,2026-09-08,14,2026-09-08T06:00:00Z,II,Generation,29.070
E_BURBO,BURBW-1,2026-09-08,15,2026-09-08T06:30:00Z,II,Generation,31.100
E_BURBO,BURBW-1,2026-09-08,16,2026-09-08T07:00:00Z,II,Generation,32.042
E_BURBO,BURBW-1,2026-09-08,17,2026-09-08T07:30:00Z,II,Generation,33.453
E_BURBO,BURBW-1,2026-09-08,18,2026-09-08T08:00:00Z,II,Generation,33.834
E_BURBO,BURBW-1,2026-09-08,19,2026-09-08T08:30:00Z,II,Generation,34.725
E_BURBO,BURBW-1,2026-09-08,20,2026-09-08T09:00:00Z,II,Generation,34.144
E_BURBO,BURBW-1,2026-09-08,21,2026-09-08T09:30:00Z,II,Generation,32.222
E_BURBO,BURBW-1,2026-09-08,22,2026-09-08T10:00:00Z,II,Generation,33.413
E_BURBO,BURBW-1,2026-09-08,23,2026-09-08T10:30:00Z,II,Generation,32.483
E_BURBO,BURBW-1,2026-09-08,24,2026-09-08T11:00:00Z,II,Generation,34.164
E_BURBO,BURBW-1,2026-09-08,25,2026-09-08T11:30:00Z,II,Generation,34.935
E_BURBO,BURBW-1,2026-09-08,26,2026-09-08T12:00:00Z,II,Generation,35.876
E_BURBO,BURBW-1,2026-09-08,27,2026-09-08T12:30:00Z,II,Generation,38.278
E_BURBO,BURBW-1,2026-09-08,28,2026-09-08T13:00:00Z,II,Generation,39.900
E_BURBO,BURBW-1,2026-09-08,29,2026-09-08T13:30:00Z,II,Generation,39.109
E_BURBO,BURBW-1,2026-09-08,30,2026-09-08T14:00:00Z,II,Generation,39.189
E_BURBO,BURBW-1,2026-09-08,31,2026-09-08T14:30:00Z,II,Generation,39.710
E_BURBO,BURBW-1,2026-09-08,32,2026-09-08T15:00:00Z,II,Generation,40.430
E_BURBO,BURBW-1,2026-09-08,33,2026-09-08T15:30:00Z,II,Generation,37.938
E_BURBO,BURBW-1,2026-09-08,34,2026-09-08T16:00:00Z,II,Generation,40.410
E_BURBO,BURBW-1,2026-09-08,35,2026-09-08T16:30:00Z,II,Generation,40.430
E_BURBO,BURBW-1,2026-09-08,36,2026-09-08T17:00:00Z,II,Generation,38.008
E_BURBO,BURBW-1,2026-09-08,37,2026-09-08T17:30:00Z,II,Generation,39.880
E_BURBO,BURBW-1,2026-09-08,38,2026-09-08T18:00:00Z,II,Generation,40.190
E_BURBO,BURBW-1,2026-09-08,39,2026-09-08T18:30:00Z,II,Generation,40.160
E_BURBO,BURBW-1,2026-09-08,40,2026-09-08T19:00:00Z,II,Generation,40.280
E_BURBO,BURBW-1,2026-09-08,41,2026-09-08T19:30:00Z,II,Generation,40.460
E_BURBO,BURBW-1,2026-09-08,42,2026-09-08T20:00:00Z,II,Generation,40.470
E_BURBO,BURBW-1,2026-09-08,43,2026-09-08T20:30:00Z,II,Generation,39.429
E_BURBO,BURBW-1,2026-09-08,44,2026-09-08T21:00:00Z,II,Generation,40.420
E_BURBO,BURBW-1,2026-09-08,45,2026-09-08T21:30:00Z,II,Generation,40.440
E_BURBO,BURBW-1,2026-09-08,46,2026-09-08T22:00:00Z,II,Generation,40.480
E_BURBO,BURBW-1,2026-09-08,47,2026-09-08T22:30:00Z,II,Generation,40.460
E_BURBO,BURBW-1,2026-09-08,48,2026-09-08T23:00:00Z,II,Generation,40.410
E_CLDRW-1,CLDRW-1,2026-09-08,1,2026-09-07T23:30:00Z,II,Generation,11.053
E_CLDRW-1,CLDRW-1,2026-09-08,2,2026-09-08T00:00:00Z,II,Generation,9.739
E_CLDRW-1,CLDRW-1,2026-09-08,3,2026-09-08T00:30:00Z,II,Generation,8.235
E_CLDRW-1,CLDRW-1,2026-09-08,4,2026-09-08T01:00:00Z,II,Generation,6.627
E_CLDRW-1,CLDRW-1,2026-09-08,5,2026-09-08T01:30:00Z,II,Generation,4.894
E_CLDRW-1,CLDRW-1,2026-09-08,6,2026-09-08T02:00:00Z,II,Generation,6.190
E_CLDRW-1,CLDRW-1,2026-09-08,7,2026-09-08T02:30:00Z,II,Generation,7.896
E_CLDRW-1,CLDRW-1,2026-09-08,8,2026-09-08T03:00:00Z,II,Generation,7.695
E_CLDRW-1,CLDRW-1,2026-09-08,9,2026-09-08T03:30:00Z,II,Generation,6.979
E_CLDRW-1,CLDRW-1,2026-09-08,10,2026-09-08T04:00:00Z,II,Generation,5.473
E_CLDRW-1,CLDRW-1,2026-09-08,11,2026-09-08T04:30:00Z,II,Generation,6.220
E_CLDRW-1,CLDRW-1,2026-09-08,12,2026-09-08T05:00:00Z,II,Generation,8.424
E_CLDRW-1,CLDRW-1,2026-09-08,13,2026-09-08T05:30:00Z,II,Generation,8.902
E_CLDRW-1,CLDRW-1,2026-09-08,14,2026-09-08T06:00:00Z,II,Generation,5.807
E_CLDRW-1,CLDRW-1,2026-09-08,15,2026-09-08T06:30:00Z,II,Generation,2.710
E_CLDRW-1,CLDRW-1,2026-09-08,16,2026-09-08T07:00:00Z,II,Generation,2.446
E_CLDRW-1,CLDRW-1,2026-09-08,17,2026-09-08T07:30:00Z,II,Generation,10.842
E_CLDRW-1,CLDRW-1,2026-09-08,18,2026-09-08T08:00:00Z,II,Generation,12.449
E_CLDRW-1,CLDRW-1,2026-09-08,19,2026-09-08T08:30:00Z,II,Generation,15.475
E_CLDRW-1,CLDRW-1,2026-09-08,20,2026-09-08T09:00:00Z,II,Generation,15.750
E_CLDRW-1,CLDRW-1,2026-09-08,21,2026-09-08T09:30:00Z,II,Generation,16.487
E_CLDRW-1,CLDRW-1,2026-09-08,22,2026-09-08T10:00:00Z,II,Generation,17.833
E_CLDRW-1,CLDRW-1,2026-09-08,23,2026-09-08T10:30:00Z,II,Generation,17.774
E_CLDRW-1,CLDRW-1,2026-09-08,24,2026-09-08T11:00:00Z,II,Generation,17.829
E_CLDRW-1,CLDRW-1,2026-09-08,25,2026-09-08T11:30:00Z,II,Generation,17.698
E_CLDRW-1,CLDRW-1,2026-09-08,26,2026-09-08T12:00:00Z,II,Generation,17.495
E_CLDRW-1,CLDRW-1,2026-09-08,27,2026-09-08T12:30:00Z,II,Generation,17.435
E_CLDRW-1,CLDRW-1,2026-09-08,28,2026-09-08T13:00:00Z,II,Generation,17.751
E_CLDRW-1,CLDRW-1,2026-09-08,29,2026-09-08T13:30:00Z,II,Generation,18.084
E_CLDRW-1,CLDRW-1,2026-09-08,30,2026-09-08T14:00:00Z,II,Generation,17.998
E_CLDRW-1,CLDRW-1,2026-09-08,31,2026-09-08T14:30:00Z,II,Generation,17.852
E_CLDRW-1,CLDRW-1,2026-09-08,32,2026-09-08T15:00:00Z,II,Generation,16.816
E_CLDRW-1,CLDRW-1,2026-09-08,33,2026-09-08T15:30:00Z,II,Generation,14.677
E_CLDRW-1,CLDRW-1,2026-09-08,34,2026-09-08T16:00:00Z,II,Generation,9.827
E_CLDRW-1,CLDRW-1,2026-09-08,35,2026-09-08T16:30:00Z,II,Generation,11.315
E_CLDRW-1,CLDRW-1,2026-09-08,36,2026-09-08T17:00:00Z,II,Generation,15.323
E_CLDRW-1,CLDRW-1,2026-09-08,37,2026-09-08T17:30:00Z,II,Generation,16.139
E_CLDRW-1,CLDRW-1,2026-09-08,38,2026-09-08T18:00:00Z,II,Generation,15.868
E_CLDRW-1,CLDRW-1,2026-09-08,39,2026-09-08T18:30:00Z,II,Generation,16.045
E_CLDRW-1,CLDRW-1,2026-09-08,40,2026-09-08T19:00:00Z,II,Generation,15.535
E_CLDRW-1,CLDRW-1,2026-09-08,41,2026-09-08T19:30:00Z,II,Generation,14.712
E_CLDRW-1,CLDRW-1,2026-09-08,42,2026-09-08T20:00:00Z,II,Generation,13.466
E_CLDRW-1,CLDRW-1,2026-09-08,43,2026-09-08T20:30:00Z,II,Generation,14.783
E_CLDRW-1,CLDRW-1,2026-09-08,44,2026-09-08T21:00:00Z,II,Generation,14.856
E_CLDRW-1,CLDRW-1,2026-09-08,45,2026-09-08T21:30:00Z,II,Generation,13.055
E_CLDRW-1,CLDRW-1,2026-09-08,46,2026-09-08T22:00:00Z,II,Generation,15.318
E_CLDRW-1,CLDRW-1,2026-09-08,47,2026-09-08T22:30:00Z,II,Generation,13.924
E_CLDRW-1,CLDRW-1,2026-09-08,48,2026-09-08T23:00:00Z,II,Generation,13.076
E_CLFLW-1,CLFLW-1,2026-09-08,1,2026-09-07T23:30:00Z,II,Generation,2.066
E_CLFLW-1,CLFLW-1,2026-09-08,2,2026-09-08T00:00:00Z,II,Generation,1.489
E_CLFLW-1,CLFLW-1,2026-09-08,3,2026-09-08T00:30:00Z,II,Generation,2.013
E_CLFLW-1,CLFLW-1,2026-09-08,4,2026-09-08T01:00:00Z,II,Generation,1.313
E_CLFLW-1,CLFLW-1,2026-09-08,5,2026-09-08T01:30:00Z,II,Generation,1.382
E_CLFLW-1,CLFLW-1,2026-09-08,6,2026-09-08T02:00:00Z,II,Generation,1.407
E_CLFLW-1,CLFLW-1,2026-09-08,7,2026-09-08T02:30:00Z,II,Generation,1.634
E_CLFLW-1,CLFLW-1,2026-09-08,8,2026-09-08T03:00:00Z,II,Generation,1.646
E_CLFLW-1,CLFLW-1,2026-09-08,9,2026-09-08T03:30:00Z,II,Generation,1.481
E_CLFLW-1,CLFLW-1,2026-09-08,10,2026-09-08T04:00:00Z,II,Generation,1.534
E_CLFLW-1,CLFLW-1,2026-09-08,11,2026-09-08T04:30:00Z,II,Generation,1.808
E_CLFLW-1,CLFLW-1,2026-09-08,12,2026-09-08T05:00:00Z,II,Generation,2.007
E_CLFLW-1,CLFLW-1,2026-09-08,13,2026-09-08T05:30:00Z,II,Generation,1.010
E_CLFLW-1,CLFLW-1,2026-09-08,14,2026-09-08T06:00:00Z,II,Generation,0.703
E_CLFLW-1,CLFLW-1,2026-09-08,15,2026-09-08T06:30:00Z,II,Generation,0.645
E_CLFLW-1,CLFLW-1,2026-09-08,16,2026-09-08T07:00:00Z,II,Generation,0.676
E_CLFLW-1,CLFLW-1,2026-09-08,17,2026-09-08T07:30:00Z,II,Generation,0.513
E_CLFLW-1,CLFLW-1,2026-09-08,18,2026-09-08T08:00:00Z,II,Generation,0.999
E_CLFLW-1,CLFLW-1,2026-09-08,19,2026-09-08T08:30:00Z,II,Generation,1.369
E_CLFLW-1,CLFLW-1,2026-09-08,20,2026-09-08T09:00:00Z,II,Generation,1.587
E_CLFLW-1,CLFLW-1,2026-09-08,21,2026-09-08T09:30:00Z,II,Generation,0.994
E_CLFLW-1,CLFLW-1,2026-09-08,22,2026-09-08T10:00:00Z,II,Generation,1.058
E_CLFLW-1,CLFLW-1,2026-09-08,23,2026-09-08T10:30:00Z,II,Generation,0.922
E_CLFLW-1,CLFLW-1,2026-09-08,24,2026-09-08T11:00:00Z,II,Generation,1.128
E_CLFLW-1,CLFLW-1,2026-09-08,25,2026-09-08T11:30:00Z,II,Generation,1.455
E_CLFLW-1,CLFLW-1,2026-09-08,26,2026-09-08T12:00:00Z,II,Generation,2.159
E_CLFLW-1,CLFLW-1,2026-09-08,27,2026-09-08T12:30:00Z,II,Generation,2.639
E_CLFLW-1,CLFLW-1,2026-09-08,28,2026-09-08T13:00:00Z,II,Generation,2.605
E_CLFLW-1,CLFLW-1,2026-09-08,29,2026-09-08T13:30:00Z,II,Generation,2.805
E_CLFLW-1,CLFLW-1,2026-09-08,30,2026-09-08T14:00:00Z,II,Generation,1.684
E_CLFLW-1,CLFLW-1,2026-09-08,31,2026-09-08T14:30:00Z,II,Generation,2.133
E_CLFLW-1,CLFLW-1,2026-09-08,32,2026-09-08T15:00:00Z,II,Generation,2.233
E_CLFLW-1,CLFLW-1,2026-09-08,33,2026-09-08T15:30:00Z,II,Generation,2.437
E_CLFLW-1,CLFLW-1,2026-09-08,34,2026-09-08T16:00:00Z,II,Generation,2.530
E_CLFLW-1,CLFLW-1,2026-09-08,35,2026-09-08T16:30:00Z,II,Generation,2.731
E_CLFLW-1,CLFLW-1,2026-09-08,36,2026-09-08T17:00:00Z,II,Generation,2.802
E_CLFLW-1,CLFLW-1,2026-09-08,37,2026-09-08T17:30:00Z,II,Generation,2.979
E_CLFLW-1,CLFLW-1,2026-09-08,38,2026-09-08T18:00:00Z,II,Generation,2.365
E_CLFLW-1,CLFLW-1,2026-09-08,39,2026-09-08T18:30:00Z,II,Generation,2.218
E_CLFLW-1,CLFLW-1,2026-09-08,40,2026-09-08T19:00:00Z,II,Generation,2.126
E_CLFLW-1,CLFLW-1,2026-09-08,41,2026-09-08T19:30:00Z,II,Generation,1.759
E_CLFLW-1,CLFLW-1,2026-09-08,42,2026-09-08T20:00:00Z,II,Generation,1.109
E_CLFLW-1,CLFLW-1,2026-09-08,43,2026-09-08T20:30:00Z,II,Generation,0.707
E_CLFLW-1,CLFLW-1,2026-09-08,44,2026-09-08T21:00:00Z,II,Generation,0.113
E_CLFLW-1,CLFLW-1,2026-09-08,45,2026-09-08T21:30:00Z,II,Generation,0.140
E_CLFLW-1,CLFLW-1,2026-09-08,46,2026-09-08T22:00:00Z,II,Generation,0.472
E_CLFLW-1,CLFLW-1,2026-09-08,47,2026-09-08T22:30:00Z,II,Generation,1.242
E_CLFLW-1,CLFLW-1,2026-09-08,48,2026-09-08T23:00:00Z,II,Generation,0.975
E_CMSTW-2,CMSTW-2,2026-09-08,1,2026-09-07T23:30:00Z,II,Generation,-0.132
E_CMSTW-2,CMSTW-2,2026-09-08,2,2026-09-08T00:00:00Z,II,Generation,-0.131
E_CMSTW-2,CMSTW-2,2026-09-08,3,2026-09-08T00:30:00Z,II,Generation,-0.133
E_CMSTW-2,CMSTW-2,2026-09-08,4,2026-09-08T01:00:00Z,II,Generation,-0.135
E_CMSTW-2,CMSTW-2,2026-09-08,5,2026-09-08T01:30:00Z,II,Generation,-0.135
E_CMSTW-2,CMSTW-2,2026-09-08,6,2026-09-08T02:00:00Z,II,Generation,-0.135
E_CMSTW-2,CMSTW-2,2026-09-08,7,2026-09-08T02:30:00Z,II,Generation,-0.132
E_CMSTW-2,CMSTW-2,2026-09-08,8,2026-09-08T03:00:00Z,II,Generation,-0.136
E_CMSTW-2,CMSTW-2,2026-09-08,9,2026-09-08T03:30:00Z,II,Generation,-0.132
E_CMSTW-2,CMSTW-2,2026-09-08,10,2026-09-08T04:00:00Z,II,Generation,-0.133
E_CMSTW-2,CMSTW-2,2026-09-08,11,2026-09-08T04:30:00Z,II,Generation,-0.135
E_CMSTW-2,CMSTW-2,2026-09-08,12,2026-09-08T05:00:00Z,II,Generation,-0.135
E_CMSTW-2,CMSTW-2,2026-09-08,13,2026-09-08T05:30:00Z,II,Generation,-0.136
E_CMSTW-2,CMSTW-2,2026-09-08,14,2026-09-08T06:00:00Z,II,Generation,-0.138
E_CMSTW-2,CMSTW-2,2026-09-08,15,2026-09-08T06:30:00Z,II,Generation,-0.135
E_CMSTW-2,CMSTW-2,2026-09-08,16,2026-09-08T07:00:00Z,II,Generation,-0.132
E_CMSTW-2,CMSTW-2,2026-09-08,17,2026-09-08T07:30:00Z,II,Generation,-0.129
E_CMSTW-2,CMSTW-2,2026-09-08,18,2026-09-08T08:00:00Z,II,Generation,-0.129
E_CMSTW-2,CMSTW-2,2026-09-08,19,2026-09-08T08:30:00Z,II,Generation,-0.133
E_CMSTW-2,CMSTW-2,2026-09-08,20,2026-09-08T09:00:00Z,II,Generation,-0.135
E_CMSTW-2,CMSTW-2,2026-09-08,21,2026-09-08T09:30:00Z,II,Generation,-0.134
E_CMSTW-2,CMSTW-2,2026-09-08,22,2026-09-08T10:00:00Z,II,Generation,-0.137
E_CMSTW-2,CMSTW-2,2026-09-08,23,2026-09-08T10:30:00Z,II,Generation,-0.141
E_CMSTW-2,CMSTW-2,2026-09-08,24,2026-09-08T11:00:00Z,II,Generation,-0.152
E_CMSTW-2,CMSTW-2,2026-09-08,25,2026-09-08T11:30:00Z,II,Generation,-0.152
E_CMSTW-2,CMSTW-2,2026-09-08,26,2026-09-08T12:00:00Z,II,Generation,-0.156
E_CMSTW-2,CMSTW-2,2026-09-08,27,2026-09-08T12:30:00Z,II,Generation,-0.152
E_CMSTW-2,CMSTW-2,2026-09-08,28,2026-09-08T13:00:00Z,II,Generation,-0.139
E_CMSTW-2,CMSTW-2,2026-09-08,29,2026-09-08T13:30:00Z,II,Generation,-0.138
E_CMSTW-2,CMSTW-2,2026-09-08,30,2026-09-08T14:00:00Z,II,Generation,-0.141
E_CMSTW-2,CMSTW-2,2026-09-08,31,2026-09-08T14:30:00Z,II,Generation,-0.138
E_CMSTW-2,CMSTW-2,2026-09-08,32,2026-09-08T15:00:00Z,II,Generation,-0.138
E_CMSTW-2,CMSTW-2,2026-09-08,33,2026-09-08T15:30:00Z,II,Generation,-0.141
E_CMSTW-2,CMSTW-2,2026-09-08,34,2026-09-08T16:00:00Z,II,Generation,-0.141
E_CMSTW-2,CMSTW-2,2026-09-08,35,2026-09-08T16:30:00Z,II,Generation,-0.142
E_CMSTW-2,CMSTW-2,2026-09-08,36,2026-09-08T17:00:00Z,II,Generation,-0.141
E_CMSTW-2,CMSTW-2,2026-09-08,37,2026-09-08T17:30:00Z,II,Generation,-0.144
E_CMSTW-2,CMSTW-2,2026-09-08,38,2026-09-08T18:00:00Z,II,Generation,-0.148
E_CMSTW-2,CMSTW-2,2026-09-08,39,2026-09-08T18:30:00Z,II,Generation,-0.145
E_CMSTW-2,CMSTW-2,2026-09-08,40,2026-09-08T19:00:00Z,II,Generation,-0.147
E_CMSTW-2,CMSTW-2,2026-09-08,41,2026-09-08T19:30:00Z,II,Generation,-0.147
E_CMSTW-2,CMSTW-2,2026-09-08,42,2026-09-08T20:00:00Z,II,Generation,-0.147
E_CMSTW-2,CMSTW-2,2026-09-08,43,2026-09-08T20:30:00Z,II,Generation,-0.147
E_CMSTW-2,CMSTW-2,2026-09-08,44,2026-09-08T21:00:00Z,II,Generation,-0.144
E_CMSTW-2,CMSTW-2,2026-09-08,45,2026-09-08T21:30:00Z,II,Generation,-0.142
E_CMSTW-2,CMSTW-2,2026-09-08,46,2026-09-08T22:00:00Z,II,Generation,-0.141
E_CMSTW-2,CMSTW-2,2026-09-08,47,2026-09-08T22:30:00Z,II,Generation,-0.142
E_CMSTW-2,CMSTW-2,2026-09-08,48,2026-09-08T23:00:00Z,II,Generation,-0.143
E_CNCLW-1,CNCLW-1,2026-09-08,1,2026-09-07T23:30:00Z,II,Generation,0.000
E_CNCLW-1,CNCLW-1,2026-09-08,2,2026-09-08T00:00:00Z,II,Generation,0.000
E_CNCLW-1,CNCLW-1,2026-09-08,3,2026-09-08T00:30:00Z,II,Generation,0.000
E_CNCLW-1,CNCLW-1,2026-09-08,4,2026-09-08T01:00:00Z,II,Generation,0.000
E_CNCLW-1,CNCLW-1,2026-09-08,5,2026-09-08T01:30:00Z,II,Generation,0.000
E_CNCLW-1,CNCLW-1,2026-09-08,6,2026-09-08T02:00:00Z,II,Generation,0.000
E_CNCLW-1,CNCLW-1,2026-09-08,7,2026-09-08T02:30:00Z,II,Generation,0.000
E_CNCLW-1,CNCLW-1,2026-09-08,8,2026-09-08T03:00:00Z,II,Generation,0.000
E_CNCLW-1,CNCLW-1,2026-09-08,9,2026-09-08T03:30:00Z,II,Generation,0.000
E_CNCLW-1,CNCLW-1,2026-09-08,10,2026-09-08T04:00:00Z,II,Generation,0.000
E_CNCLW-1,CNCLW-1,2026-09-08,11,2026-09-08T04:30:00Z,II,Generation,0.000
E_CNCLW-1,CNCLW-1,2026-09-08,12,2026-09-08T05:00:00Z,II,Generation,0.000
E_CNCLW-1,CNCLW-1,2026-09-08,13,2026-09-08T05:30:00Z,II,Generation,0.000
E_CNCLW-1,CNCLW-1,2026-09-08,14,2026-09-08T06:00:00Z,II,Generation,0.000
E_CNCLW-1,CNCLW-1,2026-09-08,15,2026-09-08T06:30:00Z,II,Generation,0.000
E_CNCLW-1,CNCLW-1,2026-09-08,16,2026-09-08T07:00:00Z,II,Generation,0.000
E_CNCLW-1,CNCLW-1,2026-09-08,17,2026-09-08T07:30:00Z,II,Generation,0.000
E_CNCLW-1,CNCLW-1,2026-09-08,18,2026-09-08T08:00:00Z,II,Generation,0.000
E_CNCLW-1,CNCLW-1,2026-09-08,19,2026-09-08T08:30:00Z,II,Generation,0.000
E_CNCLW-1,CNCLW-1,2026-09-08,20,2026-09-08T09:00:00Z,II,Generation,0.000
E_CNCLW-1,CNCLW-1,2026-09-08,21,2026-09-08T09:30:00Z,II,Generation,0.000
E_CNCLW-1,CNCLW-1,2026-09-08,22,2026-09-08T10:00:00Z,II,Generation,0.000
E_CNCLW-1,CNCLW-1,2026-09-08,23,2026-09-08T10:30:00Z,II,Generation,0.000
E_CNCLW-1,CNCLW-1,2026-09-08,24,2026-09-08T11:00:00Z,II,Generation,0.000
E_CNCLW-1,CNCLW-1,2026-09-08,25,2026-09-08T11:30:00Z,II,Generation,0.000
E_CNCLW-1,CNCLW-1,2026-09-08,26,2026-09-08T12:00:00Z,II,Generation,0.000
E_CNCLW-1,CNCLW-1,2026-09-08,27,2026-09-08T12:30:00Z,II,Generation,0.000
E_CNCLW-1,CNCLW-1,2026-09-08,28,2026-09-08T13:00:00Z,II,Generation,0.000
E_CNCLW-1,CNCLW-1,2026-09-08,29,2026-09-08T13:30:00Z,II,Generation,0.000
E_CNCLW-1,CNCLW-1,2026-09-08,30,2026-09-08T14:00:00Z,II,Generation,0.000
E_CNCLW-1,CNCLW-1,2026-09-08,31,2026-09-08T14:30:00Z,II,Generation,0.000
E_CNCLW-1,CNCLW-1,2026-09-08,32,2026-09-08T15:00:00Z,II,Generation,0.000
E_CNCLW-1,CNCLW-1,2026-09-08,33,2026-09-08T15:30:00Z,II,Generation,0.000
E_CNCLW-1,CNCLW-1,2026-09-08,34,2026-09-08T16:00:00Z,II,Generation,0.000
E_CNCLW-1,CNCLW-1,2026-09-08,35,2026-09-08T16:30:00Z,II,Generation,0.000
E_CNCLW-1,CNCLW-1,2026-09-08,36,2026-09-08T17:00:00Z,II,Generation,0.000
E_CNCLW-1,CNCLW-1,2026-09-08,37,2026-09-08T17:30:00Z,II,Generation,0.000
E_CNCLW-1,CNCLW-1,2026-09-08,38,2026-09-08T18:00:00Z,II,Generation,0.000
E_CNCLW-1,CNCLW-1,2026-09-08,39,2026-09-08T18:30:00Z,II,Generation,0.000
E_CNCLW-1,CNCLW-1,2026-09-08,40,2026-09-08T19:00:00Z,II,Generation,0.000
E_CNCLW-1,CNCLW-1,2026-09-08,41,2026-09-08T19:30:00Z,II,Generation,0.000
E_CNCLW-1,CNCLW-1,2026-09-08,42,2026-09-08T20:00:00Z,II,Generation,0.000
E_CNCLW-1,CNCLW-1,2026-09-08,43,2026-09-08T20:30:00Z,II,Generation,0.000
E_CNCLW-1,CNCLW-1,2026-09-08,44,2026-09-08T21:00:00Z,II,Generation,0.000
E_CNCLW-1,CNCLW-1,2026-09-08,45,2026-09-08T21:30:00Z,II,Generation,0.000
E_CNCLW-1,CNCLW-1,2026-09-08,46,2026-09-08T22:00:00Z,II,Generation,0.000
E_CNCLW-1,CNCLW-1,2026-09-08,47,2026-09-08T22:30:00Z,II,Generation,0.000
E_CNCLW-1,CNCLW-1,2026-09-08,48,2026-09-08T23:00:00Z,II,Generation,0.000
E_CRGTW-1,CRGTW-1,2026-09-08,1,2026-09-07T23:30:00Z,II,Generation,2.056
E_CRGTW-1,CRGTW-1,2026-09-08,2,2026-09-08T00:00:00Z,II,Generation,2.224
E_CRGTW-1,CRGTW-1,2026-09-08,3,2026-09-08T00:30:00Z,II,Generation,2.300
E_CRGTW-1,CRGTW-1,2026-09-08,4,2026-09-08T01:00:00Z,II,Generation,2.162
E_CRGTW-1,CRGTW-1,2026-09-08,5,2026-09-08T01:30:00Z,II,Generation,1.789
E_CRGTW-1,CRGTW-1,2026-09-08,6,2026-09-08T02:00:00Z,II,Generation,2.224
E_CRGTW-1,CRGTW-1,2026-09-08,7,2026-09-08T02:30:00Z,II,Generation,2.332
E_CRGTW-1,CRGTW-1,2026-09-08,8,2026-09-08T03:00:00Z,II,Generation,2.290
E_CRGTW-1,CRGTW-1,2026-09-08,9,2026-09-08T03:30:00Z,II,Generation,1.872
E_CRGTW-1,CRGTW-1,2026-09-08,10,2026-09-08T04:00:00Z,II,Generation,1.863
E_CRGTW-1,CRGTW-1,2026-09-08,11,2026-09-08T04:30:00Z,II,Generation,1.500
E_CRGTW-1,CRGTW-1,2026-09-08,12,2026-09-08T05:00:00Z,II,Generation,1.622
E_CRGTW-1,CRGTW-1,2026-09-08,13,2026-09-08T05:30:00Z,II,Generation,1.502
E_CRGTW-1,CRGTW-1,2026-09-08,14,2026-09-08T06:00:00Z,II,Generation,2.077
E_CRGTW-1,CRGTW-1,2026-09-08,15,2026-09-08T06:30:00Z,II,Generation,2.184
E_CRGTW-1,CRGTW-1,2026-09-08,16,2026-09-08T07:00:00Z,II,Generation,2.038
E_CRGTW-1,CRGTW-1,2026-09-08,17,2026-09-08T07:30:00Z,II,Generation,1.881
E_CRGTW-1,CRGTW-1,2026-09-08,18,2026-09-08T08:00:00Z,II,Generation,2.147
E_CRGTW-1,CRGTW-1,2026-09-08,19,2026-09-08T08:30:00Z,II,Generation,2.074
E_CRGTW-1,CRGTW-1,2026-09-08,20,2026-09-08T09:00:00Z,II,Generation,1.988
E_CRGTW-1,CRGTW-1,2026-09-08,21,2026-09-08T09:30:00Z,II,Generation,1.986
E_CRGTW-1,CRGTW-1,2026-09-08,22,2026-09-08T10:00:00Z,II,Generation,2.277
E_CRGTW-1,CRGTW-1,2026-09-08,23,2026-09-08T10:30:00Z,II,Generation,2.015
E_CRGTW-1,CRGTW-1,2026-09-08,24,2026-09-08T11:00:00Z,II,Generation,1.579
E_CRGTW-1,CRGTW-1,2026-09-08,25,2026-09-08T11:30:00Z,II,Generation,2.025
E_CRGTW-1,CRGTW-1,2026-09-08,26,2026-09-08T12:00:00Z,II,Generation,2.147
E_CRGTW-1,CRGTW-1,2026-09-08,27,2026-09-08T12:30:00Z,II,Generation,2.262
E_CRGTW-1,CRGTW-1,2026-09-08,28,2026-09-08T13:00:00Z,II,Generation,1.923
E_CRGTW-1,CRGTW-1,2026-09-08,29,2026-09-08T13:30:00Z,II,Generation,1.919
E_CRGTW-1,CRGTW-1,2026-09-08,30,2026-09-08T14:00:00Z,II,Generation,2.314
E_CRGTW-1,CRGTW-1,2026-09-08,31,2026-09-08T14:30:00Z,II,Generation,2.244
E_CRGTW-1,CRGTW-1,2026-09-08,32,2026-09-08T15:00:00Z,II,Generation,2.236
E_CRGTW-1,CRGTW-1,2026-09-08,33,2026-09-08T15:30:00Z,II,Generation,2.336
E_CRGTW-1,CRGTW-1,2026-09-08,34,2026-09-08T16:00:00Z,II,Generation,2.294
E_CRGTW-1,CRGTW-1,2026-09-08,35,2026-09-08T16:30:00Z,II,Generation,2.204
E_CRGTW-1,CRGTW-1,2026-09-08,36,2026-09-08T17:00:00Z,II,Generation,2.034
E_CRGTW-1,CRGTW-1,2026-09-08,37,2026-09-08T17:30:00Z,II,Generation,2.003
E_CRGTW-1,CRGTW-1,2026-09-08,38,2026-09-08T18:00:00Z,II,Generation,2.148
E_CRGTW-1,CRGTW-1,2026-09-08,39,2026-09-08T18:30:00Z,II,Generation,2.080
E_CRGTW-1,CRGTW-1,2026-09-08,40,2026-09-08T19:00:00Z,II,Generation,1.578
E_CRGTW-1,CRGTW-1,2026-09-08,41,2026-09-08T19:30:00Z,II,Generation,1.686
E_CRGTW-1,CRGTW-1,2026-09-08,42,2026-09-08T20:00:00Z,II,Generation,2.072
E_CRGTW-1,CRGTW-1,2026-09-08,43,2026-09-08T20:30:00Z,II,Generation,1.810
E_CRGTW-1,CRGTW-1,2026-09-08,44,2026-09-08T21:00:00Z,II,Generation,1.482
E_CRGTW-1,CRGTW-1,2026-09-08,45,2026-09-08T21:30:00Z,II,Generation,1.647
E_CRGTW-1,CRGTW-1,2026-09-08,46,2026-09-08T22:00:00Z,II,Generation,2.008
E_CRGTW-1,CRGTW-1,2026-09-08,47,2026-09-08T22:30:00Z,II,Generation,1.798
E_CRGTW-1,CRGTW-1,2026-09-08,48,2026-09-08T23:00:00Z,II,Generation,1.435
E_DALSW-1,DALSW-1,2026-09-08,1,2026-09-07T23:30:00Z,II,Generation,0.849
E_DALSW-1,DALSW-1,2026-09-08,2,2026-09-08T00:00:00Z,II,Generation,1.961
E_DALSW-1,DALSW-1,2026-09-08,3,2026-09-08T00:30:00Z,II,Generation,3.297
E_DALSW-1,DALSW-1,2026-09-08,4,2026-09-08T01:00:00Z,II,Generation,4.713
E_DALSW-1,DALSW-1,2026-09-08,5,2026-09-08T01:30:00Z,II,Generation,5.169
E_DALSW-1,DALSW-1,2026-09-08,6,2026-09-08T02:00:00Z,II,Generation,5.482
E_DALSW-1,DALSW-1,2026-09-08,7,2026-09-08T02:30:00Z,II,Generation,5.495
E_DALSW-1,DALSW-1,2026-09-08,8,2026-09-08T03:00:00Z,II,Generation,5.050
E_DALSW-1,DALSW-1,2026-09-08,9,2026-09-08T03:30:00Z,II,Generation,5.014
E_DALSW-1,DALSW-1,2026-09-08,10,2026-09-08T04:00:00Z,II,Generation,5.189
E_DALSW-1,DALSW-1,2026-09-08,11,2026-09-08T04:30:00Z,II,Generation,4.973
E_DALSW-1,DALSW-1,2026-09-08,12,2026-09-08T05:00:00Z,II,Generation,4.522
E_DALSW-1,DALSW-1,2026-09-08,13,2026-09-08T05:30:00Z,II,Generation,4.896
E_DALSW-1,DALSW-1,2026-09-08,14,2026-09-08T06:00:00Z,II,Generation,4.982
E_DALSW-1,DALSW-1,2026-09-08,15,2026-09-08T06:30:00Z,II,Generation,4.559
E_DALSW-1,DALSW-1,2026-09-08,16,2026-09-08T07:00:00Z,II,Generation,4.111
E_DALSW-1,DALSW-1,2026-09-08,17,2026-09-08T07:30:00Z,II,Generation,2.877
E_DALSW-1,DALSW-1,2026-09-08,18,2026-09-08T08:00:00Z,II,Generation,3.081
E_DALSW-1,DALSW-1,2026-09-08,19,2026-09-08T08:30:00Z,II,Generation,3.288
E_DALSW-1,DALSW-1,2026-09-08,20,2026-09-08T09:00:00Z,II,Generation,2.094
E_DALSW-1,DALSW-1,2026-09-08,21,2026-09-08T09:30:00Z,II,Generation,1.679
E_DALSW-1,DALSW-1,2026-09-08,22,2026-09-08T10:00:00Z,II,Generation,1.413
E_DALSW-1,DALSW-1,2026-09-08,23,2026-09-08T10:30:00Z,II,Generation,1.724
E_DALSW-1,DALSW-1,2026-09-08,24,2026-09-08T11:00:00Z,II,Generation,2.814
E_DALSW-1,DALSW-1,2026-09-08,25,2026-09-08T11:30:00Z,II,Generation,3.867
E_DALSW-1,DALSW-1,2026-09-08,26,2026-09-08T12:00:00Z,II,Generation,5.100
E_DALSW-1,DALSW-1,2026-09-08,27,2026-09-08T12:30:00Z,II,Generation,4.699
E_DALSW-1,DALSW-1,2026-09-08,28,2026-09-08T13:00:00Z,II,Generation,4.664
E_DALSW-1,DALSW-1,2026-09-08,29,2026-09-08T13:30:00Z,II,Generation,4.413
E_DALSW-1,DALSW-1,2026-09-08,30,2026-09-08T14:00:00Z,II,Generation,3.836
E_DALSW-1,DALSW-1,2026-09-08,31,2026-09-08T14:30:00Z,II,Generation,2.748
E_DALSW-1,DALSW-1,2026-09-08,32,2026-09-08T15:00:00Z,II,Generation,3.669
E_DALSW-1,DALSW-1,2026-09-08,33,2026-09-08T15:30:00Z,II,Generation,3.326
E_DALSW-1,DALSW-1,2026-09-08,34,2026-09-08T16:00:00Z,II,Generation,3.731
E_DALSW-1,DALSW-1,2026-09-08,35,2026-09-08T16:30:00Z,II,Generation,3.045
E_DALSW-1,DALSW-1,2026-09-08,36,2026-09-08T17:00:00Z,II,Generation,2.728
E_DALSW-1,DALSW-1,2026-09-08,37,2026-09-08T17:30:00Z,II,Generation,3.399
E_DALSW-1,DALSW-1,2026-09-08,38,2026-09-08T18:00:00Z,II,Generation,4.732
E_DALSW-1,DALSW-1,2026-09-08,39,2026-09-08T18:30:00Z,II,Generation,5.352
E_DALSW-1,DALSW-1,2026-09-08,40,2026-09-08T19:00:00Z,II,Generation,5.182
E_DALSW-1,DALSW-1,2026-09-08,41,2026-09-08T19:30:00Z,II,Generation,5.156
E_DALSW-1,DALSW-1,2026-09-08,42,2026-09-08T20:00:00Z,II,Generation,4.052
E_DALSW-1,DALSW-1,2026-09-08,43,2026-09-08T20:30:00Z,II,Generation,3.014
E_DALSW-1,DALSW-1,2026-09-08,44,2026-09-08T21:00:00Z,II,Generation,2.734
E_DALSW-1,DALSW-1,2026-09-08,45,2026-09-08T21:30:00Z,II,Generation,2.577
E_DALSW-1,DALSW-1,2026-09-08,46,2026-09-08T22:00:00Z,II,Generation,1.558
E_DALSW-1,DALSW-1,2026-09-08,47,2026-09-08T22:30:00Z,II,Generation,2.194
E_DALSW-1,DALSW-1,2026-09-08,48,2026-09-08T23:00:00Z,II,Generation,3.326
E_GDSTW-1,GDSTW-1,2026-09-08,1,2026-09-07T23:30:00Z,II,Generation,2.728
E_GDSTW-1,GDSTW-1,2026-09-08,2,2026-09-08T00:00:00Z,II,Generation,2.508
E_GDSTW-1,GDSTW-1,2026-09-08,3,2026-09-08T00:30:00Z,II,Generation,2.581
E_GDSTW-1,GDSTW-1,2026-09-08,4,2026-09-08T01:00:00Z,II,Generation,1.024
E_GDSTW-1,GDSTW-1,2026-09-08,5,2026-09-08T01:30:00Z,II,Generation,0.812
E_GDSTW-1,GDSTW-1,2026-09-08,6,2026-09-08T02:00:00Z,II,Generation,1.805
E_GDSTW-1,GDSTW-1,2026-09-08,7,2026-09-08T02:30:00Z,II,Generation,1.502
E_GDSTW-1,GDSTW-1,2026-09-08,8,2026-09-08T03:00:00Z,II,Generation,0.878
E_GDSTW-1,GDSTW-1,2026-09-08,9,2026-09-08T03:30:00Z,II,Generation,1.792
E_GDSTW-1,GDSTW-1,2026-09-08,10,2026-09-08T04:00:00Z,II,Generation,2.007
E_GDSTW-1,GDSTW-1,2026-09-08,11,2026-09-08T04:30:00Z,II,Generation,1.246
E_GDSTW-1,GDSTW-1,2026-09-08,12,2026-09-08T05:00:00Z,II,Generation,1.364
E_GDSTW-1,GDSTW-1,2026-09-08,13,2026-09-08T05:30:00Z,II,Generation,1.297
E_GDSTW-1,GDSTW-1,2026-09-08,14,2026-09-08T06:00:00Z,II,Generation,2.177
E_GDSTW-1,GDSTW-1,2026-09-08,15,2026-09-08T06:30:00Z,II,Generation,3.227
E_GDSTW-1,GDSTW-1,2026-09-08,16,2026-09-08T07:00:00Z,II,Generation,2.155
E_GDSTW-1,GDSTW-1,2026-09-08,17,2026-09-08T07:30:00Z,II,Generation,0.753
E_GDSTW-1,GDSTW-1,2026-09-08,18,2026-09-08T08:00:00Z,II,Generation,0.601
E_GDSTW-1,GDSTW-1,2026-09-08,19,2026-09-08T08:30:00Z,II,Generation,0.849
E_GDSTW-1,GDSTW-1,2026-09-08,20,2026-09-08T09:00:00Z,II,Generation,2.946
E_GDSTW-1,GDSTW-1,2026-09-08,21,2026-09-08T09:30:00Z,II,Generation,2.559
E_GDSTW-1,GDSTW-1,2026-09-08,22,2026-09-08T10:00:00Z,II,Generation,2.517
E_GDSTW-1,GDSTW-1,2026-09-08,23,2026-09-08T10:30:00Z,II,Generation,3.884
E_GDSTW-1,GDSTW-1,2026-09-08,24,2026-09-08T11:00:00Z,II,Generation,2.902
E_GDSTW-1,GDSTW-1,2026-09-08,25,2026-09-08T11:30:00Z,II,Generation,3.298
E_GDSTW-1,GDSTW-1,2026-09-08,26,2026-09-08T12:00:00Z,II,Generation,5.106
E_GDSTW-1,GDSTW-1,2026-09-08,27,2026-09-08T12:30:00Z,II,Generation,5.519
E_GDSTW-1,GDSTW-1,2026-09-08,28,2026-09-08T13:00:00Z,II,Generation,4.783
E_GDSTW-1,GDSTW-1,2026-09-08,29,2026-09-08T13:30:00Z,II,Generation,5.353
E_GDSTW-1,GDSTW-1,2026-09-08,30,2026-09-08T14:00:00Z,II,Generation,5.458
E_GDSTW-1,GDSTW-1,2026-09-08,31,2026-09-08T14:30:00Z,II,Generation,5.592
E_GDSTW-1,GDSTW-1,2026-09-08,32,2026-09-08T15:00:00Z,II,Generation,5.835
E_GDSTW-1,GDSTW-1,2026-09-08,33,2026-09-08T15:30:00Z,II,Generation,5.690
E_GDSTW-1,GDSTW-1,2026-09-08,34,2026-09-08T16:00:00Z,II,Generation,5.996
E_GDSTW-1,GDSTW-1,2026-09-08,35,2026-09-08T16:30:00Z,II,Generation,6.000
E_GDSTW-1,GDSTW-1,2026-09-08,36,2026-09-08T17:00:00Z,II,Generation,6.017
E_GDSTW-1,GDSTW-1,2026-09-08,37,2026-09-08T17:30:00Z,II,Generation,6.041
E_GDSTW-1,GDSTW-1,2026-09-08,38,2026-09-08T18:00:00Z,II,Generation,5.969
E_GDSTW-1,GDSTW-1,2026-09-08,39,2026-09-08T18:30:00Z,II,Generation,5.922
E_GDSTW-1,GDSTW-1,2026-09-08,40,2026-09-08T19:00:00Z,II,Generation,5.673
E_GDSTW-1,GDSTW-1,2026-09-08,41,2026-09-08T19:30:00Z,II,Generation,5.502
E_GDSTW-1,GDSTW-1,2026-09-08,42,2026-09-08T20:00:00Z,II,Generation,4.501
E_GDSTW-1,GDSTW-1,2026-09-08,43,2026-09-08T20:30:00Z,II,Generation,4.127
E_GDSTW-1,GDSTW-1,2026-09-08,44,2026-09-08T21:00:00Z,II,Generation,5.237
E_GDSTW-1,GDSTW-1,2026-09-08,45,2026-09-08T21:30:00Z,II,Generation,5.275
E_GDSTW-1,GDSTW-1,2026-09-08,46,2026-09-08T22:00:00Z,II,Generation,5.225
E_GDSTW-1,GDSTW-1,2026-09-08,47,2026-09-08T22:30:00Z,II,Generation,4.824
E_GDSTW-1,GDSTW-1,2026-09-08,48,2026-09-08T23:00:00Z,II,Generation,4.777
E_GLCHW-1,GLCHW-1,2026-09-08,1,2026-09-07T23:30:00Z,II,Generation,6.649
E_GLCHW-1,GLCHW-1,2026-09-08,2,2026-09-08T00:00:00Z,II,Generation,6.477
E_GLCHW-1,GLCHW-1,2026-09-08,3,2026-09-08T00:30:00Z,II,Generation,6.817
E_GLCHW-1,GLCHW-1,2026-09-08,4,2026-09-08T01:00:00Z,II,Generation,5.134
E_GLCHW-1,GLCHW-1,2026-09-08,5,2026-09-08T01:30:00Z,II,Generation,5.283
E_GLCHW-1,GLCHW-1,2026-09-08,6,2026-09-08T02:00:00Z,II,Generation,7.113
E_GLCHW-1,GLCHW-1,2026-09-08,7,2026-09-08T02:30:00Z,II,Generation,5.748
E_GLCHW-1,GLCHW-1,2026-09-08,8,2026-09-08T03:00:00Z,II,Generation,3.718
E_GLCHW-1,GLCHW-1,2026-09-08,9,2026-09-08T03:30:00Z,II,Generation,4.448
E_GLCHW-1,GLCHW-1,2026-09-08,10,2026-09-08T04:00:00Z,II,Generation,3.130
E_GLCHW-1,GLCHW-1,2026-09-08,11,2026-09-08T04:30:00Z,II,Generation,2.653
E_GLCHW-1,GLCHW-1,2026-09-08,12,2026-09-08T05:00:00Z,II,Generation,3.437
E_GLCHW-1,GLCHW-1,2026-09-08,13,2026-09-08T05:30:00Z,II,Generation,5.313
E_GLCHW-1,GLCHW-1,2026-09-08,14,2026-09-08T06:00:00Z,II,Generation,6.963
E_GLCHW-1,GLCHW-1,2026-09-08,15,2026-09-08T06:30:00Z,II,Generation,9.531
E_GLCHW-1,GLCHW-1,2026-09-08,16,2026-09-08T07:00:00Z,II,Generation,7.005
E_GLCHW-1,GLCHW-1,2026-09-08,17,2026-09-08T07:30:00Z,II,Generation,7.661
E_GLCHW-1,GLCHW-1,2026-09-08,18,2026-09-08T08:00:00Z,II,Generation,7.435
E_GLCHW-1,GLCHW-1,2026-09-08,19,2026-09-08T08:30:00Z,II,Generation,9.398
E_GLCHW-1,GLCHW-1,2026-09-08,20,2026-09-08T09:00:00Z,II,Generation,9.027
E_GLCHW-1,GLCHW-1,2026-09-08,21,2026-09-08T09:30:00Z,II,Generation,9.794
E_GLCHW-1,GLCHW-1,2026-09-08,22,2026-09-08T10:00:00Z,II,Generation,8.859
E_GLCHW-1,GLCHW-1,2026-09-08,23,2026-09-08T10:30:00Z,II,Generation,9.311
E_GLCHW-1,GLCHW-1,2026-09-08,24,2026-09-08T11:00:00Z,II,Generation,10.298
E_GLCHW-1,GLCHW-1,2026-09-08,25,2026-09-08T11:30:00Z,II,Generation,11.951
E_GLCHW-1,GLCHW-1,2026-09-08,26,2026-09-08T12:00:00Z,II,Generation,12.370
E_GLCHW-1,GLCHW-1,2026-09-08,27,2026-09-08T12:30:00Z,II,Generation,12.433
E_GLCHW-1,GLCHW-1,2026-09-08,28,2026-09-08T13:00:00Z,II,Generation,12.429
E_GLCHW-1,GLCHW-1,2026-09-08,29,2026-09-08T13:30:00Z,II,Generation,12.428
E_GLCHW-1,GLCHW-1,2026-09-08,30,2026-09-08T14:00:00Z,II,Generation,11.958
E_GLCHW-1,GLCHW-1,2026-09-08,31,2026-09-08T14:30:00Z,II,Generation,12.230
E_GLCHW-1,GLCHW-1,2026-09-08,32,2026-09-08T15:00:00Z,II,Generation,12.426
E_GLCHW-1,GLCHW-1,2026-09-08,33,2026-09-08T15:30:00Z,II,Generation,11.655
E_GLCHW-1,GLCHW-1,2026-09-08,34,2026-09-08T16:00:00Z,II,Generation,12.101
E_GLCHW-1,GLCHW-1,2026-09-08,35,2026-09-08T16:30:00Z,II,Generation,12.265
E_GLCHW-1,GLCHW-1,2026-09-08,36,2026-09-08T17:00:00Z,II,Generation,12.120
E_GLCHW-1,GLCHW-1,2026-09-08,37,2026-09-08T17:30:00Z,II,Generation,12.256
E_GLCHW-1,GLCHW-1,2026-09-08,38,2026-09-08T18:00:00Z,II,Generation,12.413
E_GLCHW-1,GLCHW-1,2026-09-08,39,2026-09-08T18:30:00Z,II,Generation,12.376
E_GLCHW-1,GLCHW-1,2026-09-08,40,2026-09-08T19:00:00Z,II,Generation,11.439
E_GLCHW-1,GLCHW-1,2026-09-08,41,2026-09-08T19:30:00Z,II,Generation,10.083
E_GLCHW-1,GLCHW-1,2026-09-08,42,2026-09-08T20:00:00Z,II,Generation,11.248
E_GLCHW-1,GLCHW-1,2026-09-08,43,2026-09-08T20:30:00Z,II,Generation,12.192
E_GLCHW-1,GLCHW-1,2026-09-08,44,2026-09-08T21:00:00Z,II,Generation,12.317
E_GLCHW-1,GLCHW-1,2026-09-08,45,2026-09-08T21:30:00Z,II,Generation,8.335
E_GLCHW-1,GLCHW-1,2026-09-08,46,2026-09-08T22:00:00Z,II,Generation,0.000
E_GLCHW-1,GLCHW-1,2026-09-08,47,2026-09-08T22:30:00Z,II,Generation,0.000
E_GLCHW-1,GLCHW-1,2026-09-08,48,2026-09-08T23:00:00Z,II,Generation,0.000
E_GLOFW-1,GLOFW-1,2026-09-08,1,2026-09-07T23:30:00Z,II,Generation,4.384
E_GLOFW-1,GLOFW-1,2026-09-08,2,2026-09-08T00:00:00Z,II,Generation,4.278
E_GLOFW-1,GLOFW-1,2026-09-08,3,2026-09-08T00:30:00Z,II,Generation,4.936
E_GLOFW-1,GLOFW-1,2026-09-08,4,2026-09-08T01:00:00Z,II,Generation,8.399
E_GLOFW-1,GLOFW-1,2026-09-08,5,2026-09-08T01:30:00Z,II,Generation,8.473
E_GLOFW-1,GLOFW-1,2026-09-08,6,2026-09-08T02:00:00Z,II,Generation,7.850
E_GLOFW-1,GLOFW-1,2026-09-08,7,2026-09-08T02:30:00Z,II,Generation,6.777
E_GLOFW-1,GLOFW-1,2026-09-08,8,2026-09-08T03:00:00Z,II,Generation,6.521
E_GLOFW-1,GLOFW-1,2026-09-08,9,2026-09-08T03:30:00Z,II,Generation,5.151
E_GLOFW-1,GLOFW-1,2026-09-08,10,2026-09-08T04:00:00Z,II,Generation,7.858
E_GLOFW-1,GLOFW-1,2026-09-08,11,2026-09-08T04:30:00Z,II,Generation,7.686
E_GLOFW-1,GLOFW-1,2026-09-08,12,2026-09-08T05:00:00Z,II,Generation,7.745
E_GLOFW-1,GLOFW-1,2026-09-08,13,2026-09-08T05:30:00Z,II,Generation,7.580
E_GLOFW-1,GLOFW-1,2026-09-08,14,2026-09-08T06:00:00Z,II,Generation,5.499
E_GLOFW-1,GLOFW-1,2026-09-08,15,2026-09-08T06:30:00Z,II,Generation,5.906
E_GLOFW-1,GLOFW-1,2026-09-08,16,2026-09-08T07:00:00Z,II,Generation,5.070
E_GLOFW-1,GLOFW-1,2026-09-08,17,2026-09-08T07:30:00Z,II,Generation,4.137
E_GLOFW-1,GLOFW-1,2026-09-08,18,2026-09-08T08:00:00Z,II,Generation,3.188
E_GLOFW-1,GLOFW-1,2026-09-08,19,2026-09-08T08:30:00Z,II,Generation,6.899
E_GLOFW-1,GLOFW-1,2026-09-08,20,2026-09-08T09:00:00Z,II,Generation,8.442
E_GLOFW-1,GLOFW-1,2026-09-08,21,2026-09-08T09:30:00Z,II,Generation,7.570
E_GLOFW-1,GLOFW-1,2026-09-08,22,2026-09-08T10:00:00Z,II,Generation,9.297
E_GLOFW-1,GLOFW-1,2026-09-08,23,2026-09-08T10:30:00Z,II,Generation,8.723
E_GLOFW-1,GLOFW-1,2026-09-08,24,2026-09-08T11:00:00Z,II,Generation,8.035
E_GLOFW-1,GLOFW-1,2026-09-08,25,2026-09-08T11:30:00Z,II,Generation,8.869
E_GLOFW-1,GLOFW-1,2026-09-08,26,2026-09-08T12:00:00Z,II,Generation,9.342
E_GLOFW-1,GLOFW-1,2026-09-08,27,2026-09-08T12:30:00Z,II,Generation,9.235
E_GLOFW-1,GLOFW-1,2026-09-08,28,2026-09-08T13:00:00Z,II,Generation,8.975
E_GLOFW-1,GLOFW-1,2026-09-08,29,2026-09-08T13:30:00Z,II,Generation,9.141
E_GLOFW-1,GLOFW-1,2026-09-08,30,2026-09-08T14:00:00Z,II,Generation,9.115
E_GLOFW-1,GLOFW-1,2026-09-08,31,2026-09-08T14:30:00Z,II,Generation,9.112
E_GLOFW-1,GLOFW-1,2026-09-08,32,2026-09-08T15:00:00Z,II,Generation,9.728
E_GLOFW-1,GLOFW-1,2026-09-08,33,2026-09-08T15:30:00Z,II,Generation,9.811
E_GLOFW-1,GLOFW-1,2026-09-08,34,2026-09-08T16:00:00Z,II,Generation,9.855
E_GLOFW-1,GLOFW-1,2026-09-08,35,2026-09-08T16:30:00Z,II,Generation,10.693
E_GLOFW-1,GLOFW-1,2026-09-08,36,2026-09-08T17:00:00Z,II,Generation,10.439
E_GLOFW-1,GLOFW-1,2026-09-08,37,2026-09-08T17:30:00Z,II,Generation,10.299
E_GLOFW-1,GLOFW-1,2026-09-08,38,2026-09-08T18:00:00Z,II,Generation,10.284
E_GLOFW-1,GLOFW-1,2026-09-08,39,2026-09-08T18:30:00Z,II,Generation,10.009
E_GLOFW-1,GLOFW-1,2026-09-08,40,2026-09-08T19:00:00Z,II,Generation,9.251
E_GLOFW-1,GLOFW-1,2026-09-08,41,2026-09-08T19:30:00Z,II,Generation,8.565
E_GLOFW-1,GLOFW-1,2026-09-08,42,2026-09-08T20:00:00Z,II,Generation,7.350
E_GLOFW-1,GLOFW-1,2026-09-08,43,2026-09-08T20:30:00Z,II,Generation,7.209
E_GLOFW-1,GLOFW-1,2026-09-08,44,2026-09-08T21:00:00Z,II,Generation,8.494
E_GLOFW-1,GLOFW-1,2026-09-08,45,2026-09-08T21:30:00Z,II,Generation,7.785
E_GLOFW-1,GLOFW-1,2026-09-08,46,2026-09-08T22:00:00Z,II,Generation,7.471
E_GLOFW-1,GLOFW-1,2026-09-08,47,2026-09-08T22:30:00Z,II,Generation,6.991
E_GLOFW-1,GLOFW-1,2026-09-08,48,2026-09-08T23:00:00Z,II,Generation,6.119
E_GRGRW-1,GRGRW-1,2026-09-08,1,2026-09-07T23:30:00Z,II,Generation,-0.135
E_GRGRW-1,GRGRW-1,2026-09-08,2,2026-09-08T00:00:00Z,II,Generation,-0.138
E_GRGRW-1,GRGRW-1,2026-09-08,3,2026-09-08T00:30:00Z,II,Generation,-0.138
E_GRGRW-1,GRGRW-1,2026-09-08,4,2026-09-08T01:00:00Z,II,Generation,-0.137
E_GRGRW-1,GRGRW-1,2026-09-08,5,2026-09-08T01:30:00Z,II,Generation,-0.133
E_GRGRW-1,GRGRW-1,2026-09-08,6,2026-09-08T02:00:00Z,II,Generation,-0.142
E_GRGRW-1,GRGRW-1,2026-09-08,7,2026-09-08T02:30:00Z,II,Generation,-0.134
E_GRGRW-1,GRGRW-1,2026-09-08,8,2026-09-08T03:00:00Z,II,Generation,-0.136
E_GRGRW-1,GRGRW-1,2026-09-08,9,2026-09-08T03:30:00Z,II,Generation,-0.135
E_GRGRW-1,GRGRW-1,2026-09-08,10,2026-09-08T04:00:00Z,II,Generation,-0.137
E_GRGRW-1,GRGRW-1,2026-09-08,11,2026-09-08T04:30:00Z,II,Generation,-0.136
E_GRGRW-1,GRGRW-1,2026-09-08,12,2026-09-08T05:00:00Z,II,Generation,-0.141
E_GRGRW-1,GRGRW-1,2026-09-08,13,2026-09-08T05:30:00Z,II,Generation,-0.144
E_GRGRW-1,GRGRW-1,2026-09-08,14,2026-09-08T06:00:00Z,II,Generation,-0.142
E_GRGRW-1,GRGRW-1,2026-09-08,15,2026-09-08T06:30:00Z,II,Generation,-0.144
E_GRGRW-1,GRGRW-1,2026-09-08,16,2026-09-08T07:00:00Z,II,Generation,-0.148
E_GRGRW-1,GRGRW-1,2026-09-08,17,2026-09-08T07:30:00Z,II,Generation,-0.147
E_GRGRW-1,GRGRW-1,2026-09-08,18,2026-09-08T08:00:00Z,II,Generation,-0.148
E_GRGRW-1,GRGRW-1,2026-09-08,19,2026-09-08T08:30:00Z,II,Generation,-0.140
E_GRGRW-1,GRGRW-1,2026-09-08,20,2026-09-08T09:00:00Z,II,Generation,-0.137
E_GRGRW-1,GRGRW-1,2026-09-08,21,2026-09-08T09:30:00Z,II,Generation,-0.138
E_GRGRW-1,GRGRW-1,2026-09-08,22,2026-09-08T10:00:00Z,II,Generation,-0.138
E_GRGRW-1,GRGRW-1,2026-09-08,23,2026-09-08T10:30:00Z,II,Generation,-0.125
E_GRGRW-1,GRGRW-1,2026-09-08,24,2026-09-08T11:00:00Z,II,Generation,-0.121
E_GRGRW-1,GRGRW-1,2026-09-08,25,2026-09-08T11:30:00Z,II,Generation,-0.125
E_GRGRW-1,GRGRW-1,2026-09-08,26,2026-09-08T12:00:00Z,II,Generation,-0.125
E_GRGRW-1,GRGRW-1,2026-09-08,27,2026-09-08T12:30:00Z,II,Generation,-0.124
E_GRGRW-1,GRGRW-1,2026-09-08,28,2026-09-08T13:00:00Z,II,Generation,-0.121
E_GRGRW-1,GRGRW-1,2026-09-08,29,2026-09-08T13:30:00Z,II,Generation,-0.126
E_GRGRW-1,GRGRW-1,2026-09-08,30,2026-09-08T14:00:00Z,II,Generation,-0.121
E_GRGRW-1,GRGRW-1,2026-09-08,31,2026-09-08T14:30:00Z,II,Generation,-0.126
E_GRGRW-1,GRGRW-1,2026-09-08,32,2026-09-08T15:00:00Z,II,Generation,-0.121
E_GRGRW-1,GRGRW-1,2026-09-08,33,2026-09-08T15:30:00Z,II,Generation,-0.120
E_GRGRW-1,GRGRW-1,2026-09-08,34,2026-09-08T16:00:00Z,II,Generation,-0.124
E_GRGRW-1,GRGRW-1,2026-09-08,35,2026-09-08T16:30:00Z,II,Generation,-0.119
E_GRGRW-1,GRGRW-1,2026-09-08,36,2026-09-08T17:00:00Z,II,Generation,-0.122
E_GRGRW-1,GRGRW-1,2026-09-08,37,2026-09-08T17:30:00Z,II,Generation,-0.119
E_GRGRW-1,GRGRW-1,2026-09-08,38,2026-09-08T18:00:00Z,II,Generation,-0.118
E_GRGRW-1,GRGRW-1,2026-09-08,39,2026-09-08T18:30:00Z,II,Generation,-0.116
E_GRGRW-1,GRGRW-1,2026-09-08,40,2026-09-08T19:00:00Z,II,Generation,-0.120
E_GRGRW-1,GRGRW-1,2026-09-08,41,2026-09-08T19:30:00Z,II,Generation,-0.114
E_GRGRW-1,GRGRW-1,2026-09-08,42,2026-09-08T20:00:00Z,II,Generation,-0.116
E_GRGRW-1,GRGRW-1,2026-09-08,43,2026-09-08T20:30:00Z,II,Generation,-0.117
E_GRGRW-1,GRGRW-1,2026-09-08,44,2026-09-08T21:00:00Z,II,Generation,-0.112
E_GRGRW-1,GRGRW-1,2026-09-08,45,2026-09-08T21:30:00Z,II,Generation,-0.116
E_GRGRW-1,GRGRW-1,2026-09-08,46,2026-09-08T22:00:00Z,II,Generation,-0.115
E_GRGRW-1,GRGRW-1,2026-09-08,47,2026-09-08T22:30:00Z,II,Generation,-0.116
E_GRGRW-1,GRGRW-1,2026-09-08,48,2026-09-08T23:00:00Z,II,Generation,-0.116
E_HBHDW-1,HBHDW-1,2026-09-08,1,2026-09-07T23:30:00Z,II,Generation,21.390
E_HBHDW-1,HBHDW-1,2026-09-08,2,2026-09-08T00:00:00Z,II,Generation,22.214
E_HBHDW-1,HBHDW-1,2026-09-08,3,2026-09-08T00:30:00Z,II,Generation,18.808
E_HBHDW-1,HBHDW-1,2026-09-08,4,2026-09-08T01:00:00Z,II,Generation,22.205
E_HBHDW-1,HBHDW-1,2026-09-08,5,2026-09-08T01:30:00Z,II,Generation,23.915
E_HBHDW-1,HBHDW-1,2026-09-08,6,2026-09-08T02:00:00Z,II,Generation,23.844
E_HBHDW-1,HBHDW-1,2026-09-08,7,2026-09-08T02:30:00Z,II,Generation,24.223
E_HBHDW-1,HBHDW-1,2026-09-08,8,2026-09-08T03:00:00Z,II,Generation,24.161
E_HBHDW-1,HBHDW-1,2026-09-08,9,2026-09-08T03:30:00Z,II,Generation,24.037
E_HBHDW-1,HBHDW-1,2026-09-08,10,2026-09-08T04:00:00Z,II,Generation,23.545
E_HBHDW-1,HBHDW-1,2026-09-08,11,2026-09-08T04:30:00Z,II,Generation,24.100
E_HBHDW-1,HBHDW-1,2026-09-08,12,2026-09-08T05:00:00Z,II,Generation,22.137
E_HBHDW-1,HBHDW-1,2026-09-08,13,2026-09-08T05:30:00Z,II,Generation,21.895
E_HBHDW-1,HBHDW-1,2026-09-08,14,2026-09-08T06:00:00Z,II,Generation,23.137
E_HBHDW-1,HBHDW-1,2026-09-08,15,2026-09-08T06:30:00Z,II,Generation,21.719
E_HBHDW-1,HBHDW-1,2026-09-08,16,2026-09-08T07:00:00Z,II,Generation,21.853
E_HBHDW-1,HBHDW-1,2026-09-08,17,2026-09-08T07:30:00Z,II,Generation,21.198
E_HBHDW-1,HBHDW-1,2026-09-08,18,2026-09-08T08:00:00Z,II,Generation,20.423
E_HBHDW-1,HBHDW-1,2026-09-08,19,2026-09-08T08:30:00Z,II,Generation,20.818
E_HBHDW-1,HBHDW-1,2026-09-08,20,2026-09-08T09:00:00Z,II,Generation,15.742
E_HBHDW-1,HBHDW-1,2026-09-08,21,2026-09-08T09:30:00Z,II,Generation,14.256
E_HBHDW-1,HBHDW-1,2026-09-08,22,2026-09-08T10:00:00Z,II,Generation,19.878
E_HBHDW-1,HBHDW-1,2026-09-08,23,2026-09-08T10:30:00Z,II,Generation,20.165
E_HBHDW-1,HBHDW-1,2026-09-08,24,2026-09-08T11:00:00Z,II,Generation,19.645
E_HBHDW-1,HBHDW-1,2026-09-08,25,2026-09-08T11:30:00Z,II,Generation,21.887
E_HBHDW-1,HBHDW-1,2026-09-08,26,2026-09-08T12:00:00Z,II,Generation,20.683
E_HBHDW-1,HBHDW-1,2026-09-08,27,2026-09-08T12:30:00Z,II,Generation,16.664
E_HBHDW-1,HBHDW-1,2026-09-08,28,2026-09-08T13:00:00Z,II,Generation,14.264
E_HBHDW-1,HBHDW-1,2026-09-08,29,2026-09-08T13:30:00Z,II,Generation,16.392
E_HBHDW-1,HBHDW-1,2026-09-08,30,2026-09-08T14:00:00Z,II,Generation,18.542
E_HBHDW-1,HBHDW-1,2026-09-08,31,2026-09-08T14:30:00Z,II,Generation,20.515
E_HBHDW-1,HBHDW-1,2026-09-08,32,2026-09-08T15:00:00Z,II,Generation,20.143
E_HBHDW-1,HBHDW-1,2026-09-08,33,2026-09-08T15:30:00Z,II,Generation,15.906
E_HBHDW-1,HBHDW-1,2026-09-08,34,2026-09-08T16:00:00Z,II,Generation,11.702
E_HBHDW-1,HBHDW-1,2026-09-08,35,2026-09-08T16:30:00Z,II,Generation,10.612
E_HBHDW-1,HBHDW-1,2026-09-08,36,2026-09-08T17:00:00Z,II,Generation,16.312
E_HBHDW-1,HBHDW-1,2026-09-08,37,2026-09-08T17:30:00Z,II,Generation,16.195
E_HBHDW-1,HBHDW-1,2026-09-08,38,2026-09-08T18:00:00Z,II,Generation,13.460
E_HBHDW-1,HBHDW-1,2026-09-08,39,2026-09-08T18:30:00Z,II,Generation,13.062
E_HBHDW-1,HBHDW-1,2026-09-08,40,2026-09-08T19:00:00Z,II,Generation,13.732
E_HBHDW-1,HBHDW-1,2026-09-08,41,2026-09-08T19:30:00Z,II,Generation,13.190
E_HBHDW-1,HBHDW-1,2026-09-08,42,2026-09-08T20:00:00Z,II,Generation,12.759
E_HBHDW-1,HBHDW-1,2026-09-08,43,2026-09-08T20:30:00Z,II,Generation,13.765
E_HBHDW-1,HBHDW-1,2026-09-08,44,2026-09-08T21:00:00Z,II,Generation,14.053
E_HBHDW-1,HBHDW-1,2026-09-08,45,2026-09-08T21:30:00Z,II,Generation,10.894
E_HBHDW-1,HBHDW-1,2026-09-08,46,2026-09-08T22:00:00Z,II,Generation,9.597
E_HBHDW-1,HBHDW-1,2026-09-08,47,2026-09-08T22:30:00Z,II,Generation,8.640
E_HBHDW-1,HBHDW-1,2026-09-08,48,2026-09-08T23:00:00Z,II,Generation,6.381
E_HLGLW-1,HLGLW-1,2026-09-08,1,2026-09-07T23:30:00Z,II,Generation,9.499
E_HLGLW-1,HLGLW-1,2026-09-08,2,2026-09-08T00:00:00Z,II,Generation,12.262
E_HLGLW-1,HLGLW-1,2026-09-08,3,2026-09-08T00:30:00Z,II,Generation,13.070
E_HLGLW-1,HLGLW-1,2026-09-08,4,2026-09-08T01:00:00Z,II,Generation,12.588
E_HLGLW-1,HLGLW-1,2026-09-08,5,2026-09-08T01:30:00Z,II,Generation,11.643
E_HLGLW-1,HLGLW-1,2026-09-08,6,2026-09-08T02:00:00Z,II,Generation,10.820
E_HLGLW-1,HLGLW-1,2026-09-08,7,2026-09-08T02:30:00Z,II,Generation,8.726
E_HLGLW-1,HLGLW-1,2026-09-08,8,2026-09-08T03:00:00Z,II,Generation,6.128
E_HLGLW-1,HLGLW-1,2026-09-08,9,2026-09-08T03:30:00Z,II,Generation,5.216
E_HLGLW-1,HLGLW-1,2026-09-08,10,2026-09-08T04:00:00Z,II,Generation,6.950
E_HLGLW-1,HLGLW-1,2026-09-08,11,2026-09-08T04:30:00Z,II,Generation,5.582
E_HLGLW-1,HLGLW-1,2026-09-08,12,2026-09-08T05:00:00Z,II,Generation,5.949
E_HLGLW-1,HLGLW-1,2026-09-08,13,2026-09-08T05:30:00Z,II,Generation,4.831
E_HLGLW-1,HLGLW-1,2026-09-08,14,2026-09-08T06:00:00Z,II,Generation,5.777
E_HLGLW-1,HLGLW-1,2026-09-08,15,2026-09-08T06:30:00Z,II,Generation,5.589
E_HLGLW-1,HLGLW-1,2026-09-08,16,2026-09-08T07:00:00Z,II,Generation,8.990
E_HLGLW-1,HLGLW-1,2026-09-08,17,2026-09-08T07:30:00Z,II,Generation,11.088
E_HLGLW-1,HLGLW-1,2026-09-08,18,2026-09-08T08:00:00Z,II,Generation,10.837
E_HLGLW-1,HLGLW-1,2026-09-08,19,2026-09-08T08:30:00Z,II,Generation,8.344
E_HLGLW-1,HLGLW-1,2026-09-08,20,2026-09-08T09:00:00Z,II,Generation,10.058
E_HLGLW-1,HLGLW-1,2026-09-08,21,2026-09-08T09:30:00Z,II,Generation,10.101
E_HLGLW-1,HLGLW-1,2026-09-08,22,2026-09-08T10:00:00Z,II,Generation,8.824
E_HLGLW-1,HLGLW-1,2026-09-08,23,2026-09-08T10:30:00Z,II,Generation,6.824
E_HLGLW-1,HLGLW-1,2026-09-08,24,2026-09-08T11:00:00Z,II,Generation,8.468
E_HLGLW-1,HLGLW-1,2026-09-08,25,2026-09-08T11:30:00Z,II,Generation,7.833
E_HLGLW-1,HLGLW-1,2026-09-08,26,2026-09-08T12:00:00Z,II,Generation,8.199
E_HLGLW-1,HLGLW-1,2026-09-08,27,2026-09-08T12:30:00Z,II,Generation,10.331
E_HLGLW-1,HLGLW-1,2026-09-08,28,2026-09-08T13:00:00Z,II,Generation,10.527
E_HLGLW-1,HLGLW-1,2026-09-08,29,2026-09-08T13:30:00Z,II,Generation,8.941
E_HLGLW-1,HLGLW-1,2026-09-08,30,2026-09-08T14:00:00Z,II,Generation,6.349
E_HLGLW-1,HLGLW-1,2026-09-08,31,2026-09-08T14:30:00Z,II,Generation,10.633
E_HLGLW-1,HLGLW-1,2026-09-08,32,2026-09-08T15:00:00Z,II,Generation,11.672
E_HLGLW-1,HLGLW-1,2026-09-08,33,2026-09-08T15:30:00Z,II,Generation,9.849
E_HLGLW-1,HLGLW-1,2026-09-08,34,2026-09-08T16:00:00Z,II,Generation,8.593
E_HLGLW-1,HLGLW-1,2026-09-08,35,2026-09-08T16:30:00Z,II,Generation,9.665
E_HLGLW-1,HLGLW-1,2026-09-08,36,2026-09-08T17:00:00Z,II,Generation,10.312
E_HLGLW-1,HLGLW-1,2026-09-08,37,2026-09-08T17:30:00Z,II,Generation,8.474
E_HLGLW-1,HLGLW-1,2026-09-08,38,2026-09-08T18:00:00Z,II,Generation,7.147
E_HLGLW-1,HLGLW-1,2026-09-08,39,2026-09-08T18:30:00Z,II,Generation,5.138
E_HLGLW-1,HLGLW-1,2026-09-08,40,2026-09-08T19:00:00Z,II,Generation,4.825
E_HLGLW-1,HLGLW-1,2026-09-08,41,2026-09-08T19:30:00Z,II,Generation,7.532
E_HLGLW-1,HLGLW-1,2026-09-08,42,2026-09-08T20:00:00Z,II,Generation,5.033
E_HLGLW-1,HLGLW-1,2026-09-08,43,2026-09-08T20:30:00Z,II,Generation,3.652
E_HLGLW-1,HLGLW-1,2026-09-08,44,2026-09-08T21:00:00Z,II,Generation,4.459
E_HLGLW-1,HLGLW-1,2026-09-08,45,2026-09-08T21:30:00Z,II,Generation,2.651
E_HLGLW-1,HLGLW-1,2026-09-08,46,2026-09-08T22:00:00Z,II,Generation,2.538
E_HLGLW-1,HLGLW-1,2026-09-08,47,2026-09-08T22:30:00Z,II,Generation,2.922
E_HLGLW-1,HLGLW-1,2026-09-08,48,2026-09-08T23:00:00Z,II,Generation,1.306
E_HLTWW-1,HLTWW-1,2026-09-08,1,2026-09-07T23:30:00Z,II,Generation,12.775
E_HLTWW-1,HLTWW-1,2026-09-08,2,2026-09-08T00:00:00Z,II,Generation,15.232
E_HLTWW-1,HLTWW-1,2026-09-08,3,2026-09-08T00:30:00Z,II,Generation,15.282
E_HLTWW-1,HLTWW-1,2026-09-08,4,2026-09-08T01:00:00Z,II,Generation,17.978
E_HLTWW-1,HLTWW-1,2026-09-08,5,2026-09-08T01:30:00Z,II,Generation,15.544
E_HLTWW-1,HLTWW-1,2026-09-08,6,2026-09-08T02:00:00Z,II,Generation,13.793
E_HLTWW-1,HLTWW-1,2026-09-08,7,2026-09-08T02:30:00Z,II,Generation,16.041
E_HLTWW-1,HLTWW-1,2026-09-08,8,2026-09-08T03:00:00Z,II,Generation,17.901
E_HLTWW-1,HLTWW-1,2026-09-08,9,2026-09-08T03:30:00Z,II,Generation,15.178
E_HLTWW-1,HLTWW-1,2026-09-08,10,2026-09-08T04:00:00Z,II,Generation,13.144
E_HLTWW-1,HLTWW-1,2026-09-08,11,2026-09-08T04:30:00Z,II,Generation,14.882
E_HLTWW-1,HLTWW-1,2026-09-08,12,2026-09-08T05:00:00Z,II,Generation,16.906
E_HLTWW-1,HLTWW-1,2026-09-08,13,2026-09-08T05:30:00Z,II,Generation,19.402
E_HLTWW-1,HLTWW-1,2026-09-08,14,2026-09-08T06:00:00Z,II,Generation,18.581
E_HLTWW-1,HLTWW-1,2026-09-08,15,2026-09-08T06:30:00Z,II,Generation,17.145
E_HLTWW-1,HLTWW-1,2026-09-08,16,2026-09-08T07:00:00Z,II,Generation,17.770
E_HLTWW-1,HLTWW-1,2026-09-08,17,2026-09-08T07:30:00Z,II,Generation,16.001
E_HLTWW-1,HLTWW-1,2026-09-08,18,2026-09-08T08:00:00Z,II,Generation,14.374
E_HLTWW-1,HLTWW-1,2026-09-08,19,2026-09-08T08:30:00Z,II,Generation,17.526
E_HLTWW-1,HLTWW-1,2026-09-08,20,2026-09-08T09:00:00Z,II,Generation,17.220
E_HLTWW-1,HLTWW-1,2026-09-08,21,2026-09-08T09:30:00Z,II,Generation,17.971
E_HLTWW-1,HLTWW-1,2026-09-08,22,2026-09-08T10:00:00Z,II,Generation,18.739
E_HLTWW-1,HLTWW-1,2026-09-08,23,2026-09-08T10:30:00Z,II,Generation,20.063
E_HLTWW-1,HLTWW-1,2026-09-08,24,2026-09-08T11:00:00Z,II,Generation,20.669
E_HLTWW-1,HLTWW-1,2026-09-08,25,2026-09-08T11:30:00Z,II,Generation,22.386
E_HLTWW-1,HLTWW-1,2026-09-08,26,2026-09-08T12:00:00Z,II,Generation,22.497
E_HLTWW-1,HLTWW-1,2026-09-08,27,2026-09-08T12:30:00Z,II,Generation,20.877
E_HLTWW-1,HLTWW-1,2026-09-08,28,2026-09-08T13:00:00Z,II,Generation,21.326
E_HLTWW-1,HLTWW-1,2026-09-08,29,2026-09-08T13:30:00Z,II,Generation,21.712
E_HLTWW-1,HLTWW-1,2026-09-08,30,2026-09-08T14:00:00Z,II,Generation,21.992
E_HLTWW-1,HLTWW-1,2026-09-08,31,2026-09-08T14:30:00Z,II,Generation,22.109
E_HLTWW-1,HLTWW-1,2026-09-08,32,2026-09-08T15:00:00Z,II,Generation,22.157
E_HLTWW-1,HLTWW-1,2026-09-08,33,2026-09-08T15:30:00Z,II,Generation,22.368
E_HLTWW-1,HLTWW-1,2026-09-08,34,2026-09-08T16:00:00Z,II,Generation,22.340
E_HLTWW-1,HLTWW-1,2026-09-08,35,2026-09-08T16:30:00Z,II,Generation,21.895
E_HLTWW-1,HLTWW-1,2026-09-08,36,2026-09-08T17:00:00Z,II,Generation,21.822
E_HLTWW-1,HLTWW-1,2026-09-08,37,2026-09-08T17:30:00Z,II,Generation,19.770
E_HLTWW-1,HLTWW-1,2026-09-08,38,2026-09-08T18:00:00Z,II,Generation,19.500
E_HLTWW-1,HLTWW-1,2026-09-08,39,2026-09-08T18:30:00Z,II,Generation,19.248
E_HLTWW-1,HLTWW-1,2026-09-08,40,2026-09-08T19:00:00Z,II,Generation,18.668
E_HLTWW-1,HLTWW-1,2026-09-08,41,2026-09-08T19:30:00Z,II,Generation,15.766
E_HLTWW-1,HLTWW-1,2026-09-08,42,2026-09-08T20:00:00Z,II,Generation,12.700
E_HLTWW-1,HLTWW-1,2026-09-08,43,2026-09-08T20:30:00Z,II,Generation,11.762
E_HLTWW-1,HLTWW-1,2026-09-08,44,2026-09-08T21:00:00Z,II,Generation,10.229
E_HLTWW-1,HLTWW-1,2026-09-08,45,2026-09-08T21:30:00Z,II,Generation,13.400
E_HLTWW-1,HLTWW-1,2026-09-08,46,2026-09-08T22:00:00Z,II,Generation,12.231
E_HLTWW-1,HLTWW-1,2026-09-08,47,2026-09-08T22:30:00Z,II,Generation,12.841
E_HLTWW-1,HLTWW-1,2026-09-08,48,2026-09-08T23:00:00Z,II,Generation,11.074
E_HRHLW-1,HRHLW-1,2026-09-08,1,2026-09-07T23:30:00Z,II,Generation,11.044
E_HRHLW-1,HRHLW-1,2026-09-08,2,2026-09-08T00:00:00Z,II,Generation,2.248
E_HRHLW-1,HRHLW-1,2026-09-08,3,2026-09-08T00:30:00Z,II,Generation,-0.065
E_HRHLW-1,HRHLW-1,2026-09-08,4,2026-09-08T01:00:00Z,II,Generation,-0.066
E_HRHLW-1,HRHLW-1,2026-09-08,5,2026-09-08T01:30:00Z,II,Generation,-0.066
E_HRHLW-1,HRHLW-1,2026-09-08,6,2026-09-08T02:00:00Z,II,Generation,-0.063
E_HRHLW-1,HRHLW-1,2026-09-08,7,2026-09-08T02:30:00Z,II,Generation,-0.065
E_HRHLW-1,HRHLW-1,2026-09-08,8,2026-09-08T03:00:00Z,II,Generation,-0.068
E_HRHLW-1,HRHLW-1,2026-09-08,9,2026-09-08T03:30:00Z,II,Generation,-0.069
E_HRHLW-1,HRHLW-1,2026-09-08,10,2026-09-08T04:00:00Z,II,Generation,-0.069
E_HRHLW-1,HRHLW-1,2026-09-08,11,2026-09-08T04:30:00Z,II,Generation,-0.069
E_HRHLW-1,HRHLW-1,2026-09-08,12,2026-09-08T05:00:00Z,II,Generation,-0.067
E_HRHLW-1,HRHLW-1,2026-09-08,13,2026-09-08T05:30:00Z,II,Generation,-0.065
E_HRHLW-1,HRHLW-1,2026-09-08,14,2026-09-08T06:00:00Z,II,Generation,-0.064
E_HRHLW-1,HRHLW-1,2026-09-08,15,2026-09-08T06:30:00Z,II,Generation,-0.065
E_HRHLW-1,HRHLW-1,2026-09-08,16,2026-09-08T07:00:00Z,II,Generation,-0.063
E_HRHLW-1,HRHLW-1,2026-09-08,17,2026-09-08T07:30:00Z,II,Generation,-0.063
E_HRHLW-1,HRHLW-1,2026-09-08,18,2026-09-08T08:00:00Z,II,Generation,-0.064
E_HRHLW-1,HRHLW-1,2026-09-08,19,2026-09-08T08:30:00Z,II,Generation,0.081
E_HRHLW-1,HRHLW-1,2026-09-08,20,2026-09-08T09:00:00Z,II,Generation,9.882
E_HRHLW-1,HRHLW-1,2026-09-08,21,2026-09-08T09:30:00Z,II,Generation,10.748
E_HRHLW-1,HRHLW-1,2026-09-08,22,2026-09-08T10:00:00Z,II,Generation,12.918
E_HRHLW-1,HRHLW-1,2026-09-08,23,2026-09-08T10:30:00Z,II,Generation,12.839
E_HRHLW-1,HRHLW-1,2026-09-08,24,2026-09-08T11:00:00Z,II,Generation,13.385
E_HRHLW-1,HRHLW-1,2026-09-08,25,2026-09-08T11:30:00Z,II,Generation,5.561
E_HRHLW-1,HRHLW-1,2026-09-08,26,2026-09-08T12:00:00Z,II,Generation,4.978
E_HRHLW-1,HRHLW-1,2026-09-08,27,2026-09-08T12:30:00Z,II,Generation,4.975
E_HRHLW-1,HRHLW-1,2026-09-08,28,2026-09-08T13:00:00Z,II,Generation,4.976
E_HRHLW-1,HRHLW-1,2026-09-08,29,2026-09-08T13:30:00Z,II,Generation,4.977
E_HRHLW-1,HRHLW-1,2026-09-08,30,2026-09-08T14:00:00Z,II,Generation,4.977
E_HRHLW-1,HRHLW-1,2026-09-08,31,2026-09-08T14:30:00Z,II,Generation,4.977
E_HRHLW-1,HRHLW-1,2026-09-08,32,2026-09-08T15:00:00Z,II,Generation,4.977
E_HRHLW-1,HRHLW-1,2026-09-08,33,2026-09-08T15:30:00Z,II,Generation,4.977
E_HRHLW-1,HRHLW-1,2026-09-08,34,2026-09-08T16:00:00Z,II,Generation,4.978
E_HRHLW-1,HRHLW-1,2026-09-08,35,2026-09-08T16:30:00Z,II,Generation,4.975
E_HRHLW-1,HRHLW-1,2026-09-08,36,2026-09-08T17:00:00Z,II,Generation,4.977
E_HRHLW-1,HRHLW-1,2026-09-08,37,2026-09-08T17:30:00Z,II,Generation,4.979
E_HRHLW-1,HRHLW-1,2026-09-08,38,2026-09-08T18:00:00Z,II,Generation,4.976
E_HRHLW-1,HRHLW-1,2026-09-08,39,2026-09-08T18:30:00Z,II,Generation,4.975
E_HRHLW-1,HRHLW-1,2026-09-08,40,2026-09-08T19:00:00Z,II,Generation,4.979
E_HRHLW-1,HRHLW-1,2026-09-08,41,2026-09-08T19:30:00Z,II,Generation,4.977
E_HRHLW-1,HRHLW-1,2026-09-08,42,2026-09-08T20:00:00Z,II,Generation,4.978
E_HRHLW-1,HRHLW-1,2026-09-08,43,2026-09-08T20:30:00Z,II,Generation,4.978
E_HRHLW-1,HRHLW-1,2026-09-08,44,2026-09-08T21:00:00Z,II,Generation,4.977
E_HRHLW-1,HRHLW-1,2026-09-08,45,2026-09-08T21:30:00Z,II,Generation,8.452
E_HRHLW-1,HRHLW-1,2026-09-08,46,2026-09-08T22:00:00Z,II,Generation,7.818
E_HRHLW-1,HRHLW-1,2026-09-08,47,2026-09-08T22:30:00Z,II,Generation,7.390
E_HRHLW-1,HRHLW-1,2026-09-08,48,2026-09-08T23:00:00Z,II,Generation,7.177
E_HYWDW-1,HYWDW-1,2026-09-08,1,2026-09-07T23:30:00Z,II,Generation,14.240
E_HYWDW-1,HYWDW-1,2026-09-08,2,2026-09-08T00:00:00Z,II,Generation,14.230
E_HYWDW-1,HYWDW-1,2026-09-08,3,2026-09-08T00:30:00Z,II,Generation,14.240
E_HYWDW-1,HYWDW-1,2026-09-08,4,2026-09-08T01:00:00Z,II,Generation,14.240
E_HYWDW-1,HYWDW-1,2026-09-08,5,2026-09-08T01:30:00Z,II,Generation,14.240
E_HYWDW-1,HYWDW-1,2026-09-08,6,2026-09-08T02:00:00Z,II,Generation,14.240
E_HYWDW-1,HYWDW-1,2026-09-08,7,2026-09-08T02:30:00Z,II,Generation,14.240
E_HYWDW-1,HYWDW-1,2026-09-08,8,2026-09-08T03:00:00Z,II,Generation,14.230
E_HYWDW-1,HYWDW-1,2026-09-08,9,2026-09-08T03:30:00Z,II,Generation,14.240
E_HYWDW-1,HYWDW-1,2026-09-08,10,2026-09-08T04:00:00Z,II,Generation,14.240
E_HYWDW-1,HYWDW-1,2026-09-08,11,2026-09-08T04:30:00Z,II,Generation,14.240
E_HYWDW-1,HYWDW-1,2026-09-08,12,2026-09-08T05:00:00Z,II,Generation,14.240
E_HYWDW-1,HYWDW-1,2026-09-08,13,2026-09-08T05:30:00Z,II,Generation,14.230
E_HYWDW-1,HYWDW-1,2026-09-08,14,2026-09-08T06:00:00Z,II,Generation,14.240
E_HYWDW-1,HYWDW-1,2026-09-08,15,2026-09-08T06:30:00Z,II,Generation,14.230
E_HYWDW-1,HYWDW-1,2026-09-08,16,2026-09-08T07:00:00Z,II,Generation,14.230
E_HYWDW-1,HYWDW-1,2026-09-08,17,2026-09-08T07:30:00Z,II,Generation,14.240
E_HYWDW-1,HYWDW-1,2026-09-08,18,2026-09-08T08:00:00Z,II,Generation,14.230
E_HYWDW-1,HYWDW-1,2026-09-08,19,2026-09-08T08:30:00Z,II,Generation,14.230
E_HYWDW-1,HYWDW-1,2026-09-08,20,2026-09-08T09:00:00Z,II,Generation,14.240
E_HYWDW-1,HYWDW-1,2026-09-08,21,2026-09-08T09:30:00Z,II,Generation,14.230
E_HYWDW-1,HYWDW-1,2026-09-08,22,2026-09-08T10:00:00Z,II,Generation,14.240
E_HYWDW-1,HYWDW-1,2026-09-08,23,2026-09-08T10:30:00Z,II,Generation,14.230
E_HYWDW-1,HYWDW-1,2026-09-08,24,2026-09-08T11:00:00Z,II,Generation,14.230
E_HYWDW-1,HYWDW-1,2026-09-08,25,2026-09-08T11:30:00Z,II,Generation,14.230
E_HYWDW-1,HYWDW-1,2026-09-08,26,2026-09-08T12:00:00Z,II,Generation,14.240
E_HYWDW-1,HYWDW-1,2026-09-08,27,2026-09-08T12:30:00Z,II,Generation,14.220
E_HYWDW-1,HYWDW-1,2026-09-08,28,2026-09-08T13:00:00Z,II,Generation,14.170
E_HYWDW-1,HYWDW-1,2026-09-08,29,2026-09-08T13:30:00Z,II,Generation,13.190
E_HYWDW-1,HYWDW-1,2026-09-08,30,2026-09-08T14:00:00Z,II,Generation,13.930
E_HYWDW-1,HYWDW-1,2026-09-08,31,2026-09-08T14:30:00Z,II,Generation,12.980
E_HYWDW-1,HYWDW-1,2026-09-08,32,2026-09-08T15:00:00Z,II,Generation,14.110
E_HYWDW-1,HYWDW-1,2026-09-08,33,2026-09-08T15:30:00Z,II,Generation,14.070
E_HYWDW-1,HYWDW-1,2026-09-08,34,2026-09-08T16:00:00Z,II,Generation,14.160
E_HYWDW-1,HYWDW-1,2026-09-08,35,2026-09-08T16:30:00Z,II,Generation,11.050
E_HYWDW-1,HYWDW-1,2026-09-08,36,2026-09-08T17:00:00Z,II,Generation,5.730
E_HYWDW-1,HYWDW-1,2026-09-08,37,2026-09-08T17:30:00Z,II,Generation,12.580
E_HYWDW-1,HYWDW-1,2026-09-08,38,2026-09-08T18:00:00Z,II,Generation,14.230
E_HYWDW-1,HYWDW-1,2026-09-08,39,2026-09-08T18:30:00Z,II,Generation,14.130
E_HYWDW-1,HYWDW-1,2026-09-08,40,2026-09-08T19:00:00Z,II,Generation,14.220
E_HYWDW-1,HYWDW-1,2026-09-08,41,2026-09-08T19:30:00Z,II,Generation,14.240
E_HYWDW-1,HYWDW-1,2026-09-08,42,2026-09-08T20:00:00Z,II,Generation,14.240
E_HYWDW-1,HYWDW-1,2026-09-08,43,2026-09-08T20:30:00Z,II,Generation,14.230
E_HYWDW-1,HYWDW-1,2026-09-08,44,2026-09-08T21:00:00Z,II,Generation,14.240
E_HYWDW-1,HYWDW-1,2026-09-08,45,2026-09-08T21:30:00Z,II,Generation,14.240
E_HYWDW-1,HYWDW-1,2026-09-08,46,2026-09-08T22:00:00Z,II,Generation,14.240
E_HYWDW-1,HYWDW-1,2026-09-08,47,2026-09-08T22:30:00Z,II,Generation,14.230
E_HYWDW-1,HYWDW-1,2026-09-08,48,2026-09-08T23:00:00Z,II,Generation,14.240
E_KHLLW-1,KHLLW-1,2026-09-08,1,2026-09-07T23:30:00Z,II,Generation,8.521
E_KHLLW-1,KHLLW-1,2026-09-08,2,2026-09-08T00:00:00Z,II,Generation,8.421
E_KHLLW-1,KHLLW-1,2026-09-08,3,2026-09-08T00:30:00Z,II,Generation,8.496
E_KHLLW-1,KHLLW-1,2026-09-08,4,2026-09-08T01:00:00Z,II,Generation,8.262
E_KHLLW-1,KHLLW-1,2026-09-08,5,2026-09-08T01:30:00Z,II,Generation,8.182
E_KHLLW-1,KHLLW-1,2026-09-08,6,2026-09-08T02:00:00Z,II,Generation,8.765
E_KHLLW-1,KHLLW-1,2026-09-08,7,2026-09-08T02:30:00Z,II,Generation,8.371
E_KHLLW-1,KHLLW-1,2026-09-08,8,2026-09-08T03:00:00Z,II,Generation,8.083
E_KHLLW-1,KHLLW-1,2026-09-08,9,2026-09-08T03:30:00Z,II,Generation,8.625
E_KHLLW-1,KHLLW-1,2026-09-08,10,2026-09-08T04:00:00Z,II,Generation,8.566
E_KHLLW-1,KHLLW-1,2026-09-08,11,2026-09-08T04:30:00Z,II,Generation,8.212
E_KHLLW-1,KHLLW-1,2026-09-08,12,2026-09-08T05:00:00Z,II,Generation,8.496
E_KHLLW-1,KHLLW-1,2026-09-08,13,2026-09-08T05:30:00Z,II,Generation,8.242
E_KHLLW-1,KHLLW-1,2026-09-08,14,2026-09-08T06:00:00Z,II,Generation,8.401
E_KHLLW-1,KHLLW-1,2026-09-08,15,2026-09-08T06:30:00Z,II,Generation,8.376
E_KHLLW-1,KHLLW-1,2026-09-08,16,2026-09-08T07:00:00Z,II,Generation,8.840
E_KHLLW-1,KHLLW-1,2026-09-08,17,2026-09-08T07:30:00Z,II,Generation,8.635
E_KHLLW-1,KHLLW-1,2026-09-08,18,2026-09-08T08:00:00Z,II,Generation,8.745
E_KHLLW-1,KHLLW-1,2026-09-08,19,2026-09-08T08:30:00Z,II,Generation,8.775
E_KHLLW-1,KHLLW-1,2026-09-08,20,2026-09-08T09:00:00Z,II,Generation,8.586
E_KHLLW-1,KHLLW-1,2026-09-08,21,2026-09-08T09:30:00Z,II,Generation,7.580
E_KHLLW-1,KHLLW-1,2026-09-08,22,2026-09-08T10:00:00Z,II,Generation,7.116
E_KHLLW-1,KHLLW-1,2026-09-08,23,2026-09-08T10:30:00Z,II,Generation,8.625
E_KHLLW-1,KHLLW-1,2026-09-08,24,2026-09-08T11:00:00Z,II,Generation,9.029
E_KHLLW-1,KHLLW-1,2026-09-08,25,2026-09-08T11:30:00Z,II,Generation,9.118
E_KHLLW-1,KHLLW-1,2026-09-08,26,2026-09-08T12:00:00Z,II,Generation,9.203
E_KHLLW-1,KHLLW-1,2026-09-08,27,2026-09-08T12:30:00Z,II,Generation,9.188
E_KHLLW-1,KHLLW-1,2026-09-08,28,2026-09-08T13:00:00Z,II,Generation,9.103
E_KHLLW-1,KHLLW-1,2026-09-08,29,2026-09-08T13:30:00Z,II,Generation,8.884
E_KHLLW-1,KHLLW-1,2026-09-08,30,2026-09-08T14:00:00Z,II,Generation,8.984
E_KHLLW-1,KHLLW-1,2026-09-08,31,2026-09-08T14:30:00Z,II,Generation,9.183
E_KHLLW-1,KHLLW-1,2026-09-08,32,2026-09-08T15:00:00Z,II,Generation,9.163
E_KHLLW-1,KHLLW-1,2026-09-08,33,2026-09-08T15:30:00Z,II,Generation,9.024
E_KHLLW-1,KHLLW-1,2026-09-08,34,2026-09-08T16:00:00Z,II,Generation,8.869
E_KHLLW-1,KHLLW-1,2026-09-08,35,2026-09-08T16:30:00Z,II,Generation,9.094
E_KHLLW-1,KHLLW-1,2026-09-08,36,2026-09-08T17:00:00Z,II,Generation,9.183
E_KHLLW-1,KHLLW-1,2026-09-08,37,2026-09-08T17:30:00Z,II,Generation,8.750
E_KHLLW-1,KHLLW-1,2026-09-08,38,2026-09-08T18:00:00Z,II,Generation,8.904
E_KHLLW-1,KHLLW-1,2026-09-08,39,2026-09-08T18:30:00Z,II,Generation,9.103
E_KHLLW-1,KHLLW-1,2026-09-08,40,2026-09-08T19:00:00Z,II,Generation,8.063
E_KHLLW-1,KHLLW-1,2026-09-08,41,2026-09-08T19:30:00Z,II,Generation,8.780
E_KHLLW-1,KHLLW-1,2026-09-08,42,2026-09-08T20:00:00Z,II,Generation,6.947
E_KHLLW-1,KHLLW-1,2026-09-08,43,2026-09-08T20:30:00Z,II,Generation,6.653
E_KHLLW-1,KHLLW-1,2026-09-08,44,2026-09-08T21:00:00Z,II,Generation,7.032
E_KHLLW-1,KHLLW-1,2026-09-08,45,2026-09-08T21:30:00Z,II,Generation,5.413
E_KHLLW-1,KHLLW-1,2026-09-08,46,2026-09-08T22:00:00Z,II,Generation,2.102
E_KHLLW-1,KHLLW-1,2026-09-08,47,2026-09-08T22:30:00Z,II,Generation,2.380
E_KHLLW-1,KHLLW-1,2026-09-08,48,2026-09-08T23:00:00Z,II,Generation,3.028
E_KINCW-1,KINCW-1,2026-09-08,1,2026-09-07T23:30:00Z,II,Generation,21.615
E_KINCW-1,KINCW-1,2026-09-08,2,2026-09-08T00:00:00Z,II,Generation,22.887
E_KINCW-1,KINCW-1,2026-09-08,3,2026-09-08T00:30:00Z,II,Generation,22.930
E_KINCW-1,KINCW-1,2026-09-08,4,2026-09-08T01:00:00Z,II,Generation,22.929
E_KINCW-1,KINCW-1,2026-09-08,5,2026-09-08T01:30:00Z,II,Generation,22.917
E_KINCW-1,KINCW-1,2026-09-08,6,2026-09-08T02:00:00Z,II,Generation,22.920
E_KINCW-1,KINCW-1,2026-09-08,7,2026-09-08T02:30:00Z,II,Generation,22.732
E_KINCW-1,KINCW-1,2026-09-08,8,2026-09-08T03:00:00Z,II,Generation,22.884
E_KINCW-1,KINCW-1,2026-09-08,9,2026-09-08T03:30:00Z,II,Generation,22.831
E_KINCW-1,KINCW-1,2026-09-08,10,2026-09-08T04:00:00Z,II,Generation,22.922
E_KINCW-1,KINCW-1,2026-09-08,11,2026-09-08T04:30:00Z,II,Generation,22.922
E_KINCW-1,KINCW-1,2026-09-08,12,2026-09-08T05:00:00Z,II,Generation,22.918
E_KINCW-1,KINCW-1,2026-09-08,13,2026-09-08T05:30:00Z,II,Generation,22.927
E_KINCW-1,KINCW-1,2026-09-08,14,2026-09-08T06:00:00Z,II,Generation,22.902
E_KINCW-1,KINCW-1,2026-09-08,15,2026-09-08T06:30:00Z,II,Generation,22.921
E_KINCW-1,KINCW-1,2026-09-08,16,2026-09-08T07:00:00Z,II,Generation,22.912
E_KINCW-1,KINCW-1,2026-09-08,17,2026-09-08T07:30:00Z,II,Generation,22.893
E_KINCW-1,KINCW-1,2026-09-08,18,2026-09-08T08:00:00Z,II,Generation,22.234
E_KINCW-1,KINCW-1,2026-09-08,19,2026-09-08T08:30:00Z,II,Generation,18.587
E_KINCW-1,KINCW-1,2026-09-08,20,2026-09-08T09:00:00Z,II,Generation,20.913
E_KINCW-1,KINCW-1,2026-09-08,21,2026-09-08T09:30:00Z,II,Generation,19.934
E_KINCW-1,KINCW-1,2026-09-08,22,2026-09-08T10:00:00Z,II,Generation,22.617
E_KINCW-1,KINCW-1,2026-09-08,23,2026-09-08T10:30:00Z,II,Generation,22.855
E_KINCW-1,KINCW-1,2026-09-08,24,2026-09-08T11:00:00Z,II,Generation,22.265
E_KINCW-1,KINCW-1,2026-09-08,25,2026-09-08T11:30:00Z,II,Generation,22.668
E_KINCW-1,KINCW-1,2026-09-08,26,2026-09-08T12:00:00Z,II,Generation,22.573
E_KINCW-1,KINCW-1,2026-09-08,27,2026-09-08T12:30:00Z,II,Generation,20.199
E_KINCW-1,KINCW-1,2026-09-08,28,2026-09-08T13:00:00Z,II,Generation,22.503
E_KINCW-1,KINCW-1,2026-09-08,29,2026-09-08T13:30:00Z,II,Generation,22.883
E_KINCW-1,KINCW-1,2026-09-08,30,2026-09-08T14:00:00Z,II,Generation,22.835
E_KINCW-1,KINCW-1,2026-09-08,31,2026-09-08T14:30:00Z,II,Generation,22.777
E_KINCW-1,KINCW-1,2026-09-08,32,2026-09-08T15:00:00Z,II,Generation,21.373
E_KINCW-1,KINCW-1,2026-09-08,33,2026-09-08T15:30:00Z,II,Generation,22.878
E_KINCW-1,KINCW-1,2026-09-08,34,2026-09-08T16:00:00Z,II,Generation,19.814
E_KINCW-1,KINCW-1,2026-09-08,35,2026-09-08T16:30:00Z,II,Generation,22.812
E_KINCW-1,KINCW-1,2026-09-08,36,2026-09-08T17:00:00Z,II,Generation,22.811
E_KINCW-1,KINCW-1,2026-09-08,37,2026-09-08T17:30:00Z,II,Generation,22.832
E_KINCW-1,KINCW-1,2026-09-08,38,2026-09-08T18:00:00Z,II,Generation,22.898
E_KINCW-1,KINCW-1,2026-09-08,39,2026-09-08T18:30:00Z,II,Generation,22.768
E_KINCW-1,KINCW-1,2026-09-08,40,2026-09-08T19:00:00Z,II,Generation,22.893
E_KINCW-1,KINCW-1,2026-09-08,41,2026-09-08T19:30:00Z,II,Generation,22.906
E_KINCW-1,KINCW-1,2026-09-08,42,2026-09-08T20:00:00Z,II,Generation,22.895
E_KINCW-1,KINCW-1,2026-09-08,43,2026-09-08T20:30:00Z,II,Generation,22.884
E_KINCW-1,KINCW-1,2026-09-08,44,2026-09-08T21:00:00Z,II,Generation,22.915
E_KINCW-1,KINCW-1,2026-09-08,45,2026-09-08T21:30:00Z,II,Generation,22.912
E_KINCW-1,KINCW-1,2026-09-08,46,2026-09-08T22:00:00Z,II,Generation,22.785
E_KINCW-1,KINCW-1,2026-09-08,47,2026-09-08T22:30:00Z,II,Generation,22.695
E_KINCW-1,KINCW-1,2026-09-08,48,2026-09-08T23:00:00Z,II,Generation,22.764
E_MINSW-1,MINSW-1,2026-09-08,1,2026-09-07T23:30:00Z,II,Generation,2.946
E_MINSW-1,MINSW-1,2026-09-08,2,2026-09-08T00:00:00Z,II,Generation,5.069
E_MINSW-1,MINSW-1,2026-09-08,3,2026-09-08T00:30:00Z,II,Generation,7.093
E_MINSW-1,MINSW-1,2026-09-08,4,2026-09-08T01:00:00Z,II,Generation,11.626
E_MINSW-1,MINSW-1,2026-09-08,5,2026-09-08T01:30:00Z,II,Generation,15.530
E_MINSW-1,MINSW-1,2026-09-08,6,2026-09-08T02:00:00Z,II,Generation,13.174
E_MINSW-1,MINSW-1,2026-09-08,7,2026-09-08T02:30:00Z,II,Generation,15.381
E_MINSW-1,MINSW-1,2026-09-08,8,2026-09-08T03:00:00Z,II,Generation,16.983
E_MINSW-1,MINSW-1,2026-09-08,9,2026-09-08T03:30:00Z,II,Generation,11.205
E_MINSW-1,MINSW-1,2026-09-08,10,2026-09-08T04:00:00Z,II,Generation,9.151
E_MINSW-1,MINSW-1,2026-09-08,11,2026-09-08T04:30:00Z,II,Generation,9.632
E_MINSW-1,MINSW-1,2026-09-08,12,2026-09-08T05:00:00Z,II,Generation,8.199
E_MINSW-1,MINSW-1,2026-09-08,13,2026-09-08T05:30:00Z,II,Generation,10.322
E_MINSW-1,MINSW-1,2026-09-08,14,2026-09-08T06:00:00Z,II,Generation,13.466
E_MINSW-1,MINSW-1,2026-09-08,15,2026-09-08T06:30:00Z,II,Generation,12.509
E_MINSW-1,MINSW-1,2026-09-08,16,2026-09-08T07:00:00Z,II,Generation,9.280
E_MINSW-1,MINSW-1,2026-09-08,17,2026-09-08T07:30:00Z,II,Generation,9.196
E_MINSW-1,MINSW-1,2026-09-08,18,2026-09-08T08:00:00Z,II,Generation,10.019
E_MINSW-1,MINSW-1,2026-09-08,19,2026-09-08T08:30:00Z,II,Generation,9.469
E_MINSW-1,MINSW-1,2026-09-08,20,2026-09-08T09:00:00Z,II,Generation,11.363
E_MINSW-1,MINSW-1,2026-09-08,21,2026-09-08T09:30:00Z,II,Generation,12.212
E_MINSW-1,MINSW-1,2026-09-08,22,2026-09-08T10:00:00Z,II,Generation,11.552
E_MINSW-1,MINSW-1,2026-09-08,23,2026-09-08T10:30:00Z,II,Generation,9.880
E_MINSW-1,MINSW-1,2026-09-08,24,2026-09-08T11:00:00Z,II,Generation,9.980
E_MINSW-1,MINSW-1,2026-09-08,25,2026-09-08T11:30:00Z,II,Generation,10.991
E_MINSW-1,MINSW-1,2026-09-08,26,2026-09-08T12:00:00Z,II,Generation,12.316
E_MINSW-1,MINSW-1,2026-09-08,27,2026-09-08T12:30:00Z,II,Generation,16.735
E_MINSW-1,MINSW-1,2026-09-08,28,2026-09-08T13:00:00Z,II,Generation,17.692
E_MINSW-1,MINSW-1,2026-09-08,29,2026-09-08T13:30:00Z,II,Generation,17.549
E_MINSW-1,MINSW-1,2026-09-08,30,2026-09-08T14:00:00Z,II,Generation,16.313
E_MINSW-1,MINSW-1,2026-09-08,31,2026-09-08T14:30:00Z,II,Generation,16.244
E_MINSW-1,MINSW-1,2026-09-08,32,2026-09-08T15:00:00Z,II,Generation,13.541
E_MINSW-1,MINSW-1,2026-09-08,33,2026-09-08T15:30:00Z,II,Generation,15.510
E_MINSW-1,MINSW-1,2026-09-08,34,2026-09-08T16:00:00Z,II,Generation,16.095
E_MINSW-1,MINSW-1,2026-09-08,35,2026-09-08T16:30:00Z,II,Generation,16.462
E_MINSW-1,MINSW-1,2026-09-08,36,2026-09-08T17:00:00Z,II,Generation,15.128
E_MINSW-1,MINSW-1,2026-09-08,37,2026-09-08T17:30:00Z,II,Generation,9.771
E_MINSW-1,MINSW-1,2026-09-08,38,2026-09-08T18:00:00Z,II,Generation,6.612
E_MINSW-1,MINSW-1,2026-09-08,39,2026-09-08T18:30:00Z,II,Generation,10.768
E_MINSW-1,MINSW-1,2026-09-08,40,2026-09-08T19:00:00Z,II,Generation,10.937
E_MINSW-1,MINSW-1,2026-09-08,41,2026-09-08T19:30:00Z,II,Generation,13.957
E_MINSW-1,MINSW-1,2026-09-08,42,2026-09-08T20:00:00Z,II,Generation,15.401
E_MINSW-1,MINSW-1,2026-09-08,43,2026-09-08T20:30:00Z,II,Generation,15.763
E_MINSW-1,MINSW-1,2026-09-08,44,2026-09-08T21:00:00Z,II,Generation,14.007
E_MINSW-1,MINSW-1,2026-09-08,45,2026-09-08T21:30:00Z,II,Generation,9.241
E_MINSW-1,MINSW-1,2026-09-08,46,2026-09-08T22:00:00Z,II,Generation,8.655
E_MINSW-1,MINSW-1,2026-09-08,47,2026-09-08T22:30:00Z,II,Generation,9.171
E_MINSW-1,MINSW-1,2026-09-08,48,2026-09-08T23:00:00Z,II,Generation,12.420
E_MOYEW-1,MOYEW-1,2026-09-08,1,2026-09-07T23:30:00Z,II,Generation,22.595
E_MOYEW-1,MOYEW-1,2026-09-08,2,2026-09-08T00:00:00Z,II,Generation,18.391
E_MOYEW-1,MOYEW-1,2026-09-08,3,2026-09-08T00:30:00Z,II,Generation,20.381
E_MOYEW-1,MOYEW-1,2026-09-08,4,2026-09-08T01:00:00Z,II,Generation,21.624
E_MOYEW-1,MOYEW-1,2026-09-08,5,2026-09-08T01:30:00Z,II,Generation,21.411
E_MOYEW-1,MOYEW-1,2026-09-08,6,2026-09-08T02:00:00Z,II,Generation,21.469
E_MOYEW-1,MOYEW-1,2026-09-08,7,2026-09-08T02:30:00Z,II,Generation,23.479
E_MOYEW-1,MOYEW-1,2026-09-08,8,2026-09-08T03:00:00Z,II,Generation,22.925
E_MOYEW-1,MOYEW-1,2026-09-08,9,2026-09-08T03:30:00Z,II,Generation,23.508
E_MOYEW-1,MOYEW-1,2026-09-08,10,2026-09-08T04:00:00Z,II,Generation,22.139
E_MOYEW-1,MOYEW-1,2026-09-08,11,2026-09-08T04:30:00Z,II,Generation,18.886
E_MOYEW-1,MOYEW-1,2026-09-08,12,2026-09-08T05:00:00Z,II,Generation,18.964
E_MOYEW-1,MOYEW-1,2026-09-08,13,2026-09-08T05:30:00Z,II,Generation,22.789
E_MOYEW-1,MOYEW-1,2026-09-08,14,2026-09-08T06:00:00Z,II,Generation,21.721
E_MOYEW-1,MOYEW-1,2026-09-08,15,2026-09-08T06:30:00Z,II,Generation,21.042
E_MOYEW-1,MOYEW-1,2026-09-08,16,2026-09-08T07:00:00Z,II,Generation,18.876
E_MOYEW-1,MOYEW-1,2026-09-08,17,2026-09-08T07:30:00Z,II,Generation,19.420
E_MOYEW-1,MOYEW-1,2026-09-08,18,2026-09-08T08:00:00Z,II,Generation,22.420
E_MOYEW-1,MOYEW-1,2026-09-08,19,2026-09-08T08:30:00Z,II,Generation,24.498
E_MOYEW-1,MOYEW-1,2026-09-08,20,2026-09-08T09:00:00Z,II,Generation,21.964
E_MOYEW-1,MOYEW-1,2026-09-08,21,2026-09-08T09:30:00Z,II,Generation,21.964
E_MOYEW-1,MOYEW-1,2026-09-08,22,2026-09-08T10:00:00Z,II,Generation,22.702
E_MOYEW-1,MOYEW-1,2026-09-08,23,2026-09-08T10:30:00Z,II,Generation,21.673
E_MOYEW-1,MOYEW-1,2026-09-08,24,2026-09-08T11:00:00Z,II,Generation,17.896
E_MOYEW-1,MOYEW-1,2026-09-08,25,2026-09-08T11:30:00Z,II,Generation,20.401
E_MOYEW-1,MOYEW-1,2026-09-08,26,2026-09-08T12:00:00Z,II,Generation,21.828
E_MOYEW-1,MOYEW-1,2026-09-08,27,2026-09-08T12:30:00Z,II,Generation,24.168
E_MOYEW-1,MOYEW-1,2026-09-08,28,2026-09-08T13:00:00Z,II,Generation,21.051
E_MOYEW-1,MOYEW-1,2026-09-08,29,2026-09-08T13:30:00Z,II,Generation,23.401
E_MOYEW-1,MOYEW-1,2026-09-08,30,2026-09-08T14:00:00Z,II,Generation,24.430
E_MOYEW-1,MOYEW-1,2026-09-08,31,2026-09-08T14:30:00Z,II,Generation,24.110
E_MOYEW-1,MOYEW-1,2026-09-08,32,2026-09-08T15:00:00Z,II,Generation,22.265
E_MOYEW-1,MOYEW-1,2026-09-08,33,2026-09-08T15:30:00Z,II,Generation,22.382
E_MOYEW-1,MOYEW-1,2026-09-08,34,2026-09-08T16:00:00Z,II,Generation,20.896
E_MOYEW-1,MOYEW-1,2026-09-08,35,2026-09-08T16:30:00Z,II,Generation,18.779
E_MOYEW-1,MOYEW-1,2026-09-08,36,2026-09-08T17:00:00Z,II,Generation,17.400
E_MOYEW-1,MOYEW-1,2026-09-08,37,2026-09-08T17:30:00Z,II,Generation,19.003
E_MOYEW-1,MOYEW-1,2026-09-08,38,2026-09-08T18:00:00Z,II,Generation,16.895
E_MOYEW-1,MOYEW-1,2026-09-08,39,2026-09-08T18:30:00Z,II,Generation,14.419
E_MOYEW-1,MOYEW-1,2026-09-08,40,2026-09-08T19:00:00Z,II,Generation,13.497
E_MOYEW-1,MOYEW-1,2026-09-08,41,2026-09-08T19:30:00Z,II,Generation,13.691
E_MOYEW-1,MOYEW-1,2026-09-08,42,2026-09-08T20:00:00Z,II,Generation,10.972
E_MOYEW-1,MOYEW-1,2026-09-08,43,2026-09-08T20:30:00Z,II,Generation,4.826
E_MOYEW-1,MOYEW-1,2026-09-08,44,2026-09-08T21:00:00Z,II,Generation,8.030
E_MOYEW-1,MOYEW-1,2026-09-08,45,2026-09-08T21:30:00Z,II,Generation,9.234
E_MOYEW-1,MOYEW-1,2026-09-08,46,2026-09-08T22:00:00Z,II,Generation,3.971
E_MOYEW-1,MOYEW-1,2026-09-08,47,2026-09-08T22:30:00Z,II,Generation,5.972
E_MOYEW-1,MOYEW-1,2026-09-08,48,2026-09-08T23:00:00Z,II,Generation,6.088
E_PIBUW-1,PIBUW-1,2026-09-08,1,2026-09-07T23:30:00Z,II,Generation,13.021
E_PIBUW-1,PIBUW-1,2026-09-08,2,2026-09-08T00:00:00Z,II,Generation,14.288
E_PIBUW-1,PIBUW-1,2026-09-08,3,2026-09-08T00:30:00Z,II,Generation,13.833
E_PIBUW-1,PIBUW-1,2026-09-08,4,2026-09-08T01:00:00Z,II,Generation,12.507
E_PIBUW-1,PIBUW-1,2026-09-08,5,2026-09-08T01:30:00Z,II,Generation,15.388
E_PIBUW-1,PIBUW-1,2026-09-08,6,2026-09-08T02:00:00Z,II,Generation,9.800
E_PIBUW-1,PIBUW-1,2026-09-08,7,2026-09-08T02:30:00Z,II,Generation,13.572
E_PIBUW-1,PIBUW-1,2026-09-08,8,2026-09-08T03:00:00Z,II,Generation,14.076
E_PIBUW-1,PIBUW-1,2026-09-08,9,2026-09-08T03:30:00Z,II,Generation,12.346
E_PIBUW-1,PIBUW-1,2026-09-08,10,2026-09-08T04:00:00Z,II,Generation,12.115
E_PIBUW-1,PIBUW-1,2026-09-08,11,2026-09-08T04:30:00Z,II,Generation,11.016
E_PIBUW-1,PIBUW-1,2026-09-08,12,2026-09-08T05:00:00Z,II,Generation,10.148
E_PIBUW-1,PIBUW-1,2026-09-08,13,2026-09-08T05:30:00Z,II,Generation,11.969
E_PIBUW-1,PIBUW-1,2026-09-08,14,2026-09-08T06:00:00Z,II,Generation,12.788
E_PIBUW-1,PIBUW-1,2026-09-08,15,2026-09-08T06:30:00Z,II,Generation,9.509
E_PIBUW-1,PIBUW-1,2026-09-08,16,2026-09-08T07:00:00Z,II,Generation,10.456
E_PIBUW-1,PIBUW-1,2026-09-08,17,2026-09-08T07:30:00Z,II,Generation,12.013
E_PIBUW-1,PIBUW-1,2026-09-08,18,2026-09-08T08:00:00Z,II,Generation,11.929
E_PIBUW-1,PIBUW-1,2026-09-08,19,2026-09-08T08:30:00Z,II,Generation,12.270
E_PIBUW-1,PIBUW-1,2026-09-08,20,2026-09-08T09:00:00Z,II,Generation,12.201
E_PIBUW-1,PIBUW-1,2026-09-08,21,2026-09-08T09:30:00Z,II,Generation,10.791
E_PIBUW-1,PIBUW-1,2026-09-08,22,2026-09-08T10:00:00Z,II,Generation,10.110
E_PIBUW-1,PIBUW-1,2026-09-08,23,2026-09-08T10:30:00Z,II,Generation,9.559
E_PIBUW-1,PIBUW-1,2026-09-08,24,2026-09-08T11:00:00Z,II,Generation,10.646
E_PIBUW-1,PIBUW-1,2026-09-08,25,2026-09-08T11:30:00Z,II,Generation,7.796
E_PIBUW-1,PIBUW-1,2026-09-08,26,2026-09-08T12:00:00Z,II,Generation,8.080
E_PIBUW-1,PIBUW-1,2026-09-08,27,2026-09-08T12:30:00Z,II,Generation,8.899
E_PIBUW-1,PIBUW-1,2026-09-08,28,2026-09-08T13:00:00Z,II,Generation,4.149
E_PIBUW-1,PIBUW-1,2026-09-08,29,2026-09-08T13:30:00Z,II,Generation,8.918
E_PIBUW-1,PIBUW-1,2026-09-08,30,2026-09-08T14:00:00Z,II,Generation,12.217
E_PIBUW-1,PIBUW-1,2026-09-08,31,2026-09-08T14:30:00Z,II,Generation,9.432
E_PIBUW-1,PIBUW-1,2026-09-08,32,2026-09-08T15:00:00Z,II,Generation,14.517
E_PIBUW-1,PIBUW-1,2026-09-08,33,2026-09-08T15:30:00Z,II,Generation,12.962
E_PIBUW-1,PIBUW-1,2026-09-08,34,2026-09-08T16:00:00Z,II,Generation,15.683
E_PIBUW-1,PIBUW-1,2026-09-08,35,2026-09-08T16:30:00Z,II,Generation,14.501
E_PIBUW-1,PIBUW-1,2026-09-08,36,2026-09-08T17:00:00Z,II,Generation,13.613
E_PIBUW-1,PIBUW-1,2026-09-08,37,2026-09-08T17:30:00Z,II,Generation,13.729
E_PIBUW-1,PIBUW-1,2026-09-08,38,2026-09-08T18:00:00Z,II,Generation,15.005
E_PIBUW-1,PIBUW-1,2026-09-08,39,2026-09-08T18:30:00Z,II,Generation,13.309
E_PIBUW-1,PIBUW-1,2026-09-08,40,2026-09-08T19:00:00Z,II,Generation,9.091
E_PIBUW-1,PIBUW-1,2026-09-08,41,2026-09-08T19:30:00Z,II,Generation,6.407
E_PIBUW-1,PIBUW-1,2026-09-08,42,2026-09-08T20:00:00Z,II,Generation,5.824
E_PIBUW-1,PIBUW-1,2026-09-08,43,2026-09-08T20:30:00Z,II,Generation,6.985
E_PIBUW-1,PIBUW-1,2026-09-08,44,2026-09-08T21:00:00Z,II,Generation,7.474
E_PIBUW-1,PIBUW-1,2026-09-08,45,2026-09-08T21:30:00Z,II,Generation,8.852
E_PIBUW-1,PIBUW-1,2026-09-08,46,2026-09-08T22:00:00Z,II,Generation,8.961
E_PIBUW-1,PIBUW-1,2026-09-08,47,2026-09-08T22:30:00Z,II,Generation,6.427
E_PIBUW-1,PIBUW-1,2026-09-08,48,2026-09-08T23:00:00Z,II,Generation,4.899
E_STRHW-1,STRHW-1,2026-09-08,1,2026-09-07T23:30:00Z,II,Generation,1.929
E_STRHW-1,STRHW-1,2026-09-08,2,2026-09-08T00:00:00Z,II,Generation,2.353
E_STRHW-1,STRHW-1,2026-09-08,3,2026-09-08T00:30:00Z,II,Generation,3.840
E_STRHW-1,STRHW-1,2026-09-08,4,2026-09-08T01:00:00Z,II,Generation,3.444
E_STRHW-1,STRHW-1,2026-09-08,5,2026-09-08T01:30:00Z,II,Generation,5.270
E_STRHW-1,STRHW-1,2026-09-08,6,2026-09-08T02:00:00Z,II,Generation,8.429
E_STRHW-1,STRHW-1,2026-09-08,7,2026-09-08T02:30:00Z,II,Generation,9.614
E_STRHW-1,STRHW-1,2026-09-08,8,2026-09-08T03:00:00Z,II,Generation,3.976
E_STRHW-1,STRHW-1,2026-09-08,9,2026-09-08T03:30:00Z,II,Generation,4.740
E_STRHW-1,STRHW-1,2026-09-08,10,2026-09-08T04:00:00Z,II,Generation,8.097
E_STRHW-1,STRHW-1,2026-09-08,11,2026-09-08T04:30:00Z,II,Generation,13.731
E_STRHW-1,STRHW-1,2026-09-08,12,2026-09-08T05:00:00Z,II,Generation,5.678
E_STRHW-1,STRHW-1,2026-09-08,13,2026-09-08T05:30:00Z,II,Generation,8.143
E_STRHW-1,STRHW-1,2026-09-08,14,2026-09-08T06:00:00Z,II,Generation,8.031
E_STRHW-1,STRHW-1,2026-09-08,15,2026-09-08T06:30:00Z,II,Generation,12.740
E_STRHW-1,STRHW-1,2026-09-08,16,2026-09-08T07:00:00Z,II,Generation,16.152
E_STRHW-1,STRHW-1,2026-09-08,17,2026-09-08T07:30:00Z,II,Generation,16.507
E_STRHW-1,STRHW-1,2026-09-08,18,2026-09-08T08:00:00Z,II,Generation,14.604
E_STRHW-1,STRHW-1,2026-09-08,19,2026-09-08T08:30:00Z,II,Generation,12.586
E_STRHW-1,STRHW-1,2026-09-08,20,2026-09-08T09:00:00Z,II,Generation,11.880
E_STRHW-1,STRHW-1,2026-09-08,21,2026-09-08T09:30:00Z,II,Generation,8.510
E_STRHW-1,STRHW-1,2026-09-08,22,2026-09-08T10:00:00Z,II,Generation,14.085
E_STRHW-1,STRHW-1,2026-09-08,23,2026-09-08T10:30:00Z,II,Generation,10.655
E_STRHW-1,STRHW-1,2026-09-08,24,2026-09-08T11:00:00Z,II,Generation,11.134
E_STRHW-1,STRHW-1,2026-09-08,25,2026-09-08T11:30:00Z,II,Generation,17.489
E_STRHW-1,STRHW-1,2026-09-08,26,2026-09-08T12:00:00Z,II,Generation,16.818
E_STRHW-1,STRHW-1,2026-09-08,27,2026-09-08T12:30:00Z,II,Generation,17.110
E_STRHW-1,STRHW-1,2026-09-08,28,2026-09-08T13:00:00Z,II,Generation,17.732
E_STRHW-1,STRHW-1,2026-09-08,29,2026-09-08T13:30:00Z,II,Generation,16.608
E_STRHW-1,STRHW-1,2026-09-08,30,2026-09-08T14:00:00Z,II,Generation,17.095
E_STRHW-1,STRHW-1,2026-09-08,31,2026-09-08T14:30:00Z,II,Generation,17.611
E_STRHW-1,STRHW-1,2026-09-08,32,2026-09-08T15:00:00Z,II,Generation,16.960
E_STRHW-1,STRHW-1,2026-09-08,33,2026-09-08T15:30:00Z,II,Generation,16.979
E_STRHW-1,STRHW-1,2026-09-08,34,2026-09-08T16:00:00Z,II,Generation,17.439
E_STRHW-1,STRHW-1,2026-09-08,35,2026-09-08T16:30:00Z,II,Generation,17.192
E_STRHW-1,STRHW-1,2026-09-08,36,2026-09-08T17:00:00Z,II,Generation,17.387
E_STRHW-1,STRHW-1,2026-09-08,37,2026-09-08T17:30:00Z,II,Generation,17.420
E_STRHW-1,STRHW-1,2026-09-08,38,2026-09-08T18:00:00Z,II,Generation,17.333
E_STRHW-1,STRHW-1,2026-09-08,39,2026-09-08T18:30:00Z,II,Generation,16.928
E_STRHW-1,STRHW-1,2026-09-08,40,2026-09-08T19:00:00Z,II,Generation,16.354
E_STRHW-1,STRHW-1,2026-09-08,41,2026-09-08T19:30:00Z,II,Generation,14.533
E_STRHW-1,STRHW-1,2026-09-08,42,2026-09-08T20:00:00Z,II,Generation,10.755
E_STRHW-1,STRHW-1,2026-09-08,43,2026-09-08T20:30:00Z,II,Generation,7.603
E_STRHW-1,STRHW-1,2026-09-08,44,2026-09-08T21:00:00Z,II,Generation,2.989
E_STRHW-1,STRHW-1,2026-09-08,45,2026-09-08T21:30:00Z,II,Generation,6.509
E_STRHW-1,STRHW-1,2026-09-08,46,2026-09-08T22:00:00Z,II,Generation,9.261
E_STRHW-1,STRHW-1,2026-09-08,47,2026-09-08T22:30:00Z,II,Generation,8.765
E_STRHW-1,STRHW-1,2026-09-08,48,2026-09-08T23:00:00Z,II,Generation,14.235
E_SWBKW-1,SWBKW-1,2026-09-08,1,2026-09-07T23:30:00Z,II,Generation,5.894
E_SWBKW-1,SWBKW-1,2026-09-08,2,2026-09-08T00:00:00Z,II,Generation,6.687
E_SWBKW-1,SWBKW-1,2026-09-08,3,2026-09-08T00:30:00Z,II,Generation,12.544
E_SWBKW-1,SWBKW-1,2026-09-08,4,2026-09-08T01:00:00Z,II,Generation,14.277
E_SWBKW-1,SWBKW-1,2026-09-08,5,2026-09-08T01:30:00Z,II,Generation,8.707
E_SWBKW-1,SWBKW-1,2026-09-08,6,2026-09-08T02:00:00Z,II,Generation,6.480
E_SWBKW-1,SWBKW-1,2026-09-08,7,2026-09-08T02:30:00Z,II,Generation,5.939
E_SWBKW-1,SWBKW-1,2026-09-08,8,2026-09-08T03:00:00Z,II,Generation,4.331
E_SWBKW-1,SWBKW-1,2026-09-08,9,2026-09-08T03:30:00Z,II,Generation,5.683
E_SWBKW-1,SWBKW-1,2026-09-08,10,2026-09-08T04:00:00Z,II,Generation,6.054
E_SWBKW-1,SWBKW-1,2026-09-08,11,2026-09-08T04:30:00Z,II,Generation,5.694
E_SWBKW-1,SWBKW-1,2026-09-08,12,2026-09-08T05:00:00Z,II,Generation,5.023
E_SWBKW-1,SWBKW-1,2026-09-08,13,2026-09-08T05:30:00Z,II,Generation,5.843
E_SWBKW-1,SWBKW-1,2026-09-08,14,2026-09-08T06:00:00Z,II,Generation,7.010
E_SWBKW-1,SWBKW-1,2026-09-08,15,2026-09-08T06:30:00Z,II,Generation,5.495
E_SWBKW-1,SWBKW-1,2026-09-08,16,2026-09-08T07:00:00Z,II,Generation,7.033
E_SWBKW-1,SWBKW-1,2026-09-08,17,2026-09-08T07:30:00Z,II,Generation,9.467
E_SWBKW-1,SWBKW-1,2026-09-08,18,2026-09-08T08:00:00Z,II,Generation,11.795
E_SWBKW-1,SWBKW-1,2026-09-08,19,2026-09-08T08:30:00Z,II,Generation,9.924
E_SWBKW-1,SWBKW-1,2026-09-08,20,2026-09-08T09:00:00Z,II,Generation,9.637
E_SWBKW-1,SWBKW-1,2026-09-08,21,2026-09-08T09:30:00Z,II,Generation,11.043
E_SWBKW-1,SWBKW-1,2026-09-08,22,2026-09-08T10:00:00Z,II,Generation,11.951
E_SWBKW-1,SWBKW-1,2026-09-08,23,2026-09-08T10:30:00Z,II,Generation,12.504
E_SWBKW-1,SWBKW-1,2026-09-08,24,2026-09-08T11:00:00Z,II,Generation,12.133
E_SWBKW-1,SWBKW-1,2026-09-08,25,2026-09-08T11:30:00Z,II,Generation,12.314
E_SWBKW-1,SWBKW-1,2026-09-08,26,2026-09-08T12:00:00Z,II,Generation,12.169
E_SWBKW-1,SWBKW-1,2026-09-08,27,2026-09-08T12:30:00Z,II,Generation,11.572
E_SWBKW-1,SWBKW-1,2026-09-08,28,2026-09-08T13:00:00Z,II,Generation,13.285
E_SWBKW-1,SWBKW-1,2026-09-08,29,2026-09-08T13:30:00Z,II,Generation,13.432
E_SWBKW-1,SWBKW-1,2026-09-08,30,2026-09-08T14:00:00Z,II,Generation,13.159
E_SWBKW-1,SWBKW-1,2026-09-08,31,2026-09-08T14:30:00Z,II,Generation,13.309
E_SWBKW-1,SWBKW-1,2026-09-08,32,2026-09-08T15:00:00Z,II,Generation,13.002
E_SWBKW-1,SWBKW-1,2026-09-08,33,2026-09-08T15:30:00Z,II,Generation,12.869
E_SWBKW-1,SWBKW-1,2026-09-08,34,2026-09-08T16:00:00Z,II,Generation,13.681
E_SWBKW-1,SWBKW-1,2026-09-08,35,2026-09-08T16:30:00Z,II,Generation,13.009
E_SWBKW-1,SWBKW-1,2026-09-08,36,2026-09-08T17:00:00Z,II,Generation,13.608
E_SWBKW-1,SWBKW-1,2026-09-08,37,2026-09-08T17:30:00Z,II,Generation,11.862
E_SWBKW-1,SWBKW-1,2026-09-08,38,2026-09-08T18:00:00Z,II,Generation,12.909
E_SWBKW-1,SWBKW-1,2026-09-08,39,2026-09-08T18:30:00Z,II,Generation,13.571
E_SWBKW-1,SWBKW-1,2026-09-08,40,2026-09-08T19:00:00Z,II,Generation,12.843
E_SWBKW-1,SWBKW-1,2026-09-08,41,2026-09-08T19:30:00Z,II,Generation,13.150
E_SWBKW-1,SWBKW-1,2026-09-08,42,2026-09-08T20:00:00Z,II,Generation,10.418
E_SWBKW-1,SWBKW-1,2026-09-08,43,2026-09-08T20:30:00Z,II,Generation,6.481
E_SWBKW-1,SWBKW-1,2026-09-08,44,2026-09-08T21:00:00Z,II,Generation,5.141
E_SWBKW-1,SWBKW-1,2026-09-08,45,2026-09-08T21:30:00Z,II,Generation,8.622
E_SWBKW-1,SWBKW-1,2026-09-08,46,2026-09-08T22:00:00Z,II,Generation,12.876
E_SWBKW-1,SWBKW-1,2026-09-08,47,2026-09-08T22:30:00Z,II,Generation,9.215
E_SWBKW-1,SWBKW-1,2026-09-08,48,2026-09-08T23:00:00Z,II,Generation,6.932
E_TLYMW-1,TLYMW-1,2026-09-08,1,2026-09-07T23:30:00Z,II,Generation,2.935
E_TLYMW-1,TLYMW-1,2026-09-08,2,2026-09-08T00:00:00Z,II,Generation,3.291
E_TLYMW-1,TLYMW-1,2026-09-08,3,2026-09-08T00:30:00Z,II,Generation,3.786
E_TLYMW-1,TLYMW-1,2026-09-08,4,2026-09-08T01:00:00Z,II,Generation,2.070
E_TLYMW-1,TLYMW-1,2026-09-08,5,2026-09-08T01:30:00Z,II,Generation,2.335
E_TLYMW-1,TLYMW-1,2026-09-08,6,2026-09-08T02:00:00Z,II,Generation,2.374
E_TLYMW-1,TLYMW-1,2026-09-08,7,2026-09-08T02:30:00Z,II,Generation,3.383
E_TLYMW-1,TLYMW-1,2026-09-08,8,2026-09-08T03:00:00Z,II,Generation,2.568
E_TLYMW-1,TLYMW-1,2026-09-08,9,2026-09-08T03:30:00Z,II,Generation,1.873
E_TLYMW-1,TLYMW-1,2026-09-08,10,2026-09-08T04:00:00Z,II,Generation,1.957
E_TLYMW-1,TLYMW-1,2026-09-08,11,2026-09-08T04:30:00Z,II,Generation,2.283
E_TLYMW-1,TLYMW-1,2026-09-08,12,2026-09-08T05:00:00Z,II,Generation,1.565
E_TLYMW-1,TLYMW-1,2026-09-08,13,2026-09-08T05:30:00Z,II,Generation,2.499
E_TLYMW-1,TLYMW-1,2026-09-08,14,2026-09-08T06:00:00Z,II,Generation,3.303
E_TLYMW-1,TLYMW-1,2026-09-08,15,2026-09-08T06:30:00Z,II,Generation,3.240
E_TLYMW-1,TLYMW-1,2026-09-08,16,2026-09-08T07:00:00Z,II,Generation,2.447
E_TLYMW-1,TLYMW-1,2026-09-08,17,2026-09-08T07:30:00Z,II,Generation,0.993
E_TLYMW-1,TLYMW-1,2026-09-08,18,2026-09-08T08:00:00Z,II,Generation,3.411
E_TLYMW-1,TLYMW-1,2026-09-08,19,2026-09-08T08:30:00Z,II,Generation,3.443
E_TLYMW-1,TLYMW-1,2026-09-08,20,2026-09-08T09:00:00Z,II,Generation,4.903
E_TLYMW-1,TLYMW-1,2026-09-08,21,2026-09-08T09:30:00Z,II,Generation,6.505
E_TLYMW-1,TLYMW-1,2026-09-08,22,2026-09-08T10:00:00Z,II,Generation,5.821
E_TLYMW-1,TLYMW-1,2026-09-08,23,2026-09-08T10:30:00Z,II,Generation,5.190
E_TLYMW-1,TLYMW-1,2026-09-08,24,2026-09-08T11:00:00Z,II,Generation,5.801
E_TLYMW-1,TLYMW-1,2026-09-08,25,2026-09-08T11:30:00Z,II,Generation,5.741
E_TLYMW-1,TLYMW-1,2026-09-08,26,2026-09-08T12:00:00Z,II,Generation,5.728
E_TLYMW-1,TLYMW-1,2026-09-08,27,2026-09-08T12:30:00Z,II,Generation,5.683
E_TLYMW-1,TLYMW-1,2026-09-08,28,2026-09-08T13:00:00Z,II,Generation,5.419
E_TLYMW-1,TLYMW-1,2026-09-08,29,2026-09-08T13:30:00Z,II,Generation,5.860
E_TLYMW-1,TLYMW-1,2026-09-08,30,2026-09-08T14:00:00Z,II,Generation,5.713
E_TLYMW-1,TLYMW-1,2026-09-08,31,2026-09-08T14:30:00Z,II,Generation,5.938
E_TLYMW-1,TLYMW-1,2026-09-08,32,2026-09-08T15:00:00Z,II,Generation,3.268
E_TLYMW-1,TLYMW-1,2026-09-08,33,2026-09-08T15:30:00Z,II,Generation,1.671
E_TLYMW-1,TLYMW-1,2026-09-08,34,2026-09-08T16:00:00Z,II,Generation,1.921
E_TLYMW-1,TLYMW-1,2026-09-08,35,2026-09-08T16:30:00Z,II,Generation,4.923
E_TLYMW-1,TLYMW-1,2026-09-08,36,2026-09-08T17:00:00Z,II,Generation,4.129
E_TLYMW-1,TLYMW-1,2026-09-08,37,2026-09-08T17:30:00Z,II,Generation,3.991
E_TLYMW-1,TLYMW-1,2026-09-08,38,2026-09-08T18:00:00Z,II,Generation,4.827
E_TLYMW-1,TLYMW-1,2026-09-08,39,2026-09-08T18:30:00Z,II,Generation,3.200
E_TLYMW-1,TLYMW-1,2026-09-08,40,2026-09-08T19:00:00Z,II,Generation,3.630
E_TLYMW-1,TLYMW-1,2026-09-08,41,2026-09-08T19:30:00Z,II,Generation,2.928
E_TLYMW-1,TLYMW-1,2026-09-08,42,2026-09-08T20:00:00Z,II,Generation,3.161
E_TLYMW-1,TLYMW-1,2026-09-08,43,2026-09-08T20:30:00Z,II,Generation,3.704
E_TLYMW-1,TLYMW-1,2026-09-08,44,2026-09-08T21:00:00Z,II,Generation,4.800
E_TLYMW-1,TLYMW-1,2026-09-08,45,2026-09-08T21:30:00Z,II,Generation,2.617
E_TLYMW-1,TLYMW-1,2026-09-08,46,2026-09-08T22:00:00Z,II,Generation,2.177
E_TLYMW-1,TLYMW-1,2026-09-08,47,2026-09-08T22:30:00Z,II,Generation,3.317
E_TLYMW-1,TLYMW-1,2026-09-08,48,2026-09-08T23:00:00Z,II,Generation,0.828
E_TULWW-1,TULWW-1,2026-09-08,1,2026-09-07T23:30:00Z,II,Generation,5.056
E_TULWW-1,TULWW-1,2026-09-08,2,2026-09-08T00:00:00Z,II,Generation,5.444
E_TULWW-1,TULWW-1,2026-09-08,3,2026-09-08T00:30:00Z,II,Generation,6.445
E_TULWW-1,TULWW-1,2026-09-08,4,2026-09-08T01:00:00Z,II,Generation,6.734
E_TULWW-1,TULWW-1,2026-09-08,5,2026-09-08T01:30:00Z,II,Generation,6.441
E_TULWW-1,TULWW-1,2026-09-08,6,2026-09-08T02:00:00Z,II,Generation,6.205
E_TULWW-1,TULWW-1,2026-09-08,7,2026-09-08T02:30:00Z,II,Generation,5.064
E_TULWW-1,TULWW-1,2026-09-08,8,2026-09-08T03:00:00Z,II,Generation,5.291
E_TULWW-1,TULWW-1,2026-09-08,9,2026-09-08T03:30:00Z,II,Generation,7.170
E_TULWW-1,TULWW-1,2026-09-08,10,2026-09-08T04:00:00Z,II,Generation,5.308
E_TULWW-1,TULWW-1,2026-09-08,11,2026-09-08T04:30:00Z,II,Generation,5.105
E_TULWW-1,TULWW-1,2026-09-08,12,2026-09-08T05:00:00Z,II,Generation,3.318
E_TULWW-1,TULWW-1,2026-09-08,13,2026-09-08T05:30:00Z,II,Generation,1.902
E_TULWW-1,TULWW-1,2026-09-08,14,2026-09-08T06:00:00Z,II,Generation,4.058
E_TULWW-1,TULWW-1,2026-09-08,15,2026-09-08T06:30:00Z,II,Generation,5.764
E_TULWW-1,TULWW-1,2026-09-08,16,2026-09-08T07:00:00Z,II,Generation,5.576
E_TULWW-1,TULWW-1,2026-09-08,17,2026-09-08T07:30:00Z,II,Generation,5.062
E_TULWW-1,TULWW-1,2026-09-08,18,2026-09-08T08:00:00Z,II,Generation,4.489
E_TULWW-1,TULWW-1,2026-09-08,19,2026-09-08T08:30:00Z,II,Generation,3.292
E_TULWW-1,TULWW-1,2026-09-08,20,2026-09-08T09:00:00Z,II,Generation,6.232
E_TULWW-1,TULWW-1,2026-09-08,21,2026-09-08T09:30:00Z,II,Generation,6.434
E_TULWW-1,TULWW-1,2026-09-08,22,2026-09-08T10:00:00Z,II,Generation,4.470
E_TULWW-1,TULWW-1,2026-09-08,23,2026-09-08T10:30:00Z,II,Generation,4.264
E_TULWW-1,TULWW-1,2026-09-08,24,2026-09-08T11:00:00Z,II,Generation,4.624
E_TULWW-1,TULWW-1,2026-09-08,25,2026-09-08T11:30:00Z,II,Generation,4.552
E_TULWW-1,TULWW-1,2026-09-08,26,2026-09-08T12:00:00Z,II,Generation,4.429
E_TULWW-1,TULWW-1,2026-09-08,27,2026-09-08T12:30:00Z,II,Generation,5.913
E_TULWW-1,TULWW-1,2026-09-08,28,2026-09-08T13:00:00Z,II,Generation,6.826
E_TULWW-1,TULWW-1,2026-09-08,29,2026-09-08T13:30:00Z,II,Generation,6.831
E_TULWW-1,TULWW-1,2026-09-08,30,2026-09-08T14:00:00Z,II,Generation,6.681
E_TULWW-1,TULWW-1,2026-09-08,31,2026-09-08T14:30:00Z,II,Generation,5.783
E_TULWW-1,TULWW-1,2026-09-08,32,2026-09-08T15:00:00Z,II,Generation,6.473
E_TULWW-1,TULWW-1,2026-09-08,33,2026-09-08T15:30:00Z,II,Generation,7.648
E_TULWW-1,TULWW-1,2026-09-08,34,2026-09-08T16:00:00Z,II,Generation,7.095
E_TULWW-1,TULWW-1,2026-09-08,35,2026-09-08T16:30:00Z,II,Generation,7.209
E_TULWW-1,TULWW-1,2026-09-08,36,2026-09-08T17:00:00Z,II,Generation,7.828
E_TULWW-1,TULWW-1,2026-09-08,37,2026-09-08T17:30:00Z,II,Generation,7.828
E_TULWW-1,TULWW-1,2026-09-08,38,2026-09-08T18:00:00Z,II,Generation,8.260
E_TULWW-1,TULWW-1,2026-09-08,39,2026-09-08T18:30:00Z,II,Generation,6.905
E_TULWW-1,TULWW-1,2026-09-08,40,2026-09-08T19:00:00Z,II,Generation,5.864
E_TULWW-1,TULWW-1,2026-09-08,41,2026-09-08T19:30:00Z,II,Generation,5.531
E_TULWW-1,TULWW-1,2026-09-08,42,2026-09-08T20:00:00Z,II,Generation,7.789
E_TULWW-1,TULWW-1,2026-09-08,43,2026-09-08T20:30:00Z,II,Generation,7.774
E_TULWW-1,TULWW-1,2026-09-08,44,2026-09-08T21:00:00Z,II,Generation,7.491
E_TULWW-1,TULWW-1,2026-09-08,45,2026-09-08T21:30:00Z,II,Generation,6.446
E_TULWW-1,TULWW-1,2026-09-08,46,2026-09-08T22:00:00Z,II,Generation,5.935
E_TULWW-1,TULWW-1,2026-09-08,47,2026-09-08T22:30:00Z,II,Generation,6.333
E_TULWW-1,TULWW-1,2026-09-08,48,2026-09-08T23:00:00Z,II,Generation,5.414
E_TULWW-2,TULWW-2,2026-09-08,1,2026-09-07T23:30:00Z,II,Generation,6.520
E_TULWW-2,TULWW-2,2026-09-08,2,2026-09-08T00:00:00Z,II,Generation,6.903
E_TULWW-2,TULWW-2,2026-09-08,3,2026-09-08T00:30:00Z,II,Generation,8.096
E_TULWW-2,TULWW-2,2026-09-08,4,2026-09-08T01:00:00Z,II,Generation,8.376
E_TULWW-2,TULWW-2,2026-09-08,5,2026-09-08T01:30:00Z,II,Generation,7.858
E_TULWW-2,TULWW-2,2026-09-08,6,2026-09-08T02:00:00Z,II,Generation,7.068
E_TULWW-2,TULWW-2,2026-09-08,7,2026-09-08T02:30:00Z,II,Generation,6.250
E_TULWW-2,TULWW-2,2026-09-08,8,2026-09-08T03:00:00Z,II,Generation,6.942
E_TULWW-2,TULWW-2,2026-09-08,9,2026-09-08T03:30:00Z,II,Generation,9.588
E_TULWW-2,TULWW-2,2026-09-08,10,2026-09-08T04:00:00Z,II,Generation,8.347
E_TULWW-2,TULWW-2,2026-09-08,11,2026-09-08T04:30:00Z,II,Generation,7.225
E_TULWW-2,TULWW-2,2026-09-08,12,2026-09-08T05:00:00Z,II,Generation,4.377
E_TULWW-2,TULWW-2,2026-09-08,13,2026-09-08T05:30:00Z,II,Generation,2.644
E_TULWW-2,TULWW-2,2026-09-08,14,2026-09-08T06:00:00Z,II,Generation,4.546
E_TULWW-2,TULWW-2,2026-09-08,15,2026-09-08T06:30:00Z,II,Generation,6.614
E_TULWW-2,TULWW-2,2026-09-08,16,2026-09-08T07:00:00Z,II,Generation,6.847
E_TULWW-2,TULWW-2,2026-09-08,17,2026-09-08T07:30:00Z,II,Generation,5.966
E_TULWW-2,TULWW-2,2026-09-08,18,2026-09-08T08:00:00Z,II,Generation,4.866
E_TULWW-2,TULWW-2,2026-09-08,19,2026-09-08T08:30:00Z,II,Generation,4.431
E_TULWW-2,TULWW-2,2026-09-08,20,2026-09-08T09:00:00Z,II,Generation,8.446
E_TULWW-2,TULWW-2,2026-09-08,21,2026-09-08T09:30:00Z,II,Generation,8.806
E_TULWW-2,TULWW-2,2026-09-08,22,2026-09-08T10:00:00Z,II,Generation,6.311
E_TULWW-2,TULWW-2,2026-09-08,23,2026-09-08T10:30:00Z,II,Generation,5.217
E_TULWW-2,TULWW-2,2026-09-08,24,2026-09-08T11:00:00Z,II,Generation,6.768
E_TULWW-2,TULWW-2,2026-09-08,25,2026-09-08T11:30:00Z,II,Generation,6.914
E_TULWW-2,TULWW-2,2026-09-08,26,2026-09-08T12:00:00Z,II,Generation,6.677
E_TULWW-2,TULWW-2,2026-09-08,27,2026-09-08T12:30:00Z,II,Generation,8.310
E_TULWW-2,TULWW-2,2026-09-08,28,2026-09-08T13:00:00Z,II,Generation,9.721
E_TULWW-2,TULWW-2,2026-09-08,29,2026-09-08T13:30:00Z,II,Generation,9.590
E_TULWW-2,TULWW-2,2026-09-08,30,2026-09-08T14:00:00Z,II,Generation,9.355
E_TULWW-2,TULWW-2,2026-09-08,31,2026-09-08T14:30:00Z,II,Generation,7.776
E_TULWW-2,TULWW-2,2026-09-08,32,2026-09-08T15:00:00Z,II,Generation,7.551
E_TULWW-2,TULWW-2,2026-09-08,33,2026-09-08T15:30:00Z,II,Generation,9.904
E_TULWW-2,TULWW-2,2026-09-08,34,2026-09-08T16:00:00Z,II,Generation,9.055
E_TULWW-2,TULWW-2,2026-09-08,35,2026-09-08T16:30:00Z,II,Generation,9.823
E_TULWW-2,TULWW-2,2026-09-08,36,2026-09-08T17:00:00Z,II,Generation,10.297
E_TULWW-2,TULWW-2,2026-09-08,37,2026-09-08T17:30:00Z,II,Generation,11.535
E_TULWW-2,TULWW-2,2026-09-08,38,2026-09-08T18:00:00Z,II,Generation,11.451
E_TULWW-2,TULWW-2,2026-09-08,39,2026-09-08T18:30:00Z,II,Generation,9.503
E_TULWW-2,TULWW-2,2026-09-08,40,2026-09-08T19:00:00Z,II,Generation,7.182
E_TULWW-2,TULWW-2,2026-09-08,41,2026-09-08T19:30:00Z,II,Generation,7.397
E_TULWW-2,TULWW-2,2026-09-08,42,2026-09-08T20:00:00Z,II,Generation,11.579
E_TULWW-2,TULWW-2,2026-09-08,43,2026-09-08T20:30:00Z,II,Generation,11.557
E_TULWW-2,TULWW-2,2026-09-08,44,2026-09-08T21:00:00Z,II,Generation,11.123
E_TULWW-2,TULWW-2,2026-09-08,45,2026-09-08T21:30:00Z,II,Generation,9.604
E_TULWW-2,TULWW-2,2026-09-08,46,2026-09-08T22:00:00Z,II,Generation,8.482
E_TULWW-2,TULWW-2,2026-09-08,47,2026-09-08T22:30:00Z,II,Generation,8.589
E_TULWW-2,TULWW-2,2026-09-08,48,2026-09-08T23:00:00Z,II,Generation,7.993
T_ABRBO-1,ABRBO-1,2026-09-08,1,2026-09-07T23:30:00Z,II,Generation,32.310
T_ABRBO-1,ABRBO-1,2026-09-08,2,2026-09-08T00:00:00Z,II,Generation,36.080
T_ABRBO-1,ABRBO-1,2026-09-08,3,2026-09-08T00:30:00Z,II,Generation,43.600
T_ABRBO-1,ABRBO-1,2026-09-08,4,2026-09-08T01:00:00Z,II,Generation,45.870
T_ABRBO-1,ABRBO-1,2026-09-08,5,2026-09-08T01:30:00Z,II,Generation,45.910
T_ABRBO-1,ABRBO-1,2026-09-08,6,2026-09-08T02:00:00Z,II,Generation,45.920
T_ABRBO-1,ABRBO-1,2026-09-08,7,2026-09-08T02:30:00Z,II,Generation,44.130
T_ABRBO-1,ABRBO-1,2026-09-08,8,2026-09-08T03:00:00Z,II,Generation,45.800
T_ABRBO-1,ABRBO-1,2026-09-08,9,2026-09-08T03:30:00Z,II,Generation,45.930
T_ABRBO-1,ABRBO-1,2026-09-08,10,2026-09-08T04:00:00Z,II,Generation,44.560
T_ABRBO-1,ABRBO-1,2026-09-08,11,2026-09-08T04:30:00Z,II,Generation,38.060
T_ABRBO-1,ABRBO-1,2026-09-08,12,2026-09-08T05:00:00Z,II,Generation,44.160
T_ABRBO-1,ABRBO-1,2026-09-08,13,2026-09-08T05:30:00Z,II,Generation,45.760
T_ABRBO-1,ABRBO-1,2026-09-08,14,2026-09-08T06:00:00Z,II,Generation,45.800
T_ABRBO-1,ABRBO-1,2026-09-08,15,2026-09-08T06:30:00Z,II,Generation,43.420
T_ABRBO-1,ABRBO-1,2026-09-08,16,2026-09-08T07:00:00Z,II,Generation,39.100
T_ABRBO-1,ABRBO-1,2026-09-08,17,2026-09-08T07:30:00Z,II,Generation,41.360
T_ABRBO-1,ABRBO-1,2026-09-08,18,2026-09-08T08:00:00Z,II,Generation,32.060
T_ABRBO-1,ABRBO-1,2026-09-08,19,2026-09-08T08:30:00Z,II,Generation,24.880
T_ABRBO-1,ABRBO-1,2026-09-08,20,2026-09-08T09:00:00Z,II,Generation,26.640
T_ABRBO-1,ABRBO-1,2026-09-08,21,2026-09-08T09:30:00Z,II,Generation,34.660
T_ABRBO-1,ABRBO-1,2026-09-08,22,2026-09-08T10:00:00Z,II,Generation,37.260
T_ABRBO-1,ABRBO-1,2026-09-08,23,2026-09-08T10:30:00Z,II,Generation,35.180
T_ABRBO-1,ABRBO-1,2026-09-08,24,2026-09-08T11:00:00Z,II,Generation,31.200
T_ABRBO-1,ABRBO-1,2026-09-08,25,2026-09-08T11:30:00Z,II,Generation,29.750
T_ABRBO-1,ABRBO-1,2026-09-08,26,2026-09-08T12:00:00Z,II,Generation,36.980
T_ABRBO-1,ABRBO-1,2026-09-08,27,2026-09-08T12:30:00Z,II,Generation,40.880
T_ABRBO-1,ABRBO-1,2026-09-08,28,2026-09-08T13:00:00Z,II,Generation,37.820
T_ABRBO-1,ABRBO-1,2026-09-08,29,2026-09-08T13:30:00Z,II,Generation,36.530
T_ABRBO-1,ABRBO-1,2026-09-08,30,2026-09-08T14:00:00Z,II,Generation,42.910
T_ABRBO-1,ABRBO-1,2026-09-08,31,2026-09-08T14:30:00Z,II,Generation,43.570
T_ABRBO-1,ABRBO-1,2026-09-08,32,2026-09-08T15:00:00Z,II,Generation,43.690
T_ABRBO-1,ABRBO-1,2026-09-08,33,2026-09-08T15:30:00Z,II,Generation,43.650
T_ABRBO-1,ABRBO-1,2026-09-08,34,2026-09-08T16:00:00Z,II,Generation,43.470
T_ABRBO-1,ABRBO-1,2026-09-08,35,2026-09-08T16:30:00Z,II,Generation,43.020
T_ABRBO-1,ABRBO-1,2026-09-08,36,2026-09-08T17:00:00Z,II,Generation,43.620
T_ABRBO-1,ABRBO-1,2026-09-08,37,2026-09-08T17:30:00Z,II,Generation,43.850
T_ABRBO-1,ABRBO-1,2026-09-08,38,2026-09-08T18:00:00Z,II,Generation,43.890
T_ABRBO-1,ABRBO-1,2026-09-08,39,2026-09-08T18:30:00Z,II,Generation,43.870
T_ABRBO-1,ABRBO-1,2026-09-08,40,2026-09-08T19:00:00Z,II,Generation,43.900
T_ABRBO-1,ABRBO-1,2026-09-08,41,2026-09-08T19:30:00Z,II,Generation,43.870
T_ABRBO-1,ABRBO-1,2026-09-08,42,2026-09-08T20:00:00Z,II,Generation,43.870
T_ABRBO-1,ABRBO-1,2026-09-08,43,2026-09-08T20:30:00Z,II,Generation,43.880
T_ABRBO-1,ABRBO-1,2026-09-08,44,2026-09-08T21:00:00Z,II,Generation,43.880
T_ABRBO-1,ABRBO-1,2026-09-08,45,2026-09-08T21:30:00Z,II,Generation,41.890
T_ABRBO-1,ABRBO-1,2026-09-08,46,2026-09-08T22:00:00Z,II,Generation,40.220
T_ABRBO-1,ABRBO-1,2026-09-08,47,2026-09-08T22:30:00Z,II,Generation,41.340
T_ABRBO-1,ABRBO-1,2026-09-08,48,2026-09-08T23:00:00Z,II,Generation,43.730
T_ACHRW-1,ACHRW-1,2026-09-08,1,2026-09-07T23:30:00Z,II,Generation,9.960
T_ACHRW-1,ACHRW-1,2026-09-08,2,2026-09-08T00:00:00Z,II,Generation,10.260
T_ACHRW-1,ACHRW-1,2026-09-08,3,2026-09-08T00:30:00Z,II,Generation,9.780
T_ACHRW-1,ACHRW-1,2026-09-08,4,2026-09-08T01:00:00Z,II,Generation,7.460
T_ACHRW-1,ACHRW-1,2026-09-08,5,2026-09-08T01:30:00Z,II,Generation,7.890
T_ACHRW-1,ACHRW-1,2026-09-08,6,2026-09-08T02:00:00Z,II,Generation,8.200
T_ACHRW-1,ACHRW-1,2026-09-08,7,2026-09-08T02:30:00Z,II,Generation,10.030
T_ACHRW-1,ACHRW-1,2026-09-08,8,2026-09-08T03:00:00Z,II,Generation,8.870
T_ACHRW-1,ACHRW-1,2026-09-08,9,2026-09-08T03:30:00Z,II,Generation,11.600
T_ACHRW-1,ACHRW-1,2026-09-08,10,2026-09-08T04:00:00Z,II,Generation,11.520
T_ACHRW-1,ACHRW-1,2026-09-08,11,2026-09-08T04:30:00Z,II,Generation,14.340
T_ACHRW-1,ACHRW-1,2026-09-08,12,2026-09-08T05:00:00Z,II,Generation,15.550
T_ACHRW-1,ACHRW-1,2026-09-08,13,2026-09-08T05:30:00Z,II,Generation,15.530
T_ACHRW-1,ACHRW-1,2026-09-08,14,2026-09-08T06:00:00Z,II,Generation,14.600
T_ACHRW-1,ACHRW-1,2026-09-08,15,2026-09-08T06:30:00Z,II,Generation,13.860
T_ACHRW-1,ACHRW-1,2026-09-08,16,2026-09-08T07:00:00Z,II,Generation,13.790
T_ACHRW-1,ACHRW-1,2026-09-08,17,2026-09-08T07:30:00Z,II,Generation,12.620
T_ACHRW-1,ACHRW-1,2026-09-08,18,2026-09-08T08:00:00Z,II,Generation,15.720
T_ACHRW-1,ACHRW-1,2026-09-08,19,2026-09-08T08:30:00Z,II,Generation,15.890
T_ACHRW-1,ACHRW-1,2026-09-08,20,2026-09-08T09:00:00Z,II,Generation,16.670
T_ACHRW-1,ACHRW-1,2026-09-08,21,2026-09-08T09:30:00Z,II,Generation,17.250
T_ACHRW-1,ACHRW-1,2026-09-08,22,2026-09-08T10:00:00Z,II,Generation,16.260
T_ACHRW-1,ACHRW-1,2026-09-08,23,2026-09-08T10:30:00Z,II,Generation,13.770
T_ACHRW-1,ACHRW-1,2026-09-08,24,2026-09-08T11:00:00Z,II,Generation,16.350
T_ACHRW-1,ACHRW-1,2026-09-08,25,2026-09-08T11:30:00Z,II,Generation,16.570
T_ACHRW-1,ACHRW-1,2026-09-08,26,2026-09-08T12:00:00Z,II,Generation,15.990
T_ACHRW-1,ACHRW-1,2026-09-08,27,2026-09-08T12:30:00Z,II,Generation,16.760
T_ACHRW-1,ACHRW-1,2026-09-08,28,2026-09-08T13:00:00Z,II,Generation,17.110
T_ACHRW-1,ACHRW-1,2026-09-08,29,2026-09-08T13:30:00Z,II,Generation,16.940
T_ACHRW-1,ACHRW-1,2026-09-08,30,2026-09-08T14:00:00Z,II,Generation,16.810
T_ACHRW-1,ACHRW-1,2026-09-08,31,2026-09-08T14:30:00Z,II,Generation,15.230
T_ACHRW-1,ACHRW-1,2026-09-08,32,2026-09-08T15:00:00Z,II,Generation,15.640
T_ACHRW-1,ACHRW-1,2026-09-08,33,2026-09-08T15:30:00Z,II,Generation,14.250
T_ACHRW-1,ACHRW-1,2026-09-08,34,2026-09-08T16:00:00Z,II,Generation,14.830
T_ACHRW-1,ACHRW-1,2026-09-08,35,2026-09-08T16:30:00Z,II,Generation,13.440
T_ACHRW-1,ACHRW-1,2026-09-08,36,2026-09-08T17:00:00Z,II,Generation,15.470
T_ACHRW-1,ACHRW-1,2026-09-08,37,2026-09-08T17:30:00Z,II,Generation,16.680
T_ACHRW-1,ACHRW-1,2026-09-08,38,2026-09-08T18:00:00Z,II,Generation,16.110
T_ACHRW-1,ACHRW-1,2026-09-08,39,2026-09-08T18:30:00Z,II,Generation,13.340
T_ACHRW-1,ACHRW-1,2026-09-08,40,2026-09-08T19:00:00Z,II,Generation,12.820
T_ACHRW-1,ACHRW-1,2026-09-08,41,2026-09-08T19:30:00Z,II,Generation,15.320
T_ACHRW-1,ACHRW-1,2026-09-08,42,2026-09-08T20:00:00Z,II,Generation,17.090
T_ACHRW-1,ACHRW-1,2026-09-08,43,2026-09-08T20:30:00Z,II,Generation,13.180
T_ACHRW-1,ACHRW-1,2026-09-08,44,2026-09-08T21:00:00Z,II,Generation,7.170
T_ACHRW-1,ACHRW-1,2026-09-08,45,2026-09-08T21:30:00Z,II,Generation,14.320
T_ACHRW-1,ACHRW-1,2026-09-08,46,2026-09-08T22:00:00Z,II,Generation,7.120
T_ACHRW-1,ACHRW-1,2026-09-08,47,2026-09-08T22:30:00Z,II,Generation,10.080
T_ACHRW-1,ACHRW-1,2026-09-08,48,2026-09-08T23:00:00Z,II,Generation,3.350
T_AFTOW-1,AFTOW-1,2026-09-08,1,2026-09-07T23:30:00Z,II,Generation,12.892
T_AFTOW-1,AFTOW-1,2026-09-08,2,2026-09-08T00:00:00Z,II,Generation,18.340
T_AFTOW-1,AFTOW-1,2026-09-08,3,2026-09-08T00:30:00Z,II,Generation,18.052
T_AFTOW-1,AFTOW-1,2026-09-08,4,2026-09-08T01:00:00Z,II,Generation,16.591
T_AFTOW-1,AFTOW-1,2026-09-08,5,2026-09-08T01:30:00Z,II,Generation,19.271
T_AFTOW-1,AFTOW-1,2026-09-08,6,2026-09-08T02:00:00Z,II,Generation,20.588
T_AFTOW-1,AFTOW-1,2026-09-08,7,2026-09-08T02:30:00Z,II,Generation,18.558
T_AFTOW-1,AFTOW-1,2026-09-08,8,2026-09-08T03:00:00Z,II,Generation,16.392
T_AFTOW-1,AFTOW-1,2026-09-08,9,2026-09-08T03:30:00Z,II,Generation,17.766
T_AFTOW-1,AFTOW-1,2026-09-08,10,2026-09-08T04:00:00Z,II,Generation,15.784
T_AFTOW-1,AFTOW-1,2026-09-08,11,2026-09-08T04:30:00Z,II,Generation,14.821
T_AFTOW-1,AFTOW-1,2026-09-08,12,2026-09-08T05:00:00Z,II,Generation,12.740
T_AFTOW-1,AFTOW-1,2026-09-08,13,2026-09-08T05:30:00Z,II,Generation,16.603
T_AFTOW-1,AFTOW-1,2026-09-08,14,2026-09-08T06:00:00Z,II,Generation,17.831
T_AFTOW-1,AFTOW-1,2026-09-08,15,2026-09-08T06:30:00Z,II,Generation,19.102
T_AFTOW-1,AFTOW-1,2026-09-08,16,2026-09-08T07:00:00Z,II,Generation,18.977
T_AFTOW-1,AFTOW-1,2026-09-08,17,2026-09-08T07:30:00Z,II,Generation,19.725
T_AFTOW-1,AFTOW-1,2026-09-08,18,2026-09-08T08:00:00Z,II,Generation,19.977
T_AFTOW-1,AFTOW-1,2026-09-08,19,2026-09-08T08:30:00Z,II,Generation,19.810
T_AFTOW-1,AFTOW-1,2026-09-08,20,2026-09-08T09:00:00Z,II,Generation,18.966
T_AFTOW-1,AFTOW-1,2026-09-08,21,2026-09-08T09:30:00Z,II,Generation,17.221
T_AFTOW-1,AFTOW-1,2026-09-08,22,2026-09-08T10:00:00Z,II,Generation,19.684
T_AFTOW-1,AFTOW-1,2026-09-08,23,2026-09-08T10:30:00Z,II,Generation,22.410
T_AFTOW-1,AFTOW-1,2026-09-08,24,2026-09-08T11:00:00Z,II,Generation,21.451
T_AFTOW-1,AFTOW-1,2026-09-08,25,2026-09-08T11:30:00Z,II,Generation,23.543
T_AFTOW-1,AFTOW-1,2026-09-08,26,2026-09-08T12:00:00Z,II,Generation,22.618
T_AFTOW-1,AFTOW-1,2026-09-08,27,2026-09-08T12:30:00Z,II,Generation,22.821
T_AFTOW-1,AFTOW-1,2026-09-08,28,2026-09-08T13:00:00Z,II,Generation,21.923
T_AFTOW-1,AFTOW-1,2026-09-08,29,2026-09-08T13:30:00Z,II,Generation,21.136
T_AFTOW-1,AFTOW-1,2026-09-08,30,2026-09-08T14:00:00Z,II,Generation,20.717
T_AFTOW-1,AFTOW-1,2026-09-08,31,2026-09-08T14:30:00Z,II,Generation,19.730
T_AFTOW-1,AFTOW-1,2026-09-08,32,2026-09-08T15:00:00Z,II,Generation,20.287
T_AFTOW-1,AFTOW-1,2026-09-08,33,2026-09-08T15:30:00Z,II,Generation,21.309
T_AFTOW-1,AFTOW-1,2026-09-08,34,2026-09-08T16:00:00Z,II,Generation,21.873
T_AFTOW-1,AFTOW-1,2026-09-08,35,2026-09-08T16:30:00Z,II,Generation,22.681
T_AFTOW-1,AFTOW-1,2026-09-08,36,2026-09-08T17:00:00Z,II,Generation,21.008
T_AFTOW-1,AFTOW-1,2026-09-08,37,2026-09-08T17:30:00Z,II,Generation,21.543
T_AFTOW-1,AFTOW-1,2026-09-08,38,2026-09-08T18:00:00Z,II,Generation,22.213
T_AFTOW-1,AFTOW-1,2026-09-08,39,2026-09-08T18:30:00Z,II,Generation,21.140
T_AFTOW-1,AFTOW-1,2026-09-08,40,2026-09-08T19:00:00Z,II,Generation,21.469
T_AFTOW-1,AFTOW-1,2026-09-08,41,2026-09-08T19:30:00Z,II,Generation,21.425
T_AFTOW-1,AFTOW-1,2026-09-08,42,2026-09-08T20:00:00Z,II,Generation,19.869
T_AFTOW-1,AFTOW-1,2026-09-08,43,2026-09-08T20:30:00Z,II,Generation,18.094
T_AFTOW-1,AFTOW-1,2026-09-08,44,2026-09-08T21:00:00Z,II,Generation,17.177
T_AFTOW-1,AFTOW-1,2026-09-08,45,2026-09-08T21:30:00Z,II,Generation,17.346
T_AFTOW-1,AFTOW-1,2026-09-08,46,2026-09-08T22:00:00Z,II,Generation,16.349
T_AFTOW-1,AFTOW-1,2026-09-08,47,2026-09-08T22:30:00Z,II,Generation,16.606
T_AFTOW-1,AFTOW-1,2026-09-08,48,2026-09-08T23:00:00Z,II,Generation,16.862
T_AKGLW-2,AKGLW-2,2026-09-08,1,2026-09-07T23:30:00Z,II,Generation,30.720
T_AKGLW-2,AKGLW-2,2026-09-08,2,2026-09-08T00:00:00Z,II,Generation,29.230
T_AKGLW-2,AKGLW-2,2026-09-08,3,2026-09-08T00:30:00Z,II,Generation,27.870
T_AKGLW-2,AKGLW-2,2026-09-08,4,2026-09-08T01:00:00Z,II,Generation,28.800
T_AKGLW-2,AKGLW-2,2026-09-08,5,2026-09-08T01:30:00Z,II,Generation,26.110
T_AKGLW-2,AKGLW-2,2026-09-08,6,2026-09-08T02:00:00Z,II,Generation,26.210
T_AKGLW-2,AKGLW-2,2026-09-08,7,2026-09-08T02:30:00Z,II,Generation,27.630
T_AKGLW-2,AKGLW-2,2026-09-08,8,2026-09-08T03:00:00Z,II,Generation,26.890
T_AKGLW-2,AKGLW-2,2026-09-08,9,2026-09-08T03:30:00Z,II,Generation,26.060
T_AKGLW-2,AKGLW-2,2026-09-08,10,2026-09-08T04:00:00Z,II,Generation,28.550
T_AKGLW-2,AKGLW-2,2026-09-08,11,2026-09-08T04:30:00Z,II,Generation,29.750
T_AKGLW-2,AKGLW-2,2026-09-08,12,2026-09-08T05:00:00Z,II,Generation,28.250
T_AKGLW-2,AKGLW-2,2026-09-08,13,2026-09-08T05:30:00Z,II,Generation,26.640
T_AKGLW-2,AKGLW-2,2026-09-08,14,2026-09-08T06:00:00Z,II,Generation,27.160
T_AKGLW-2,AKGLW-2,2026-09-08,15,2026-09-08T06:30:00Z,II,Generation,28.450
T_AKGLW-2,AKGLW-2,2026-09-08,16,2026-09-08T07:00:00Z,II,Generation,30.020
T_AKGLW-2,AKGLW-2,2026-09-08,17,2026-09-08T07:30:00Z,II,Generation,29.320
T_AKGLW-2,AKGLW-2,2026-09-08,18,2026-09-08T08:00:00Z,II,Generation,28.900
T_AKGLW-2,AKGLW-2,2026-09-08,19,2026-09-08T08:30:00Z,II,Generation,29.690
T_AKGLW-2,AKGLW-2,2026-09-08,20,2026-09-08T09:00:00Z,II,Generation,29.680
T_AKGLW-2,AKGLW-2,2026-09-08,21,2026-09-08T09:30:00Z,II,Generation,29.710
T_AKGLW-2,AKGLW-2,2026-09-08,22,2026-09-08T10:00:00Z,II,Generation,28.880
T_AKGLW-2,AKGLW-2,2026-09-08,23,2026-09-08T10:30:00Z,II,Generation,28.700
T_AKGLW-2,AKGLW-2,2026-09-08,24,2026-09-08T11:00:00Z,II,Generation,27.680
T_AKGLW-2,AKGLW-2,2026-09-08,25,2026-09-08T11:30:00Z,II,Generation,27.680
T_AKGLW-2,AKGLW-2,2026-09-08,26,2026-09-08T12:00:00Z,II,Generation,27.660
T_AKGLW-2,AKGLW-2,2026-09-08,27,2026-09-08T12:30:00Z,II,Generation,28.430
T_AKGLW-2,AKGLW-2,2026-09-08,28,2026-09-08T13:00:00Z,II,Generation,29.030
T_AKGLW-2,AKGLW-2,2026-09-08,29,2026-09-08T13:30:00Z,II,Generation,28.690
T_AKGLW-2,AKGLW-2,2026-09-08,30,2026-09-08T14:00:00Z,II,Generation,28.420
T_AKGLW-2,AKGLW-2,2026-09-08,31,2026-09-08T14:30:00Z,II,Generation,29.190
T_AKGLW-2,AKGLW-2,2026-09-08,32,2026-09-08T15:00:00Z,II,Generation,28.910
T_AKGLW-2,AKGLW-2,2026-09-08,33,2026-09-08T15:30:00Z,II,Generation,28.050
T_AKGLW-2,AKGLW-2,2026-09-08,34,2026-09-08T16:00:00Z,II,Generation,28.840
T_AKGLW-2,AKGLW-2,2026-09-08,35,2026-09-08T16:30:00Z,II,Generation,29.080
T_AKGLW-2,AKGLW-2,2026-09-08,36,2026-09-08T17:00:00Z,II,Generation,29.790
T_AKGLW-2,AKGLW-2,2026-09-08,37,2026-09-08T17:30:00Z,II,Generation,29.940
T_AKGLW-2,AKGLW-2,2026-09-08,38,2026-09-08T18:00:00Z,II,Generation,29.720
T_AKGLW-2,AKGLW-2,2026-09-08,39,2026-09-08T18:30:00Z,II,Generation,30.160
T_AKGLW-2,AKGLW-2,2026-09-08,40,2026-09-08T19:00:00Z,II,Generation,30.930
T_AKGLW-2,AKGLW-2,2026-09-08,41,2026-09-08T19:30:00Z,II,Generation,31.240
T_AKGLW-2,AKGLW-2,2026-09-08,42,2026-09-08T20:00:00Z,II,Generation,31.070
T_AKGLW-2,AKGLW-2,2026-09-08,43,2026-09-08T20:30:00Z,II,Generation,31.110
T_AKGLW-2,AKGLW-2,2026-09-08,44,2026-09-08T21:00:00Z,II,Generation,31.160
T_AKGLW-2,AKGLW-2,2026-09-08,45,2026-09-08T21:30:00Z,II,Generation,31.050
T_AKGLW-2,AKGLW-2,2026-09-08,46,2026-09-08T22:00:00Z,II,Generation,30.980
T_AKGLW-2,AKGLW-2,2026-09-08,47,2026-09-08T22:30:00Z,II,Generation,30.880
T_AKGLW-2,AKGLW-2,2026-09-08,48,2026-09-08T23:00:00Z,II,Generation,30.870
T_AKGLW-3,AKGLW-3,2026-09-08,1,2026-09-07T23:30:00Z,II,Generation,-0.010
T_AKGLW-3,AKGLW-3,2026-09-08,2,2026-09-08T00:00:00Z,II,Generation,-0.005
T_AKGLW-3,AKGLW-3,2026-09-08,3,2026-09-08T00:30:00Z,II,Generation,-0.009
T_AKGLW-3,AKGLW-3,2026-09-08,4,2026-09-08T01:00:00Z,II,Generation,-0.009
T_AKGLW-3,AKGLW-3,2026-09-08,5,2026-09-08T01:30:00Z,II,Generation,0.000
T_AKGLW-3,AKGLW-3,2026-09-08,6,2026-09-08T02:00:00Z,II,Generation,-0.009
T_AKGLW-3,AKGLW-3,2026-09-08,7,2026-09-08T02:30:00Z,II,Generation,-0.010
T_AKGLW-3,AKGLW-3,2026-09-08,8,2026-09-08T03:00:00Z,II,Generation,-0.002
T_AKGLW-3,AKGLW-3,2026-09-08,9,2026-09-08T03:30:00Z,II,Generation,-0.009
T_AKGLW-3,AKGLW-3,2026-09-08,10,2026-09-08T04:00:00Z,II,Generation,-0.005
T_AKGLW-3,AKGLW-3,2026-09-08,11,2026-09-08T04:30:00Z,II,Generation,-0.009
T_AKGLW-3,AKGLW-3,2026-09-08,12,2026-09-08T05:00:00Z,II,Generation,-0.010
T_AKGLW-3,AKGLW-3,2026-09-08,13,2026-09-08T05:30:00Z,II,Generation,-0.004
T_AKGLW-3,AKGLW-3,2026-09-08,14,2026-09-08T06:00:00Z,II,Generation,-0.010
T_AKGLW-3,AKGLW-3,2026-09-08,15,2026-09-08T06:30:00Z,II,Generation,-0.009
T_AKGLW-3,AKGLW-3,2026-09-08,16,2026-09-08T07:00:00Z,II,Generation,-0.007
T_AKGLW-3,AKGLW-3,2026-09-08,17,2026-09-08T07:30:00Z,II,Generation,-0.009
T_AKGLW-3,AKGLW-3,2026-09-08,18,2026-09-08T08:00:00Z,II,Generation,-0.011
T_AKGLW-3,AKGLW-3,2026-09-08,19,2026-09-08T08:30:00Z,II,Generation,-0.010
T_AKGLW-3,AKGLW-3,2026-09-08,20,2026-09-08T09:00:00Z,II,Generation,-0.011
T_AKGLW-3,AKGLW-3,2026-09-08,21,2026-09-08T09:30:00Z,II,Generation,-0.013
T_AKGLW-3,AKGLW-3,2026-09-08,22,2026-09-08T10:00:00Z,II,Generation,-0.017
T_AKGLW-3,AKGLW-3,2026-09-08,23,2026-09-08T10:30:00Z,II,Generation,-0.015
T_AKGLW-3,AKGLW-3,2026-09-08,24,2026-09-08T11:00:00Z,II,Generation,-0.003
T_AKGLW-3,AKGLW-3,2026-09-08,25,2026-09-08T11:30:00Z,II,Generation,-0.011
T_AKGLW-3,AKGLW-3,2026-09-08,26,2026-09-08T12:00:00Z,II,Generation,-0.012
T_AKGLW-3,AKGLW-3,2026-09-08,27,2026-09-08T12:30:00Z,II,Generation,0.001
T_AKGLW-3,AKGLW-3,2026-09-08,28,2026-09-08T13:00:00Z,II,Generation,-0.013
T_AKGLW-3,AKGLW-3,2026-09-08,29,2026-09-08T13:30:00Z,II,Generation,-0.012
T_AKGLW-3,AKGLW-3,2026-09-08,30,2026-09-08T14:00:00Z,II,Generation,0.001
T_AKGLW-3,AKGLW-3,2026-09-08,31,2026-09-08T14:30:00Z,II,Generation,-0.012
T_AKGLW-3,AKGLW-3,2026-09-08,32,2026-09-08T15:00:00Z,II,Generation,-0.008
T_AKGLW-3,AKGLW-3,2026-09-08,33,2026-09-08T15:30:00Z,II,Generation,0.005
T_AKGLW-3,AKGLW-3,2026-09-08,34,2026-09-08T16:00:00Z,II,Generation,-0.011
T_AKGLW-3,AKGLW-3,2026-09-08,35,2026-09-08T16:30:00Z,II,Generation,-0.008
T_AKGLW-3,AKGLW-3,2026-09-08,36,2026-09-08T17:00:00Z,II,Generation,-0.006
T_AKGLW-3,AKGLW-3,2026-09-08,37,2026-09-08T17:30:00Z,II,Generation,-0.013
T_AKGLW-3,AKGLW-3,2026-09-08,38,2026-09-08T18:00:00Z,II,Generation,-0.003
T_AKGLW-3,AKGLW-3,2026-09-08,39,2026-09-08T18:30:00Z,II,Generation,-0.007
T_AKGLW-3,AKGLW-3,2026-09-08,40,2026-09-08T19:00:00Z,II,Generation,-0.011
T_AKGLW-3,AKGLW-3,2026-09-08,41,2026-09-08T19:30:00Z,II,Generation,-0.005
T_AKGLW-3,AKGLW-3,2026-09-08,42,2026-09-08T20:00:00Z,II,Generation,-0.010
T_AKGLW-3,AKGLW-3,2026-09-08,43,2026-09-08T20:30:00Z,II,Generation,-0.011
T_AKGLW-3,AKGLW-3,2026-09-08,44,2026-09-08T21:00:00Z,II,Generation,-0.008
T_AKGLW-3,AKGLW-3,2026-09-08,45,2026-09-08T21:30:00Z,II,Generation,-0.011
T_AKGLW-3,AKGLW-3,2026-09-08,46,2026-09-08T22:00:00Z,II,Generation,36.782
T_AKGLW-3,AKGLW-3,2026-09-08,47,2026-09-08T22:30:00Z,II,Generation,37.495
T_AKGLW-3,AKGLW-3,2026-09-08,48,2026-09-08T23:00:00Z,II,Generation,37.682
T_ANSUW-1,ANSUW-1,2026-09-08,1,2026-09-07T23:30:00Z,II,Generation,6.165
T_ANSUW-1,ANSUW-1,2026-09-08,2,2026-09-08T00:00:00Z,II,Generation,6.675
T_ANSUW-1,ANSUW-1,2026-09-08,3,2026-09-08T00:30:00Z,II,Generation,5.290
T_ANSUW-1,ANSUW-1,2026-09-08,4,2026-09-08T01:00:00Z,II,Generation,3.969
T_ANSUW-1,ANSUW-1,2026-09-08,5,2026-09-08T01:30:00Z,II,Generation,6.223
T_ANSUW-1,ANSUW-1,2026-09-08,6,2026-09-08T02:00:00Z,II,Generation,5.517
T_ANSUW-1,ANSUW-1,2026-09-08,7,2026-09-08T02:30:00Z,II,Generation,5.367
T_ANSUW-1,ANSUW-1,2026-09-08,8,2026-09-08T03:00:00Z,II,Generation,5.656
T_ANSUW-1,ANSUW-1,2026-09-08,9,2026-09-08T03:30:00Z,II,Generation,7.344
T_ANSUW-1,ANSUW-1,2026-09-08,10,2026-09-08T04:00:00Z,II,Generation,7.170
T_ANSUW-1,ANSUW-1,2026-09-08,11,2026-09-08T04:30:00Z,II,Generation,7.375
T_ANSUW-1,ANSUW-1,2026-09-08,12,2026-09-08T05:00:00Z,II,Generation,8.078
T_ANSUW-1,ANSUW-1,2026-09-08,13,2026-09-08T05:30:00Z,II,Generation,7.307
T_ANSUW-1,ANSUW-1,2026-09-08,14,2026-09-08T06:00:00Z,II,Generation,5.662
T_ANSUW-1,ANSUW-1,2026-09-08,15,2026-09-08T06:30:00Z,II,Generation,6.567
T_ANSUW-1,ANSUW-1,2026-09-08,16,2026-09-08T07:00:00Z,II,Generation,6.593
T_ANSUW-1,ANSUW-1,2026-09-08,17,2026-09-08T07:30:00Z,II,Generation,6.328
T_ANSUW-1,ANSUW-1,2026-09-08,18,2026-09-08T08:00:00Z,II,Generation,6.530
T_ANSUW-1,ANSUW-1,2026-09-08,19,2026-09-08T08:30:00Z,II,Generation,7.156
T_ANSUW-1,ANSUW-1,2026-09-08,20,2026-09-08T09:00:00Z,II,Generation,7.257
T_ANSUW-1,ANSUW-1,2026-09-08,21,2026-09-08T09:30:00Z,II,Generation,7.862
T_ANSUW-1,ANSUW-1,2026-09-08,22,2026-09-08T10:00:00Z,II,Generation,6.985
T_ANSUW-1,ANSUW-1,2026-09-08,23,2026-09-08T10:30:00Z,II,Generation,7.314
T_ANSUW-1,ANSUW-1,2026-09-08,24,2026-09-08T11:00:00Z,II,Generation,8.377
T_ANSUW-1,ANSUW-1,2026-09-08,25,2026-09-08T11:30:00Z,II,Generation,8.290
T_ANSUW-1,ANSUW-1,2026-09-08,26,2026-09-08T12:00:00Z,II,Generation,8.537
T_ANSUW-1,ANSUW-1,2026-09-08,27,2026-09-08T12:30:00Z,II,Generation,8.574
T_ANSUW-1,ANSUW-1,2026-09-08,28,2026-09-08T13:00:00Z,II,Generation,8.249
T_ANSUW-1,ANSUW-1,2026-09-08,29,2026-09-08T13:30:00Z,II,Generation,7.805
T_ANSUW-1,ANSUW-1,2026-09-08,30,2026-09-08T14:00:00Z,II,Generation,7.940
T_ANSUW-1,ANSUW-1,2026-09-08,31,2026-09-08T14:30:00Z,II,Generation,7.522
T_ANSUW-1,ANSUW-1,2026-09-08,32,2026-09-08T15:00:00Z,II,Generation,8.469
T_ANSUW-1,ANSUW-1,2026-09-08,33,2026-09-08T15:30:00Z,II,Generation,7.517
T_ANSUW-1,ANSUW-1,2026-09-08,34,2026-09-08T16:00:00Z,II,Generation,8.239
T_ANSUW-1,ANSUW-1,2026-09-08,35,2026-09-08T16:30:00Z,II,Generation,7.917
T_ANSUW-1,ANSUW-1,2026-09-08,36,2026-09-08T17:00:00Z,II,Generation,8.315
T_ANSUW-1,ANSUW-1,2026-09-08,37,2026-09-08T17:30:00Z,II,Generation,8.246
T_ANSUW-1,ANSUW-1,2026-09-08,38,2026-09-08T18:00:00Z,II,Generation,8.176
T_ANSUW-1,ANSUW-1,2026-09-08,39,2026-09-08T18:30:00Z,II,Generation,8.080
T_ANSUW-1,ANSUW-1,2026-09-08,40,2026-09-08T19:00:00Z,II,Generation,7.193
T_ANSUW-1,ANSUW-1,2026-09-08,41,2026-09-08T19:30:00Z,II,Generation,7.348
T_ANSUW-1,ANSUW-1,2026-09-08,42,2026-09-08T20:00:00Z,II,Generation,9.082
T_ANSUW-1,ANSUW-1,2026-09-08,43,2026-09-08T20:30:00Z,II,Generation,9.108
T_ANSUW-1,ANSUW-1,2026-09-08,44,2026-09-08T21:00:00Z,II,Generation,7.482
T_ANSUW-1,ANSUW-1,2026-09-08,45,2026-09-08T21:30:00Z,II,Generation,6.224
T_ANSUW-1,ANSUW-1,2026-09-08,46,2026-09-08T22:00:00Z,II,Generation,5.101
T_ANSUW-1,ANSUW-1,2026-09-08,47,2026-09-08T22:30:00Z,II,Generation,4.265
T_ANSUW-1,ANSUW-1,2026-09-08,48,2026-09-08T23:00:00Z,II,Generation,2.558
T_ARCHW-1,ARCHW-1,2026-09-08,1,2026-09-07T23:30:00Z,II,Generation,0.000
T_ARCHW-1,ARCHW-1,2026-09-08,2,2026-09-08T00:00:00Z,II,Generation,0.000
T_ARCHW-1,ARCHW-1,2026-09-08,3,2026-09-08T00:30:00Z,II,Generation,0.000
T_ARCHW-1,ARCHW-1,2026-09-08,4,2026-09-08T01:00:00Z,II,Generation,0.000
T_ARCHW-1,ARCHW-1,2026-09-08,5,2026-09-08T01:30:00Z,II,Generation,0.000
T_ARCHW-1,ARCHW-1,2026-09-08,6,2026-09-08T02:00:00Z,II,Generation,0.000
T_ARCHW-1,ARCHW-1,2026-09-08,7,2026-09-08T02:30:00Z,II,Generation,0.000
T_ARCHW-1,ARCHW-1,2026-09-08,8,2026-09-08T03:00:00Z,II,Generation,0.000
T_ARCHW-1,ARCHW-1,2026-09-08,9,2026-09-08T03:30:00Z,II,Generation,0.000
T_ARCHW-1,ARCHW-1,2026-09-08,10,2026-09-08T04:00:00Z,II,Generation,0.000
T_ARCHW-1,ARCHW-1,2026-09-08,11,2026-09-08T04:30:00Z,II,Generation,0.000
T_ARCHW-1,ARCHW-1,2026-09-08,12,2026-09-08T05:00:00Z,II,Generation,0.000
T_ARCHW-1,ARCHW-1,2026-09-08,13,2026-09-08T05:30:00Z,II,Generation,0.000
T_ARCHW-1,ARCHW-1,2026-09-08,14,2026-09-08T06:00:00Z,II,Generation,0.000
T_ARCHW-1,ARCHW-1,2026-09-08,15,2026-09-08T06:30:00Z,II,Generation,0.000
T_ARCHW-1,ARCHW-1,2026-09-08,16,2026-09-08T07:00:00Z,II,Generation,0.000
T_ARCHW-1,ARCHW-1,2026-09-08,17,2026-09-08T07:30:00Z,II,Generation,0.000
T_ARCHW-1,ARCHW-1,2026-09-08,18,2026-09-08T08:00:00Z,II,Generation,0.000
T_ARCHW-1,ARCHW-1,2026-09-08,19,2026-09-08T08:30:00Z,II,Generation,0.000
T_ARCHW-1,ARCHW-1,2026-09-08,20,2026-09-08T09:00:00Z,II,Generation,0.000
T_ARCHW-1,ARCHW-1,2026-09-08,21,2026-09-08T09:30:00Z,II,Generation,0.000
T_ARCHW-1,ARCHW-1,2026-09-08,22,2026-09-08T10:00:00Z,II,Generation,0.000
T_ARCHW-1,ARCHW-1,2026-09-08,23,2026-09-08T10:30:00Z,II,Generation,0.000
T_ARCHW-1,ARCHW-1,2026-09-08,24,2026-09-08T11:00:00Z,II,Generation,0.000
T_ARCHW-1,ARCHW-1,2026-09-08,25,2026-09-08T11:30:00Z,II,Generation,0.000
T_ARCHW-1,ARCHW-1,2026-09-08,26,2026-09-08T12:00:00Z,II,Generation,0.000
T_ARCHW-1,ARCHW-1,2026-09-08,27,2026-09-08T12:30:00Z,II,Generation,0.000
T_ARCHW-1,ARCHW-1,2026-09-08,28,2026-09-08T13:00:00Z,II,Generation,0.000
T_ARCHW-1,ARCHW-1,2026-09-08,29,2026-09-08T13:30:00Z,II,Generation,0.000
T_ARCHW-1,ARCHW-1,2026-09-08,30,2026-09-08T14:00:00Z,II,Generation,0.000
T_ARCHW-1,ARCHW-1,2026-09-08,31,2026-09-08T14:30:00Z,II,Generation,0.000
T_ARCHW-1,ARCHW-1,2026-09-08,32,2026-09-08T15:00:00Z,II,Generation,0.000
T_ARCHW-1,ARCHW-1,2026-09-08,33,2026-09-08T15:30:00Z,II,Generation,0.000
T_ARCHW-1,ARCHW-1,2026-09-08,34,2026-09-08T16:00:00Z,II,Generation,0.000
T_ARCHW-1,ARCHW-1,2026-09-08,35,2026-09-08T16:30:00Z,II,Generation,0.000
T_ARCHW-1,ARCHW-1,2026-09-08,36,2026-09-08T17:00:00Z,II,Generation,0.000
T_ARCHW-1,ARCHW-1,2026-09-08,37,2026-09-08T17:30:00Z,II,Generation,0.000
T_ARCHW-1,ARCHW-1,2026-09-08,38,2026-09-08T18:00:00Z,II,Generation,0.000
T_ARCHW-1,ARCHW-1,2026-09-08,39,2026-09-08T18:30:00Z,II,Generation,0.000
T_ARCHW-1,ARCHW-1,2026-09-08,40,2026-09-08T19:00:00Z,II,Generation,0.000
T_ARCHW-1,ARCHW-1,2026-09-08,41,2026-09-08T19:30:00Z,II,Generation,0.000
T_ARCHW-1,ARCHW-1,2026-09-08,42,2026-09-08T20:00:00Z,II,Generation,0.000
T_ARCHW-1,ARCHW-1,2026-09-08,43,2026-09-08T20:30:00Z,II,Generation,0.000
T_ARCHW-1,ARCHW-1,2026-09-08,44,2026-09-08T21:00:00Z,II,Generation,0.000
T_ARCHW-1,ARCHW-1,2026-09-08,45,2026-09-08T21:30:00Z,II,Generation,0.000
T_ARCHW-1,ARCHW-1,2026-09-08,46,2026-09-08T22:00:00Z,II,Generation,0.000
T_ARCHW-1,ARCHW-1,2026-09-08,47,2026-09-08T22:30:00Z,II,Generation,0.000
T_ARCHW-1,ARCHW-1,2026-09-08,48,2026-09-08T23:00:00Z,II,Generation,0.000
T_BDCHW-1,BDCHW-1,2026-09-08,1,2026-09-07T23:30:00Z,II,Generation,9.322
T_BDCHW-1,BDCHW-1,2026-09-08,2,2026-09-08T00:00:00Z,II,Generation,11.925
T_BDCHW-1,BDCHW-1,2026-09-08,3,2026-09-08T00:30:00Z,II,Generation,9.551
T_BDCHW-1,BDCHW-1,2026-09-08,4,2026-09-08T01:00:00Z,II,Generation,11.045
T_BDCHW-1,BDCHW-1,2026-09-08,5,2026-09-08T01:30:00Z,II,Generation,12.592
T_BDCHW-1,BDCHW-1,2026-09-08,6,2026-09-08T02:00:00Z,II,Generation,12.887
T_BDCHW-1,BDCHW-1,2026-09-08,7,2026-09-08T02:30:00Z,II,Generation,11.315
T_BDCHW-1,BDCHW-1,2026-09-08,8,2026-09-08T03:00:00Z,II,Generation,12.810
T_BDCHW-1,BDCHW-1,2026-09-08,9,2026-09-08T03:30:00Z,II,Generation,13.131
T_BDCHW-1,BDCHW-1,2026-09-08,10,2026-09-08T04:00:00Z,II,Generation,12.880
T_BDCHW-1,BDCHW-1,2026-09-08,11,2026-09-08T04:30:00Z,II,Generation,12.800
T_BDCHW-1,BDCHW-1,2026-09-08,12,2026-09-08T05:00:00Z,II,Generation,10.944
T_BDCHW-1,BDCHW-1,2026-09-08,13,2026-09-08T05:30:00Z,II,Generation,11.278
T_BDCHW-1,BDCHW-1,2026-09-08,14,2026-09-08T06:00:00Z,II,Generation,8.816
T_BDCHW-1,BDCHW-1,2026-09-08,15,2026-09-08T06:30:00Z,II,Generation,10.377
T_BDCHW-1,BDCHW-1,2026-09-08,16,2026-09-08T07:00:00Z,II,Generation,12.795
T_BDCHW-1,BDCHW-1,2026-09-08,17,2026-09-08T07:30:00Z,II,Generation,13.174
T_BDCHW-1,BDCHW-1,2026-09-08,18,2026-09-08T08:00:00Z,II,Generation,13.203
T_BDCHW-1,BDCHW-1,2026-09-08,19,2026-09-08T08:30:00Z,II,Generation,13.214
T_BDCHW-1,BDCHW-1,2026-09-08,20,2026-09-08T09:00:00Z,II,Generation,4.716
T_BDCHW-1,BDCHW-1,2026-09-08,21,2026-09-08T09:30:00Z,II,Generation,-0.095
T_BDCHW-1,BDCHW-1,2026-09-08,22,2026-09-08T10:00:00Z,II,Generation,-0.095
T_BDCHW-1,BDCHW-1,2026-09-08,23,2026-09-08T10:30:00Z,II,Generation,-0.101
T_BDCHW-1,BDCHW-1,2026-09-08,24,2026-09-08T11:00:00Z,II,Generation,-0.104
T_BDCHW-1,BDCHW-1,2026-09-08,25,2026-09-08T11:30:00Z,II,Generation,-0.101
T_BDCHW-1,BDCHW-1,2026-09-08,26,2026-09-08T12:00:00Z,II,Generation,-0.095
T_BDCHW-1,BDCHW-1,2026-09-08,27,2026-09-08T12:30:00Z,II,Generation,-0.091
T_BDCHW-1,BDCHW-1,2026-09-08,28,2026-09-08T13:00:00Z,II,Generation,-0.084
T_BDCHW-1,BDCHW-1,2026-09-08,29,2026-09-08T13:30:00Z,II,Generation,-0.084
T_BDCHW-1,BDCHW-1,2026-09-08,30,2026-09-08T14:00:00Z,II,Generation,-0.082
T_BDCHW-1,BDCHW-1,2026-09-08,31,2026-09-08T14:30:00Z,II,Generation,-0.080
T_BDCHW-1,BDCHW-1,2026-09-08,32,2026-09-08T15:00:00Z,II,Generation,-0.081
T_BDCHW-1,BDCHW-1,2026-09-08,33,2026-09-08T15:30:00Z,II,Generation,-0.082
T_BDCHW-1,BDCHW-1,2026-09-08,34,2026-09-08T16:00:00Z,II,Generation,-0.083
T_BDCHW-1,BDCHW-1,2026-09-08,35,2026-09-08T16:30:00Z,II,Generation,-0.083
T_BDCHW-1,BDCHW-1,2026-09-08,36,2026-09-08T17:00:00Z,II,Generation,-0.084
T_BDCHW-1,BDCHW-1,2026-09-08,37,2026-09-08T17:30:00Z,II,Generation,-0.086
T_BDCHW-1,BDCHW-1,2026-09-08,38,2026-09-08T18:00:00Z,II,Generation,-0.086
T_BDCHW-1,BDCHW-1,2026-09-08,39,2026-09-08T18:30:00Z,II,Generation,-0.087
T_BDCHW-1,BDCHW-1,2026-09-08,40,2026-09-08T19:00:00Z,II,Generation,-0.088
T_BDCHW-1,BDCHW-1,2026-09-08,41,2026-09-08T19:30:00Z,II,Generation,-0.088
T_BDCHW-1,BDCHW-1,2026-09-08,42,2026-09-08T20:00:00Z,II,Generation,-0.088
T_BDCHW-1,BDCHW-1,2026-09-08,43,2026-09-08T20:30:00Z,II,Generation,-0.088
T_BDCHW-1,BDCHW-1,2026-09-08,44,2026-09-08T21:00:00Z,II,Generation,-0.087
T_BDCHW-1,BDCHW-1,2026-09-08,45,2026-09-08T21:30:00Z,II,Generation,-0.088
T_BDCHW-1,BDCHW-1,2026-09-08,46,2026-09-08T22:00:00Z,II,Generation,-0.088
T_BDCHW-1,BDCHW-1,2026-09-08,47,2026-09-08T22:30:00Z,II,Generation,-0.089
T_BDCHW-1,BDCHW-1,2026-09-08,48,2026-09-08T23:00:00Z,II,Generation,-0.089
T_BEATO-1,BEATO-1,2026-09-08,1,2026-09-07T23:30:00Z,II,Generation,4.990
T_BEATO-1,BEATO-1,2026-09-08,2,2026-09-08T00:00:00Z,II,Generation,4.980
T_BEATO-1,BEATO-1,2026-09-08,3,2026-09-08T00:30:00Z,II,Generation,4.990
T_BEATO-1,BEATO-1,2026-09-08,4,2026-09-08T01:00:00Z,II,Generation,4.980
T_BEATO-1,BEATO-1,2026-09-08,5,2026-09-08T01:30:00Z,II,Generation,4.990
T_BEATO-1,BEATO-1,2026-09-08,6,2026-09-08T02:00:00Z,II,Generation,4.980
T_BEATO-1,BEATO-1,2026-09-08,7,2026-09-08T02:30:00Z,II,Generation,4.980
T_BEATO-1,BEATO-1,2026-09-08,8,2026-09-08T03:00:00Z,II,Generation,4.990
T_BEATO-1,BEATO-1,2026-09-08,9,2026-09-08T03:30:00Z,II,Generation,4.980
T_BEATO-1,BEATO-1,2026-09-08,10,2026-09-08T04:00:00Z,II,Generation,4.990
T_BEATO-1,BEATO-1,2026-09-08,11,2026-09-08T04:30:00Z,II,Generation,4.980
T_BEATO-1,BEATO-1,2026-09-08,12,2026-09-08T05:00:00Z,II,Generation,12.410
T_BEATO-1,BEATO-1,2026-09-08,13,2026-09-08T05:30:00Z,II,Generation,9.360
T_BEATO-1,BEATO-1,2026-09-08,14,2026-09-08T06:00:00Z,II,Generation,4.980
T_BEATO-1,BEATO-1,2026-09-08,15,2026-09-08T06:30:00Z,II,Generation,4.990
T_BEATO-1,BEATO-1,2026-09-08,16,2026-09-08T07:00:00Z,II,Generation,4.990
T_BEATO-1,BEATO-1,2026-09-08,17,2026-09-08T07:30:00Z,II,Generation,11.640
T_BEATO-1,BEATO-1,2026-09-08,18,2026-09-08T08:00:00Z,II,Generation,38.490
T_BEATO-1,BEATO-1,2026-09-08,19,2026-09-08T08:30:00Z,II,Generation,36.050
T_BEATO-1,BEATO-1,2026-09-08,20,2026-09-08T09:00:00Z,II,Generation,36.050
T_BEATO-1,BEATO-1,2026-09-08,21,2026-09-08T09:30:00Z,II,Generation,36.030
T_BEATO-1,BEATO-1,2026-09-08,22,2026-09-08T10:00:00Z,II,Generation,36.030
T_BEATO-1,BEATO-1,2026-09-08,23,2026-09-08T10:30:00Z,II,Generation,35.970
T_BEATO-1,BEATO-1,2026-09-08,24,2026-09-08T11:00:00Z,II,Generation,35.970
T_BEATO-1,BEATO-1,2026-09-08,25,2026-09-08T11:30:00Z,II,Generation,35.990
T_BEATO-1,BEATO-1,2026-09-08,26,2026-09-08T12:00:00Z,II,Generation,35.970
T_BEATO-1,BEATO-1,2026-09-08,27,2026-09-08T12:30:00Z,II,Generation,33.280
T_BEATO-1,BEATO-1,2026-09-08,28,2026-09-08T13:00:00Z,II,Generation,11.740
T_BEATO-1,BEATO-1,2026-09-08,29,2026-09-08T13:30:00Z,II,Generation,20.160
T_BEATO-1,BEATO-1,2026-09-08,30,2026-09-08T14:00:00Z,II,Generation,38.550
T_BEATO-1,BEATO-1,2026-09-08,31,2026-09-08T14:30:00Z,II,Generation,39.430
T_BEATO-1,BEATO-1,2026-09-08,32,2026-09-08T15:00:00Z,II,Generation,39.430
T_BEATO-1,BEATO-1,2026-09-08,33,2026-09-08T15:30:00Z,II,Generation,39.440
T_BEATO-1,BEATO-1,2026-09-08,34,2026-09-08T16:00:00Z,II,Generation,39.410
T_BEATO-1,BEATO-1,2026-09-08,35,2026-09-08T16:30:00Z,II,Generation,39.420
T_BEATO-1,BEATO-1,2026-09-08,36,2026-09-08T17:00:00Z,II,Generation,39.380
T_BEATO-1,BEATO-1,2026-09-08,37,2026-09-08T17:30:00Z,II,Generation,39.360
T_BEATO-1,BEATO-1,2026-09-08,38,2026-09-08T18:00:00Z,II,Generation,38.910
T_BEATO-1,BEATO-1,2026-09-08,39,2026-09-08T18:30:00Z,II,Generation,38.560
T_BEATO-1,BEATO-1,2026-09-08,40,2026-09-08T19:00:00Z,II,Generation,36.460
T_BEATO-1,BEATO-1,2026-09-08,41,2026-09-08T19:30:00Z,II,Generation,36.860
T_BEATO-1,BEATO-1,2026-09-08,42,2026-09-08T20:00:00Z,II,Generation,37.420
T_BEATO-1,BEATO-1,2026-09-08,43,2026-09-08T20:30:00Z,II,Generation,39.140
T_BEATO-1,BEATO-1,2026-09-08,44,2026-09-08T21:00:00Z,II,Generation,38.540
T_BEATO-1,BEATO-1,2026-09-08,45,2026-09-08T21:30:00Z,II,Generation,39.280
T_BEATO-1,BEATO-1,2026-09-08,46,2026-09-08T22:00:00Z,II,Generation,38.790
T_BEATO-1,BEATO-1,2026-09-08,47,2026-09-08T22:30:00Z,II,Generation,37.080
T_BEATO-1,BEATO-1,2026-09-08,48,2026-09-08T23:00:00Z,II,Generation,36.230
T_BEATO-2,BEATO-2,2026-09-08,1,2026-09-07T23:30:00Z,II,Generation,4.970
T_BEATO-2,BEATO-2,2026-09-08,2,2026-09-08T00:00:00Z,II,Generation,4.980
T_BEATO-2,BEATO-2,2026-09-08,3,2026-09-08T00:30:00Z,II,Generation,4.970
T_BEATO-2,BEATO-2,2026-09-08,4,2026-09-08T01:00:00Z,II,Generation,4.970
T_BEATO-2,BEATO-2,2026-09-08,5,2026-09-08T01:30:00Z,II,Generation,9.330
T_BEATO-2,BEATO-2,2026-09-08,6,2026-09-08T02:00:00Z,II,Generation,62.060
T_BEATO-2,BEATO-2,2026-09-08,7,2026-09-08T02:30:00Z,II,Generation,62.050
T_BEATO-2,BEATO-2,2026-09-08,8,2026-09-08T03:00:00Z,II,Generation,62.050
T_BEATO-2,BEATO-2,2026-09-08,9,2026-09-08T03:30:00Z,II,Generation,62.030
T_BEATO-2,BEATO-2,2026-09-08,10,2026-09-08T04:00:00Z,II,Generation,62.010
T_BEATO-2,BEATO-2,2026-09-08,11,2026-09-08T04:30:00Z,II,Generation,60.070
T_BEATO-2,BEATO-2,2026-09-08,12,2026-09-08T05:00:00Z,II,Generation,61.050
T_BEATO-2,BEATO-2,2026-09-08,13,2026-09-08T05:30:00Z,II,Generation,51.970
T_BEATO-2,BEATO-2,2026-09-08,14,2026-09-08T06:00:00Z,II,Generation,9.950
T_BEATO-2,BEATO-2,2026-09-08,15,2026-09-08T06:30:00Z,II,Generation,9.930
T_BEATO-2,BEATO-2,2026-09-08,16,2026-09-08T07:00:00Z,II,Generation,9.940
T_BEATO-2,BEATO-2,2026-09-08,17,2026-09-08T07:30:00Z,II,Generation,9.930
T_BEATO-2,BEATO-2,2026-09-08,18,2026-09-08T08:00:00Z,II,Generation,9.940
T_BEATO-2,BEATO-2,2026-09-08,19,2026-09-08T08:30:00Z,II,Generation,9.930
T_BEATO-2,BEATO-2,2026-09-08,20,2026-09-08T09:00:00Z,II,Generation,9.940
T_BEATO-2,BEATO-2,2026-09-08,21,2026-09-08T09:30:00Z,II,Generation,9.930
T_BEATO-2,BEATO-2,2026-09-08,22,2026-09-08T10:00:00Z,II,Generation,9.930
T_BEATO-2,BEATO-2,2026-09-08,23,2026-09-08T10:30:00Z,II,Generation,9.930
T_BEATO-2,BEATO-2,2026-09-08,24,2026-09-08T11:00:00Z,II,Generation,9.930
T_BEATO-2,BEATO-2,2026-09-08,25,2026-09-08T11:30:00Z,II,Generation,9.930
T_BEATO-2,BEATO-2,2026-09-08,26,2026-09-08T12:00:00Z,II,Generation,9.930
T_BEATO-2,BEATO-2,2026-09-08,27,2026-09-08T12:30:00Z,II,Generation,24.370
T_BEATO-2,BEATO-2,2026-09-08,28,2026-09-08T13:00:00Z,II,Generation,17.900
T_BEATO-2,BEATO-2,2026-09-08,29,2026-09-08T13:30:00Z,II,Generation,24.810
T_BEATO-2,BEATO-2,2026-09-08,30,2026-09-08T14:00:00Z,II,Generation,53.490
T_BEATO-2,BEATO-2,2026-09-08,31,2026-09-08T14:30:00Z,II,Generation,61.820
T_BEATO-2,BEATO-2,2026-09-08,32,2026-09-08T15:00:00Z,II,Generation,61.640
T_BEATO-2,BEATO-2,2026-09-08,33,2026-09-08T15:30:00Z,II,Generation,61.600
T_BEATO-2,BEATO-2,2026-09-08,34,2026-09-08T16:00:00Z,II,Generation,61.620
T_BEATO-2,BEATO-2,2026-09-08,35,2026-09-08T16:30:00Z,II,Generation,61.590
T_BEATO-2,BEATO-2,2026-09-08,36,2026-09-08T17:00:00Z,II,Generation,61.530
T_BEATO-2,BEATO-2,2026-09-08,37,2026-09-08T17:30:00Z,II,Generation,61.460
T_BEATO-2,BEATO-2,2026-09-08,38,2026-09-08T18:00:00Z,II,Generation,61.500
T_BEATO-2,BEATO-2,2026-09-08,39,2026-09-08T18:30:00Z,II,Generation,60.960
T_BEATO-2,BEATO-2,2026-09-08,40,2026-09-08T19:00:00Z,II,Generation,56.220
T_BEATO-2,BEATO-2,2026-09-08,41,2026-09-08T19:30:00Z,II,Generation,57.400
T_BEATO-2,BEATO-2,2026-09-08,42,2026-09-08T20:00:00Z,II,Generation,59.920
T_BEATO-2,BEATO-2,2026-09-08,43,2026-09-08T20:30:00Z,II,Generation,61.070
T_BEATO-2,BEATO-2,2026-09-08,44,2026-09-08T21:00:00Z,II,Generation,60.390
T_BEATO-2,BEATO-2,2026-09-08,45,2026-09-08T21:30:00Z,II,Generation,61.460
T_BEATO-2,BEATO-2,2026-09-08,46,2026-09-08T22:00:00Z,II,Generation,60.710
T_BEATO-2,BEATO-2,2026-09-08,47,2026-09-08T22:30:00Z,II,Generation,57.070
T_BEATO-2,BEATO-2,2026-09-08,48,2026-09-08T23:00:00Z,II,Generation,56.760
T_BEATO-3,BEATO-3,2026-09-08,1,2026-09-07T23:30:00Z,II,Generation,9.940
T_BEATO-3,BEATO-3,2026-09-08,2,2026-09-08T00:00:00Z,II,Generation,9.950
T_BEATO-3,BEATO-3,2026-09-08,3,2026-09-08T00:30:00Z,II,Generation,9.920
T_BEATO-3,BEATO-3,2026-09-08,4,2026-09-08T01:00:00Z,II,Generation,9.950
T_BEATO-3,BEATO-3,2026-09-08,5,2026-09-08T01:30:00Z,II,Generation,9.940
T_BEATO-3,BEATO-3,2026-09-08,6,2026-09-08T02:00:00Z,II,Generation,9.920
T_BEATO-3,BEATO-3,2026-09-08,7,2026-09-08T02:30:00Z,II,Generation,9.940
T_BEATO-3,BEATO-3,2026-09-08,8,2026-09-08T03:00:00Z,II,Generation,9.950
T_BEATO-3,BEATO-3,2026-09-08,9,2026-09-08T03:30:00Z,II,Generation,9.930
T_BEATO-3,BEATO-3,2026-09-08,10,2026-09-08T04:00:00Z,II,Generation,9.940
T_BEATO-3,BEATO-3,2026-09-08,11,2026-09-08T04:30:00Z,II,Generation,9.940
T_BEATO-3,BEATO-3,2026-09-08,12,2026-09-08T05:00:00Z,II,Generation,9.930
T_BEATO-3,BEATO-3,2026-09-08,13,2026-09-08T05:30:00Z,II,Generation,9.930
T_BEATO-3,BEATO-3,2026-09-08,14,2026-09-08T06:00:00Z,II,Generation,9.940
T_BEATO-3,BEATO-3,2026-09-08,15,2026-09-08T06:30:00Z,II,Generation,9.930
T_BEATO-3,BEATO-3,2026-09-08,16,2026-09-08T07:00:00Z,II,Generation,9.950
T_BEATO-3,BEATO-3,2026-09-08,17,2026-09-08T07:30:00Z,II,Generation,9.930
T_BEATO-3,BEATO-3,2026-09-08,18,2026-09-08T08:00:00Z,II,Generation,9.930
T_BEATO-3,BEATO-3,2026-09-08,19,2026-09-08T08:30:00Z,II,Generation,77.090
T_BEATO-3,BEATO-3,2026-09-08,20,2026-09-08T09:00:00Z,II,Generation,82.670
T_BEATO-3,BEATO-3,2026-09-08,21,2026-09-08T09:30:00Z,II,Generation,82.650
T_BEATO-3,BEATO-3,2026-09-08,22,2026-09-08T10:00:00Z,II,Generation,82.630
T_BEATO-3,BEATO-3,2026-09-08,23,2026-09-08T10:30:00Z,II,Generation,82.640
T_BEATO-3,BEATO-3,2026-09-08,24,2026-09-08T11:00:00Z,II,Generation,82.620
T_BEATO-3,BEATO-3,2026-09-08,25,2026-09-08T11:30:00Z,II,Generation,82.640
T_BEATO-3,BEATO-3,2026-09-08,26,2026-09-08T12:00:00Z,II,Generation,82.510
T_BEATO-3,BEATO-3,2026-09-08,27,2026-09-08T12:30:00Z,II,Generation,70.150
T_BEATO-3,BEATO-3,2026-09-08,28,2026-09-08T13:00:00Z,II,Generation,8.460
T_BEATO-3,BEATO-3,2026-09-08,29,2026-09-08T13:30:00Z,II,Generation,17.950
T_BEATO-3,BEATO-3,2026-09-08,30,2026-09-08T14:00:00Z,II,Generation,75.340
T_BEATO-3,BEATO-3,2026-09-08,31,2026-09-08T14:30:00Z,II,Generation,82.600
T_BEATO-3,BEATO-3,2026-09-08,32,2026-09-08T15:00:00Z,II,Generation,82.580
T_BEATO-3,BEATO-3,2026-09-08,33,2026-09-08T15:30:00Z,II,Generation,82.640
T_BEATO-3,BEATO-3,2026-09-08,34,2026-09-08T16:00:00Z,II,Generation,82.610
T_BEATO-3,BEATO-3,2026-09-08,35,2026-09-08T16:30:00Z,II,Generation,82.600
T_BEATO-3,BEATO-3,2026-09-08,36,2026-09-08T17:00:00Z,II,Generation,82.590
T_BEATO-3,BEATO-3,2026-09-08,37,2026-09-08T17:30:00Z,II,Generation,82.570
T_BEATO-3,BEATO-3,2026-09-08,38,2026-09-08T18:00:00Z,II,Generation,82.000
T_BEATO-3,BEATO-3,2026-09-08,39,2026-09-08T18:30:00Z,II,Generation,81.360
T_BEATO-3,BEATO-3,2026-09-08,40,2026-09-08T19:00:00Z,II,Generation,79.430
T_BEATO-3,BEATO-3,2026-09-08,41,2026-09-08T19:30:00Z,II,Generation,82.160
T_BEATO-3,BEATO-3,2026-09-08,42,2026-09-08T20:00:00Z,II,Generation,82.270
T_BEATO-3,BEATO-3,2026-09-08,43,2026-09-08T20:30:00Z,II,Generation,82.340
T_BEATO-3,BEATO-3,2026-09-08,44,2026-09-08T21:00:00Z,II,Generation,82.350
T_BEATO-3,BEATO-3,2026-09-08,45,2026-09-08T21:30:00Z,II,Generation,82.250
T_BEATO-3,BEATO-3,2026-09-08,46,2026-09-08T22:00:00Z,II,Generation,82.120
T_BEATO-3,BEATO-3,2026-09-08,47,2026-09-08T22:30:00Z,II,Generation,82.120
T_BEATO-3,BEATO-3,2026-09-08,48,2026-09-08T23:00:00Z,II,Generation,81.240
T_BEATO-4,BEATO-4,2026-09-08,1,2026-09-07T23:30:00Z,II,Generation,9.880
T_BEATO-4,BEATO-4,2026-09-08,2,2026-09-08T00:00:00Z,II,Generation,9.840
T_BEATO-4,BEATO-4,2026-09-08,3,2026-09-08T00:30:00Z,II,Generation,9.810
T_BEATO-4,BEATO-4,2026-09-08,4,2026-09-08T01:00:00Z,II,Generation,9.900
T_BEATO-4,BEATO-4,2026-09-08,5,2026-09-08T01:30:00Z,II,Generation,9.880
T_BEATO-4,BEATO-4,2026-09-08,6,2026-09-08T02:00:00Z,II,Generation,9.880
T_BEATO-4,BEATO-4,2026-09-08,7,2026-09-08T02:30:00Z,II,Generation,9.870
T_BEATO-4,BEATO-4,2026-09-08,8,2026-09-08T03:00:00Z,II,Generation,16.810
T_BEATO-4,BEATO-4,2026-09-08,9,2026-09-08T03:30:00Z,II,Generation,82.570
T_BEATO-4,BEATO-4,2026-09-08,10,2026-09-08T04:00:00Z,II,Generation,82.630
T_BEATO-4,BEATO-4,2026-09-08,11,2026-09-08T04:30:00Z,II,Generation,82.640
T_BEATO-4,BEATO-4,2026-09-08,12,2026-09-08T05:00:00Z,II,Generation,82.440
T_BEATO-4,BEATO-4,2026-09-08,13,2026-09-08T05:30:00Z,II,Generation,31.760
T_BEATO-4,BEATO-4,2026-09-08,14,2026-09-08T06:00:00Z,II,Generation,9.810
T_BEATO-4,BEATO-4,2026-09-08,15,2026-09-08T06:30:00Z,II,Generation,9.840
T_BEATO-4,BEATO-4,2026-09-08,16,2026-09-08T07:00:00Z,II,Generation,9.890
T_BEATO-4,BEATO-4,2026-09-08,17,2026-09-08T07:30:00Z,II,Generation,9.900
T_BEATO-4,BEATO-4,2026-09-08,18,2026-09-08T08:00:00Z,II,Generation,16.440
T_BEATO-4,BEATO-4,2026-09-08,19,2026-09-08T08:30:00Z,II,Generation,59.280
T_BEATO-4,BEATO-4,2026-09-08,20,2026-09-08T09:00:00Z,II,Generation,59.240
T_BEATO-4,BEATO-4,2026-09-08,21,2026-09-08T09:30:00Z,II,Generation,73.550
T_BEATO-4,BEATO-4,2026-09-08,22,2026-09-08T10:00:00Z,II,Generation,82.650
T_BEATO-4,BEATO-4,2026-09-08,23,2026-09-08T10:30:00Z,II,Generation,82.670
T_BEATO-4,BEATO-4,2026-09-08,24,2026-09-08T11:00:00Z,II,Generation,82.650
T_BEATO-4,BEATO-4,2026-09-08,25,2026-09-08T11:30:00Z,II,Generation,82.690
T_BEATO-4,BEATO-4,2026-09-08,26,2026-09-08T12:00:00Z,II,Generation,82.550
T_BEATO-4,BEATO-4,2026-09-08,27,2026-09-08T12:30:00Z,II,Generation,57.530
T_BEATO-4,BEATO-4,2026-09-08,28,2026-09-08T13:00:00Z,II,Generation,4.140
T_BEATO-4,BEATO-4,2026-09-08,29,2026-09-08T13:30:00Z,II,Generation,25.640
T_BEATO-4,BEATO-4,2026-09-08,30,2026-09-08T14:00:00Z,II,Generation,81.480
T_BEATO-4,BEATO-4,2026-09-08,31,2026-09-08T14:30:00Z,II,Generation,82.600
T_BEATO-4,BEATO-4,2026-09-08,32,2026-09-08T15:00:00Z,II,Generation,82.650
T_BEATO-4,BEATO-4,2026-09-08,33,2026-09-08T15:30:00Z,II,Generation,82.630
T_BEATO-4,BEATO-4,2026-09-08,34,2026-09-08T16:00:00Z,II,Generation,82.640
T_BEATO-4,BEATO-4,2026-09-08,35,2026-09-08T16:30:00Z,II,Generation,82.600
T_BEATO-4,BEATO-4,2026-09-08,36,2026-09-08T17:00:00Z,II,Generation,82.640
T_BEATO-4,BEATO-4,2026-09-08,37,2026-09-08T17:30:00Z,II,Generation,82.620
T_BEATO-4,BEATO-4,2026-09-08,38,2026-09-08T18:00:00Z,II,Generation,82.400
T_BEATO-4,BEATO-4,2026-09-08,39,2026-09-08T18:30:00Z,II,Generation,81.870
T_BEATO-4,BEATO-4,2026-09-08,40,2026-09-08T19:00:00Z,II,Generation,82.170
T_BEATO-4,BEATO-4,2026-09-08,41,2026-09-08T19:30:00Z,II,Generation,82.390
T_BEATO-4,BEATO-4,2026-09-08,42,2026-09-08T20:00:00Z,II,Generation,82.210
T_BEATO-4,BEATO-4,2026-09-08,43,2026-09-08T20:30:00Z,II,Generation,82.460
T_BEATO-4,BEATO-4,2026-09-08,44,2026-09-08T21:00:00Z,II,Generation,82.550
T_BEATO-4,BEATO-4,2026-09-08,45,2026-09-08T21:30:00Z,II,Generation,82.470
T_BEATO-4,BEATO-4,2026-09-08,46,2026-09-08T22:00:00Z,II,Generation,82.320
T_BEATO-4,BEATO-4,2026-09-08,47,2026-09-08T22:30:00Z,II,Generation,82.570
T_BEATO-4,BEATO-4,2026-09-08,48,2026-09-08T23:00:00Z,II,Generation,82.110
T_BEINW-1,BEINW-1,2026-09-08,1,2026-09-07T23:30:00Z,II,Generation,51.407
T_BEINW-1,BEINW-1,2026-09-08,2,2026-09-08T00:00:00Z,II,Generation,50.676
T_BEINW-1,BEINW-1,2026-09-08,3,2026-09-08T00:30:00Z,II,Generation,48.533
T_BEINW-1,BEINW-1,2026-09-08,4,2026-09-08T01:00:00Z,II,Generation,45.914
T_BEINW-1,BEINW-1,2026-09-08,5,2026-09-08T01:30:00Z,II,Generation,44.833
T_BEINW-1,BEINW-1,2026-09-08,6,2026-09-08T02:00:00Z,II,Generation,49.525
T_BEINW-1,BEINW-1,2026-09-08,7,2026-09-08T02:30:00Z,II,Generation,44.148
T_BEINW-1,BEINW-1,2026-09-08,8,2026-09-08T03:00:00Z,II,Generation,44.400
T_BEINW-1,BEINW-1,2026-09-08,9,2026-09-08T03:30:00Z,II,Generation,41.341
T_BEINW-1,BEINW-1,2026-09-08,10,2026-09-08T04:00:00Z,II,Generation,36.327
T_BEINW-1,BEINW-1,2026-09-08,11,2026-09-08T04:30:00Z,II,Generation,37.181
T_BEINW-1,BEINW-1,2026-09-08,12,2026-09-08T05:00:00Z,II,Generation,41.109
T_BEINW-1,BEINW-1,2026-09-08,13,2026-09-08T05:30:00Z,II,Generation,39.755
T_BEINW-1,BEINW-1,2026-09-08,14,2026-09-08T06:00:00Z,II,Generation,47.910
T_BEINW-1,BEINW-1,2026-09-08,15,2026-09-08T06:30:00Z,II,Generation,49.313
T_BEINW-1,BEINW-1,2026-09-08,16,2026-09-08T07:00:00Z,II,Generation,50.641
T_BEINW-1,BEINW-1,2026-09-08,17,2026-09-08T07:30:00Z,II,Generation,43.531
T_BEINW-1,BEINW-1,2026-09-08,18,2026-09-08T08:00:00Z,II,Generation,37.145
T_BEINW-1,BEINW-1,2026-09-08,19,2026-09-08T08:30:00Z,II,Generation,35.617
T_BEINW-1,BEINW-1,2026-09-08,20,2026-09-08T09:00:00Z,II,Generation,36.873
T_BEINW-1,BEINW-1,2026-09-08,21,2026-09-08T09:30:00Z,II,Generation,36.457
T_BEINW-1,BEINW-1,2026-09-08,22,2026-09-08T10:00:00Z,II,Generation,38.518
T_BEINW-1,BEINW-1,2026-09-08,23,2026-09-08T10:30:00Z,II,Generation,33.510
T_BEINW-1,BEINW-1,2026-09-08,24,2026-09-08T11:00:00Z,II,Generation,36.497
T_BEINW-1,BEINW-1,2026-09-08,25,2026-09-08T11:30:00Z,II,Generation,34.267
T_BEINW-1,BEINW-1,2026-09-08,26,2026-09-08T12:00:00Z,II,Generation,36.880
T_BEINW-1,BEINW-1,2026-09-08,27,2026-09-08T12:30:00Z,II,Generation,36.175
T_BEINW-1,BEINW-1,2026-09-08,28,2026-09-08T13:00:00Z,II,Generation,42.355
T_BEINW-1,BEINW-1,2026-09-08,29,2026-09-08T13:30:00Z,II,Generation,39.720
T_BEINW-1,BEINW-1,2026-09-08,30,2026-09-08T14:00:00Z,II,Generation,39.344
T_BEINW-1,BEINW-1,2026-09-08,31,2026-09-08T14:30:00Z,II,Generation,42.464
T_BEINW-1,BEINW-1,2026-09-08,32,2026-09-08T15:00:00Z,II,Generation,41.921
T_BEINW-1,BEINW-1,2026-09-08,33,2026-09-08T15:30:00Z,II,Generation,33.840
T_BEINW-1,BEINW-1,2026-09-08,34,2026-09-08T16:00:00Z,II,Generation,32.322
T_BEINW-1,BEINW-1,2026-09-08,35,2026-09-08T16:30:00Z,II,Generation,20.309
T_BEINW-1,BEINW-1,2026-09-08,36,2026-09-08T17:00:00Z,II,Generation,11.446
T_BEINW-1,BEINW-1,2026-09-08,37,2026-09-08T17:30:00Z,II,Generation,9.046
T_BEINW-1,BEINW-1,2026-09-08,38,2026-09-08T18:00:00Z,II,Generation,7.650
T_BEINW-1,BEINW-1,2026-09-08,39,2026-09-08T18:30:00Z,II,Generation,3.400
T_BEINW-1,BEINW-1,2026-09-08,40,2026-09-08T19:00:00Z,II,Generation,6.935
T_BEINW-1,BEINW-1,2026-09-08,41,2026-09-08T19:30:00Z,II,Generation,14.109
T_BEINW-1,BEINW-1,2026-09-08,42,2026-09-08T20:00:00Z,II,Generation,9.106
T_BEINW-1,BEINW-1,2026-09-08,43,2026-09-08T20:30:00Z,II,Generation,11.729
T_BEINW-1,BEINW-1,2026-09-08,44,2026-09-08T21:00:00Z,II,Generation,15.559
T_BEINW-1,BEINW-1,2026-09-08,45,2026-09-08T21:30:00Z,II,Generation,12.275
T_BEINW-1,BEINW-1,2026-09-08,46,2026-09-08T22:00:00Z,II,Generation,2.088
T_BEINW-1,BEINW-1,2026-09-08,47,2026-09-08T22:30:00Z,II,Generation,0.394
T_BEINW-1,BEINW-1,2026-09-08,48,2026-09-08T23:00:00Z,II,Generation,0.028
T_BENBW-1,BENBW-1,2026-09-08,1,2026-09-07T23:30:00Z,II,Generation,20.806
T_BENBW-1,BENBW-1,2026-09-08,2,2026-09-08T00:00:00Z,II,Generation,25.451
T_BENBW-1,BENBW-1,2026-09-08,3,2026-09-08T00:30:00Z,II,Generation,27.188
T_BENBW-1,BENBW-1,2026-09-08,4,2026-09-08T01:00:00Z,II,Generation,24.577
T_BENBW-1,BENBW-1,2026-09-08,5,2026-09-08T01:30:00Z,II,Generation,26.061
T_BENBW-1,BENBW-1,2026-09-08,6,2026-09-08T02:00:00Z,II,Generation,26.748
T_BENBW-1,BENBW-1,2026-09-08,7,2026-09-08T02:30:00Z,II,Generation,26.784
T_BENBW-1,BENBW-1,2026-09-08,8,2026-09-08T03:00:00Z,II,Generation,27.752
T_BENBW-1,BENBW-1,2026-09-08,9,2026-09-08T03:30:00Z,II,Generation,28.299
T_BENBW-1,BENBW-1,2026-09-08,10,2026-09-08T04:00:00Z,II,Generation,26.973
T_BENBW-1,BENBW-1,2026-09-08,11,2026-09-08T04:30:00Z,II,Generation,24.608
T_BENBW-1,BENBW-1,2026-09-08,12,2026-09-08T05:00:00Z,II,Generation,27.515
T_BENBW-1,BENBW-1,2026-09-08,13,2026-09-08T05:30:00Z,II,Generation,27.251
T_BENBW-1,BENBW-1,2026-09-08,14,2026-09-08T06:00:00Z,II,Generation,27.589
T_BENBW-1,BENBW-1,2026-09-08,15,2026-09-08T06:30:00Z,II,Generation,28.665
T_BENBW-1,BENBW-1,2026-09-08,16,2026-09-08T07:00:00Z,II,Generation,28.770
T_BENBW-1,BENBW-1,2026-09-08,17,2026-09-08T07:30:00Z,II,Generation,28.707
T_BENBW-1,BENBW-1,2026-09-08,18,2026-09-08T08:00:00Z,II,Generation,28.793
T_BENBW-1,BENBW-1,2026-09-08,19,2026-09-08T08:30:00Z,II,Generation,28.945
T_BENBW-1,BENBW-1,2026-09-08,20,2026-09-08T09:00:00Z,II,Generation,26.340
T_BENBW-1,BENBW-1,2026-09-08,21,2026-09-08T09:30:00Z,II,Generation,25.450
T_BENBW-1,BENBW-1,2026-09-08,22,2026-09-08T10:00:00Z,II,Generation,26.389
T_BENBW-1,BENBW-1,2026-09-08,23,2026-09-08T10:30:00Z,II,Generation,24.039
T_BENBW-1,BENBW-1,2026-09-08,24,2026-09-08T11:00:00Z,II,Generation,28.093
T_BENBW-1,BENBW-1,2026-09-08,25,2026-09-08T11:30:00Z,II,Generation,30.238
T_BENBW-1,BENBW-1,2026-09-08,26,2026-09-08T12:00:00Z,II,Generation,20.270
T_BENBW-1,BENBW-1,2026-09-08,27,2026-09-08T12:30:00Z,II,Generation,-0.347
T_BENBW-1,BENBW-1,2026-09-08,28,2026-09-08T13:00:00Z,II,Generation,-0.343
T_BENBW-1,BENBW-1,2026-09-08,29,2026-09-08T13:30:00Z,II,Generation,-0.347
T_BENBW-1,BENBW-1,2026-09-08,30,2026-09-08T14:00:00Z,II,Generation,-0.343
T_BENBW-1,BENBW-1,2026-09-08,31,2026-09-08T14:30:00Z,II,Generation,-0.334
T_BENBW-1,BENBW-1,2026-09-08,32,2026-09-08T15:00:00Z,II,Generation,-0.335
T_BENBW-1,BENBW-1,2026-09-08,33,2026-09-08T15:30:00Z,II,Generation,-0.329
T_BENBW-1,BENBW-1,2026-09-08,34,2026-09-08T16:00:00Z,II,Generation,-0.331
T_BENBW-1,BENBW-1,2026-09-08,35,2026-09-08T16:30:00Z,II,Generation,-0.336
T_BENBW-1,BENBW-1,2026-09-08,36,2026-09-08T17:00:00Z,II,Generation,-0.334
T_BENBW-1,BENBW-1,2026-09-08,37,2026-09-08T17:30:00Z,II,Generation,-0.336
T_BENBW-1,BENBW-1,2026-09-08,38,2026-09-08T18:00:00Z,II,Generation,-0.338
T_BENBW-1,BENBW-1,2026-09-08,39,2026-09-08T18:30:00Z,II,Generation,-0.331
T_BENBW-1,BENBW-1,2026-09-08,40,2026-09-08T19:00:00Z,II,Generation,-0.331
T_BENBW-1,BENBW-1,2026-09-08,41,2026-09-08T19:30:00Z,II,Generation,-0.341
T_BENBW-1,BENBW-1,2026-09-08,42,2026-09-08T20:00:00Z,II,Generation,-0.338
T_BENBW-1,BENBW-1,2026-09-08,43,2026-09-08T20:30:00Z,II,Generation,-0.325
T_BENBW-1,BENBW-1,2026-09-08,44,2026-09-08T21:00:00Z,II,Generation,-0.327
T_BENBW-1,BENBW-1,2026-09-08,45,2026-09-08T21:30:00Z,II,Generation,-0.318
T_BENBW-1,BENBW-1,2026-09-08,46,2026-09-08T22:00:00Z,II,Generation,18.451
T_BENBW-1,BENBW-1,2026-09-08,47,2026-09-08T22:30:00Z,II,Generation,15.905
T_BENBW-1,BENBW-1,2026-09-08,48,2026-09-08T23:00:00Z,II,Generation,16.683
T_BHLAW-1,BHLAW-1,2026-09-08,1,2026-09-07T23:30:00Z,II,Generation,11.107
T_BHLAW-1,BHLAW-1,2026-09-08,2,2026-09-08T00:00:00Z,II,Generation,11.101
T_BHLAW-1,BHLAW-1,2026-09-08,3,2026-09-08T00:30:00Z,II,Generation,11.075
T_BHLAW-1,BHLAW-1,2026-09-08,4,2026-09-08T01:00:00Z,II,Generation,11.062
T_BHLAW-1,BHLAW-1,2026-09-08,5,2026-09-08T01:30:00Z,II,Generation,11.109
T_BHLAW-1,BHLAW-1,2026-09-08,6,2026-09-08T02:00:00Z,II,Generation,11.114
T_BHLAW-1,BHLAW-1,2026-09-08,7,2026-09-08T02:30:00Z,II,Generation,11.093
T_BHLAW-1,BHLAW-1,2026-09-08,8,2026-09-08T03:00:00Z,II,Generation,11.017
T_BHLAW-1,BHLAW-1,2026-09-08,9,2026-09-08T03:30:00Z,II,Generation,11.001
T_BHLAW-1,BHLAW-1,2026-09-08,10,2026-09-08T04:00:00Z,II,Generation,10.987
T_BHLAW-1,BHLAW-1,2026-09-08,11,2026-09-08T04:30:00Z,II,Generation,10.975
T_BHLAW-1,BHLAW-1,2026-09-08,12,2026-09-08T05:00:00Z,II,Generation,10.983
T_BHLAW-1,BHLAW-1,2026-09-08,13,2026-09-08T05:30:00Z,II,Generation,10.976
T_BHLAW-1,BHLAW-1,2026-09-08,14,2026-09-08T06:00:00Z,II,Generation,11.014
T_BHLAW-1,BHLAW-1,2026-09-08,15,2026-09-08T06:30:00Z,II,Generation,11.014
T_BHLAW-1,BHLAW-1,2026-09-08,16,2026-09-08T07:00:00Z,II,Generation,11.001
T_BHLAW-1,BHLAW-1,2026-09-08,17,2026-09-08T07:30:00Z,II,Generation,10.980
T_BHLAW-1,BHLAW-1,2026-09-08,18,2026-09-08T08:00:00Z,II,Generation,11.016
T_BHLAW-1,BHLAW-1,2026-09-08,19,2026-09-08T08:30:00Z,II,Generation,11.033
T_BHLAW-1,BHLAW-1,2026-09-08,20,2026-09-08T09:00:00Z,II,Generation,11.089
T_BHLAW-1,BHLAW-1,2026-09-08,21,2026-09-08T09:30:00Z,II,Generation,11.101
T_BHLAW-1,BHLAW-1,2026-09-08,22,2026-09-08T10:00:00Z,II,Generation,11.058
T_BHLAW-1,BHLAW-1,2026-09-08,23,2026-09-08T10:30:00Z,II,Generation,11.024
T_BHLAW-1,BHLAW-1,2026-09-08,24,2026-09-08T11:00:00Z,II,Generation,10.991
T_BHLAW-1,BHLAW-1,2026-09-08,25,2026-09-08T11:30:00Z,II,Generation,10.992
T_BHLAW-1,BHLAW-1,2026-09-08,26,2026-09-08T12:00:00Z,II,Generation,10.979
T_BHLAW-1,BHLAW-1,2026-09-08,27,2026-09-08T12:30:00Z,II,Generation,10.985
T_BHLAW-1,BHLAW-1,2026-09-08,28,2026-09-08T13:00:00Z,II,Generation,10.986
T_BHLAW-1,BHLAW-1,2026-09-08,29,2026-09-08T13:30:00Z,II,Generation,10.980
T_BHLAW-1,BHLAW-1,2026-09-08,30,2026-09-08T14:00:00Z,II,Generation,10.983
T_BHLAW-1,BHLAW-1,2026-09-08,31,2026-09-08T14:30:00Z,II,Generation,1.140
T_BHLAW-1,BHLAW-1,2026-09-08,32,2026-09-08T15:00:00Z,II,Generation,-0.472
T_BHLAW-1,BHLAW-1,2026-09-08,33,2026-09-08T15:30:00Z,II,Generation,-0.475
T_BHLAW-1,BHLAW-1,2026-09-08,34,2026-09-08T16:00:00Z,II,Generation,-0.475
T_BHLAW-1,BHLAW-1,2026-09-08,35,2026-09-08T16:30:00Z,II,Generation,-0.389
T_BHLAW-1,BHLAW-1,2026-09-08,36,2026-09-08T17:00:00Z,II,Generation,-0.355
T_BHLAW-1,BHLAW-1,2026-09-08,37,2026-09-08T17:30:00Z,II,Generation,-0.354
T_BHLAW-1,BHLAW-1,2026-09-08,38,2026-09-08T18:00:00Z,II,Generation,-0.350
T_BHLAW-1,BHLAW-1,2026-09-08,39,2026-09-08T18:30:00Z,II,Generation,-0.349
T_BHLAW-1,BHLAW-1,2026-09-08,40,2026-09-08T19:00:00Z,II,Generation,-0.348
T_BHLAW-1,BHLAW-1,2026-09-08,41,2026-09-08T19:30:00Z,II,Generation,-0.353
T_BHLAW-1,BHLAW-1,2026-09-08,42,2026-09-08T20:00:00Z,II,Generation,-0.365
T_BHLAW-1,BHLAW-1,2026-09-08,43,2026-09-08T20:30:00Z,II,Generation,-0.351
T_BHLAW-1,BHLAW-1,2026-09-08,44,2026-09-08T21:00:00Z,II,Generation,-0.345
T_BHLAW-1,BHLAW-1,2026-09-08,45,2026-09-08T21:30:00Z,II,Generation,-0.348
T_BHLAW-1,BHLAW-1,2026-09-08,46,2026-09-08T22:00:00Z,II,Generation,9.448
T_BHLAW-1,BHLAW-1,2026-09-08,47,2026-09-08T22:30:00Z,II,Generation,16.021
T_BHLAW-1,BHLAW-1,2026-09-08,48,2026-09-08T23:00:00Z,II,Generation,25.207
T_BLKWW-1,BLKWW-1,2026-09-08,1,2026-09-07T23:30:00Z,II,Generation,19.983
T_BLKWW-1,BLKWW-1,2026-09-08,2,2026-09-08T00:00:00Z,II,Generation,22.443
T_BLKWW-1,BLKWW-1,2026-09-08,3,2026-09-08T00:30:00Z,II,Generation,23.523
T_BLKWW-1,BLKWW-1,2026-09-08,4,2026-09-08T01:00:00Z,II,Generation,22.114
T_BLKWW-1,BLKWW-1,2026-09-08,5,2026-09-08T01:30:00Z,II,Generation,24.020
T_BLKWW-1,BLKWW-1,2026-09-08,6,2026-09-08T02:00:00Z,II,Generation,25.974
T_BLKWW-1,BLKWW-1,2026-09-08,7,2026-09-08T02:30:00Z,II,Generation,25.348
T_BLKWW-1,BLKWW-1,2026-09-08,8,2026-09-08T03:00:00Z,II,Generation,25.114
T_BLKWW-1,BLKWW-1,2026-09-08,9,2026-09-08T03:30:00Z,II,Generation,25.467
T_BLKWW-1,BLKWW-1,2026-09-08,10,2026-09-08T04:00:00Z,II,Generation,25.379
T_BLKWW-1,BLKWW-1,2026-09-08,11,2026-09-08T04:30:00Z,II,Generation,26.018
T_BLKWW-1,BLKWW-1,2026-09-08,12,2026-09-08T05:00:00Z,II,Generation,23.278
T_BLKWW-1,BLKWW-1,2026-09-08,13,2026-09-08T05:30:00Z,II,Generation,24.225
T_BLKWW-1,BLKWW-1,2026-09-08,14,2026-09-08T06:00:00Z,II,Generation,24.105
T_BLKWW-1,BLKWW-1,2026-09-08,15,2026-09-08T06:30:00Z,II,Generation,24.219
T_BLKWW-1,BLKWW-1,2026-09-08,16,2026-09-08T07:00:00Z,II,Generation,24.247
T_BLKWW-1,BLKWW-1,2026-09-08,17,2026-09-08T07:30:00Z,II,Generation,18.963
T_BLKWW-1,BLKWW-1,2026-09-08,18,2026-09-08T08:00:00Z,II,Generation,21.710
T_BLKWW-1,BLKWW-1,2026-09-08,19,2026-09-08T08:30:00Z,II,Generation,22.761
T_BLKWW-1,BLKWW-1,2026-09-08,20,2026-09-08T09:00:00Z,II,Generation,19.595
T_BLKWW-1,BLKWW-1,2026-09-08,21,2026-09-08T09:30:00Z,II,Generation,18.888
T_BLKWW-1,BLKWW-1,2026-09-08,22,2026-09-08T10:00:00Z,II,Generation,20.707
T_BLKWW-1,BLKWW-1,2026-09-08,23,2026-09-08T10:30:00Z,II,Generation,18.311
T_BLKWW-1,BLKWW-1,2026-09-08,24,2026-09-08T11:00:00Z,II,Generation,18.254
T_BLKWW-1,BLKWW-1,2026-09-08,25,2026-09-08T11:30:00Z,II,Generation,24.563
T_BLKWW-1,BLKWW-1,2026-09-08,26,2026-09-08T12:00:00Z,II,Generation,25.331
T_BLKWW-1,BLKWW-1,2026-09-08,27,2026-09-08T12:30:00Z,II,Generation,25.422
T_BLKWW-1,BLKWW-1,2026-09-08,28,2026-09-08T13:00:00Z,II,Generation,25.204
T_BLKWW-1,BLKWW-1,2026-09-08,29,2026-09-08T13:30:00Z,II,Generation,25.033
T_BLKWW-1,BLKWW-1,2026-09-08,30,2026-09-08T14:00:00Z,II,Generation,24.756
T_BLKWW-1,BLKWW-1,2026-09-08,31,2026-09-08T14:30:00Z,II,Generation,24.921
T_BLKWW-1,BLKWW-1,2026-09-08,32,2026-09-08T15:00:00Z,II,Generation,25.301
T_BLKWW-1,BLKWW-1,2026-09-08,33,2026-09-08T15:30:00Z,II,Generation,25.338
T_BLKWW-1,BLKWW-1,2026-09-08,34,2026-09-08T16:00:00Z,II,Generation,25.161
T_BLKWW-1,BLKWW-1,2026-09-08,35,2026-09-08T16:30:00Z,II,Generation,26.385
T_BLKWW-1,BLKWW-1,2026-09-08,36,2026-09-08T17:00:00Z,II,Generation,26.424
T_BLKWW-1,BLKWW-1,2026-09-08,37,2026-09-08T17:30:00Z,II,Generation,26.468
T_BLKWW-1,BLKWW-1,2026-09-08,38,2026-09-08T18:00:00Z,II,Generation,25.724
T_BLKWW-1,BLKWW-1,2026-09-08,39,2026-09-08T18:30:00Z,II,Generation,25.500
T_BLKWW-1,BLKWW-1,2026-09-08,40,2026-09-08T19:00:00Z,II,Generation,24.958
T_BLKWW-1,BLKWW-1,2026-09-08,41,2026-09-08T19:30:00Z,II,Generation,24.366
T_BLKWW-1,BLKWW-1,2026-09-08,42,2026-09-08T20:00:00Z,II,Generation,24.050
T_BLKWW-1,BLKWW-1,2026-09-08,43,2026-09-08T20:30:00Z,II,Generation,24.249
T_BLKWW-1,BLKWW-1,2026-09-08,44,2026-09-08T21:00:00Z,II,Generation,21.671
T_BLKWW-1,BLKWW-1,2026-09-08,45,2026-09-08T21:30:00Z,II,Generation,21.329
T_BLKWW-1,BLKWW-1,2026-09-08,46,2026-09-08T22:00:00Z,II,Generation,21.972
T_BLKWW-1,BLKWW-1,2026-09-08,47,2026-09-08T22:30:00Z,II,Generation,19.913
T_BLKWW-1,BLKWW-1,2026-09-08,48,2026-09-08T23:00:00Z,II,Generation,19.761
T_BLLA-1,BLLA-1,2026-09-08,1,2026-09-07T23:30:00Z,II,Generation,26.588
T_BLLA-1,BLLA-1,2026-09-08,2,2026-09-08T00:00:00Z,II,Generation,26.058
T_BLLA-1,BLLA-1,2026-09-08,3,2026-09-08T00:30:00Z,II,Generation,34.011
T_BLLA-1,BLLA-1,2026-09-08,4,2026-09-08T01:00:00Z,II,Generation,39.251
T_BLLA-1,BLLA-1,2026-09-08,5,2026-09-08T01:30:00Z,II,Generation,39.819
T_BLLA-1,BLLA-1,2026-09-08,6,2026-09-08T02:00:00Z,II,Generation,44.687
T_BLLA-1,BLLA-1,2026-09-08,7,2026-09-08T02:30:00Z,II,Generation,45.780
T_BLLA-1,BLLA-1,2026-09-08,8,2026-09-08T03:00:00Z,II,Generation,45.524
T_BLLA-1,BLLA-1,2026-09-08,9,2026-09-08T03:30:00Z,II,Generation,40.981
T_BLLA-1,BLLA-1,2026-09-08,10,2026-09-08T04:00:00Z,II,Generation,35.674
T_BLLA-1,BLLA-1,2026-09-08,11,2026-09-08T04:30:00Z,II,Generation,34.790
T_BLLA-1,BLLA-1,2026-09-08,12,2026-09-08T05:00:00Z,II,Generation,39.977
T_BLLA-1,BLLA-1,2026-09-08,13,2026-09-08T05:30:00Z,II,Generation,34.551
T_BLLA-1,BLLA-1,2026-09-08,14,2026-09-08T06:00:00Z,II,Generation,40.554
T_BLLA-1,BLLA-1,2026-09-08,15,2026-09-08T06:30:00Z,II,Generation,44.108
T_BLLA-1,BLLA-1,2026-09-08,16,2026-09-08T07:00:00Z,II,Generation,38.957
T_BLLA-1,BLLA-1,2026-09-08,17,2026-09-08T07:30:00Z,II,Generation,32.068
T_BLLA-1,BLLA-1,2026-09-08,18,2026-09-08T08:00:00Z,II,Generation,34.576
T_BLLA-1,BLLA-1,2026-09-08,19,2026-09-08T08:30:00Z,II,Generation,29.497
T_BLLA-1,BLLA-1,2026-09-08,20,2026-09-08T09:00:00Z,II,Generation,25.482
T_BLLA-1,BLLA-1,2026-09-08,21,2026-09-08T09:30:00Z,II,Generation,32.508
T_BLLA-1,BLLA-1,2026-09-08,22,2026-09-08T10:00:00Z,II,Generation,39.728
T_BLLA-1,BLLA-1,2026-09-08,23,2026-09-08T10:30:00Z,II,Generation,37.978
T_BLLA-1,BLLA-1,2026-09-08,24,2026-09-08T11:00:00Z,II,Generation,43.882
T_BLLA-1,BLLA-1,2026-09-08,25,2026-09-08T11:30:00Z,II,Generation,42.799
T_BLLA-1,BLLA-1,2026-09-08,26,2026-09-08T12:00:00Z,II,Generation,43.510
T_BLLA-1,BLLA-1,2026-09-08,27,2026-09-08T12:30:00Z,II,Generation,39.924
T_BLLA-1,BLLA-1,2026-09-08,28,2026-09-08T13:00:00Z,II,Generation,47.386
T_BLLA-1,BLLA-1,2026-09-08,29,2026-09-08T13:30:00Z,II,Generation,44.275
T_BLLA-1,BLLA-1,2026-09-08,30,2026-09-08T14:00:00Z,II,Generation,48.467
T_BLLA-1,BLLA-1,2026-09-08,31,2026-09-08T14:30:00Z,II,Generation,44.566
T_BLLA-1,BLLA-1,2026-09-08,32,2026-09-08T15:00:00Z,II,Generation,42.433
T_BLLA-1,BLLA-1,2026-09-08,33,2026-09-08T15:30:00Z,II,Generation,26.705
T_BLLA-1,BLLA-1,2026-09-08,34,2026-09-08T16:00:00Z,II,Generation,31.857
T_BLLA-1,BLLA-1,2026-09-08,35,2026-09-08T16:30:00Z,II,Generation,35.182
T_BLLA-1,BLLA-1,2026-09-08,36,2026-09-08T17:00:00Z,II,Generation,40.885
T_BLLA-1,BLLA-1,2026-09-08,37,2026-09-08T17:30:00Z,II,Generation,35.217
T_BLLA-1,BLLA-1,2026-09-08,38,2026-09-08T18:00:00Z,II,Generation,27.978
T_BLLA-1,BLLA-1,2026-09-08,39,2026-09-08T18:30:00Z,II,Generation,31.211
T_BLLA-1,BLLA-1,2026-09-08,40,2026-09-08T19:00:00Z,II,Generation,23.932
T_BLLA-1,BLLA-1,2026-09-08,41,2026-09-08T19:30:00Z,II,Generation,20.610
T_BLLA-1,BLLA-1,2026-09-08,42,2026-09-08T20:00:00Z,II,Generation,22.178
T_BLLA-1,BLLA-1,2026-09-08,43,2026-09-08T20:30:00Z,II,Generation,17.705
T_BLLA-1,BLLA-1,2026-09-08,44,2026-09-08T21:00:00Z,II,Generation,11.982
T_BLLA-1,BLLA-1,2026-09-08,45,2026-09-08T21:30:00Z,II,Generation,11.855
T_BLLA-1,BLLA-1,2026-09-08,46,2026-09-08T22:00:00Z,II,Generation,12.774
T_BLLA-1,BLLA-1,2026-09-08,47,2026-09-08T22:30:00Z,II,Generation,10.155
T_BLLA-1,BLLA-1,2026-09-08,48,2026-09-08T23:00:00Z,II,Generation,8.895
T_BLLA-2,BLLA-2,2026-09-08,1,2026-09-07T23:30:00Z,II,Generation,13.260
T_BLLA-2,BLLA-2,2026-09-08,2,2026-09-08T00:00:00Z,II,Generation,12.860
T_BLLA-2,BLLA-2,2026-09-08,3,2026-09-08T00:30:00Z,II,Generation,14.640
T_BLLA-2,BLLA-2,2026-09-08,4,2026-09-08T01:00:00Z,II,Generation,16.300
T_BLLA-2,BLLA-2,2026-09-08,5,2026-09-08T01:30:00Z,II,Generation,16.170
T_BLLA-2,BLLA-2,2026-09-08,6,2026-09-08T02:00:00Z,II,Generation,16.910
T_BLLA-2,BLLA-2,2026-09-08,7,2026-09-08T02:30:00Z,II,Generation,18.030
T_BLLA-2,BLLA-2,2026-09-08,8,2026-09-08T03:00:00Z,II,Generation,17.490
T_BLLA-2,BLLA-2,2026-09-08,9,2026-09-08T03:30:00Z,II,Generation,16.340
T_BLLA-2,BLLA-2,2026-09-08,10,2026-09-08T04:00:00Z,II,Generation,14.030
T_BLLA-2,BLLA-2,2026-09-08,11,2026-09-08T04:30:00Z,II,Generation,14.950
T_BLLA-2,BLLA-2,2026-09-08,12,2026-09-08T05:00:00Z,II,Generation,15.850
T_BLLA-2,BLLA-2,2026-09-08,13,2026-09-08T05:30:00Z,II,Generation,15.540
T_BLLA-2,BLLA-2,2026-09-08,14,2026-09-08T06:00:00Z,II,Generation,15.620
T_BLLA-2,BLLA-2,2026-09-08,15,2026-09-08T06:30:00Z,II,Generation,18.530
T_BLLA-2,BLLA-2,2026-09-08,16,2026-09-08T07:00:00Z,II,Generation,18.690
T_BLLA-2,BLLA-2,2026-09-08,17,2026-09-08T07:30:00Z,II,Generation,16.860
T_BLLA-2,BLLA-2,2026-09-08,18,2026-09-08T08:00:00Z,II,Generation,16.480
T_BLLA-2,BLLA-2,2026-09-08,19,2026-09-08T08:30:00Z,II,Generation,17.080
T_BLLA-2,BLLA-2,2026-09-08,20,2026-09-08T09:00:00Z,II,Generation,14.970
T_BLLA-2,BLLA-2,2026-09-08,21,2026-09-08T09:30:00Z,II,Generation,17.120
T_BLLA-2,BLLA-2,2026-09-08,22,2026-09-08T10:00:00Z,II,Generation,18.000
T_BLLA-2,BLLA-2,2026-09-08,23,2026-09-08T10:30:00Z,II,Generation,17.650
T_BLLA-2,BLLA-2,2026-09-08,24,2026-09-08T11:00:00Z,II,Generation,17.870
T_BLLA-2,BLLA-2,2026-09-08,25,2026-09-08T11:30:00Z,II,Generation,2.396
T_BLLA-2,BLLA-2,2026-09-08,26,2026-09-08T12:00:00Z,II,Generation,-0.114
T_BLLA-2,BLLA-2,2026-09-08,27,2026-09-08T12:30:00Z,II,Generation,-0.110
T_BLLA-2,BLLA-2,2026-09-08,28,2026-09-08T13:00:00Z,II,Generation,-0.107
T_BLLA-2,BLLA-2,2026-09-08,29,2026-09-08T13:30:00Z,II,Generation,-0.107
T_BLLA-2,BLLA-2,2026-09-08,30,2026-09-08T14:00:00Z,II,Generation,-0.107
T_BLLA-2,BLLA-2,2026-09-08,31,2026-09-08T14:30:00Z,II,Generation,-0.106
T_BLLA-2,BLLA-2,2026-09-08,32,2026-09-08T15:00:00Z,II,Generation,-0.099
T_BLLA-2,BLLA-2,2026-09-08,33,2026-09-08T15:30:00Z,II,Generation,-0.089
T_BLLA-2,BLLA-2,2026-09-08,34,2026-09-08T16:00:00Z,II,Generation,-0.080
T_BLLA-2,BLLA-2,2026-09-08,35,2026-09-08T16:30:00Z,II,Generation,-0.077
T_BLLA-2,BLLA-2,2026-09-08,36,2026-09-08T17:00:00Z,II,Generation,-0.077
T_BLLA-2,BLLA-2,2026-09-08,37,2026-09-08T17:30:00Z,II,Generation,-0.077
T_BLLA-2,BLLA-2,2026-09-08,38,2026-09-08T18:00:00Z,II,Generation,-0.077
T_BLLA-2,BLLA-2,2026-09-08,39,2026-09-08T18:30:00Z,II,Generation,-0.078
T_BLLA-2,BLLA-2,2026-09-08,40,2026-09-08T19:00:00Z,II,Generation,-0.078
T_BLLA-2,BLLA-2,2026-09-08,41,2026-09-08T19:30:00Z,II,Generation,-0.080
T_BLLA-2,BLLA-2,2026-09-08,42,2026-09-08T20:00:00Z,II,Generation,-0.081
T_BLLA-2,BLLA-2,2026-09-08,43,2026-09-08T20:30:00Z,II,Generation,-0.081
T_BLLA-2,BLLA-2,2026-09-08,44,2026-09-08T21:00:00Z,II,Generation,-0.080
T_BLLA-2,BLLA-2,2026-09-08,45,2026-09-08T21:30:00Z,II,Generation,5.270
T_BLLA-2,BLLA-2,2026-09-08,46,2026-09-08T22:00:00Z,II,Generation,9.250
T_BLLA-2,BLLA-2,2026-09-08,47,2026-09-08T22:30:00Z,II,Generation,7.370
T_BLLA-2,BLLA-2,2026-09-08,48,2026-09-08T23:00:00Z,II,Generation,5.560
T_BOWLW-1,BOWLW-1,2026-09-08,1,2026-09-07T23:30:00Z,II,Generation,24.966
T_BOWLW-1,BOWLW-1,2026-09-08,2,2026-09-08T00:00:00Z,II,Generation,24.590
T_BOWLW-1,BOWLW-1,2026-09-08,3,2026-09-08T00:30:00Z,II,Generation,25.342
T_BOWLW-1,BOWLW-1,2026-09-08,4,2026-09-08T01:00:00Z,II,Generation,22.872
T_BOWLW-1,BOWLW-1,2026-09-08,5,2026-09-08T01:30:00Z,II,Generation,21.176
T_BOWLW-1,BOWLW-1,2026-09-08,6,2026-09-08T02:00:00Z,II,Generation,28.470
T_BOWLW-1,BOWLW-1,2026-09-08,7,2026-09-08T02:30:00Z,II,Generation,25.302
T_BOWLW-1,BOWLW-1,2026-09-08,8,2026-09-08T03:00:00Z,II,Generation,28.123
T_BOWLW-1,BOWLW-1,2026-09-08,9,2026-09-08T03:30:00Z,II,Generation,27.674
T_BOWLW-1,BOWLW-1,2026-09-08,10,2026-09-08T04:00:00Z,II,Generation,28.918
T_BOWLW-1,BOWLW-1,2026-09-08,11,2026-09-08T04:30:00Z,II,Generation,29.000
T_BOWLW-1,BOWLW-1,2026-09-08,12,2026-09-08T05:00:00Z,II,Generation,28.184
T_BOWLW-1,BOWLW-1,2026-09-08,13,2026-09-08T05:30:00Z,II,Generation,31.460
T_BOWLW-1,BOWLW-1,2026-09-08,14,2026-09-08T06:00:00Z,II,Generation,31.062
T_BOWLW-1,BOWLW-1,2026-09-08,15,2026-09-08T06:30:00Z,II,Generation,27.511
T_BOWLW-1,BOWLW-1,2026-09-08,16,2026-09-08T07:00:00Z,II,Generation,28.786
T_BOWLW-1,BOWLW-1,2026-09-08,17,2026-09-08T07:30:00Z,II,Generation,30.592
T_BOWLW-1,BOWLW-1,2026-09-08,18,2026-09-08T08:00:00Z,II,Generation,30.255
T_BOWLW-1,BOWLW-1,2026-09-08,19,2026-09-08T08:30:00Z,II,Generation,29.163
T_BOWLW-1,BOWLW-1,2026-09-08,20,2026-09-08T09:00:00Z,II,Generation,32.012
T_BOWLW-1,BOWLW-1,2026-09-08,21,2026-09-08T09:30:00Z,II,Generation,29.959
T_BOWLW-1,BOWLW-1,2026-09-08,22,2026-09-08T10:00:00Z,II,Generation,28.704
T_BOWLW-1,BOWLW-1,2026-09-08,23,2026-09-08T10:30:00Z,II,Generation,31.634
T_BOWLW-1,BOWLW-1,2026-09-08,24,2026-09-08T11:00:00Z,II,Generation,31.685
T_BOWLW-1,BOWLW-1,2026-09-08,25,2026-09-08T11:30:00Z,II,Generation,32.820
T_BOWLW-1,BOWLW-1,2026-09-08,26,2026-09-08T12:00:00Z,II,Generation,31.818
T_BOWLW-1,BOWLW-1,2026-09-08,27,2026-09-08T12:30:00Z,II,Generation,30.388
T_BOWLW-1,BOWLW-1,2026-09-08,28,2026-09-08T13:00:00Z,II,Generation,31.041
T_BOWLW-1,BOWLW-1,2026-09-08,29,2026-09-08T13:30:00Z,II,Generation,22.019
T_BOWLW-1,BOWLW-1,2026-09-08,30,2026-09-08T14:00:00Z,II,Generation,30.806
T_BOWLW-1,BOWLW-1,2026-09-08,31,2026-09-08T14:30:00Z,II,Generation,24.600
T_BOWLW-1,BOWLW-1,2026-09-08,32,2026-09-08T15:00:00Z,II,Generation,23.878
T_BOWLW-1,BOWLW-1,2026-09-08,33,2026-09-08T15:30:00Z,II,Generation,24.844
T_BOWLW-1,BOWLW-1,2026-09-08,34,2026-09-08T16:00:00Z,II,Generation,27.012
T_BOWLW-1,BOWLW-1,2026-09-08,35,2026-09-08T16:30:00Z,II,Generation,31.072
T_BOWLW-1,BOWLW-1,2026-09-08,36,2026-09-08T17:00:00Z,II,Generation,33.802
T_BOWLW-1,BOWLW-1,2026-09-08,37,2026-09-08T17:30:00Z,II,Generation,35.717
T_BOWLW-1,BOWLW-1,2026-09-08,38,2026-09-08T18:00:00Z,II,Generation,35.604
T_BOWLW-1,BOWLW-1,2026-09-08,39,2026-09-08T18:30:00Z,II,Generation,36.342
T_BOWLW-1,BOWLW-1,2026-09-08,40,2026-09-08T19:00:00Z,II,Generation,35.655
T_BOWLW-1,BOWLW-1,2026-09-08,41,2026-09-08T19:30:00Z,II,Generation,36.003
T_BOWLW-1,BOWLW-1,2026-09-08,42,2026-09-08T20:00:00Z,II,Generation,35.706
T_BOWLW-1,BOWLW-1,2026-09-08,43,2026-09-08T20:30:00Z,II,Generation,35.686
T_BOWLW-1,BOWLW-1,2026-09-08,44,2026-09-08T21:00:00Z,II,Generation,36.198
T_BOWLW-1,BOWLW-1,2026-09-08,45,2026-09-08T21:30:00Z,II,Generation,35.092
T_BOWLW-1,BOWLW-1,2026-09-08,46,2026-09-08T22:00:00Z,II,Generation,35.758
T_BOWLW-1,BOWLW-1,2026-09-08,47,2026-09-08T22:30:00Z,II,Generation,35.911
T_BOWLW-1,BOWLW-1,2026-09-08,48,2026-09-08T23:00:00Z,II,Generation,34.856
T_BRBEO-1,BRBEO-1,2026-09-08,1,2026-09-07T23:30:00Z,II,Generation,86.232
T_BRBEO-1,BRBEO-1,2026-09-08,2,2026-09-08T00:00:00Z,II,Generation,106.432
T_BRBEO-1,BRBEO-1,2026-09-08,3,2026-09-08T00:30:00Z,II,Generation,70.192
T_BRBEO-1,BRBEO-1,2026-09-08,4,2026-09-08T01:00:00Z,II,Generation,82.802
T_BRBEO-1,BRBEO-1,2026-09-08,5,2026-09-08T01:30:00Z,II,Generation,91.582
T_BRBEO-1,BRBEO-1,2026-09-08,6,2026-09-08T02:00:00Z,II,Generation,93.642
T_BRBEO-1,BRBEO-1,2026-09-08,7,2026-09-08T02:30:00Z,II,Generation,85.742
T_BRBEO-1,BRBEO-1,2026-09-08,8,2026-09-08T03:00:00Z,II,Generation,85.792
T_BRBEO-1,BRBEO-1,2026-09-08,9,2026-09-08T03:30:00Z,II,Generation,86.312
T_BRBEO-1,BRBEO-1,2026-09-08,10,2026-09-08T04:00:00Z,II,Generation,101.482
T_BRBEO-1,BRBEO-1,2026-09-08,11,2026-09-08T04:30:00Z,II,Generation,97.752
T_BRBEO-1,BRBEO-1,2026-09-08,12,2026-09-08T05:00:00Z,II,Generation,91.812
T_BRBEO-1,BRBEO-1,2026-09-08,13,2026-09-08T05:30:00Z,II,Generation,94.312
T_BRBEO-1,BRBEO-1,2026-09-08,14,2026-09-08T06:00:00Z,II,Generation,100.742
T_BRBEO-1,BRBEO-1,2026-09-08,15,2026-09-08T06:30:00Z,II,Generation,107.302
T_BRBEO-1,BRBEO-1,2026-09-08,16,2026-09-08T07:00:00Z,II,Generation,110.432
T_BRBEO-1,BRBEO-1,2026-09-08,17,2026-09-08T07:30:00Z,II,Generation,110.122
T_BRBEO-1,BRBEO-1,2026-09-08,18,2026-09-08T08:00:00Z,II,Generation,104.922
T_BRBEO-1,BRBEO-1,2026-09-08,19,2026-09-08T08:30:00Z,II,Generation,111.602
T_BRBEO-1,BRBEO-1,2026-09-08,20,2026-09-08T09:00:00Z,II,Generation,113.382
T_BRBEO-1,BRBEO-1,2026-09-08,21,2026-09-08T09:30:00Z,II,Generation,106.902
T_BRBEO-1,BRBEO-1,2026-09-08,22,2026-09-08T10:00:00Z,II,Generation,111.672
T_BRBEO-1,BRBEO-1,2026-09-08,23,2026-09-08T10:30:00Z,II,Generation,108.722
T_BRBEO-1,BRBEO-1,2026-09-08,24,2026-09-08T11:00:00Z,II,Generation,109.932
T_BRBEO-1,BRBEO-1,2026-09-08,25,2026-09-08T11:30:00Z,II,Generation,115.012
T_BRBEO-1,BRBEO-1,2026-09-08,26,2026-09-08T12:00:00Z,II,Generation,112.182
T_BRBEO-1,BRBEO-1,2026-09-08,27,2026-09-08T12:30:00Z,II,Generation,117.102
T_BRBEO-1,BRBEO-1,2026-09-08,28,2026-09-08T13:00:00Z,II,Generation,118.912
T_BRBEO-1,BRBEO-1,2026-09-08,29,2026-09-08T13:30:00Z,II,Generation,116.792
T_BRBEO-1,BRBEO-1,2026-09-08,30,2026-09-08T14:00:00Z,II,Generation,117.152
T_BRBEO-1,BRBEO-1,2026-09-08,31,2026-09-08T14:30:00Z,II,Generation,114.312
T_BRBEO-1,BRBEO-1,2026-09-08,32,2026-09-08T15:00:00Z,II,Generation,115.252
T_BRBEO-1,BRBEO-1,2026-09-08,33,2026-09-08T15:30:00Z,II,Generation,113.512
T_BRBEO-1,BRBEO-1,2026-09-08,34,2026-09-08T16:00:00Z,II,Generation,115.252
T_BRBEO-1,BRBEO-1,2026-09-08,35,2026-09-08T16:30:00Z,II,Generation,115.222
T_BRBEO-1,BRBEO-1,2026-09-08,36,2026-09-08T17:00:00Z,II,Generation,114.882
T_BRBEO-1,BRBEO-1,2026-09-08,37,2026-09-08T17:30:00Z,II,Generation,115.042
T_BRBEO-1,BRBEO-1,2026-09-08,38,2026-09-08T18:00:00Z,II,Generation,115.142
T_BRBEO-1,BRBEO-1,2026-09-08,39,2026-09-08T18:30:00Z,II,Generation,115.172
T_BRBEO-1,BRBEO-1,2026-09-08,40,2026-09-08T19:00:00Z,II,Generation,115.132
T_BRBEO-1,BRBEO-1,2026-09-08,41,2026-09-08T19:30:00Z,II,Generation,115.102
T_BRBEO-1,BRBEO-1,2026-09-08,42,2026-09-08T20:00:00Z,II,Generation,115.192
T_BRBEO-1,BRBEO-1,2026-09-08,43,2026-09-08T20:30:00Z,II,Generation,115.102
T_BRBEO-1,BRBEO-1,2026-09-08,44,2026-09-08T21:00:00Z,II,Generation,115.032
T_BRBEO-1,BRBEO-1,2026-09-08,45,2026-09-08T21:30:00Z,II,Generation,114.982
T_BRBEO-1,BRBEO-1,2026-09-08,46,2026-09-08T22:00:00Z,II,Generation,113.912
T_BRBEO-1,BRBEO-1,2026-09-08,47,2026-09-08T22:30:00Z,II,Generation,114.942
T_BRBEO-1,BRBEO-1,2026-09-08,48,2026-09-08T23:00:00Z,II,Generation,114.922
T_BROCW-1,BROCW-1,2026-09-08,1,2026-09-07T23:30:00Z,II,Generation,12.667
T_BROCW-1,BROCW-1,2026-09-08,2,2026-09-08T00:00:00Z,II,Generation,15.780
T_BROCW-1,BROCW-1,2026-09-08,3,2026-09-08T00:30:00Z,II,Generation,17.332
T_BROCW-1,BROCW-1,2026-09-08,4,2026-09-08T01:00:00Z,II,Generation,16.279
T_BROCW-1,BROCW-1,2026-09-08,5,2026-09-08T01:30:00Z,II,Generation,14.502
T_BROCW-1,BROCW-1,2026-09-08,6,2026-09-08T02:00:00Z,II,Generation,15.392
T_BROCW-1,BROCW-1,2026-09-08,7,2026-09-08T02:30:00Z,II,Generation,16.259
T_BROCW-1,BROCW-1,2026-09-08,8,2026-09-08T03:00:00Z,II,Generation,15.451
T_BROCW-1,BROCW-1,2026-09-08,9,2026-09-08T03:30:00Z,II,Generation,14.172
T_BROCW-1,BROCW-1,2026-09-08,10,2026-09-08T04:00:00Z,II,Generation,17.606
T_BROCW-1,BROCW-1,2026-09-08,11,2026-09-08T04:30:00Z,II,Generation,18.420
T_BROCW-1,BROCW-1,2026-09-08,12,2026-09-08T05:00:00Z,II,Generation,18.908
T_BROCW-1,BROCW-1,2026-09-08,13,2026-09-08T05:30:00Z,II,Generation,18.957
T_BROCW-1,BROCW-1,2026-09-08,14,2026-09-08T06:00:00Z,II,Generation,18.993
T_BROCW-1,BROCW-1,2026-09-08,15,2026-09-08T06:30:00Z,II,Generation,19.869
T_BROCW-1,BROCW-1,2026-09-08,16,2026-09-08T07:00:00Z,II,Generation,19.018
T_BROCW-1,BROCW-1,2026-09-08,17,2026-09-08T07:30:00Z,II,Generation,20.040
T_BROCW-1,BROCW-1,2026-09-08,18,2026-09-08T08:00:00Z,II,Generation,19.707
T_BROCW-1,BROCW-1,2026-09-08,19,2026-09-08T08:30:00Z,II,Generation,17.242
T_BROCW-1,BROCW-1,2026-09-08,20,2026-09-08T09:00:00Z,II,Generation,14.876
T_BROCW-1,BROCW-1,2026-09-08,21,2026-09-08T09:30:00Z,II,Generation,13.695
T_BROCW-1,BROCW-1,2026-09-08,22,2026-09-08T10:00:00Z,II,Generation,18.117
T_BROCW-1,BROCW-1,2026-09-08,23,2026-09-08T10:30:00Z,II,Generation,16.341
T_BROCW-1,BROCW-1,2026-09-08,24,2026-09-08T11:00:00Z,II,Generation,0.612
T_BROCW-1,BROCW-1,2026-09-08,25,2026-09-08T11:30:00Z,II,Generation,-0.048
T_BROCW-1,BROCW-1,2026-09-08,26,2026-09-08T12:00:00Z,II,Generation,-0.046
T_BROCW-1,BROCW-1,2026-09-08,27,2026-09-08T12:30:00Z,II,Generation,-0.041
T_BROCW-1,BROCW-1,2026-09-08,28,2026-09-08T13:00:00Z,II,Generation,-0.039
T_BROCW-1,BROCW-1,2026-09-08,29,2026-09-08T13:30:00Z,II,Generation,-0.038
T_BROCW-1,BROCW-1,2026-09-08,30,2026-09-08T14:00:00Z,II,Generation,-0.038
T_BROCW-1,BROCW-1,2026-09-08,31,2026-09-08T14:30:00Z,II,Generation,-0.037
T_BROCW-1,BROCW-1,2026-09-08,32,2026-09-08T15:00:00Z,II,Generation,-0.037
T_BROCW-1,BROCW-1,2026-09-08,33,2026-09-08T15:30:00Z,II,Generation,-0.037
T_BROCW-1,BROCW-1,2026-09-08,34,2026-09-08T16:00:00Z,II,Generation,-0.037
T_BROCW-1,BROCW-1,2026-09-08,35,2026-09-08T16:30:00Z,II,Generation,-0.036
T_BROCW-1,BROCW-1,2026-09-08,36,2026-09-08T17:00:00Z,II,Generation,-0.036
T_BROCW-1,BROCW-1,2026-09-08,37,2026-09-08T17:30:00Z,II,Generation,-0.036
T_BROCW-1,BROCW-1,2026-09-08,38,2026-09-08T18:00:00Z,II,Generation,-0.036
T_BROCW-1,BROCW-1,2026-09-08,39,2026-09-08T18:30:00Z,II,Generation,-0.037
T_BROCW-1,BROCW-1,2026-09-08,40,2026-09-08T19:00:00Z,II,Generation,-0.037
T_BROCW-1,BROCW-1,2026-09-08,41,2026-09-08T19:30:00Z,II,Generation,-0.037
T_BROCW-1,BROCW-1,2026-09-08,42,2026-09-08T20:00:00Z,II,Generation,-0.037
T_BROCW-1,BROCW-1,2026-09-08,43,2026-09-08T20:30:00Z,II,Generation,-0.038
T_BROCW-1,BROCW-1,2026-09-08,44,2026-09-08T21:00:00Z,II,Generation,-0.038
T_BROCW-1,BROCW-1,2026-09-08,45,2026-09-08T21:30:00Z,II,Generation,9.884
T_BROCW-1,BROCW-1,2026-09-08,46,2026-09-08T22:00:00Z,II,Generation,15.141
T_BROCW-1,BROCW-1,2026-09-08,47,2026-09-08T22:30:00Z,II,Generation,11.008
T_BROCW-1,BROCW-1,2026-09-08,48,2026-09-08T23:00:00Z,II,Generation,9.482
T_CGTHW-1,CGTHW-1,2026-09-08,1,2026-09-07T23:30:00Z,II,Generation,4.990
T_CGTHW-1,CGTHW-1,2026-09-08,2,2026-09-08T00:00:00Z,II,Generation,5.000
T_CGTHW-1,CGTHW-1,2026-09-08,3,2026-09-08T00:30:00Z,II,Generation,4.990
T_CGTHW-1,CGTHW-1,2026-09-08,4,2026-09-08T01:00:00Z,II,Generation,5.000
T_CGTHW-1,CGTHW-1,2026-09-08,5,2026-09-08T01:30:00Z,II,Generation,4.990
T_CGTHW-1,CGTHW-1,2026-09-08,6,2026-09-08T02:00:00Z,II,Generation,4.990
T_CGTHW-1,CGTHW-1,2026-09-08,7,2026-09-08T02:30:00Z,II,Generation,4.980
T_CGTHW-1,CGTHW-1,2026-09-08,8,2026-09-08T03:00:00Z,II,Generation,4.990
T_CGTHW-1,CGTHW-1,2026-09-08,9,2026-09-08T03:30:00Z,II,Generation,4.990
T_CGTHW-1,CGTHW-1,2026-09-08,10,2026-09-08T04:00:00Z,II,Generation,4.990
T_CGTHW-1,CGTHW-1,2026-09-08,11,2026-09-08T04:30:00Z,II,Generation,4.990
T_CGTHW-1,CGTHW-1,2026-09-08,12,2026-09-08T05:00:00Z,II,Generation,4.990
T_CGTHW-1,CGTHW-1,2026-09-08,13,2026-09-08T05:30:00Z,II,Generation,4.990
T_CGTHW-1,CGTHW-1,2026-09-08,14,2026-09-08T06:00:00Z,II,Generation,4.990
T_CGTHW-1,CGTHW-1,2026-09-08,15,2026-09-08T06:30:00Z,II,Generation,4.990
T_CGTHW-1,CGTHW-1,2026-09-08,16,2026-09-08T07:00:00Z,II,Generation,4.980
T_CGTHW-1,CGTHW-1,2026-09-08,17,2026-09-08T07:30:00Z,II,Generation,4.990
T_CGTHW-1,CGTHW-1,2026-09-08,18,2026-09-08T08:00:00Z,II,Generation,4.990
T_CGTHW-1,CGTHW-1,2026-09-08,19,2026-09-08T08:30:00Z,II,Generation,4.980
T_CGTHW-1,CGTHW-1,2026-09-08,20,2026-09-08T09:00:00Z,II,Generation,4.990
T_CGTHW-1,CGTHW-1,2026-09-08,21,2026-09-08T09:30:00Z,II,Generation,5.000
T_CGTHW-1,CGTHW-1,2026-09-08,22,2026-09-08T10:00:00Z,II,Generation,4.990
T_CGTHW-1,CGTHW-1,2026-09-08,23,2026-09-08T10:30:00Z,II,Generation,5.000
T_CGTHW-1,CGTHW-1,2026-09-08,24,2026-09-08T11:00:00Z,II,Generation,5.000
T_CGTHW-1,CGTHW-1,2026-09-08,25,2026-09-08T11:30:00Z,II,Generation,5.000
T_CGTHW-1,CGTHW-1,2026-09-08,26,2026-09-08T12:00:00Z,II,Generation,5.000
T_CGTHW-1,CGTHW-1,2026-09-08,27,2026-09-08T12:30:00Z,II,Generation,5.000
T_CGTHW-1,CGTHW-1,2026-09-08,28,2026-09-08T13:00:00Z,II,Generation,4.980
T_CGTHW-1,CGTHW-1,2026-09-08,29,2026-09-08T13:30:00Z,II,Generation,4.990
T_CGTHW-1,CGTHW-1,2026-09-08,30,2026-09-08T14:00:00Z,II,Generation,4.990
T_CGTHW-1,CGTHW-1,2026-09-08,31,2026-09-08T14:30:00Z,II,Generation,4.980
T_CGTHW-1,CGTHW-1,2026-09-08,32,2026-09-08T15:00:00Z,II,Generation,4.980
T_CGTHW-1,CGTHW-1,2026-09-08,33,2026-09-08T15:30:00Z,II,Generation,4.990
T_CGTHW-1,CGTHW-1,2026-09-08,34,2026-09-08T16:00:00Z,II,Generation,4.980
T_CGTHW-1,CGTHW-1,2026-09-08,35,2026-09-08T16:30:00Z,II,Generation,4.990
T_CGTHW-1,CGTHW-1,2026-09-08,36,2026-09-08T17:00:00Z,II,Generation,4.990
T_CGTHW-1,CGTHW-1,2026-09-08,37,2026-09-08T17:30:00Z,II,Generation,4.990
T_CGTHW-1,CGTHW-1,2026-09-08,38,2026-09-08T18:00:00Z,II,Generation,4.990
T_CGTHW-1,CGTHW-1,2026-09-08,39,2026-09-08T18:30:00Z,II,Generation,4.990
T_CGTHW-1,CGTHW-1,2026-09-08,40,2026-09-08T19:00:00Z,II,Generation,4.990
T_CGTHW-1,CGTHW-1,2026-09-08,41,2026-09-08T19:30:00Z,II,Generation,5.000
T_CGTHW-1,CGTHW-1,2026-09-08,42,2026-09-08T20:00:00Z,II,Generation,4.990
T_CGTHW-1,CGTHW-1,2026-09-08,43,2026-09-08T20:30:00Z,II,Generation,5.000
T_CGTHW-1,CGTHW-1,2026-09-08,44,2026-09-08T21:00:00Z,II,Generation,5.000
T_CGTHW-1,CGTHW-1,2026-09-08,45,2026-09-08T21:30:00Z,II,Generation,5.000
T_CGTHW-1,CGTHW-1,2026-09-08,46,2026-09-08T22:00:00Z,II,Generation,5.000
T_CGTHW-1,CGTHW-1,2026-09-08,47,2026-09-08T22:30:00Z,II,Generation,7.400
T_CGTHW-1,CGTHW-1,2026-09-08,48,2026-09-08T23:00:00Z,II,Generation,2.260
T_CLDCW-1,CLDCW-1,2026-09-08,1,2026-09-07T23:30:00Z,II,Generation,47.953
T_CLDCW-1,CLDCW-1,2026-09-08,2,2026-09-08T00:00:00Z,II,Generation,47.202
T_CLDCW-1,CLDCW-1,2026-09-08,3,2026-09-08T00:30:00Z,II,Generation,56.559
T_CLDCW-1,CLDCW-1,2026-09-08,4,2026-09-08T01:00:00Z,II,Generation,52.757
T_CLDCW-1,CLDCW-1,2026-09-08,5,2026-09-08T01:30:00Z,II,Generation,53.879
T_CLDCW-1,CLDCW-1,2026-09-08,6,2026-09-08T02:00:00Z,II,Generation,49.078
T_CLDCW-1,CLDCW-1,2026-09-08,7,2026-09-08T02:30:00Z,II,Generation,53.595
T_CLDCW-1,CLDCW-1,2026-09-08,8,2026-09-08T03:00:00Z,II,Generation,60.822
T_CLDCW-1,CLDCW-1,2026-09-08,9,2026-09-08T03:30:00Z,II,Generation,56.224
T_CLDCW-1,CLDCW-1,2026-09-08,10,2026-09-08T04:00:00Z,II,Generation,59.704
T_CLDCW-1,CLDCW-1,2026-09-08,11,2026-09-08T04:30:00Z,II,Generation,67.010
T_CLDCW-1,CLDCW-1,2026-09-08,12,2026-09-08T05:00:00Z,II,Generation,67.542
T_CLDCW-1,CLDCW-1,2026-09-08,13,2026-09-08T05:30:00Z,II,Generation,65.410
T_CLDCW-1,CLDCW-1,2026-09-08,14,2026-09-08T06:00:00Z,II,Generation,70.019
T_CLDCW-1,CLDCW-1,2026-09-08,15,2026-09-08T06:30:00Z,II,Generation,68.294
T_CLDCW-1,CLDCW-1,2026-09-08,16,2026-09-08T07:00:00Z,II,Generation,66.627
T_CLDCW-1,CLDCW-1,2026-09-08,17,2026-09-08T07:30:00Z,II,Generation,73.990
T_CLDCW-1,CLDCW-1,2026-09-08,18,2026-09-08T08:00:00Z,II,Generation,75.993
T_CLDCW-1,CLDCW-1,2026-09-08,19,2026-09-08T08:30:00Z,II,Generation,75.234
T_CLDCW-1,CLDCW-1,2026-09-08,20,2026-09-08T09:00:00Z,II,Generation,67.783
T_CLDCW-1,CLDCW-1,2026-09-08,21,2026-09-08T09:30:00Z,II,Generation,64.731
T_CLDCW-1,CLDCW-1,2026-09-08,22,2026-09-08T10:00:00Z,II,Generation,62.988
T_CLDCW-1,CLDCW-1,2026-09-08,23,2026-09-08T10:30:00Z,II,Generation,64.320
T_CLDCW-1,CLDCW-1,2026-09-08,24,2026-09-08T11:00:00Z,II,Generation,67.512
T_CLDCW-1,CLDCW-1,2026-09-08,25,2026-09-08T11:30:00Z,II,Generation,77.761
T_CLDCW-1,CLDCW-1,2026-09-08,26,2026-09-08T12:00:00Z,II,Generation,78.252
T_CLDCW-1,CLDCW-1,2026-09-08,27,2026-09-08T12:30:00Z,II,Generation,83.394
T_CLDCW-1,CLDCW-1,2026-09-08,28,2026-09-08T13:00:00Z,II,Generation,85.331
T_CLDCW-1,CLDCW-1,2026-09-08,29,2026-09-08T13:30:00Z,II,Generation,81.027
T_CLDCW-1,CLDCW-1,2026-09-08,30,2026-09-08T14:00:00Z,II,Generation,83.226
T_CLDCW-1,CLDCW-1,2026-09-08,31,2026-09-08T14:30:00Z,II,Generation,86.109
T_CLDCW-1,CLDCW-1,2026-09-08,32,2026-09-08T15:00:00Z,II,Generation,86.007
T_CLDCW-1,CLDCW-1,2026-09-08,33,2026-09-08T15:30:00Z,II,Generation,85.845
T_CLDCW-1,CLDCW-1,2026-09-08,34,2026-09-08T16:00:00Z,II,Generation,85.381
T_CLDCW-1,CLDCW-1,2026-09-08,35,2026-09-08T16:30:00Z,II,Generation,84.140
T_CLDCW-1,CLDCW-1,2026-09-08,36,2026-09-08T17:00:00Z,II,Generation,84.318
T_CLDCW-1,CLDCW-1,2026-09-08,37,2026-09-08T17:30:00Z,II,Generation,83.319
T_CLDCW-1,CLDCW-1,2026-09-08,38,2026-09-08T18:00:00Z,II,Generation,84.012
T_CLDCW-1,CLDCW-1,2026-09-08,39,2026-09-08T18:30:00Z,II,Generation,84.939
T_CLDCW-1,CLDCW-1,2026-09-08,40,2026-09-08T19:00:00Z,II,Generation,85.110
T_CLDCW-1,CLDCW-1,2026-09-08,41,2026-09-08T19:30:00Z,II,Generation,85.504
T_CLDCW-1,CLDCW-1,2026-09-08,42,2026-09-08T20:00:00Z,II,Generation,85.876
T_CLDCW-1,CLDCW-1,2026-09-08,43,2026-09-08T20:30:00Z,II,Generation,83.392
T_CLDCW-1,CLDCW-1,2026-09-08,44,2026-09-08T21:00:00Z,II,Generation,75.950
T_CLDCW-1,CLDCW-1,2026-09-08,45,2026-09-08T21:30:00Z,II,Generation,70.402
T_CLDCW-1,CLDCW-1,2026-09-08,46,2026-09-08T22:00:00Z,II,Generation,63.179
T_CLDCW-1,CLDCW-1,2026-09-08,47,2026-09-08T22:30:00Z,II,Generation,42.493
T_CLDCW-1,CLDCW-1,2026-09-08,48,2026-09-08T23:00:00Z,II,Generation,25.838
T_CLDNW-1,CLDNW-1,2026-09-08,1,2026-09-07T23:30:00Z,II,Generation,50.074
T_CLDNW-1,CLDNW-1,2026-09-08,2,2026-09-08T00:00:00Z,II,Generation,63.826
T_CLDNW-1,CLDNW-1,2026-09-08,3,2026-09-08T00:30:00Z,II,Generation,74.250
T_CLDNW-1,CLDNW-1,2026-09-08,4,2026-09-08T01:00:00Z,II,Generation,70.631
T_CLDNW-1,CLDNW-1,2026-09-08,5,2026-09-08T01:30:00Z,II,Generation,71.306
T_CLDNW-1,CLDNW-1,2026-09-08,6,2026-09-08T02:00:00Z,II,Generation,72.826
T_CLDNW-1,CLDNW-1,2026-09-08,7,2026-09-08T02:30:00Z,II,Generation,78.048
T_CLDNW-1,CLDNW-1,2026-09-08,8,2026-09-08T03:00:00Z,II,Generation,81.029
T_CLDNW-1,CLDNW-1,2026-09-08,9,2026-09-08T03:30:00Z,II,Generation,77.788
T_CLDNW-1,CLDNW-1,2026-09-08,10,2026-09-08T04:00:00Z,II,Generation,78.515
T_CLDNW-1,CLDNW-1,2026-09-08,11,2026-09-08T04:30:00Z,II,Generation,79.383
T_CLDNW-1,CLDNW-1,2026-09-08,12,2026-09-08T05:00:00Z,II,Generation,80.942
T_CLDNW-1,CLDNW-1,2026-09-08,13,2026-09-08T05:30:00Z,II,Generation,65.957
T_CLDNW-1,CLDNW-1,2026-09-08,14,2026-09-08T06:00:00Z,II,Generation,5.505
T_CLDNW-1,CLDNW-1,2026-09-08,15,2026-09-08T06:30:00Z,II,Generation,5.502
T_CLDNW-1,CLDNW-1,2026-09-08,16,2026-09-08T07:00:00Z,II,Generation,5.505
T_CLDNW-1,CLDNW-1,2026-09-08,17,2026-09-08T07:30:00Z,II,Generation,30.136
T_CLDNW-1,CLDNW-1,2026-09-08,18,2026-09-08T08:00:00Z,II,Generation,84.979
T_CLDNW-1,CLDNW-1,2026-09-08,19,2026-09-08T08:30:00Z,II,Generation,82.480
T_CLDNW-1,CLDNW-1,2026-09-08,20,2026-09-08T09:00:00Z,II,Generation,76.278
T_CLDNW-1,CLDNW-1,2026-09-08,21,2026-09-08T09:30:00Z,II,Generation,63.649
T_CLDNW-1,CLDNW-1,2026-09-08,22,2026-09-08T10:00:00Z,II,Generation,66.220
T_CLDNW-1,CLDNW-1,2026-09-08,23,2026-09-08T10:30:00Z,II,Generation,64.379
T_CLDNW-1,CLDNW-1,2026-09-08,24,2026-09-08T11:00:00Z,II,Generation,74.070
T_CLDNW-1,CLDNW-1,2026-09-08,25,2026-09-08T11:30:00Z,II,Generation,83.258
T_CLDNW-1,CLDNW-1,2026-09-08,26,2026-09-08T12:00:00Z,II,Generation,82.045
T_CLDNW-1,CLDNW-1,2026-09-08,27,2026-09-08T12:30:00Z,II,Generation,86.438
T_CLDNW-1,CLDNW-1,2026-09-08,28,2026-09-08T13:00:00Z,II,Generation,84.377
T_CLDNW-1,CLDNW-1,2026-09-08,29,2026-09-08T13:30:00Z,II,Generation,85.002
T_CLDNW-1,CLDNW-1,2026-09-08,30,2026-09-08T14:00:00Z,II,Generation,85.081
T_CLDNW-1,CLDNW-1,2026-09-08,31,2026-09-08T14:30:00Z,II,Generation,87.900
T_CLDNW-1,CLDNW-1,2026-09-08,32,2026-09-08T15:00:00Z,II,Generation,86.474
T_CLDNW-1,CLDNW-1,2026-09-08,33,2026-09-08T15:30:00Z,II,Generation,85.957
T_CLDNW-1,CLDNW-1,2026-09-08,34,2026-09-08T16:00:00Z,II,Generation,85.649
T_CLDNW-1,CLDNW-1,2026-09-08,35,2026-09-08T16:30:00Z,II,Generation,85.092
T_CLDNW-1,CLDNW-1,2026-09-08,36,2026-09-08T17:00:00Z,II,Generation,82.619
T_CLDNW-1,CLDNW-1,2026-09-08,37,2026-09-08T17:30:00Z,II,Generation,77.320
T_CLDNW-1,CLDNW-1,2026-09-08,38,2026-09-08T18:00:00Z,II,Generation,75.647
T_CLDNW-1,CLDNW-1,2026-09-08,39,2026-09-08T18:30:00Z,II,Generation,77.464
T_CLDNW-1,CLDNW-1,2026-09-08,40,2026-09-08T19:00:00Z,II,Generation,76.088
T_CLDNW-1,CLDNW-1,2026-09-08,41,2026-09-08T19:30:00Z,II,Generation,80.304
T_CLDNW-1,CLDNW-1,2026-09-08,42,2026-09-08T20:00:00Z,II,Generation,87.089
T_CLDNW-1,CLDNW-1,2026-09-08,43,2026-09-08T20:30:00Z,II,Generation,84.365
T_CLDNW-1,CLDNW-1,2026-09-08,44,2026-09-08T21:00:00Z,II,Generation,79.663
T_CLDNW-1,CLDNW-1,2026-09-08,45,2026-09-08T21:30:00Z,II,Generation,80.236
T_CLDNW-1,CLDNW-1,2026-09-08,46,2026-09-08T22:00:00Z,II,Generation,79.678
T_CLDNW-1,CLDNW-1,2026-09-08,47,2026-09-08T22:30:00Z,II,Generation,73.260
T_CLDNW-1,CLDNW-1,2026-09-08,48,2026-09-08T23:00:00Z,II,Generation,64.052
T_CLDSW-1,CLDSW-1,2026-09-08,1,2026-09-07T23:30:00Z,II,Generation,27.441
T_CLDSW-1,CLDSW-1,2026-09-08,2,2026-09-08T00:00:00Z,II,Generation,12.731
T_CLDSW-1,CLDSW-1,2026-09-08,3,2026-09-08T00:30:00Z,II,Generation,20.501
T_CLDSW-1,CLDSW-1,2026-09-08,4,2026-09-08T01:00:00Z,II,Generation,28.097
T_CLDSW-1,CLDSW-1,2026-09-08,5,2026-09-08T01:30:00Z,II,Generation,26.260
T_CLDSW-1,CLDSW-1,2026-09-08,6,2026-09-08T02:00:00Z,II,Generation,29.110
T_CLDSW-1,CLDSW-1,2026-09-08,7,2026-09-08T02:30:00Z,II,Generation,35.386
T_CLDSW-1,CLDSW-1,2026-09-08,8,2026-09-08T03:00:00Z,II,Generation,28.654
T_CLDSW-1,CLDSW-1,2026-09-08,9,2026-09-08T03:30:00Z,II,Generation,33.183
T_CLDSW-1,CLDSW-1,2026-09-08,10,2026-09-08T04:00:00Z,II,Generation,25.640
T_CLDSW-1,CLDSW-1,2026-09-08,11,2026-09-08T04:30:00Z,II,Generation,30.434
T_CLDSW-1,CLDSW-1,2026-09-08,12,2026-09-08T05:00:00Z,II,Generation,29.216
T_CLDSW-1,CLDSW-1,2026-09-08,13,2026-09-08T05:30:00Z,II,Generation,31.146
T_CLDSW-1,CLDSW-1,2026-09-08,14,2026-09-08T06:00:00Z,II,Generation,29.517
T_CLDSW-1,CLDSW-1,2026-09-08,15,2026-09-08T06:30:00Z,II,Generation,29.743
T_CLDSW-1,CLDSW-1,2026-09-08,16,2026-09-08T07:00:00Z,II,Generation,30.381
T_CLDSW-1,CLDSW-1,2026-09-08,17,2026-09-08T07:30:00Z,II,Generation,38.347
T_CLDSW-1,CLDSW-1,2026-09-08,18,2026-09-08T08:00:00Z,II,Generation,41.317
T_CLDSW-1,CLDSW-1,2026-09-08,19,2026-09-08T08:30:00Z,II,Generation,43.400
T_CLDSW-1,CLDSW-1,2026-09-08,20,2026-09-08T09:00:00Z,II,Generation,44.271
T_CLDSW-1,CLDSW-1,2026-09-08,21,2026-09-08T09:30:00Z,II,Generation,46.075
T_CLDSW-1,CLDSW-1,2026-09-08,22,2026-09-08T10:00:00Z,II,Generation,44.842
T_CLDSW-1,CLDSW-1,2026-09-08,23,2026-09-08T10:30:00Z,II,Generation,41.807
T_CLDSW-1,CLDSW-1,2026-09-08,24,2026-09-08T11:00:00Z,II,Generation,43.001
T_CLDSW-1,CLDSW-1,2026-09-08,25,2026-09-08T11:30:00Z,II,Generation,49.869
T_CLDSW-1,CLDSW-1,2026-09-08,26,2026-09-08T12:00:00Z,II,Generation,53.162
T_CLDSW-1,CLDSW-1,2026-09-08,27,2026-09-08T12:30:00Z,II,Generation,57.142
T_CLDSW-1,CLDSW-1,2026-09-08,28,2026-09-08T13:00:00Z,II,Generation,56.653
T_CLDSW-1,CLDSW-1,2026-09-08,29,2026-09-08T13:30:00Z,II,Generation,54.178
T_CLDSW-1,CLDSW-1,2026-09-08,30,2026-09-08T14:00:00Z,II,Generation,47.990
T_CLDSW-1,CLDSW-1,2026-09-08,31,2026-09-08T14:30:00Z,II,Generation,49.200
T_CLDSW-1,CLDSW-1,2026-09-08,32,2026-09-08T15:00:00Z,II,Generation,52.167
T_CLDSW-1,CLDSW-1,2026-09-08,33,2026-09-08T15:30:00Z,II,Generation,53.738
T_CLDSW-1,CLDSW-1,2026-09-08,34,2026-09-08T16:00:00Z,II,Generation,57.516
T_CLDSW-1,CLDSW-1,2026-09-08,35,2026-09-08T16:30:00Z,II,Generation,57.418
T_CLDSW-1,CLDSW-1,2026-09-08,36,2026-09-08T17:00:00Z,II,Generation,57.626
T_CLDSW-1,CLDSW-1,2026-09-08,37,2026-09-08T17:30:00Z,II,Generation,58.254
T_CLDSW-1,CLDSW-1,2026-09-08,38,2026-09-08T18:00:00Z,II,Generation,58.701
T_CLDSW-1,CLDSW-1,2026-09-08,39,2026-09-08T18:30:00Z,II,Generation,58.596
T_CLDSW-1,CLDSW-1,2026-09-08,40,2026-09-08T19:00:00Z,II,Generation,58.998
T_CLDSW-1,CLDSW-1,2026-09-08,41,2026-09-08T19:30:00Z,II,Generation,58.873
T_CLDSW-1,CLDSW-1,2026-09-08,42,2026-09-08T20:00:00Z,II,Generation,58.984
T_CLDSW-1,CLDSW-1,2026-09-08,43,2026-09-08T20:30:00Z,II,Generation,58.423
T_CLDSW-1,CLDSW-1,2026-09-08,44,2026-09-08T21:00:00Z,II,Generation,57.106
T_CLDSW-1,CLDSW-1,2026-09-08,45,2026-09-08T21:30:00Z,II,Generation,48.241
T_CLDSW-1,CLDSW-1,2026-09-08,46,2026-09-08T22:00:00Z,II,Generation,41.211
T_CLDSW-1,CLDSW-1,2026-09-08,47,2026-09-08T22:30:00Z,II,Generation,32.765
T_CLDSW-1,CLDSW-1,2026-09-08,48,2026-09-08T23:00:00Z,II,Generation,26.148
T_COUWW-1,COUWW-1,2026-09-08,1,2026-09-07T23:30:00Z,II,Generation,9.880
T_COUWW-1,COUWW-1,2026-09-08,2,2026-09-08T00:00:00Z,II,Generation,9.672
T_COUWW-1,COUWW-1,2026-09-08,3,2026-09-08T00:30:00Z,II,Generation,9.513
T_COUWW-1,COUWW-1,2026-09-08,4,2026-09-08T01:00:00Z,II,Generation,9.823
T_COUWW-1,COUWW-1,2026-09-08,5,2026-09-08T01:30:00Z,II,Generation,10.044
T_COUWW-1,COUWW-1,2026-09-08,6,2026-09-08T02:00:00Z,II,Generation,9.985
T_COUWW-1,COUWW-1,2026-09-08,7,2026-09-08T02:30:00Z,II,Generation,9.873
T_COUWW-1,COUWW-1,2026-09-08,8,2026-09-08T03:00:00Z,II,Generation,10.092
T_COUWW-1,COUWW-1,2026-09-08,9,2026-09-08T03:30:00Z,II,Generation,10.050
T_COUWW-1,COUWW-1,2026-09-08,10,2026-09-08T04:00:00Z,II,Generation,10.039
T_COUWW-1,COUWW-1,2026-09-08,11,2026-09-08T04:30:00Z,II,Generation,10.080
T_COUWW-1,COUWW-1,2026-09-08,12,2026-09-08T05:00:00Z,II,Generation,10.095
T_COUWW-1,COUWW-1,2026-09-08,13,2026-09-08T05:30:00Z,II,Generation,10.022
T_COUWW-1,COUWW-1,2026-09-08,14,2026-09-08T06:00:00Z,II,Generation,9.995
T_COUWW-1,COUWW-1,2026-09-08,15,2026-09-08T06:30:00Z,II,Generation,9.912
T_COUWW-1,COUWW-1,2026-09-08,16,2026-09-08T07:00:00Z,II,Generation,9.327
T_COUWW-1,COUWW-1,2026-09-08,17,2026-09-08T07:30:00Z,II,Generation,8.191
T_COUWW-1,COUWW-1,2026-09-08,18,2026-09-08T08:00:00Z,II,Generation,9.803
T_COUWW-1,COUWW-1,2026-09-08,19,2026-09-08T08:30:00Z,II,Generation,9.936
T_COUWW-1,COUWW-1,2026-09-08,20,2026-09-08T09:00:00Z,II,Generation,10.098
T_COUWW-1,COUWW-1,2026-09-08,21,2026-09-08T09:30:00Z,II,Generation,10.124
T_COUWW-1,COUWW-1,2026-09-08,22,2026-09-08T10:00:00Z,II,Generation,10.135
T_COUWW-1,COUWW-1,2026-09-08,23,2026-09-08T10:30:00Z,II,Generation,10.137
T_COUWW-1,COUWW-1,2026-09-08,24,2026-09-08T11:00:00Z,II,Generation,9.960
T_COUWW-1,COUWW-1,2026-09-08,25,2026-09-08T11:30:00Z,II,Generation,9.702
T_COUWW-1,COUWW-1,2026-09-08,26,2026-09-08T12:00:00Z,II,Generation,9.984
T_COUWW-1,COUWW-1,2026-09-08,27,2026-09-08T12:30:00Z,II,Generation,10.118
T_COUWW-1,COUWW-1,2026-09-08,28,2026-09-08T13:00:00Z,II,Generation,10.106
T_COUWW-1,COUWW-1,2026-09-08,29,2026-09-08T13:30:00Z,II,Generation,9.553
T_COUWW-1,COUWW-1,2026-09-08,30,2026-09-08T14:00:00Z,II,Generation,10.098
T_COUWW-1,COUWW-1,2026-09-08,31,2026-09-08T14:30:00Z,II,Generation,10.109
T_COUWW-1,COUWW-1,2026-09-08,32,2026-09-08T15:00:00Z,II,Generation,10.048
T_COUWW-1,COUWW-1,2026-09-08,33,2026-09-08T15:30:00Z,II,Generation,9.946
T_COUWW-1,COUWW-1,2026-09-08,34,2026-09-08T16:00:00Z,II,Generation,9.853
T_COUWW-1,COUWW-1,2026-09-08,35,2026-09-08T16:30:00Z,II,Generation,10.078
T_COUWW-1,COUWW-1,2026-09-08,36,2026-09-08T17:00:00Z,II,Generation,10.105
T_COUWW-1,COUWW-1,2026-09-08,37,2026-09-08T17:30:00Z,II,Generation,9.929
T_COUWW-1,COUWW-1,2026-09-08,38,2026-09-08T18:00:00Z,II,Generation,9.698
T_COUWW-1,COUWW-1,2026-09-08,39,2026-09-08T18:30:00Z,II,Generation,9.531
T_COUWW-1,COUWW-1,2026-09-08,40,2026-09-08T19:00:00Z,II,Generation,10.138
T_COUWW-1,COUWW-1,2026-09-08,41,2026-09-08T19:30:00Z,II,Generation,10.133
T_COUWW-1,COUWW-1,2026-09-08,42,2026-09-08T20:00:00Z,II,Generation,10.120
T_COUWW-1,COUWW-1,2026-09-08,43,2026-09-08T20:30:00Z,II,Generation,9.431
T_COUWW-1,COUWW-1,2026-09-08,44,2026-09-08T21:00:00Z,II,Generation,6.051
T_COUWW-1,COUWW-1,2026-09-08,45,2026-09-08T21:30:00Z,II,Generation,4.124
T_COUWW-1,COUWW-1,2026-09-08,46,2026-09-08T22:00:00Z,II,Generation,6.400
T_COUWW-1,COUWW-1,2026-09-08,47,2026-09-08T22:30:00Z,II,Generation,9.990
T_COUWW-1,COUWW-1,2026-09-08,48,2026-09-08T23:00:00Z,II,Generation,10.014
T_CRDEW-1,CRDEW-1,2026-09-08,1,2026-09-07T23:30:00Z,II,Generation,5.430
T_CRDEW-1,CRDEW-1,2026-09-08,2,2026-09-08T00:00:00Z,II,Generation,7.837
T_CRDEW-1,CRDEW-1,2026-09-08,3,2026-09-08T00:30:00Z,II,Generation,10.984
T_CRDEW-1,CRDEW-1,2026-09-08,4,2026-09-08T01:00:00Z,II,Generation,11.534
T_CRDEW-1,CRDEW-1,2026-09-08,5,2026-09-08T01:30:00Z,II,Generation,10.248
T_CRDEW-1,CRDEW-1,2026-09-08,6,2026-09-08T02:00:00Z,II,Generation,9.130
T_CRDEW-1,CRDEW-1,2026-09-08,7,2026-09-08T02:30:00Z,II,Generation,9.817
T_CRDEW-1,CRDEW-1,2026-09-08,8,2026-09-08T03:00:00Z,II,Generation,9.523
T_CRDEW-1,CRDEW-1,2026-09-08,9,2026-09-08T03:30:00Z,II,Generation,10.752
T_CRDEW-1,CRDEW-1,2026-09-08,10,2026-09-08T04:00:00Z,II,Generation,11.074
T_CRDEW-1,CRDEW-1,2026-09-08,11,2026-09-08T04:30:00Z,II,Generation,10.932
T_CRDEW-1,CRDEW-1,2026-09-08,12,2026-09-08T05:00:00Z,II,Generation,9.807
T_CRDEW-1,CRDEW-1,2026-09-08,13,2026-09-08T05:30:00Z,II,Generation,9.134
T_CRDEW-1,CRDEW-1,2026-09-08,14,2026-09-08T06:00:00Z,II,Generation,8.397
T_CRDEW-1,CRDEW-1,2026-09-08,15,2026-09-08T06:30:00Z,II,Generation,6.928
T_CRDEW-1,CRDEW-1,2026-09-08,16,2026-09-08T07:00:00Z,II,Generation,8.255
T_CRDEW-1,CRDEW-1,2026-09-08,17,2026-09-08T07:30:00Z,II,Generation,8.630
T_CRDEW-1,CRDEW-1,2026-09-08,18,2026-09-08T08:00:00Z,II,Generation,8.628
T_CRDEW-1,CRDEW-1,2026-09-08,19,2026-09-08T08:30:00Z,II,Generation,8.192
T_CRDEW-1,CRDEW-1,2026-09-08,20,2026-09-08T09:00:00Z,II,Generation,8.346
T_CRDEW-1,CRDEW-1,2026-09-08,21,2026-09-08T09:30:00Z,II,Generation,10.039
T_CRDEW-1,CRDEW-1,2026-09-08,22,2026-09-08T10:00:00Z,II,Generation,9.987
T_CRDEW-1,CRDEW-1,2026-09-08,23,2026-09-08T10:30:00Z,II,Generation,8.535
T_CRDEW-1,CRDEW-1,2026-09-08,24,2026-09-08T11:00:00Z,II,Generation,7.358
T_CRDEW-1,CRDEW-1,2026-09-08,25,2026-09-08T11:30:00Z,II,Generation,0.374
T_CRDEW-1,CRDEW-1,2026-09-08,26,2026-09-08T12:00:00Z,II,Generation,-0.039
T_CRDEW-1,CRDEW-1,2026-09-08,27,2026-09-08T12:30:00Z,II,Generation,-0.038
T_CRDEW-1,CRDEW-1,2026-09-08,28,2026-09-08T13:00:00Z,II,Generation,-0.037
T_CRDEW-1,CRDEW-1,2026-09-08,29,2026-09-08T13:30:00Z,II,Generation,-0.038
T_CRDEW-1,CRDEW-1,2026-09-08,30,2026-09-08T14:00:00Z,II,Generation,-0.037
T_CRDEW-1,CRDEW-1,2026-09-08,31,2026-09-08T14:30:00Z,II,Generation,-0.037
T_CRDEW-1,CRDEW-1,2026-09-08,32,2026-09-08T15:00:00Z,II,Generation,-0.037
T_CRDEW-1,CRDEW-1,2026-09-08,33,2026-09-08T15:30:00Z,II,Generation,-0.037
T_CRDEW-1,CRDEW-1,2026-09-08,34,2026-09-08T16:00:00Z,II,Generation,-0.038
T_CRDEW-1,CRDEW-1,2026-09-08,35,2026-09-08T16:30:00Z,II,Generation,-0.037
T_CRDEW-1,CRDEW-1,2026-09-08,36,2026-09-08T17:00:00Z,II,Generation,-0.038
T_CRDEW-1,CRDEW-1,2026-09-08,37,2026-09-08T17:30:00Z,II,Generation,-0.038
T_CRDEW-1,CRDEW-1,2026-09-08,38,2026-09-08T18:00:00Z,II,Generation,-0.038
T_CRDEW-1,CRDEW-1,2026-09-08,39,2026-09-08T18:30:00Z,II,Generation,-0.038
T_CRDEW-1,CRDEW-1,2026-09-08,40,2026-09-08T19:00:00Z,II,Generation,-0.039
T_CRDEW-1,CRDEW-1,2026-09-08,41,2026-09-08T19:30:00Z,II,Generation,-0.040
T_CRDEW-1,CRDEW-1,2026-09-08,42,2026-09-08T20:00:00Z,II,Generation,-0.039
T_CRDEW-1,CRDEW-1,2026-09-08,43,2026-09-08T20:30:00Z,II,Generation,-0.038
T_CRDEW-1,CRDEW-1,2026-09-08,44,2026-09-08T21:00:00Z,II,Generation,-0.039
T_CRDEW-1,CRDEW-1,2026-09-08,45,2026-09-08T21:30:00Z,II,Generation,5.025
T_CRDEW-1,CRDEW-1,2026-09-08,46,2026-09-08T22:00:00Z,II,Generation,4.298
T_CRDEW-1,CRDEW-1,2026-09-08,47,2026-09-08T22:30:00Z,II,Generation,1.885
T_CRDEW-1,CRDEW-1,2026-09-08,48,2026-09-08T23:00:00Z,II,Generation,3.809
T_CRDEW-2,CRDEW-2,2026-09-08,1,2026-09-07T23:30:00Z,II,Generation,5.172
T_CRDEW-2,CRDEW-2,2026-09-08,2,2026-09-08T00:00:00Z,II,Generation,8.635
T_CRDEW-2,CRDEW-2,2026-09-08,3,2026-09-08T00:30:00Z,II,Generation,11.402
T_CRDEW-2,CRDEW-2,2026-09-08,4,2026-09-08T01:00:00Z,II,Generation,11.466
T_CRDEW-2,CRDEW-2,2026-09-08,5,2026-09-08T01:30:00Z,II,Generation,9.359
T_CRDEW-2,CRDEW-2,2026-09-08,6,2026-09-08T02:00:00Z,II,Generation,9.705
T_CRDEW-2,CRDEW-2,2026-09-08,7,2026-09-08T02:30:00Z,II,Generation,10.416
T_CRDEW-2,CRDEW-2,2026-09-08,8,2026-09-08T03:00:00Z,II,Generation,9.677
T_CRDEW-2,CRDEW-2,2026-09-08,9,2026-09-08T03:30:00Z,II,Generation,10.927
T_CRDEW-2,CRDEW-2,2026-09-08,10,2026-09-08T04:00:00Z,II,Generation,11.474
T_CRDEW-2,CRDEW-2,2026-09-08,11,2026-09-08T04:30:00Z,II,Generation,11.359
T_CRDEW-2,CRDEW-2,2026-09-08,12,2026-09-08T05:00:00Z,II,Generation,10.486
T_CRDEW-2,CRDEW-2,2026-09-08,13,2026-09-08T05:30:00Z,II,Generation,9.074
T_CRDEW-2,CRDEW-2,2026-09-08,14,2026-09-08T06:00:00Z,II,Generation,7.930
T_CRDEW-2,CRDEW-2,2026-09-08,15,2026-09-08T06:30:00Z,II,Generation,6.523
T_CRDEW-2,CRDEW-2,2026-09-08,16,2026-09-08T07:00:00Z,II,Generation,7.343
T_CRDEW-2,CRDEW-2,2026-09-08,17,2026-09-08T07:30:00Z,II,Generation,7.688
T_CRDEW-2,CRDEW-2,2026-09-08,18,2026-09-08T08:00:00Z,II,Generation,8.098
T_CRDEW-2,CRDEW-2,2026-09-08,19,2026-09-08T08:30:00Z,II,Generation,7.663
T_CRDEW-2,CRDEW-2,2026-09-08,20,2026-09-08T09:00:00Z,II,Generation,8.066
T_CRDEW-2,CRDEW-2,2026-09-08,21,2026-09-08T09:30:00Z,II,Generation,10.302
T_CRDEW-2,CRDEW-2,2026-09-08,22,2026-09-08T10:00:00Z,II,Generation,10.618
T_CRDEW-2,CRDEW-2,2026-09-08,23,2026-09-08T10:30:00Z,II,Generation,8.384
T_CRDEW-2,CRDEW-2,2026-09-08,24,2026-09-08T11:00:00Z,II,Generation,6.600
T_CRDEW-2,CRDEW-2,2026-09-08,25,2026-09-08T11:30:00Z,II,Generation,0.410
T_CRDEW-2,CRDEW-2,2026-09-08,26,2026-09-08T12:00:00Z,II,Generation,-0.042
T_CRDEW-2,CRDEW-2,2026-09-08,27,2026-09-08T12:30:00Z,II,Generation,-0.041
T_CRDEW-2,CRDEW-2,2026-09-08,28,2026-09-08T13:00:00Z,II,Generation,-0.039
T_CRDEW-2,CRDEW-2,2026-09-08,29,2026-09-08T13:30:00Z,II,Generation,-0.040
T_CRDEW-2,CRDEW-2,2026-09-08,30,2026-09-08T14:00:00Z,II,Generation,-0.040
T_CRDEW-2,CRDEW-2,2026-09-08,31,2026-09-08T14:30:00Z,II,Generation,-0.039
T_CRDEW-2,CRDEW-2,2026-09-08,32,2026-09-08T15:00:00Z,II,Generation,-0.039
T_CRDEW-2,CRDEW-2,2026-09-08,33,2026-09-08T15:30:00Z,II,Generation,-0.039
T_CRDEW-2,CRDEW-2,2026-09-08,34,2026-09-08T16:00:00Z,II,Generation,-0.039
T_CRDEW-2,CRDEW-2,2026-09-08,35,2026-09-08T16:30:00Z,II,Generation,-0.039
T_CRDEW-2,CRDEW-2,2026-09-08,36,2026-09-08T17:00:00Z,II,Generation,-0.039
T_CRDEW-2,CRDEW-2,2026-09-08,37,2026-09-08T17:30:00Z,II,Generation,-0.039
T_CRDEW-2,CRDEW-2,2026-09-08,38,2026-09-08T18:00:00Z,II,Generation,-0.040
T_CRDEW-2,CRDEW-2,2026-09-08,39,2026-09-08T18:30:00Z,II,Generation,-0.040
T_CRDEW-2,CRDEW-2,2026-09-08,40,2026-09-08T19:00:00Z,II,Generation,-0.040
T_CRDEW-2,CRDEW-2,2026-09-08,41,2026-09-08T19:30:00Z,II,Generation,-0.041
T_CRDEW-2,CRDEW-2,2026-09-08,42,2026-09-08T20:00:00Z,II,Generation,-0.039
T_CRDEW-2,CRDEW-2,2026-09-08,43,2026-09-08T20:30:00Z,II,Generation,-0.040
T_CRDEW-2,CRDEW-2,2026-09-08,44,2026-09-08T21:00:00Z,II,Generation,-0.040
T_CRDEW-2,CRDEW-2,2026-09-08,45,2026-09-08T21:30:00Z,II,Generation,5.754
T_CRDEW-2,CRDEW-2,2026-09-08,46,2026-09-08T22:00:00Z,II,Generation,6.464
T_CRDEW-2,CRDEW-2,2026-09-08,47,2026-09-08T22:30:00Z,II,Generation,3.142
T_CRDEW-2,CRDEW-2,2026-09-08,48,2026-09-08T23:00:00Z,II,Generation,3.829
T_CREAW-1,CREAW-1,2026-09-08,1,2026-09-07T23:30:00Z,II,Generation,5.101
T_CREAW-1,CREAW-1,2026-09-08,2,2026-09-08T00:00:00Z,II,Generation,5.102
T_CREAW-1,CREAW-1,2026-09-08,3,2026-09-08T00:30:00Z,II,Generation,5.102
T_CREAW-1,CREAW-1,2026-09-08,4,2026-09-08T01:00:00Z,II,Generation,5.103
T_CREAW-1,CREAW-1,2026-09-08,5,2026-09-08T01:30:00Z,II,Generation,5.098
T_CREAW-1,CREAW-1,2026-09-08,6,2026-09-08T02:00:00Z,II,Generation,5.101
T_CREAW-1,CREAW-1,2026-09-08,7,2026-09-08T02:30:00Z,II,Generation,5.099
T_CREAW-1,CREAW-1,2026-09-08,8,2026-09-08T03:00:00Z,II,Generation,5.097
T_CREAW-1,CREAW-1,2026-09-08,9,2026-09-08T03:30:00Z,II,Generation,5.102
T_CREAW-1,CREAW-1,2026-09-08,10,2026-09-08T04:00:00Z,II,Generation,5.099
T_CREAW-1,CREAW-1,2026-09-08,11,2026-09-08T04:30:00Z,II,Generation,5.100
T_CREAW-1,CREAW-1,2026-09-08,12,2026-09-08T05:00:00Z,II,Generation,5.100
T_CREAW-1,CREAW-1,2026-09-08,13,2026-09-08T05:30:00Z,II,Generation,5.102
T_CREAW-1,CREAW-1,2026-09-08,14,2026-09-08T06:00:00Z,II,Generation,5.100
T_CREAW-1,CREAW-1,2026-09-08,15,2026-09-08T06:30:00Z,II,Generation,5.101
T_CREAW-1,CREAW-1,2026-09-08,16,2026-09-08T07:00:00Z,II,Generation,5.097
T_CREAW-1,CREAW-1,2026-09-08,17,2026-09-08T07:30:00Z,II,Generation,5.091
T_CREAW-1,CREAW-1,2026-09-08,18,2026-09-08T08:00:00Z,II,Generation,5.093
T_CREAW-1,CREAW-1,2026-09-08,19,2026-09-08T08:30:00Z,II,Generation,5.086
T_CREAW-1,CREAW-1,2026-09-08,20,2026-09-08T09:00:00Z,II,Generation,5.093
T_CREAW-1,CREAW-1,2026-09-08,21,2026-09-08T09:30:00Z,II,Generation,5.089
T_CREAW-1,CREAW-1,2026-09-08,22,2026-09-08T10:00:00Z,II,Generation,5.091
T_CREAW-1,CREAW-1,2026-09-08,23,2026-09-08T10:30:00Z,II,Generation,5.104
T_CREAW-1,CREAW-1,2026-09-08,24,2026-09-08T11:00:00Z,II,Generation,5.103
T_CREAW-1,CREAW-1,2026-09-08,25,2026-09-08T11:30:00Z,II,Generation,5.096
T_CREAW-1,CREAW-1,2026-09-08,26,2026-09-08T12:00:00Z,II,Generation,5.092
T_CREAW-1,CREAW-1,2026-09-08,27,2026-09-08T12:30:00Z,II,Generation,5.093
T_CREAW-1,CREAW-1,2026-09-08,28,2026-09-08T13:00:00Z,II,Generation,5.091
T_CREAW-1,CREAW-1,2026-09-08,29,2026-09-08T13:30:00Z,II,Generation,5.094
T_CREAW-1,CREAW-1,2026-09-08,30,2026-09-08T14:00:00Z,II,Generation,5.092
T_CREAW-1,CREAW-1,2026-09-08,31,2026-09-08T14:30:00Z,II,Generation,5.096
T_CREAW-1,CREAW-1,2026-09-08,32,2026-09-08T15:00:00Z,II,Generation,5.099
T_CREAW-1,CREAW-1,2026-09-08,33,2026-09-08T15:30:00Z,II,Generation,5.083
T_CREAW-1,CREAW-1,2026-09-08,34,2026-09-08T16:00:00Z,II,Generation,5.082
T_CREAW-1,CREAW-1,2026-09-08,35,2026-09-08T16:30:00Z,II,Generation,5.084
T_CREAW-1,CREAW-1,2026-09-08,36,2026-09-08T17:00:00Z,II,Generation,5.083
T_CREAW-1,CREAW-1,2026-09-08,37,2026-09-08T17:30:00Z,II,Generation,5.083
T_CREAW-1,CREAW-1,2026-09-08,38,2026-09-08T18:00:00Z,II,Generation,5.085
T_CREAW-1,CREAW-1,2026-09-08,39,2026-09-08T18:30:00Z,II,Generation,5.085
T_CREAW-1,CREAW-1,2026-09-08,40,2026-09-08T19:00:00Z,II,Generation,5.089
T_CREAW-1,CREAW-1,2026-09-08,41,2026-09-08T19:30:00Z,II,Generation,5.098
T_CREAW-1,CREAW-1,2026-09-08,42,2026-09-08T20:00:00Z,II,Generation,5.094
T_CREAW-1,CREAW-1,2026-09-08,43,2026-09-08T20:30:00Z,II,Generation,5.095
T_CREAW-1,CREAW-1,2026-09-08,44,2026-09-08T21:00:00Z,II,Generation,5.092
T_CREAW-1,CREAW-1,2026-09-08,45,2026-09-08T21:30:00Z,II,Generation,5.084
T_CREAW-1,CREAW-1,2026-09-08,46,2026-09-08T22:00:00Z,II,Generation,5.116
T_CREAW-1,CREAW-1,2026-09-08,47,2026-09-08T22:30:00Z,II,Generation,5.094
T_CREAW-1,CREAW-1,2026-09-08,48,2026-09-08T23:00:00Z,II,Generation,5.098
T_CRGHW-1,CRGHW-1,2026-09-08,1,2026-09-07T23:30:00Z,II,Generation,4.973
T_CRGHW-1,CRGHW-1,2026-09-08,2,2026-09-08T00:00:00Z,II,Generation,4.976
T_CRGHW-1,CRGHW-1,2026-09-08,3,2026-09-08T00:30:00Z,II,Generation,4.973
T_CRGHW-1,CRGHW-1,2026-09-08,4,2026-09-08T01:00:00Z,II,Generation,4.973
T_CRGHW-1,CRGHW-1,2026-09-08,5,2026-09-08T01:30:00Z,II,Generation,4.974
T_CRGHW-1,CRGHW-1,2026-09-08,6,2026-09-08T02:00:00Z,II,Generation,4.970
T_CRGHW-1,CRGHW-1,2026-09-08,7,2026-09-08T02:30:00Z,II,Generation,4.977
T_CRGHW-1,CRGHW-1,2026-09-08,8,2026-09-08T03:00:00Z,II,Generation,4.973
T_CRGHW-1,CRGHW-1,2026-09-08,9,2026-09-08T03:30:00Z,II,Generation,4.972
T_CRGHW-1,CRGHW-1,2026-09-08,10,2026-09-08T04:00:00Z,II,Generation,4.971
T_CRGHW-1,CRGHW-1,2026-09-08,11,2026-09-08T04:30:00Z,II,Generation,4.975
T_CRGHW-1,CRGHW-1,2026-09-08,12,2026-09-08T05:00:00Z,II,Generation,4.973
T_CRGHW-1,CRGHW-1,2026-09-08,13,2026-09-08T05:30:00Z,II,Generation,4.971
T_CRGHW-1,CRGHW-1,2026-09-08,14,2026-09-08T06:00:00Z,II,Generation,4.973
T_CRGHW-1,CRGHW-1,2026-09-08,15,2026-09-08T06:30:00Z,II,Generation,4.973
T_CRGHW-1,CRGHW-1,2026-09-08,16,2026-09-08T07:00:00Z,II,Generation,4.974
T_CRGHW-1,CRGHW-1,2026-09-08,17,2026-09-08T07:30:00Z,II,Generation,4.972
T_CRGHW-1,CRGHW-1,2026-09-08,18,2026-09-08T08:00:00Z,II,Generation,4.972
T_CRGHW-1,CRGHW-1,2026-09-08,19,2026-09-08T08:30:00Z,II,Generation,4.968
T_CRGHW-1,CRGHW-1,2026-09-08,20,2026-09-08T09:00:00Z,II,Generation,4.973
T_CRGHW-1,CRGHW-1,2026-09-08,21,2026-09-08T09:30:00Z,II,Generation,4.971
T_CRGHW-1,CRGHW-1,2026-09-08,22,2026-09-08T10:00:00Z,II,Generation,4.972
T_CRGHW-1,CRGHW-1,2026-09-08,23,2026-09-08T10:30:00Z,II,Generation,4.975
T_CRGHW-1,CRGHW-1,2026-09-08,24,2026-09-08T11:00:00Z,II,Generation,4.971
T_CRGHW-1,CRGHW-1,2026-09-08,25,2026-09-08T11:30:00Z,II,Generation,4.972
T_CRGHW-1,CRGHW-1,2026-09-08,26,2026-09-08T12:00:00Z,II,Generation,4.973
T_CRGHW-1,CRGHW-1,2026-09-08,27,2026-09-08T12:30:00Z,II,Generation,4.974
T_CRGHW-1,CRGHW-1,2026-09-08,28,2026-09-08T13:00:00Z,II,Generation,4.972
T_CRGHW-1,CRGHW-1,2026-09-08,29,2026-09-08T13:30:00Z,II,Generation,4.970
T_CRGHW-1,CRGHW-1,2026-09-08,30,2026-09-08T14:00:00Z,II,Generation,4.971
T_CRGHW-1,CRGHW-1,2026-09-08,31,2026-09-08T14:30:00Z,II,Generation,4.972
T_CRGHW-1,CRGHW-1,2026-09-08,32,2026-09-08T15:00:00Z,II,Generation,4.972
T_CRGHW-1,CRGHW-1,2026-09-08,33,2026-09-08T15:30:00Z,II,Generation,4.974
T_CRGHW-1,CRGHW-1,2026-09-08,34,2026-09-08T16:00:00Z,II,Generation,4.971
T_CRGHW-1,CRGHW-1,2026-09-08,35,2026-09-08T16:30:00Z,II,Generation,4.974
T_CRGHW-1,CRGHW-1,2026-09-08,36,2026-09-08T17:00:00Z,II,Generation,4.973
T_CRGHW-1,CRGHW-1,2026-09-08,37,2026-09-08T17:30:00Z,II,Generation,4.969
T_CRGHW-1,CRGHW-1,2026-09-08,38,2026-09-08T18:00:00Z,II,Generation,4.974
T_CRGHW-1,CRGHW-1,2026-09-08,39,2026-09-08T18:30:00Z,II,Generation,4.970
T_CRGHW-1,CRGHW-1,2026-09-08,40,2026-09-08T19:00:00Z,II,Generation,4.974
T_CRGHW-1,CRGHW-1,2026-09-08,41,2026-09-08T19:30:00Z,II,Generation,4.971
T_CRGHW-1,CRGHW-1,2026-09-08,42,2026-09-08T20:00:00Z,II,Generation,4.974
T_CRGHW-1,CRGHW-1,2026-09-08,43,2026-09-08T20:30:00Z,II,Generation,4.971
T_CRGHW-1,CRGHW-1,2026-09-08,44,2026-09-08T21:00:00Z,II,Generation,4.974
T_CRGHW-1,CRGHW-1,2026-09-08,45,2026-09-08T21:30:00Z,II,Generation,4.973
T_CRGHW-1,CRGHW-1,2026-09-08,46,2026-09-08T22:00:00Z,II,Generation,4.974
T_CRGHW-1,CRGHW-1,2026-09-08,47,2026-09-08T22:30:00Z,II,Generation,4.973
T_CRGHW-1,CRGHW-1,2026-09-08,48,2026-09-08T23:00:00Z,II,Generation,4.978
T_CRMLW-1,CRMLW-1,2026-09-08,1,2026-09-07T23:30:00Z,II,Generation,2.772
T_CRMLW-1,CRMLW-1,2026-09-08,2,2026-09-08T00:00:00Z,II,Generation,2.772
T_CRMLW-1,CRMLW-1,2026-09-08,3,2026-09-08T00:30:00Z,II,Generation,2.771
T_CRMLW-1,CRMLW-1,2026-09-08,4,2026-09-08T01:00:00Z,II,Generation,2.772
T_CRMLW-1,CRMLW-1,2026-09-08,5,2026-09-08T01:30:00Z,II,Generation,2.772
T_CRMLW-1,CRMLW-1,2026-09-08,6,2026-09-08T02:00:00Z,II,Generation,2.719
T_CRMLW-1,CRMLW-1,2026-09-08,7,2026-09-08T02:30:00Z,II,Generation,2.503
T_CRMLW-1,CRMLW-1,2026-09-08,8,2026-09-08T03:00:00Z,II,Generation,2.059
T_CRMLW-1,CRMLW-1,2026-09-08,9,2026-09-08T03:30:00Z,II,Generation,2.170
T_CRMLW-1,CRMLW-1,2026-09-08,10,2026-09-08T04:00:00Z,II,Generation,2.368
T_CRMLW-1,CRMLW-1,2026-09-08,11,2026-09-08T04:30:00Z,II,Generation,1.783
T_CRMLW-1,CRMLW-1,2026-09-08,12,2026-09-08T05:00:00Z,II,Generation,2.075
T_CRMLW-1,CRMLW-1,2026-09-08,13,2026-09-08T05:30:00Z,II,Generation,1.745
T_CRMLW-1,CRMLW-1,2026-09-08,14,2026-09-08T06:00:00Z,II,Generation,1.871
T_CRMLW-1,CRMLW-1,2026-09-08,15,2026-09-08T06:30:00Z,II,Generation,2.050
T_CRMLW-1,CRMLW-1,2026-09-08,16,2026-09-08T07:00:00Z,II,Generation,2.373
T_CRMLW-1,CRMLW-1,2026-09-08,17,2026-09-08T07:30:00Z,II,Generation,3.350
T_CRMLW-1,CRMLW-1,2026-09-08,18,2026-09-08T08:00:00Z,II,Generation,6.931
T_CRMLW-1,CRMLW-1,2026-09-08,19,2026-09-08T08:30:00Z,II,Generation,7.015
T_CRMLW-1,CRMLW-1,2026-09-08,20,2026-09-08T09:00:00Z,II,Generation,6.698
T_CRMLW-1,CRMLW-1,2026-09-08,21,2026-09-08T09:30:00Z,II,Generation,4.351
T_CRMLW-1,CRMLW-1,2026-09-08,22,2026-09-08T10:00:00Z,II,Generation,4.854
T_CRMLW-1,CRMLW-1,2026-09-08,23,2026-09-08T10:30:00Z,II,Generation,5.837
T_CRMLW-1,CRMLW-1,2026-09-08,24,2026-09-08T11:00:00Z,II,Generation,5.075
T_CRMLW-1,CRMLW-1,2026-09-08,25,2026-09-08T11:30:00Z,II,Generation,5.503
T_CRMLW-1,CRMLW-1,2026-09-08,26,2026-09-08T12:00:00Z,II,Generation,5.577
T_CRMLW-1,CRMLW-1,2026-09-08,27,2026-09-08T12:30:00Z,II,Generation,5.601
T_CRMLW-1,CRMLW-1,2026-09-08,28,2026-09-08T13:00:00Z,II,Generation,5.609
T_CRMLW-1,CRMLW-1,2026-09-08,29,2026-09-08T13:30:00Z,II,Generation,5.614
T_CRMLW-1,CRMLW-1,2026-09-08,30,2026-09-08T14:00:00Z,II,Generation,5.582
T_CRMLW-1,CRMLW-1,2026-09-08,31,2026-09-08T14:30:00Z,II,Generation,5.235
T_CRMLW-1,CRMLW-1,2026-09-08,32,2026-09-08T15:00:00Z,II,Generation,5.361
T_CRMLW-1,CRMLW-1,2026-09-08,33,2026-09-08T15:30:00Z,II,Generation,5.320
T_CRMLW-1,CRMLW-1,2026-09-08,34,2026-09-08T16:00:00Z,II,Generation,5.569
T_CRMLW-1,CRMLW-1,2026-09-08,35,2026-09-08T16:30:00Z,II,Generation,5.195
T_CRMLW-1,CRMLW-1,2026-09-08,36,2026-09-08T17:00:00Z,II,Generation,4.770
T_CRMLW-1,CRMLW-1,2026-09-08,37,2026-09-08T17:30:00Z,II,Generation,4.680
T_CRMLW-1,CRMLW-1,2026-09-08,38,2026-09-08T18:00:00Z,II,Generation,4.671
T_CRMLW-1,CRMLW-1,2026-09-08,39,2026-09-08T18:30:00Z,II,Generation,3.468
T_CRMLW-1,CRMLW-1,2026-09-08,40,2026-09-08T19:00:00Z,II,Generation,4.058
T_CRMLW-1,CRMLW-1,2026-09-08,41,2026-09-08T19:30:00Z,II,Generation,4.413
T_CRMLW-1,CRMLW-1,2026-09-08,42,2026-09-08T20:00:00Z,II,Generation,4.066
T_CRMLW-1,CRMLW-1,2026-09-08,43,2026-09-08T20:30:00Z,II,Generation,3.456
T_CRMLW-1,CRMLW-1,2026-09-08,44,2026-09-08T21:00:00Z,II,Generation,4.681
T_CRMLW-1,CRMLW-1,2026-09-08,45,2026-09-08T21:30:00Z,II,Generation,2.596
T_CRMLW-1,CRMLW-1,2026-09-08,46,2026-09-08T22:00:00Z,II,Generation,1.220
T_CRMLW-1,CRMLW-1,2026-09-08,47,2026-09-08T22:30:00Z,II,Generation,1.521
T_CRMLW-1,CRMLW-1,2026-09-08,48,2026-09-08T23:00:00Z,II,Generation,2.773
T_CRYRW-2,CRYRW-2,2026-09-08,1,2026-09-07T23:30:00Z,II,Generation,61.773
T_CRYRW-2,CRYRW-2,2026-09-08,2,2026-09-08T00:00:00Z,II,Generation,54.777
T_CRYRW-2,CRYRW-2,2026-09-08,3,2026-09-08T00:30:00Z,II,Generation,44.429
T_CRYRW-2,CRYRW-2,2026-09-08,4,2026-09-08T01:00:00Z,II,Generation,41.980
T_CRYRW-2,CRYRW-2,2026-09-08,5,2026-09-08T01:30:00Z,II,Generation,42.408
T_CRYRW-2,CRYRW-2,2026-09-08,6,2026-09-08T02:00:00Z,II,Generation,41.724
T_CRYRW-2,CRYRW-2,2026-09-08,7,2026-09-08T02:30:00Z,II,Generation,32.648
T_CRYRW-2,CRYRW-2,2026-09-08,8,2026-09-08T03:00:00Z,II,Generation,44.274
T_CRYRW-2,CRYRW-2,2026-09-08,9,2026-09-08T03:30:00Z,II,Generation,54.553
T_CRYRW-2,CRYRW-2,2026-09-08,10,2026-09-08T04:00:00Z,II,Generation,51.901
T_CRYRW-2,CRYRW-2,2026-09-08,11,2026-09-08T04:30:00Z,II,Generation,55.893
T_CRYRW-2,CRYRW-2,2026-09-08,12,2026-09-08T05:00:00Z,II,Generation,54.760
T_CRYRW-2,CRYRW-2,2026-09-08,13,2026-09-08T05:30:00Z,II,Generation,57.399
T_CRYRW-2,CRYRW-2,2026-09-08,14,2026-09-08T06:00:00Z,II,Generation,62.024
T_CRYRW-2,CRYRW-2,2026-09-08,15,2026-09-08T06:30:00Z,II,Generation,62.317
T_CRYRW-2,CRYRW-2,2026-09-08,16,2026-09-08T07:00:00Z,II,Generation,62.521
T_CRYRW-2,CRYRW-2,2026-09-08,17,2026-09-08T07:30:00Z,II,Generation,59.436
T_CRYRW-2,CRYRW-2,2026-09-08,18,2026-09-08T08:00:00Z,II,Generation,59.497
T_CRYRW-2,CRYRW-2,2026-09-08,19,2026-09-08T08:30:00Z,II,Generation,60.200
T_CRYRW-2,CRYRW-2,2026-09-08,20,2026-09-08T09:00:00Z,II,Generation,60.321
T_CRYRW-2,CRYRW-2,2026-09-08,21,2026-09-08T09:30:00Z,II,Generation,59.915
T_CRYRW-2,CRYRW-2,2026-09-08,22,2026-09-08T10:00:00Z,II,Generation,59.596
T_CRYRW-2,CRYRW-2,2026-09-08,23,2026-09-08T10:30:00Z,II,Generation,59.747
T_CRYRW-2,CRYRW-2,2026-09-08,24,2026-09-08T11:00:00Z,II,Generation,55.946
T_CRYRW-2,CRYRW-2,2026-09-08,25,2026-09-08T11:30:00Z,II,Generation,57.440
T_CRYRW-2,CRYRW-2,2026-09-08,26,2026-09-08T12:00:00Z,II,Generation,54.925
T_CRYRW-2,CRYRW-2,2026-09-08,27,2026-09-08T12:30:00Z,II,Generation,53.264
T_CRYRW-2,CRYRW-2,2026-09-08,28,2026-09-08T13:00:00Z,II,Generation,58.544
T_CRYRW-2,CRYRW-2,2026-09-08,29,2026-09-08T13:30:00Z,II,Generation,60.120
T_CRYRW-2,CRYRW-2,2026-09-08,30,2026-09-08T14:00:00Z,II,Generation,60.477
T_CRYRW-2,CRYRW-2,2026-09-08,31,2026-09-08T14:30:00Z,II,Generation,60.745
T_CRYRW-2,CRYRW-2,2026-09-08,32,2026-09-08T15:00:00Z,II,Generation,61.902
T_CRYRW-2,CRYRW-2,2026-09-08,33,2026-09-08T15:30:00Z,II,Generation,59.780
T_CRYRW-2,CRYRW-2,2026-09-08,34,2026-09-08T16:00:00Z,II,Generation,59.918
T_CRYRW-2,CRYRW-2,2026-09-08,35,2026-09-08T16:30:00Z,II,Generation,59.087
T_CRYRW-2,CRYRW-2,2026-09-08,36,2026-09-08T17:00:00Z,II,Generation,56.582
T_CRYRW-2,CRYRW-2,2026-09-08,37,2026-09-08T17:30:00Z,II,Generation,50.051
T_CRYRW-2,CRYRW-2,2026-09-08,38,2026-09-08T18:00:00Z,II,Generation,48.808
T_CRYRW-2,CRYRW-2,2026-09-08,39,2026-09-08T18:30:00Z,II,Generation,54.840
T_CRYRW-2,CRYRW-2,2026-09-08,40,2026-09-08T19:00:00Z,II,Generation,58.093
T_CRYRW-2,CRYRW-2,2026-09-08,41,2026-09-08T19:30:00Z,II,Generation,53.988
T_CRYRW-2,CRYRW-2,2026-09-08,42,2026-09-08T20:00:00Z,II,Generation,57.246
T_CRYRW-2,CRYRW-2,2026-09-08,43,2026-09-08T20:30:00Z,II,Generation,55.961
T_CRYRW-2,CRYRW-2,2026-09-08,44,2026-09-08T21:00:00Z,II,Generation,51.037
T_CRYRW-2,CRYRW-2,2026-09-08,45,2026-09-08T21:30:00Z,II,Generation,55.087
T_CRYRW-2,CRYRW-2,2026-09-08,46,2026-09-08T22:00:00Z,II,Generation,52.228
T_CRYRW-2,CRYRW-2,2026-09-08,47,2026-09-08T22:30:00Z,II,Generation,46.555
T_CRYRW-2,CRYRW-2,2026-09-08,48,2026-09-08T23:00:00Z,II,Generation,53.040
T_CRYRW-3,CRYRW-3,2026-09-08,1,2026-09-07T23:30:00Z,II,Generation,5.647
T_CRYRW-3,CRYRW-3,2026-09-08,2,2026-09-08T00:00:00Z,II,Generation,5.498
T_CRYRW-3,CRYRW-3,2026-09-08,3,2026-09-08T00:30:00Z,II,Generation,5.086
T_CRYRW-3,CRYRW-3,2026-09-08,4,2026-09-08T01:00:00Z,II,Generation,4.855
T_CRYRW-3,CRYRW-3,2026-09-08,5,2026-09-08T01:30:00Z,II,Generation,4.025
T_CRYRW-3,CRYRW-3,2026-09-08,6,2026-09-08T02:00:00Z,II,Generation,4.099
T_CRYRW-3,CRYRW-3,2026-09-08,7,2026-09-08T02:30:00Z,II,Generation,4.246
T_CRYRW-3,CRYRW-3,2026-09-08,8,2026-09-08T03:00:00Z,II,Generation,4.809
T_CRYRW-3,CRYRW-3,2026-09-08,9,2026-09-08T03:30:00Z,II,Generation,5.332
T_CRYRW-3,CRYRW-3,2026-09-08,10,2026-09-08T04:00:00Z,II,Generation,5.166
T_CRYRW-3,CRYRW-3,2026-09-08,11,2026-09-08T04:30:00Z,II,Generation,5.534
T_CRYRW-3,CRYRW-3,2026-09-08,12,2026-09-08T05:00:00Z,II,Generation,5.268
T_CRYRW-3,CRYRW-3,2026-09-08,13,2026-09-08T05:30:00Z,II,Generation,5.367
T_CRYRW-3,CRYRW-3,2026-09-08,14,2026-09-08T06:00:00Z,II,Generation,5.493
T_CRYRW-3,CRYRW-3,2026-09-08,15,2026-09-08T06:30:00Z,II,Generation,5.621
T_CRYRW-3,CRYRW-3,2026-09-08,16,2026-09-08T07:00:00Z,II,Generation,5.657
T_CRYRW-3,CRYRW-3,2026-09-08,17,2026-09-08T07:30:00Z,II,Generation,5.653
T_CRYRW-3,CRYRW-3,2026-09-08,18,2026-09-08T08:00:00Z,II,Generation,5.605
T_CRYRW-3,CRYRW-3,2026-09-08,19,2026-09-08T08:30:00Z,II,Generation,5.911
T_CRYRW-3,CRYRW-3,2026-09-08,20,2026-09-08T09:00:00Z,II,Generation,6.284
T_CRYRW-3,CRYRW-3,2026-09-08,21,2026-09-08T09:30:00Z,II,Generation,6.049
T_CRYRW-3,CRYRW-3,2026-09-08,22,2026-09-08T10:00:00Z,II,Generation,5.654
T_CRYRW-3,CRYRW-3,2026-09-08,23,2026-09-08T10:30:00Z,II,Generation,5.630
T_CRYRW-3,CRYRW-3,2026-09-08,24,2026-09-08T11:00:00Z,II,Generation,5.575
T_CRYRW-3,CRYRW-3,2026-09-08,25,2026-09-08T11:30:00Z,II,Generation,5.534
T_CRYRW-3,CRYRW-3,2026-09-08,26,2026-09-08T12:00:00Z,II,Generation,5.479
T_CRYRW-3,CRYRW-3,2026-09-08,27,2026-09-08T12:30:00Z,II,Generation,3.010
T_CRYRW-3,CRYRW-3,2026-09-08,28,2026-09-08T13:00:00Z,II,Generation,3.339
T_CRYRW-3,CRYRW-3,2026-09-08,29,2026-09-08T13:30:00Z,II,Generation,5.904
T_CRYRW-3,CRYRW-3,2026-09-08,30,2026-09-08T14:00:00Z,II,Generation,4.705
T_CRYRW-3,CRYRW-3,2026-09-08,31,2026-09-08T14:30:00Z,II,Generation,6.277
T_CRYRW-3,CRYRW-3,2026-09-08,32,2026-09-08T15:00:00Z,II,Generation,5.662
T_CRYRW-3,CRYRW-3,2026-09-08,33,2026-09-08T15:30:00Z,II,Generation,5.659
T_CRYRW-3,CRYRW-3,2026-09-08,34,2026-09-08T16:00:00Z,II,Generation,4.447
T_CRYRW-3,CRYRW-3,2026-09-08,35,2026-09-08T16:30:00Z,II,Generation,3.378
T_CRYRW-3,CRYRW-3,2026-09-08,36,2026-09-08T17:00:00Z,II,Generation,4.778
T_CRYRW-3,CRYRW-3,2026-09-08,37,2026-09-08T17:30:00Z,II,Generation,5.061
T_CRYRW-3,CRYRW-3,2026-09-08,38,2026-09-08T18:00:00Z,II,Generation,5.165
T_CRYRW-3,CRYRW-3,2026-09-08,39,2026-09-08T18:30:00Z,II,Generation,5.558
T_CRYRW-3,CRYRW-3,2026-09-08,40,2026-09-08T19:00:00Z,II,Generation,5.649
T_CRYRW-3,CRYRW-3,2026-09-08,41,2026-09-08T19:30:00Z,II,Generation,5.481
T_CRYRW-3,CRYRW-3,2026-09-08,42,2026-09-08T20:00:00Z,II,Generation,5.535
T_CRYRW-3,CRYRW-3,2026-09-08,43,2026-09-08T20:30:00Z,II,Generation,5.633
T_CRYRW-3,CRYRW-3,2026-09-08,44,2026-09-08T21:00:00Z,II,Generation,5.641
T_CRYRW-3,CRYRW-3,2026-09-08,45,2026-09-08T21:30:00Z,II,Generation,5.658
T_CRYRW-3,CRYRW-3,2026-09-08,46,2026-09-08T22:00:00Z,II,Generation,5.606
T_CRYRW-3,CRYRW-3,2026-09-08,47,2026-09-08T22:30:00Z,II,Generation,5.469
T_CRYRW-3,CRYRW-3,2026-09-08,48,2026-09-08T23:00:00Z,II,Generation,5.646
T_CRYRW-4,CRYRW-4,2026-09-08,1,2026-09-07T23:30:00Z,II,Generation,23.450
T_CRYRW-4,CRYRW-4,2026-09-08,2,2026-09-08T00:00:00Z,II,Generation,21.695
T_CRYRW-4,CRYRW-4,2026-09-08,3,2026-09-08T00:30:00Z,II,Generation,19.425
T_CRYRW-4,CRYRW-4,2026-09-08,4,2026-09-08T01:00:00Z,II,Generation,20.575
T_CRYRW-4,CRYRW-4,2026-09-08,5,2026-09-08T01:30:00Z,II,Generation,16.897
T_CRYRW-4,CRYRW-4,2026-09-08,6,2026-09-08T02:00:00Z,II,Generation,12.497
T_CRYRW-4,CRYRW-4,2026-09-08,7,2026-09-08T02:30:00Z,II,Generation,13.316
T_CRYRW-4,CRYRW-4,2026-09-08,8,2026-09-08T03:00:00Z,II,Generation,16.637
T_CRYRW-4,CRYRW-4,2026-09-08,9,2026-09-08T03:30:00Z,II,Generation,21.165
T_CRYRW-4,CRYRW-4,2026-09-08,10,2026-09-08T04:00:00Z,II,Generation,21.503
T_CRYRW-4,CRYRW-4,2026-09-08,11,2026-09-08T04:30:00Z,II,Generation,23.193
T_CRYRW-4,CRYRW-4,2026-09-08,12,2026-09-08T05:00:00Z,II,Generation,21.622
T_CRYRW-4,CRYRW-4,2026-09-08,13,2026-09-08T05:30:00Z,II,Generation,22.194
T_CRYRW-4,CRYRW-4,2026-09-08,14,2026-09-08T06:00:00Z,II,Generation,23.123
T_CRYRW-4,CRYRW-4,2026-09-08,15,2026-09-08T06:30:00Z,II,Generation,23.032
T_CRYRW-4,CRYRW-4,2026-09-08,16,2026-09-08T07:00:00Z,II,Generation,23.302
T_CRYRW-4,CRYRW-4,2026-09-08,17,2026-09-08T07:30:00Z,II,Generation,22.412
T_CRYRW-4,CRYRW-4,2026-09-08,18,2026-09-08T08:00:00Z,II,Generation,22.778
T_CRYRW-4,CRYRW-4,2026-09-08,19,2026-09-08T08:30:00Z,II,Generation,5.769
T_CRYRW-4,CRYRW-4,2026-09-08,20,2026-09-08T09:00:00Z,II,Generation,4.735
T_CRYRW-4,CRYRW-4,2026-09-08,21,2026-09-08T09:30:00Z,II,Generation,8.006
T_CRYRW-4,CRYRW-4,2026-09-08,22,2026-09-08T10:00:00Z,II,Generation,23.140
T_CRYRW-4,CRYRW-4,2026-09-08,23,2026-09-08T10:30:00Z,II,Generation,23.183
T_CRYRW-4,CRYRW-4,2026-09-08,24,2026-09-08T11:00:00Z,II,Generation,22.139
T_CRYRW-4,CRYRW-4,2026-09-08,25,2026-09-08T11:30:00Z,II,Generation,22.666
T_CRYRW-4,CRYRW-4,2026-09-08,26,2026-09-08T12:00:00Z,II,Generation,22.706
T_CRYRW-4,CRYRW-4,2026-09-08,27,2026-09-08T12:30:00Z,II,Generation,22.996
T_CRYRW-4,CRYRW-4,2026-09-08,28,2026-09-08T13:00:00Z,II,Generation,23.007
T_CRYRW-4,CRYRW-4,2026-09-08,29,2026-09-08T13:30:00Z,II,Generation,23.546
T_CRYRW-4,CRYRW-4,2026-09-08,30,2026-09-08T14:00:00Z,II,Generation,23.349
T_CRYRW-4,CRYRW-4,2026-09-08,31,2026-09-08T14:30:00Z,II,Generation,23.398
T_CRYRW-4,CRYRW-4,2026-09-08,32,2026-09-08T15:00:00Z,II,Generation,23.586
T_CRYRW-4,CRYRW-4,2026-09-08,33,2026-09-08T15:30:00Z,II,Generation,23.551
T_CRYRW-4,CRYRW-4,2026-09-08,34,2026-09-08T16:00:00Z,II,Generation,23.215
T_CRYRW-4,CRYRW-4,2026-09-08,35,2026-09-08T16:30:00Z,II,Generation,23.435
T_CRYRW-4,CRYRW-4,2026-09-08,36,2026-09-08T17:00:00Z,II,Generation,23.421
T_CRYRW-4,CRYRW-4,2026-09-08,37,2026-09-08T17:30:00Z,II,Generation,22.568
T_CRYRW-4,CRYRW-4,2026-09-08,38,2026-09-08T18:00:00Z,II,Generation,22.607
T_CRYRW-4,CRYRW-4,2026-09-08,39,2026-09-08T18:30:00Z,II,Generation,23.302
T_CRYRW-4,CRYRW-4,2026-09-08,40,2026-09-08T19:00:00Z,II,Generation,23.528
T_CRYRW-4,CRYRW-4,2026-09-08,41,2026-09-08T19:30:00Z,II,Generation,23.531
T_CRYRW-4,CRYRW-4,2026-09-08,42,2026-09-08T20:00:00Z,II,Generation,23.249
T_CRYRW-4,CRYRW-4,2026-09-08,43,2026-09-08T20:30:00Z,II,Generation,23.286
T_CRYRW-4,CRYRW-4,2026-09-08,44,2026-09-08T21:00:00Z,II,Generation,23.062
T_CRYRW-4,CRYRW-4,2026-09-08,45,2026-09-08T21:30:00Z,II,Generation,23.505
T_CRYRW-4,CRYRW-4,2026-09-08,46,2026-09-08T22:00:00Z,II,Generation,23.406
T_CRYRW-4,CRYRW-4,2026-09-08,47,2026-09-08T22:30:00Z,II,Generation,22.736
T_CRYRW-4,CRYRW-4,2026-09-08,48,2026-09-08T23:00:00Z,II,Generation,23.084
T_CUMHW-1,CUMHW-1,2026-09-08,1,2026-09-07T23:30:00Z,II,Generation,2.503
T_CUMHW-1,CUMHW-1,2026-09-08,2,2026-09-08T00:00:00Z,II,Generation,2.503
T_CUMHW-1,CUMHW-1,2026-09-08,3,2026-09-08T00:30:00Z,II,Generation,2.503
T_CUMHW-1,CUMHW-1,2026-09-08,4,2026-09-08T01:00:00Z,II,Generation,2.502
T_CUMHW-1,CUMHW-1,2026-09-08,5,2026-09-08T01:30:00Z,II,Generation,2.502
T_CUMHW-1,CUMHW-1,2026-09-08,6,2026-09-08T02:00:00Z,II,Generation,2.503
T_CUMHW-1,CUMHW-1,2026-09-08,7,2026-09-08T02:30:00Z,II,Generation,2.501
T_CUMHW-1,CUMHW-1,2026-09-08,8,2026-09-08T03:00:00Z,II,Generation,2.503
T_CUMHW-1,CUMHW-1,2026-09-08,9,2026-09-08T03:30:00Z,II,Generation,2.503
T_CUMHW-1,CUMHW-1,2026-09-08,10,2026-09-08T04:00:00Z,II,Generation,2.502
T_CUMHW-1,CUMHW-1,2026-09-08,11,2026-09-08T04:30:00Z,II,Generation,2.503
T_CUMHW-1,CUMHW-1,2026-09-08,12,2026-09-08T05:00:00Z,II,Generation,2.501
T_CUMHW-1,CUMHW-1,2026-09-08,13,2026-09-08T05:30:00Z,II,Generation,2.503
T_CUMHW-1,CUMHW-1,2026-09-08,14,2026-09-08T06:00:00Z,II,Generation,2.501
T_CUMHW-1,CUMHW-1,2026-09-08,15,2026-09-08T06:30:00Z,II,Generation,2.503
T_CUMHW-1,CUMHW-1,2026-09-08,16,2026-09-08T07:00:00Z,II,Generation,2.504
T_CUMHW-1,CUMHW-1,2026-09-08,17,2026-09-08T07:30:00Z,II,Generation,2.501
T_CUMHW-1,CUMHW-1,2026-09-08,18,2026-09-08T08:00:00Z,II,Generation,2.502
T_CUMHW-1,CUMHW-1,2026-09-08,19,2026-09-08T08:30:00Z,II,Generation,24.103
T_CUMHW-1,CUMHW-1,2026-09-08,20,2026-09-08T09:00:00Z,II,Generation,22.867
T_CUMHW-1,CUMHW-1,2026-09-08,21,2026-09-08T09:30:00Z,II,Generation,22.268
T_CUMHW-1,CUMHW-1,2026-09-08,22,2026-09-08T10:00:00Z,II,Generation,24.105
T_CUMHW-1,CUMHW-1,2026-09-08,23,2026-09-08T10:30:00Z,II,Generation,24.131
T_CUMHW-1,CUMHW-1,2026-09-08,24,2026-09-08T11:00:00Z,II,Generation,24.533
T_CUMHW-1,CUMHW-1,2026-09-08,25,2026-09-08T11:30:00Z,II,Generation,24.420
T_CUMHW-1,CUMHW-1,2026-09-08,26,2026-09-08T12:00:00Z,II,Generation,24.455
T_CUMHW-1,CUMHW-1,2026-09-08,27,2026-09-08T12:30:00Z,II,Generation,24.284
T_CUMHW-1,CUMHW-1,2026-09-08,28,2026-09-08T13:00:00Z,II,Generation,23.256
T_CUMHW-1,CUMHW-1,2026-09-08,29,2026-09-08T13:30:00Z,II,Generation,24.297
T_CUMHW-1,CUMHW-1,2026-09-08,30,2026-09-08T14:00:00Z,II,Generation,24.425
T_CUMHW-1,CUMHW-1,2026-09-08,31,2026-09-08T14:30:00Z,II,Generation,24.443
T_CUMHW-1,CUMHW-1,2026-09-08,32,2026-09-08T15:00:00Z,II,Generation,23.639
T_CUMHW-1,CUMHW-1,2026-09-08,33,2026-09-08T15:30:00Z,II,Generation,24.636
T_CUMHW-1,CUMHW-1,2026-09-08,34,2026-09-08T16:00:00Z,II,Generation,24.475
T_CUMHW-1,CUMHW-1,2026-09-08,35,2026-09-08T16:30:00Z,II,Generation,23.748
T_CUMHW-1,CUMHW-1,2026-09-08,36,2026-09-08T17:00:00Z,II,Generation,23.611
T_CUMHW-1,CUMHW-1,2026-09-08,37,2026-09-08T17:30:00Z,II,Generation,23.965
T_CUMHW-1,CUMHW-1,2026-09-08,38,2026-09-08T18:00:00Z,II,Generation,23.298
T_CUMHW-1,CUMHW-1,2026-09-08,39,2026-09-08T18:30:00Z,II,Generation,23.164
T_CUMHW-1,CUMHW-1,2026-09-08,40,2026-09-08T19:00:00Z,II,Generation,23.786
T_CUMHW-1,CUMHW-1,2026-09-08,41,2026-09-08T19:30:00Z,II,Generation,23.083
T_CUMHW-1,CUMHW-1,2026-09-08,42,2026-09-08T20:00:00Z,II,Generation,20.309
T_CUMHW-1,CUMHW-1,2026-09-08,43,2026-09-08T20:30:00Z,II,Generation,20.771
T_CUMHW-1,CUMHW-1,2026-09-08,44,2026-09-08T21:00:00Z,II,Generation,20.682
T_CUMHW-1,CUMHW-1,2026-09-08,45,2026-09-08T21:30:00Z,II,Generation,19.555
T_CUMHW-1,CUMHW-1,2026-09-08,46,2026-09-08T22:00:00Z,II,Generation,19.930
T_CUMHW-1,CUMHW-1,2026-09-08,47,2026-09-08T22:30:00Z,II,Generation,18.410
T_CUMHW-1,CUMHW-1,2026-09-08,48,2026-09-08T23:00:00Z,II,Generation,15.452
T_CUMHW-2,CUMHW-2,2026-09-08,1,2026-09-07T23:30:00Z,II,Generation,27.053
T_CUMHW-2,CUMHW-2,2026-09-08,2,2026-09-08T00:00:00Z,II,Generation,26.380
T_CUMHW-2,CUMHW-2,2026-09-08,3,2026-09-08T00:30:00Z,II,Generation,25.139
T_CUMHW-2,CUMHW-2,2026-09-08,4,2026-09-08T01:00:00Z,II,Generation,27.061
T_CUMHW-2,CUMHW-2,2026-09-08,5,2026-09-08T01:30:00Z,II,Generation,26.821
T_CUMHW-2,CUMHW-2,2026-09-08,6,2026-09-08T02:00:00Z,II,Generation,26.984
T_CUMHW-2,CUMHW-2,2026-09-08,7,2026-09-08T02:30:00Z,II,Generation,26.430
T_CUMHW-2,CUMHW-2,2026-09-08,8,2026-09-08T03:00:00Z,II,Generation,26.406
T_CUMHW-2,CUMHW-2,2026-09-08,9,2026-09-08T03:30:00Z,II,Generation,25.353
T_CUMHW-2,CUMHW-2,2026-09-08,10,2026-09-08T04:00:00Z,II,Generation,23.732
T_CUMHW-2,CUMHW-2,2026-09-08,11,2026-09-08T04:30:00Z,II,Generation,23.756
T_CUMHW-2,CUMHW-2,2026-09-08,12,2026-09-08T05:00:00Z,II,Generation,23.674
T_CUMHW-2,CUMHW-2,2026-09-08,13,2026-09-08T05:30:00Z,II,Generation,23.923
T_CUMHW-2,CUMHW-2,2026-09-08,14,2026-09-08T06:00:00Z,II,Generation,23.595
T_CUMHW-2,CUMHW-2,2026-09-08,15,2026-09-08T06:30:00Z,II,Generation,23.607
T_CUMHW-2,CUMHW-2,2026-09-08,16,2026-09-08T07:00:00Z,II,Generation,23.946
T_CUMHW-2,CUMHW-2,2026-09-08,17,2026-09-08T07:30:00Z,II,Generation,23.731
T_CUMHW-2,CUMHW-2,2026-09-08,18,2026-09-08T08:00:00Z,II,Generation,24.004
T_CUMHW-2,CUMHW-2,2026-09-08,19,2026-09-08T08:30:00Z,II,Generation,23.754
T_CUMHW-2,CUMHW-2,2026-09-08,20,2026-09-08T09:00:00Z,II,Generation,22.406
T_CUMHW-2,CUMHW-2,2026-09-08,21,2026-09-08T09:30:00Z,II,Generation,20.586
T_CUMHW-2,CUMHW-2,2026-09-08,22,2026-09-08T10:00:00Z,II,Generation,20.501
T_CUMHW-2,CUMHW-2,2026-09-08,23,2026-09-08T10:30:00Z,II,Generation,20.487
T_CUMHW-2,CUMHW-2,2026-09-08,24,2026-09-08T11:00:00Z,II,Generation,20.445
T_CUMHW-2,CUMHW-2,2026-09-08,25,2026-09-08T11:30:00Z,II,Generation,23.201
T_CUMHW-2,CUMHW-2,2026-09-08,26,2026-09-08T12:00:00Z,II,Generation,23.511
T_CUMHW-2,CUMHW-2,2026-09-08,27,2026-09-08T12:30:00Z,II,Generation,23.833
T_CUMHW-2,CUMHW-2,2026-09-08,28,2026-09-08T13:00:00Z,II,Generation,23.666
T_CUMHW-2,CUMHW-2,2026-09-08,29,2026-09-08T13:30:00Z,II,Generation,22.638
T_CUMHW-2,CUMHW-2,2026-09-08,30,2026-09-08T14:00:00Z,II,Generation,23.632
T_CUMHW-2,CUMHW-2,2026-09-08,31,2026-09-08T14:30:00Z,II,Generation,23.718
T_CUMHW-2,CUMHW-2,2026-09-08,32,2026-09-08T15:00:00Z,II,Generation,23.545
T_CUMHW-2,CUMHW-2,2026-09-08,33,2026-09-08T15:30:00Z,II,Generation,23.823
T_CUMHW-2,CUMHW-2,2026-09-08,34,2026-09-08T16:00:00Z,II,Generation,23.515
T_CUMHW-2,CUMHW-2,2026-09-08,35,2026-09-08T16:30:00Z,II,Generation,23.672
T_CUMHW-2,CUMHW-2,2026-09-08,36,2026-09-08T17:00:00Z,II,Generation,23.597
T_CUMHW-2,CUMHW-2,2026-09-08,37,2026-09-08T17:30:00Z,II,Generation,23.672
T_CUMHW-2,CUMHW-2,2026-09-08,38,2026-09-08T18:00:00Z,II,Generation,23.756
T_CUMHW-2,CUMHW-2,2026-09-08,39,2026-09-08T18:30:00Z,II,Generation,23.637
T_CUMHW-2,CUMHW-2,2026-09-08,40,2026-09-08T19:00:00Z,II,Generation,23.637
T_CUMHW-2,CUMHW-2,2026-09-08,41,2026-09-08T19:30:00Z,II,Generation,23.711
T_CUMHW-2,CUMHW-2,2026-09-08,42,2026-09-08T20:00:00Z,II,Generation,23.355
T_CUMHW-2,CUMHW-2,2026-09-08,43,2026-09-08T20:30:00Z,II,Generation,23.665
T_CUMHW-2,CUMHW-2,2026-09-08,44,2026-09-08T21:00:00Z,II,Generation,23.241
T_CUMHW-2,CUMHW-2,2026-09-08,45,2026-09-08T21:30:00Z,II,Generation,23.185
T_CUMHW-2,CUMHW-2,2026-09-08,46,2026-09-08T22:00:00Z,II,Generation,21.759
T_CUMHW-2,CUMHW-2,2026-09-08,47,2026-09-08T22:30:00Z,II,Generation,20.010
T_CUMHW-2,CUMHW-2,2026-09-08,48,2026-09-08T23:00:00Z,II,Generation,17.004
T_DALQW-1,DALQW-1,2026-09-08,1,2026-09-07T23:30:00Z,II,Generation,8.977
T_DALQW-1,DALQW-1,2026-09-08,2,2026-09-08T00:00:00Z,II,Generation,8.427
T_DALQW-1,DALQW-1,2026-09-08,3,2026-09-08T00:30:00Z,II,Generation,10.658
T_DALQW-1,DALQW-1,2026-09-08,4,2026-09-08T01:00:00Z,II,Generation,8.821
T_DALQW-1,DALQW-1,2026-09-08,5,2026-09-08T01:30:00Z,II,Generation,9.819
T_DALQW-1,DALQW-1,2026-09-08,6,2026-09-08T02:00:00Z,II,Generation,9.077
T_DALQW-1,DALQW-1,2026-09-08,7,2026-09-08T02:30:00Z,II,Generation,9.773
T_DALQW-1,DALQW-1,2026-09-08,8,2026-09-08T03:00:00Z,II,Generation,10.007
T_DALQW-1,DALQW-1,2026-09-08,9,2026-09-08T03:30:00Z,II,Generation,9.747
T_DALQW-1,DALQW-1,2026-09-08,10,2026-09-08T04:00:00Z,II,Generation,9.226
T_DALQW-1,DALQW-1,2026-09-08,11,2026-09-08T04:30:00Z,II,Generation,11.819
T_DALQW-1,DALQW-1,2026-09-08,12,2026-09-08T05:00:00Z,II,Generation,10.841
T_DALQW-1,DALQW-1,2026-09-08,13,2026-09-08T05:30:00Z,II,Generation,12.172
T_DALQW-1,DALQW-1,2026-09-08,14,2026-09-08T06:00:00Z,II,Generation,12.364
T_DALQW-1,DALQW-1,2026-09-08,15,2026-09-08T06:30:00Z,II,Generation,13.597
T_DALQW-1,DALQW-1,2026-09-08,16,2026-09-08T07:00:00Z,II,Generation,14.672
T_DALQW-1,DALQW-1,2026-09-08,17,2026-09-08T07:30:00Z,II,Generation,15.087
T_DALQW-1,DALQW-1,2026-09-08,18,2026-09-08T08:00:00Z,II,Generation,5.217
T_DALQW-1,DALQW-1,2026-09-08,19,2026-09-08T08:30:00Z,II,Generation,-0.071
T_DALQW-1,DALQW-1,2026-09-08,20,2026-09-08T09:00:00Z,II,Generation,0.000
T_DALQW-1,DALQW-1,2026-09-08,21,2026-09-08T09:30:00Z,II,Generation,0.000
T_DALQW-1,DALQW-1,2026-09-08,22,2026-09-08T10:00:00Z,II,Generation,0.000
T_DALQW-1,DALQW-1,2026-09-08,23,2026-09-08T10:30:00Z,II,Generation,0.000
T_DALQW-1,DALQW-1,2026-09-08,24,2026-09-08T11:00:00Z,II,Generation,0.000
T_DALQW-1,DALQW-1,2026-09-08,25,2026-09-08T11:30:00Z,II,Generation,0.000
T_DALQW-1,DALQW-1,2026-09-08,26,2026-09-08T12:00:00Z,II,Generation,0.000
T_DALQW-1,DALQW-1,2026-09-08,27,2026-09-08T12:30:00Z,II,Generation,0.000
T_DALQW-1,DALQW-1,2026-09-08,28,2026-09-08T13:00:00Z,II,Generation,0.000
T_DALQW-1,DALQW-1,2026-09-08,29,2026-09-08T13:30:00Z,II,Generation,0.000
T_DALQW-1,DALQW-1,2026-09-08,30,2026-09-08T14:00:00Z,II,Generation,0.000
T_DALQW-1,DALQW-1,2026-09-08,31,2026-09-08T14:30:00Z,II,Generation,0.000
T_DALQW-1,DALQW-1,2026-09-08,32,2026-09-08T15:00:00Z,II,Generation,-0.019
T_DALQW-1,DALQW-1,2026-09-08,33,2026-09-08T15:30:00Z,II,Generation,2.391
T_DALQW-1,DALQW-1,2026-09-08,34,2026-09-08T16:00:00Z,II,Generation,11.411
T_DALQW-1,DALQW-1,2026-09-08,35,2026-09-08T16:30:00Z,II,Generation,16.335
T_DALQW-1,DALQW-1,2026-09-08,36,2026-09-08T17:00:00Z,II,Generation,18.253
T_DALQW-1,DALQW-1,2026-09-08,37,2026-09-08T17:30:00Z,II,Generation,19.005
T_DALQW-1,DALQW-1,2026-09-08,38,2026-09-08T18:00:00Z,II,Generation,19.583
T_DALQW-1,DALQW-1,2026-09-08,39,2026-09-08T18:30:00Z,II,Generation,19.190
T_DALQW-1,DALQW-1,2026-09-08,40,2026-09-08T19:00:00Z,II,Generation,18.411
T_DALQW-1,DALQW-1,2026-09-08,41,2026-09-08T19:30:00Z,II,Generation,15.130
T_DALQW-1,DALQW-1,2026-09-08,42,2026-09-08T20:00:00Z,II,Generation,9.249
T_DALQW-1,DALQW-1,2026-09-08,43,2026-09-08T20:30:00Z,II,Generation,13.344
T_DALQW-1,DALQW-1,2026-09-08,44,2026-09-08T21:00:00Z,II,Generation,11.477
T_DALQW-1,DALQW-1,2026-09-08,45,2026-09-08T21:30:00Z,II,Generation,9.357
T_DALQW-1,DALQW-1,2026-09-08,46,2026-09-08T22:00:00Z,II,Generation,11.929
T_DALQW-1,DALQW-1,2026-09-08,47,2026-09-08T22:30:00Z,II,Generation,11.054
T_DALQW-1,DALQW-1,2026-09-08,48,2026-09-08T23:00:00Z,II,Generation,10.094
T_DBAWO-1,DBAWO-1,2026-09-08,1,2026-09-07T23:30:00Z,II,Generation,47.665
T_DBAWO-1,DBAWO-1,2026-09-08,2,2026-09-08T00:00:00Z,II,Generation,47.385
T_DBAWO-1,DBAWO-1,2026-09-08,3,2026-09-08T00:30:00Z,II,Generation,47.440
T_DBAWO-1,DBAWO-1,2026-09-08,4,2026-09-08T01:00:00Z,II,Generation,47.775
T_DBAWO-1,DBAWO-1,2026-09-08,5,2026-09-08T01:30:00Z,II,Generation,48.100
T_DBAWO-1,DBAWO-1,2026-09-08,6,2026-09-08T02:00:00Z,II,Generation,47.850
T_DBAWO-1,DBAWO-1,2026-09-08,7,2026-09-08T02:30:00Z,II,Generation,47.940
T_DBAWO-1,DBAWO-1,2026-09-08,8,2026-09-08T03:00:00Z,II,Generation,48.305
T_DBAWO-1,DBAWO-1,2026-09-08,9,2026-09-08T03:30:00Z,II,Generation,47.745
T_DBAWO-1,DBAWO-1,2026-09-08,10,2026-09-08T04:00:00Z,II,Generation,47.580
T_DBAWO-1,DBAWO-1,2026-09-08,11,2026-09-08T04:30:00Z,II,Generation,47.620
T_DBAWO-1,DBAWO-1,2026-09-08,12,2026-09-08T05:00:00Z,II,Generation,46.575
T_DBAWO-1,DBAWO-1,2026-09-08,13,2026-09-08T05:30:00Z,II,Generation,42.090
T_DBAWO-1,DBAWO-1,2026-09-08,14,2026-09-08T06:00:00Z,II,Generation,26.315
T_DBAWO-1,DBAWO-1,2026-09-08,15,2026-09-08T06:30:00Z,II,Generation,35.230
T_DBAWO-1,DBAWO-1,2026-09-08,16,2026-09-08T07:00:00Z,II,Generation,46.680
T_DBAWO-1,DBAWO-1,2026-09-08,17,2026-09-08T07:30:00Z,II,Generation,47.060
T_DBAWO-1,DBAWO-1,2026-09-08,18,2026-09-08T08:00:00Z,II,Generation,47.525
T_DBAWO-1,DBAWO-1,2026-09-08,19,2026-09-08T08:30:00Z,II,Generation,47.385
T_DBAWO-1,DBAWO-1,2026-09-08,20,2026-09-08T09:00:00Z,II,Generation,47.530
T_DBAWO-1,DBAWO-1,2026-09-08,21,2026-09-08T09:30:00Z,II,Generation,47.515
T_DBAWO-1,DBAWO-1,2026-09-08,22,2026-09-08T10:00:00Z,II,Generation,47.770
T_DBAWO-1,DBAWO-1,2026-09-08,23,2026-09-08T10:30:00Z,II,Generation,47.825
T_DBAWO-1,DBAWO-1,2026-09-08,24,2026-09-08T11:00:00Z,II,Generation,47.775
T_DBAWO-1,DBAWO-1,2026-09-08,25,2026-09-08T11:30:00Z,II,Generation,47.900
T_DBAWO-1,DBAWO-1,2026-09-08,26,2026-09-08T12:00:00Z,II,Generation,47.620
T_DBAWO-1,DBAWO-1,2026-09-08,27,2026-09-08T12:30:00Z,II,Generation,47.870
T_DBAWO-1,DBAWO-1,2026-09-08,28,2026-09-08T13:00:00Z,II,Generation,47.845
T_DBAWO-1,DBAWO-1,2026-09-08,29,2026-09-08T13:30:00Z,II,Generation,47.670
T_DBAWO-1,DBAWO-1,2026-09-08,30,2026-09-08T14:00:00Z,II,Generation,47.435
T_DBAWO-1,DBAWO-1,2026-09-08,31,2026-09-08T14:30:00Z,II,Generation,46.910
T_DBAWO-1,DBAWO-1,2026-09-08,32,2026-09-08T15:00:00Z,II,Generation,47.210
T_DBAWO-1,DBAWO-1,2026-09-08,33,2026-09-08T15:30:00Z,II,Generation,46.825
T_DBAWO-1,DBAWO-1,2026-09-08,34,2026-09-08T16:00:00Z,II,Generation,46.925
T_DBAWO-1,DBAWO-1,2026-09-08,35,2026-09-08T16:30:00Z,II,Generation,47.185
T_DBAWO-1,DBAWO-1,2026-09-08,36,2026-09-08T17:00:00Z,II,Generation,47.250
T_DBAWO-1,DBAWO-1,2026-09-08,37,2026-09-08T17:30:00Z,II,Generation,46.760
T_DBAWO-1,DBAWO-1,2026-09-08,38,2026-09-08T18:00:00Z,II,Generation,45.590
T_DBAWO-1,DBAWO-1,2026-09-08,39,2026-09-08T18:30:00Z,II,Generation,46.385
T_DBAWO-1,DBAWO-1,2026-09-08,40,2026-09-08T19:00:00Z,II,Generation,46.975
T_DBAWO-1,DBAWO-1,2026-09-08,41,2026-09-08T19:30:00Z,II,Generation,48.140
T_DBAWO-1,DBAWO-1,2026-09-08,42,2026-09-08T20:00:00Z,II,Generation,48.340
T_DBAWO-1,DBAWO-1,2026-09-08,43,2026-09-08T20:30:00Z,II,Generation,47.740
T_DBAWO-1,DBAWO-1,2026-09-08,44,2026-09-08T21:00:00Z,II,Generation,52.665
T_DBAWO-1,DBAWO-1,2026-09-08,45,2026-09-08T21:30:00Z,II,Generation,53.085
T_DBAWO-1,DBAWO-1,2026-09-08,46,2026-09-08T22:00:00Z,II,Generation,54.750
T_DBAWO-1,DBAWO-1,2026-09-08,47,2026-09-08T22:30:00Z,II,Generation,54.630
T_DBAWO-1,DBAWO-1,2026-09-08,48,2026-09-08T23:00:00Z,II,Generation,54.565
T_DBAWO-2,DBAWO-2,2026-09-08,1,2026-09-07T23:30:00Z,II,Generation,62.570
T_DBAWO-2,DBAWO-2,2026-09-08,2,2026-09-08T00:00:00Z,II,Generation,61.785
T_DBAWO-2,DBAWO-2,2026-09-08,3,2026-09-08T00:30:00Z,II,Generation,61.460
T_DBAWO-2,DBAWO-2,2026-09-08,4,2026-09-08T01:00:00Z,II,Generation,62.400
T_DBAWO-2,DBAWO-2,2026-09-08,5,2026-09-08T01:30:00Z,II,Generation,62.515
T_DBAWO-2,DBAWO-2,2026-09-08,6,2026-09-08T02:00:00Z,II,Generation,62.420
T_DBAWO-2,DBAWO-2,2026-09-08,7,2026-09-08T02:30:00Z,II,Generation,61.355
T_DBAWO-2,DBAWO-2,2026-09-08,8,2026-09-08T03:00:00Z,II,Generation,62.260
T_DBAWO-2,DBAWO-2,2026-09-08,9,2026-09-08T03:30:00Z,II,Generation,62.380
T_DBAWO-2,DBAWO-2,2026-09-08,10,2026-09-08T04:00:00Z,II,Generation,61.430
T_DBAWO-2,DBAWO-2,2026-09-08,11,2026-09-08T04:30:00Z,II,Generation,62.495
T_DBAWO-2,DBAWO-2,2026-09-08,12,2026-09-08T05:00:00Z,II,Generation,63.010
T_DBAWO-2,DBAWO-2,2026-09-08,13,2026-09-08T05:30:00Z,II,Generation,52.525
T_DBAWO-2,DBAWO-2,2026-09-08,14,2026-09-08T06:00:00Z,II,Generation,50.135
T_DBAWO-2,DBAWO-2,2026-09-08,15,2026-09-08T06:30:00Z,II,Generation,56.400
T_DBAWO-2,DBAWO-2,2026-09-08,16,2026-09-08T07:00:00Z,II,Generation,61.705
T_DBAWO-2,DBAWO-2,2026-09-08,17,2026-09-08T07:30:00Z,II,Generation,61.490
T_DBAWO-2,DBAWO-2,2026-09-08,18,2026-09-08T08:00:00Z,II,Generation,61.300
T_DBAWO-2,DBAWO-2,2026-09-08,19,2026-09-08T08:30:00Z,II,Generation,61.565
T_DBAWO-2,DBAWO-2,2026-09-08,20,2026-09-08T09:00:00Z,II,Generation,61.585
T_DBAWO-2,DBAWO-2,2026-09-08,21,2026-09-08T09:30:00Z,II,Generation,62.065
T_DBAWO-2,DBAWO-2,2026-09-08,22,2026-09-08T10:00:00Z,II,Generation,61.905
T_DBAWO-2,DBAWO-2,2026-09-08,23,2026-09-08T10:30:00Z,II,Generation,62.335
T_DBAWO-2,DBAWO-2,2026-09-08,24,2026-09-08T11:00:00Z,II,Generation,62.585
T_DBAWO-2,DBAWO-2,2026-09-08,25,2026-09-08T11:30:00Z,II,Generation,62.705
T_DBAWO-2,DBAWO-2,2026-09-08,26,2026-09-08T12:00:00Z,II,Generation,62.125
T_DBAWO-2,DBAWO-2,2026-09-08,27,2026-09-08T12:30:00Z,II,Generation,61.980
T_DBAWO-2,DBAWO-2,2026-09-08,28,2026-09-08T13:00:00Z,II,Generation,62.315
T_DBAWO-2,DBAWO-2,2026-09-08,29,2026-09-08T13:30:00Z,II,Generation,62.100
T_DBAWO-2,DBAWO-2,2026-09-08,30,2026-09-08T14:00:00Z,II,Generation,62.040
T_DBAWO-2,DBAWO-2,2026-09-08,31,2026-09-08T14:30:00Z,II,Generation,61.855
T_DBAWO-2,DBAWO-2,2026-09-08,32,2026-09-08T15:00:00Z,II,Generation,61.475
T_DBAWO-2,DBAWO-2,2026-09-08,33,2026-09-08T15:30:00Z,II,Generation,61.545
T_DBAWO-2,DBAWO-2,2026-09-08,34,2026-09-08T16:00:00Z,II,Generation,61.805
T_DBAWO-2,DBAWO-2,2026-09-08,35,2026-09-08T16:30:00Z,II,Generation,62.060
T_DBAWO-2,DBAWO-2,2026-09-08,36,2026-09-08T17:00:00Z,II,Generation,61.180
T_DBAWO-2,DBAWO-2,2026-09-08,37,2026-09-08T17:30:00Z,II,Generation,62.025
T_DBAWO-2,DBAWO-2,2026-09-08,38,2026-09-08T18:00:00Z,II,Generation,62.180
T_DBAWO-2,DBAWO-2,2026-09-08,39,2026-09-08T18:30:00Z,II,Generation,61.180
T_DBAWO-2,DBAWO-2,2026-09-08,40,2026-09-08T19:00:00Z,II,Generation,61.395
T_DBAWO-2,DBAWO-2,2026-09-08,41,2026-09-08T19:30:00Z,II,Generation,62.355
T_DBAWO-2,DBAWO-2,2026-09-08,42,2026-09-08T20:00:00Z,II,Generation,61.910
T_DBAWO-2,DBAWO-2,2026-09-08,43,2026-09-08T20:30:00Z,II,Generation,63.035
T_DBAWO-2,DBAWO-2,2026-09-08,44,2026-09-08T21:00:00Z,II,Generation,63.270
T_DBAWO-2,DBAWO-2,2026-09-08,45,2026-09-08T21:30:00Z,II,Generation,62.040
T_DBAWO-2,DBAWO-2,2026-09-08,46,2026-09-08T22:00:00Z,II,Generation,61.485
T_DBAWO-2,DBAWO-2,2026-09-08,47,2026-09-08T22:30:00Z,II,Generation,63.890
T_DBAWO-2,DBAWO-2,2026-09-08,48,2026-09-08T23:00:00Z,II,Generation,63.985
T_DBAWO-3,DBAWO-3,2026-09-08,1,2026-09-07T23:30:00Z,II,Generation,70.370
T_DBAWO-3,DBAWO-3,2026-09-08,2,2026-09-08T00:00:00Z,II,Generation,69.495
T_DBAWO-3,DBAWO-3,2026-09-08,3,2026-09-08T00:30:00Z,II,Generation,66.895
T_DBAWO-3,DBAWO-3,2026-09-08,4,2026-09-08T01:00:00Z,II,Generation,68.820
T_DBAWO-3,DBAWO-3,2026-09-08,5,2026-09-08T01:30:00Z,II,Generation,69.640
T_DBAWO-3,DBAWO-3,2026-09-08,6,2026-09-08T02:00:00Z,II,Generation,70.080
T_DBAWO-3,DBAWO-3,2026-09-08,7,2026-09-08T02:30:00Z,II,Generation,69.890
T_DBAWO-3,DBAWO-3,2026-09-08,8,2026-09-08T03:00:00Z,II,Generation,70.265
T_DBAWO-3,DBAWO-3,2026-09-08,9,2026-09-08T03:30:00Z,II,Generation,70.795
T_DBAWO-3,DBAWO-3,2026-09-08,10,2026-09-08T04:00:00Z,II,Generation,68.580
T_DBAWO-3,DBAWO-3,2026-09-08,11,2026-09-08T04:30:00Z,II,Generation,69.490
T_DBAWO-3,DBAWO-3,2026-09-08,12,2026-09-08T05:00:00Z,II,Generation,69.950
T_DBAWO-3,DBAWO-3,2026-09-08,13,2026-09-08T05:30:00Z,II,Generation,62.895
T_DBAWO-3,DBAWO-3,2026-09-08,14,2026-09-08T06:00:00Z,II,Generation,51.300
T_DBAWO-3,DBAWO-3,2026-09-08,15,2026-09-08T06:30:00Z,II,Generation,44.115
T_DBAWO-3,DBAWO-3,2026-09-08,16,2026-09-08T07:00:00Z,II,Generation,48.980
T_DBAWO-3,DBAWO-3,2026-09-08,17,2026-09-08T07:30:00Z,II,Generation,64.085
T_DBAWO-3,DBAWO-3,2026-09-08,18,2026-09-08T08:00:00Z,II,Generation,67.775
T_DBAWO-3,DBAWO-3,2026-09-08,19,2026-09-08T08:30:00Z,II,Generation,69.245
T_DBAWO-3,DBAWO-3,2026-09-08,20,2026-09-08T09:00:00Z,II,Generation,69.320
T_DBAWO-3,DBAWO-3,2026-09-08,21,2026-09-08T09:30:00Z,II,Generation,69.920
T_DBAWO-3,DBAWO-3,2026-09-08,22,2026-09-08T10:00:00Z,II,Generation,69.800
T_DBAWO-3,DBAWO-3,2026-09-08,23,2026-09-08T10:30:00Z,II,Generation,69.720
T_DBAWO-3,DBAWO-3,2026-09-08,24,2026-09-08T11:00:00Z,II,Generation,69.885
T_DBAWO-3,DBAWO-3,2026-09-08,25,2026-09-08T11:30:00Z,II,Generation,70.180
T_DBAWO-3,DBAWO-3,2026-09-08,26,2026-09-08T12:00:00Z,II,Generation,69.995
T_DBAWO-3,DBAWO-3,2026-09-08,27,2026-09-08T12:30:00Z,II,Generation,69.960
T_DBAWO-3,DBAWO-3,2026-09-08,28,2026-09-08T13:00:00Z,II,Generation,70.005
T_DBAWO-3,DBAWO-3,2026-09-08,29,2026-09-08T13:30:00Z,II,Generation,69.870
T_DBAWO-3,DBAWO-3,2026-09-08,30,2026-09-08T14:00:00Z,II,Generation,69.760
T_DBAWO-3,DBAWO-3,2026-09-08,31,2026-09-08T14:30:00Z,II,Generation,69.305
T_DBAWO-3,DBAWO-3,2026-09-08,32,2026-09-08T15:00:00Z,II,Generation,68.945
T_DBAWO-3,DBAWO-3,2026-09-08,33,2026-09-08T15:30:00Z,II,Generation,68.505
T_DBAWO-3,DBAWO-3,2026-09-08,34,2026-09-08T16:00:00Z,II,Generation,68.755
T_DBAWO-3,DBAWO-3,2026-09-08,35,2026-09-08T16:30:00Z,II,Generation,69.270
T_DBAWO-3,DBAWO-3,2026-09-08,36,2026-09-08T17:00:00Z,II,Generation,68.310
T_DBAWO-3,DBAWO-3,2026-09-08,37,2026-09-08T17:30:00Z,II,Generation,69.160
T_DBAWO-3,DBAWO-3,2026-09-08,38,2026-09-08T18:00:00Z,II,Generation,67.650
T_DBAWO-3,DBAWO-3,2026-09-08,39,2026-09-08T18:30:00Z,II,Generation,67.765
T_DBAWO-3,DBAWO-3,2026-09-08,40,2026-09-08T19:00:00Z,II,Generation,67.255
T_DBAWO-3,DBAWO-3,2026-09-08,41,2026-09-08T19:30:00Z,II,Generation,67.375
T_DBAWO-3,DBAWO-3,2026-09-08,42,2026-09-08T20:00:00Z,II,Generation,68.210
T_DBAWO-3,DBAWO-3,2026-09-08,43,2026-09-08T20:30:00Z,II,Generation,69.820
T_DBAWO-3,DBAWO-3,2026-09-08,44,2026-09-08T21:00:00Z,II,Generation,69.565
T_DBAWO-3,DBAWO-3,2026-09-08,45,2026-09-08T21:30:00Z,II,Generation,70.130
T_DBAWO-3,DBAWO-3,2026-09-08,46,2026-09-08T22:00:00Z,II,Generation,70.250
T_DBAWO-3,DBAWO-3,2026-09-08,47,2026-09-08T22:30:00Z,II,Generation,71.060
T_DBAWO-3,DBAWO-3,2026-09-08,48,2026-09-08T23:00:00Z,II,Generation,70.870
T_DBAWO-4,DBAWO-4,2026-09-08,1,2026-09-07T23:30:00Z,II,Generation,45.290
T_DBAWO-4,DBAWO-4,2026-09-08,2,2026-09-08T00:00:00Z,II,Generation,45.380
T_DBAWO-4,DBAWO-4,2026-09-08,3,2026-09-08T00:30:00Z,II,Generation,44.990
T_DBAWO-4,DBAWO-4,2026-09-08,4,2026-09-08T01:00:00Z,II,Generation,45.325
T_DBAWO-4,DBAWO-4,2026-09-08,5,2026-09-08T01:30:00Z,II,Generation,45.510
T_DBAWO-4,DBAWO-4,2026-09-08,6,2026-09-08T02:00:00Z,II,Generation,45.400
T_DBAWO-4,DBAWO-4,2026-09-08,7,2026-09-08T02:30:00Z,II,Generation,44.825
T_DBAWO-4,DBAWO-4,2026-09-08,8,2026-09-08T03:00:00Z,II,Generation,45.560
T_DBAWO-4,DBAWO-4,2026-09-08,9,2026-09-08T03:30:00Z,II,Generation,45.485
T_DBAWO-4,DBAWO-4,2026-09-08,10,2026-09-08T04:00:00Z,II,Generation,44.535
T_DBAWO-4,DBAWO-4,2026-09-08,11,2026-09-08T04:30:00Z,II,Generation,45.415
T_DBAWO-4,DBAWO-4,2026-09-08,12,2026-09-08T05:00:00Z,II,Generation,44.620
T_DBAWO-4,DBAWO-4,2026-09-08,13,2026-09-08T05:30:00Z,II,Generation,38.335
T_DBAWO-4,DBAWO-4,2026-09-08,14,2026-09-08T06:00:00Z,II,Generation,33.260
T_DBAWO-4,DBAWO-4,2026-09-08,15,2026-09-08T06:30:00Z,II,Generation,33.135
T_DBAWO-4,DBAWO-4,2026-09-08,16,2026-09-08T07:00:00Z,II,Generation,44.655
T_DBAWO-4,DBAWO-4,2026-09-08,17,2026-09-08T07:30:00Z,II,Generation,45.045
T_DBAWO-4,DBAWO-4,2026-09-08,18,2026-09-08T08:00:00Z,II,Generation,44.865
T_DBAWO-4,DBAWO-4,2026-09-08,19,2026-09-08T08:30:00Z,II,Generation,45.000
T_DBAWO-4,DBAWO-4,2026-09-08,20,2026-09-08T09:00:00Z,II,Generation,45.275
T_DBAWO-4,DBAWO-4,2026-09-08,21,2026-09-08T09:30:00Z,II,Generation,45.470
T_DBAWO-4,DBAWO-4,2026-09-08,22,2026-09-08T10:00:00Z,II,Generation,45.455
T_DBAWO-4,DBAWO-4,2026-09-08,23,2026-09-08T10:30:00Z,II,Generation,45.540
T_DBAWO-4,DBAWO-4,2026-09-08,24,2026-09-08T11:00:00Z,II,Generation,45.625
T_DBAWO-4,DBAWO-4,2026-09-08,25,2026-09-08T11:30:00Z,II,Generation,45.645
T_DBAWO-4,DBAWO-4,2026-09-08,26,2026-09-08T12:00:00Z,II,Generation,45.660
T_DBAWO-4,DBAWO-4,2026-09-08,27,2026-09-08T12:30:00Z,II,Generation,45.665
T_DBAWO-4,DBAWO-4,2026-09-08,28,2026-09-08T13:00:00Z,II,Generation,45.585
T_DBAWO-4,DBAWO-4,2026-09-08,29,2026-09-08T13:30:00Z,II,Generation,45.255
T_DBAWO-4,DBAWO-4,2026-09-08,30,2026-09-08T14:00:00Z,II,Generation,45.350
T_DBAWO-4,DBAWO-4,2026-09-08,31,2026-09-08T14:30:00Z,II,Generation,45.385
T_DBAWO-4,DBAWO-4,2026-09-08,32,2026-09-08T15:00:00Z,II,Generation,45.340
T_DBAWO-4,DBAWO-4,2026-09-08,33,2026-09-08T15:30:00Z,II,Generation,39.430
T_DBAWO-4,DBAWO-4,2026-09-08,34,2026-09-08T16:00:00Z,II,Generation,44.475
T_DBAWO-4,DBAWO-4,2026-09-08,35,2026-09-08T16:30:00Z,II,Generation,39.705
T_DBAWO-4,DBAWO-4,2026-09-08,36,2026-09-08T17:00:00Z,II,Generation,45.325
T_DBAWO-4,DBAWO-4,2026-09-08,37,2026-09-08T17:30:00Z,II,Generation,39.860
T_DBAWO-4,DBAWO-4,2026-09-08,38,2026-09-08T18:00:00Z,II,Generation,43.910
T_DBAWO-4,DBAWO-4,2026-09-08,39,2026-09-08T18:30:00Z,II,Generation,43.625
T_DBAWO-4,DBAWO-4,2026-09-08,40,2026-09-08T19:00:00Z,II,Generation,44.945
T_DBAWO-4,DBAWO-4,2026-09-08,41,2026-09-08T19:30:00Z,II,Generation,45.015
T_DBAWO-4,DBAWO-4,2026-09-08,42,2026-09-08T20:00:00Z,II,Generation,45.075
T_DBAWO-4,DBAWO-4,2026-09-08,43,2026-09-08T20:30:00Z,II,Generation,45.555
T_DBAWO-4,DBAWO-4,2026-09-08,44,2026-09-08T21:00:00Z,II,Generation,45.560
T_DBAWO-4,DBAWO-4,2026-09-08,45,2026-09-08T21:30:00Z,II,Generation,44.910
T_DBAWO-4,DBAWO-4,2026-09-08,46,2026-09-08T22:00:00Z,II,Generation,44.370
T_DBAWO-4,DBAWO-4,2026-09-08,47,2026-09-08T22:30:00Z,II,Generation,45.555
T_DBAWO-4,DBAWO-4,2026-09-08,48,2026-09-08T23:00:00Z,II,Generation,45.570
T_DBAWO-5,DBAWO-5,2026-09-08,1,2026-09-07T23:30:00Z,II,Generation,31.345
T_DBAWO-5,DBAWO-5,2026-09-08,2,2026-09-08T00:00:00Z,II,Generation,31.400
T_DBAWO-5,DBAWO-5,2026-09-08,3,2026-09-08T00:30:00Z,II,Generation,31.120
T_DBAWO-5,DBAWO-5,2026-09-08,4,2026-09-08T01:00:00Z,II,Generation,31.295
T_DBAWO-5,DBAWO-5,2026-09-08,5,2026-09-08T01:30:00Z,II,Generation,31.410
T_DBAWO-5,DBAWO-5,2026-09-08,6,2026-09-08T02:00:00Z,II,Generation,31.485
T_DBAWO-5,DBAWO-5,2026-09-08,7,2026-09-08T02:30:00Z,II,Generation,31.445
T_DBAWO-5,DBAWO-5,2026-09-08,8,2026-09-08T03:00:00Z,II,Generation,31.475
T_DBAWO-5,DBAWO-5,2026-09-08,9,2026-09-08T03:30:00Z,II,Generation,31.485
T_DBAWO-5,DBAWO-5,2026-09-08,10,2026-09-08T04:00:00Z,II,Generation,31.340
T_DBAWO-5,DBAWO-5,2026-09-08,11,2026-09-08T04:30:00Z,II,Generation,28.520
T_DBAWO-5,DBAWO-5,2026-09-08,12,2026-09-08T05:00:00Z,II,Generation,26.500
T_DBAWO-5,DBAWO-5,2026-09-08,13,2026-09-08T05:30:00Z,II,Generation,26.295
T_DBAWO-5,DBAWO-5,2026-09-08,14,2026-09-08T06:00:00Z,II,Generation,21.540
T_DBAWO-5,DBAWO-5,2026-09-08,15,2026-09-08T06:30:00Z,II,Generation,20.040
T_DBAWO-5,DBAWO-5,2026-09-08,16,2026-09-08T07:00:00Z,II,Generation,21.140
T_DBAWO-5,DBAWO-5,2026-09-08,17,2026-09-08T07:30:00Z,II,Generation,24.730
T_DBAWO-5,DBAWO-5,2026-09-08,18,2026-09-08T08:00:00Z,II,Generation,26.180
T_DBAWO-5,DBAWO-5,2026-09-08,19,2026-09-08T08:30:00Z,II,Generation,26.325
T_DBAWO-5,DBAWO-5,2026-09-08,20,2026-09-08T09:00:00Z,II,Generation,25.925
T_DBAWO-5,DBAWO-5,2026-09-08,21,2026-09-08T09:30:00Z,II,Generation,26.595
T_DBAWO-5,DBAWO-5,2026-09-08,22,2026-09-08T10:00:00Z,II,Generation,26.575
T_DBAWO-5,DBAWO-5,2026-09-08,23,2026-09-08T10:30:00Z,II,Generation,26.445
T_DBAWO-5,DBAWO-5,2026-09-08,24,2026-09-08T11:00:00Z,II,Generation,26.615
T_DBAWO-5,DBAWO-5,2026-09-08,25,2026-09-08T11:30:00Z,II,Generation,26.615
T_DBAWO-5,DBAWO-5,2026-09-08,26,2026-09-08T12:00:00Z,II,Generation,26.615
T_DBAWO-5,DBAWO-5,2026-09-08,27,2026-09-08T12:30:00Z,II,Generation,26.595
T_DBAWO-5,DBAWO-5,2026-09-08,28,2026-09-08T13:00:00Z,II,Generation,26.610
T_DBAWO-5,DBAWO-5,2026-09-08,29,2026-09-08T13:30:00Z,II,Generation,26.530
T_DBAWO-5,DBAWO-5,2026-09-08,30,2026-09-08T14:00:00Z,II,Generation,26.470
T_DBAWO-5,DBAWO-5,2026-09-08,31,2026-09-08T14:30:00Z,II,Generation,20.250
T_DBAWO-5,DBAWO-5,2026-09-08,32,2026-09-08T15:00:00Z,II,Generation,20.165
T_DBAWO-5,DBAWO-5,2026-09-08,33,2026-09-08T15:30:00Z,II,Generation,20.245
T_DBAWO-5,DBAWO-5,2026-09-08,34,2026-09-08T16:00:00Z,II,Generation,20.110
T_DBAWO-5,DBAWO-5,2026-09-08,35,2026-09-08T16:30:00Z,II,Generation,20.205
T_DBAWO-5,DBAWO-5,2026-09-08,36,2026-09-08T17:00:00Z,II,Generation,20.325
T_DBAWO-5,DBAWO-5,2026-09-08,37,2026-09-08T17:30:00Z,II,Generation,20.305
T_DBAWO-5,DBAWO-5,2026-09-08,38,2026-09-08T18:00:00Z,II,Generation,20.260
T_DBAWO-5,DBAWO-5,2026-09-08,39,2026-09-08T18:30:00Z,II,Generation,19.275
T_DBAWO-5,DBAWO-5,2026-09-08,40,2026-09-08T19:00:00Z,II,Generation,19.950
T_DBAWO-5,DBAWO-5,2026-09-08,41,2026-09-08T19:30:00Z,II,Generation,20.240
T_DBAWO-5,DBAWO-5,2026-09-08,42,2026-09-08T20:00:00Z,II,Generation,20.355
T_DBAWO-5,DBAWO-5,2026-09-08,43,2026-09-08T20:30:00Z,II,Generation,20.345
T_DBAWO-5,DBAWO-5,2026-09-08,44,2026-09-08T21:00:00Z,II,Generation,20.355
T_DBAWO-5,DBAWO-5,2026-09-08,45,2026-09-08T21:30:00Z,II,Generation,20.290
T_DBAWO-5,DBAWO-5,2026-09-08,46,2026-09-08T22:00:00Z,II,Generation,19.855
T_DBAWO-5,DBAWO-5,2026-09-08,47,2026-09-08T22:30:00Z,II,Generation,20.240
T_DBAWO-5,DBAWO-5,2026-09-08,48,2026-09-08T23:00:00Z,II,Generation,20.340
T_DBBWO-1,DBBWO-1,2026-09-08,1,2026-09-07T23:30:00Z,II,Generation,132.135
T_DBBWO-1,DBBWO-1,2026-09-08,2,2026-09-08T00:00:00Z,II,Generation,131.985
T_DBBWO-1,DBBWO-1,2026-09-08,3,2026-09-08T00:30:00Z,II,Generation,131.470
T_DBBWO-1,DBBWO-1,2026-09-08,4,2026-09-08T01:00:00Z,II,Generation,131.925
T_DBBWO-1,DBBWO-1,2026-09-08,5,2026-09-08T01:30:00Z,II,Generation,132.200
T_DBBWO-1,DBBWO-1,2026-09-08,6,2026-09-08T02:00:00Z,II,Generation,133.555
T_DBBWO-1,DBBWO-1,2026-09-08,7,2026-09-08T02:30:00Z,II,Generation,137.070
T_DBBWO-1,DBBWO-1,2026-09-08,8,2026-09-08T03:00:00Z,II,Generation,137.085
T_DBBWO-1,DBBWO-1,2026-09-08,9,2026-09-08T03:30:00Z,II,Generation,137.075
T_DBBWO-1,DBBWO-1,2026-09-08,10,2026-09-08T04:00:00Z,II,Generation,136.710
T_DBBWO-1,DBBWO-1,2026-09-08,11,2026-09-08T04:30:00Z,II,Generation,124.640
T_DBBWO-1,DBBWO-1,2026-09-08,12,2026-09-08T05:00:00Z,II,Generation,136.265
T_DBBWO-1,DBBWO-1,2026-09-08,13,2026-09-08T05:30:00Z,II,Generation,124.050
T_DBBWO-1,DBBWO-1,2026-09-08,14,2026-09-08T06:00:00Z,II,Generation,122.690
T_DBBWO-1,DBBWO-1,2026-09-08,15,2026-09-08T06:30:00Z,II,Generation,142.770
T_DBBWO-1,DBBWO-1,2026-09-08,16,2026-09-08T07:00:00Z,II,Generation,142.920
T_DBBWO-1,DBBWO-1,2026-09-08,17,2026-09-08T07:30:00Z,II,Generation,142.970
T_DBBWO-1,DBBWO-1,2026-09-08,18,2026-09-08T08:00:00Z,II,Generation,142.910
T_DBBWO-1,DBBWO-1,2026-09-08,19,2026-09-08T08:30:00Z,II,Generation,143.125
T_DBBWO-1,DBBWO-1,2026-09-08,20,2026-09-08T09:00:00Z,II,Generation,143.195
T_DBBWO-1,DBBWO-1,2026-09-08,21,2026-09-08T09:30:00Z,II,Generation,143.305
T_DBBWO-1,DBBWO-1,2026-09-08,22,2026-09-08T10:00:00Z,II,Generation,143.640
T_DBBWO-1,DBBWO-1,2026-09-08,23,2026-09-08T10:30:00Z,II,Generation,143.675
T_DBBWO-1,DBBWO-1,2026-09-08,24,2026-09-08T11:00:00Z,II,Generation,143.805
T_DBBWO-1,DBBWO-1,2026-09-08,25,2026-09-08T11:30:00Z,II,Generation,143.560
T_DBBWO-1,DBBWO-1,2026-09-08,26,2026-09-08T12:00:00Z,II,Generation,142.855
T_DBBWO-1,DBBWO-1,2026-09-08,27,2026-09-08T12:30:00Z,II,Generation,143.065
T_DBBWO-1,DBBWO-1,2026-09-08,28,2026-09-08T13:00:00Z,II,Generation,143.460
T_DBBWO-1,DBBWO-1,2026-09-08,29,2026-09-08T13:30:00Z,II,Generation,143.250
T_DBBWO-1,DBBWO-1,2026-09-08,30,2026-09-08T14:00:00Z,II,Generation,142.785
T_DBBWO-1,DBBWO-1,2026-09-08,31,2026-09-08T14:30:00Z,II,Generation,142.655
T_DBBWO-1,DBBWO-1,2026-09-08,32,2026-09-08T15:00:00Z,II,Generation,142.710
T_DBBWO-1,DBBWO-1,2026-09-08,33,2026-09-08T15:30:00Z,II,Generation,143.040
T_DBBWO-1,DBBWO-1,2026-09-08,34,2026-09-08T16:00:00Z,II,Generation,142.605
T_DBBWO-1,DBBWO-1,2026-09-08,35,2026-09-08T16:30:00Z,II,Generation,142.025
T_DBBWO-1,DBBWO-1,2026-09-08,36,2026-09-08T17:00:00Z,II,Generation,142.340
T_DBBWO-1,DBBWO-1,2026-09-08,37,2026-09-08T17:30:00Z,II,Generation,141.450
T_DBBWO-1,DBBWO-1,2026-09-08,38,2026-09-08T18:00:00Z,II,Generation,142.895
T_DBBWO-1,DBBWO-1,2026-09-08,39,2026-09-08T18:30:00Z,II,Generation,142.590
T_DBBWO-1,DBBWO-1,2026-09-08,40,2026-09-08T19:00:00Z,II,Generation,140.145
T_DBBWO-1,DBBWO-1,2026-09-08,41,2026-09-08T19:30:00Z,II,Generation,141.345
T_DBBWO-1,DBBWO-1,2026-09-08,42,2026-09-08T20:00:00Z,II,Generation,142.845
T_DBBWO-1,DBBWO-1,2026-09-08,43,2026-09-08T20:30:00Z,II,Generation,143.180
T_DBBWO-1,DBBWO-1,2026-09-08,44,2026-09-08T21:00:00Z,II,Generation,143.155
T_DBBWO-1,DBBWO-1,2026-09-08,45,2026-09-08T21:30:00Z,II,Generation,143.285
T_DBBWO-1,DBBWO-1,2026-09-08,46,2026-09-08T22:00:00Z,II,Generation,141.625
T_DBBWO-1,DBBWO-1,2026-09-08,47,2026-09-08T22:30:00Z,II,Generation,140.660
T_DBBWO-1,DBBWO-1,2026-09-08,48,2026-09-08T23:00:00Z,II,Generation,143.570
T_DBBWO-2,DBBWO-2,2026-09-08,1,2026-09-07T23:30:00Z,II,Generation,0.000
T_DBBWO-2,DBBWO-2,2026-09-08,2,2026-09-08T00:00:00Z,II,Generation,0.000
T_DBBWO-2,DBBWO-2,2026-09-08,3,2026-09-08T00:30:00Z,II,Generation,0.000
T_DBBWO-2,DBBWO-2,2026-09-08,4,2026-09-08T01:00:00Z,II,Generation,0.000
T_DBBWO-2,DBBWO-2,2026-09-08,5,2026-09-08T01:30:00Z,II,Generation,0.000
T_DBBWO-2,DBBWO-2,2026-09-08,6,2026-09-08T02:00:00Z,II,Generation,0.000
T_DBBWO-2,DBBWO-2,2026-09-08,7,2026-09-08T02:30:00Z,II,Generation,0.000
T_DBBWO-2,DBBWO-2,2026-09-08,8,2026-09-08T03:00:00Z,II,Generation,0.000
T_DBBWO-2,DBBWO-2,2026-09-08,9,2026-09-08T03:30:00Z,II,Generation,0.000
T_DBBWO-2,DBBWO-2,2026-09-08,10,2026-09-08T04:00:00Z,II,Generation,0.000
T_DBBWO-2,DBBWO-2,2026-09-08,11,2026-09-08T04:30:00Z,II,Generation,0.000
T_DBBWO-2,DBBWO-2,2026-09-08,12,2026-09-08T05:00:00Z,II,Generation,0.000
T_DBBWO-2,DBBWO-2,2026-09-08,13,2026-09-08T05:30:00Z,II,Generation,0.000
T_DBBWO-2,DBBWO-2,2026-09-08,14,2026-09-08T06:00:00Z,II,Generation,0.000
T_DBBWO-2,DBBWO-2,2026-09-08,15,2026-09-08T06:30:00Z,II,Generation,0.000
T_DBBWO-2,DBBWO-2,2026-09-08,16,2026-09-08T07:00:00Z,II,Generation,0.000
T_DBBWO-2,DBBWO-2,2026-09-08,17,2026-09-08T07:30:00Z,II,Generation,0.000
T_DBBWO-2,DBBWO-2,2026-09-08,18,2026-09-08T08:00:00Z,II,Generation,0.000
T_DBBWO-2,DBBWO-2,2026-09-08,19,2026-09-08T08:30:00Z,II,Generation,0.000
T_DBBWO-2,DBBWO-2,2026-09-08,20,2026-09-08T09:00:00Z,II,Generation,0.000
T_DBBWO-2,DBBWO-2,2026-09-08,21,2026-09-08T09:30:00Z,II,Generation,0.000
T_DBBWO-2,DBBWO-2,2026-09-08,22,2026-09-08T10:00:00Z,II,Generation,0.000
T_DBBWO-2,DBBWO-2,2026-09-08,23,2026-09-08T10:30:00Z,II,Generation,0.000
T_DBBWO-2,DBBWO-2,2026-09-08,24,2026-09-08T11:00:00Z,II,Generation,0.000
T_DBBWO-2,DBBWO-2,2026-09-08,25,2026-09-08T11:30:00Z,II,Generation,0.000
T_DBBWO-2,DBBWO-2,2026-09-08,26,2026-09-08T12:00:00Z,II,Generation,0.000
T_DBBWO-2,DBBWO-2,2026-09-08,27,2026-09-08T12:30:00Z,II,Generation,0.000
T_DBBWO-2,DBBWO-2,2026-09-08,28,2026-09-08T13:00:00Z,II,Generation,0.000
T_DBBWO-2,DBBWO-2,2026-09-08,29,2026-09-08T13:30:00Z,II,Generation,0.000
T_DBBWO-2,DBBWO-2,2026-09-08,30,2026-09-08T14:00:00Z,II,Generation,0.000
T_DBBWO-2,DBBWO-2,2026-09-08,31,2026-09-08T14:30:00Z,II,Generation,0.000
T_DBBWO-2,DBBWO-2,2026-09-08,32,2026-09-08T15:00:00Z,II,Generation,0.000
T_DBBWO-2,DBBWO-2,2026-09-08,33,2026-09-08T15:30:00Z,II,Generation,0.000
T_DBBWO-2,DBBWO-2,2026-09-08,34,2026-09-08T16:00:00Z,II,Generation,0.000
T_DBBWO-2,DBBWO-2,2026-09-08,35,2026-09-08T16:30:00Z,II,Generation,0.000
T_DBBWO-2,DBBWO-2,2026-09-08,36,2026-09-08T17:00:00Z,II,Generation,0.000
T_DBBWO-2,DBBWO-2,2026-09-08,37,2026-09-08T17:30:00Z,II,Generation,0.000
T_DBBWO-2,DBBWO-2,2026-09-08,38,2026-09-08T18:00:00Z,II,Generation,0.000
T_DBBWO-2,DBBWO-2,2026-09-08,39,2026-09-08T18:30:00Z,II,Generation,0.000
T_DBBWO-2,DBBWO-2,2026-09-08,40,2026-09-08T19:00:00Z,II,Generation,0.000
T_DBBWO-2,DBBWO-2,2026-09-08,41,2026-09-08T19:30:00Z,II,Generation,0.000
T_DBBWO-2,DBBWO-2,2026-09-08,42,2026-09-08T20:00:00Z,II,Generation,0.000
T_DBBWO-2,DBBWO-2,2026-09-08,43,2026-09-08T20:30:00Z,II,Generation,0.000
T_DBBWO-2,DBBWO-2,2026-09-08,44,2026-09-08T21:00:00Z,II,Generation,0.000
T_DBBWO-2,DBBWO-2,2026-09-08,45,2026-09-08T21:30:00Z,II,Generation,0.000
T_DBBWO-2,DBBWO-2,2026-09-08,46,2026-09-08T22:00:00Z,II,Generation,0.000
T_DBBWO-2,DBBWO-2,2026-09-08,47,2026-09-08T22:30:00Z,II,Generation,0.000
T_DBBWO-2,DBBWO-2,2026-09-08,48,2026-09-08T23:00:00Z,II,Generation,0.000
T_DBBWO-3,DBBWO-3,2026-09-08,1,2026-09-07T23:30:00Z,II,Generation,96.160
T_DBBWO-3,DBBWO-3,2026-09-08,2,2026-09-08T00:00:00Z,II,Generation,96.710
T_DBBWO-3,DBBWO-3,2026-09-08,3,2026-09-08T00:30:00Z,II,Generation,96.165
T_DBBWO-3,DBBWO-3,2026-09-08,4,2026-09-08T01:00:00Z,II,Generation,96.410
T_DBBWO-3,DBBWO-3,2026-09-08,5,2026-09-08T01:30:00Z,II,Generation,96.815
T_DBBWO-3,DBBWO-3,2026-09-08,6,2026-09-08T02:00:00Z,II,Generation,96.830
T_DBBWO-3,DBBWO-3,2026-09-08,7,2026-09-08T02:30:00Z,II,Generation,96.800
T_DBBWO-3,DBBWO-3,2026-09-08,8,2026-09-08T03:00:00Z,II,Generation,96.810
T_DBBWO-3,DBBWO-3,2026-09-08,9,2026-09-08T03:30:00Z,II,Generation,96.815
T_DBBWO-3,DBBWO-3,2026-09-08,10,2026-09-08T04:00:00Z,II,Generation,96.820
T_DBBWO-3,DBBWO-3,2026-09-08,11,2026-09-08T04:30:00Z,II,Generation,96.200
T_DBBWO-3,DBBWO-3,2026-09-08,12,2026-09-08T05:00:00Z,II,Generation,96.130
T_DBBWO-3,DBBWO-3,2026-09-08,13,2026-09-08T05:30:00Z,II,Generation,94.585
T_DBBWO-3,DBBWO-3,2026-09-08,14,2026-09-08T06:00:00Z,II,Generation,96.060
T_DBBWO-3,DBBWO-3,2026-09-08,15,2026-09-08T06:30:00Z,II,Generation,99.880
T_DBBWO-3,DBBWO-3,2026-09-08,16,2026-09-08T07:00:00Z,II,Generation,94.965
T_DBBWO-3,DBBWO-3,2026-09-08,17,2026-09-08T07:30:00Z,II,Generation,94.555
T_DBBWO-3,DBBWO-3,2026-09-08,18,2026-09-08T08:00:00Z,II,Generation,95.550
T_DBBWO-3,DBBWO-3,2026-09-08,19,2026-09-08T08:30:00Z,II,Generation,96.150
T_DBBWO-3,DBBWO-3,2026-09-08,20,2026-09-08T09:00:00Z,II,Generation,96.065
T_DBBWO-3,DBBWO-3,2026-09-08,21,2026-09-08T09:30:00Z,II,Generation,93.265
T_DBBWO-3,DBBWO-3,2026-09-08,22,2026-09-08T10:00:00Z,II,Generation,96.165
T_DBBWO-3,DBBWO-3,2026-09-08,23,2026-09-08T10:30:00Z,II,Generation,94.440
T_DBBWO-3,DBBWO-3,2026-09-08,24,2026-09-08T11:00:00Z,II,Generation,90.270
T_DBBWO-3,DBBWO-3,2026-09-08,25,2026-09-08T11:30:00Z,II,Generation,89.845
T_DBBWO-3,DBBWO-3,2026-09-08,26,2026-09-08T12:00:00Z,II,Generation,90.220
T_DBBWO-3,DBBWO-3,2026-09-08,27,2026-09-08T12:30:00Z,II,Generation,90.580
T_DBBWO-3,DBBWO-3,2026-09-08,28,2026-09-08T13:00:00Z,II,Generation,90.590
T_DBBWO-3,DBBWO-3,2026-09-08,29,2026-09-08T13:30:00Z,II,Generation,90.540
T_DBBWO-3,DBBWO-3,2026-09-08,30,2026-09-08T14:00:00Z,II,Generation,90.345
T_DBBWO-3,DBBWO-3,2026-09-08,31,2026-09-08T14:30:00Z,II,Generation,90.155
T_DBBWO-3,DBBWO-3,2026-09-08,32,2026-09-08T15:00:00Z,II,Generation,94.325
T_DBBWO-3,DBBWO-3,2026-09-08,33,2026-09-08T15:30:00Z,II,Generation,94.820
T_DBBWO-3,DBBWO-3,2026-09-08,34,2026-09-08T16:00:00Z,II,Generation,94.380
T_DBBWO-3,DBBWO-3,2026-09-08,35,2026-09-08T16:30:00Z,II,Generation,92.025
T_DBBWO-3,DBBWO-3,2026-09-08,36,2026-09-08T17:00:00Z,II,Generation,92.310
T_DBBWO-3,DBBWO-3,2026-09-08,37,2026-09-08T17:30:00Z,II,Generation,93.960
T_DBBWO-3,DBBWO-3,2026-09-08,38,2026-09-08T18:00:00Z,II,Generation,94.550
T_DBBWO-3,DBBWO-3,2026-09-08,39,2026-09-08T18:30:00Z,II,Generation,92.560
T_DBBWO-3,DBBWO-3,2026-09-08,40,2026-09-08T19:00:00Z,II,Generation,92.240
T_DBBWO-3,DBBWO-3,2026-09-08,41,2026-09-08T19:30:00Z,II,Generation,94.050
T_DBBWO-3,DBBWO-3,2026-09-08,42,2026-09-08T20:00:00Z,II,Generation,95.325
T_DBBWO-3,DBBWO-3,2026-09-08,43,2026-09-08T20:30:00Z,II,Generation,95.365
T_DBBWO-3,DBBWO-3,2026-09-08,44,2026-09-08T21:00:00Z,II,Generation,95.965
T_DBBWO-3,DBBWO-3,2026-09-08,45,2026-09-08T21:30:00Z,II,Generation,96.255
T_DBBWO-3,DBBWO-3,2026-09-08,46,2026-09-08T22:00:00Z,II,Generation,96.655
T_DBBWO-3,DBBWO-3,2026-09-08,47,2026-09-08T22:30:00Z,II,Generation,96.645
T_DBBWO-3,DBBWO-3,2026-09-08,48,2026-09-08T23:00:00Z,II,Generation,95.730
T_DBBWO-4,DBBWO-4,2026-09-08,1,2026-09-07T23:30:00Z,II,Generation,0.000
T_DBBWO-4,DBBWO-4,2026-09-08,2,2026-09-08T00:00:00Z,II,Generation,0.000
T_DBBWO-4,DBBWO-4,2026-09-08,3,2026-09-08T00:30:00Z,II,Generation,0.000
T_DBBWO-4,DBBWO-4,2026-09-08,4,2026-09-08T01:00:00Z,II,Generation,0.000
T_DBBWO-4,DBBWO-4,2026-09-08,5,2026-09-08T01:30:00Z,II,Generation,0.000
T_DBBWO-4,DBBWO-4,2026-09-08,6,2026-09-08T02:00:00Z,II,Generation,0.000
T_DBBWO-4,DBBWO-4,2026-09-08,7,2026-09-08T02:30:00Z,II,Generation,0.000
T_DBBWO-4,DBBWO-4,2026-09-08,8,2026-09-08T03:00:00Z,II,Generation,0.000
T_DBBWO-4,DBBWO-4,2026-09-08,9,2026-09-08T03:30:00Z,II,Generation,0.000
T_DBBWO-4,DBBWO-4,2026-09-08,10,2026-09-08T04:00:00Z,II,Generation,0.000
T_DBBWO-4,DBBWO-4,2026-09-08,11,2026-09-08T04:30:00Z,II,Generation,0.000
T_DBBWO-4,DBBWO-4,2026-09-08,12,2026-09-08T05:00:00Z,II,Generation,0.000
T_DBBWO-4,DBBWO-4,2026-09-08,13,2026-09-08T05:30:00Z,II,Generation,0.000
T_DBBWO-4,DBBWO-4,2026-09-08,14,2026-09-08T06:00:00Z,II,Generation,0.000
T_DBBWO-4,DBBWO-4,2026-09-08,15,2026-09-08T06:30:00Z,II,Generation,0.000
T_DBBWO-4,DBBWO-4,2026-09-08,16,2026-09-08T07:00:00Z,II,Generation,0.000
T_DBBWO-4,DBBWO-4,2026-09-08,17,2026-09-08T07:30:00Z,II,Generation,0.000
T_DBBWO-4,DBBWO-4,2026-09-08,18,2026-09-08T08:00:00Z,II,Generation,0.000
T_DBBWO-4,DBBWO-4,2026-09-08,19,2026-09-08T08:30:00Z,II,Generation,0.000
T_DBBWO-4,DBBWO-4,2026-09-08,20,2026-09-08T09:00:00Z,II,Generation,0.000
T_DBBWO-4,DBBWO-4,2026-09-08,21,2026-09-08T09:30:00Z,II,Generation,0.000
T_DBBWO-4,DBBWO-4,2026-09-08,22,2026-09-08T10:00:00Z,II,Generation,0.000
T_DBBWO-4,DBBWO-4,2026-09-08,23,2026-09-08T10:30:00Z,II,Generation,0.000
T_DBBWO-4,DBBWO-4,2026-09-08,24,2026-09-08T11:00:00Z,II,Generation,0.000
T_DBBWO-4,DBBWO-4,2026-09-08,25,2026-09-08T11:30:00Z,II,Generation,0.000
T_DBBWO-4,DBBWO-4,2026-09-08,26,2026-09-08T12:00:00Z,II,Generation,0.000
T_DBBWO-4,DBBWO-4,2026-09-08,27,2026-09-08T12:30:00Z,II,Generation,0.000
T_DBBWO-4,DBBWO-4,2026-09-08,28,2026-09-08T13:00:00Z,II,Generation,0.000
T_DBBWO-4,DBBWO-4,2026-09-08,29,2026-09-08T13:30:00Z,II,Generation,0.000
T_DBBWO-4,DBBWO-4,2026-09-08,30,2026-09-08T14:00:00Z,II,Generation,0.000
T_DBBWO-4,DBBWO-4,2026-09-08,31,2026-09-08T14:30:00Z,II,Generation,0.000
T_DBBWO-4,DBBWO-4,2026-09-08,32,2026-09-08T15:00:00Z,II,Generation,0.000
T_DBBWO-4,DBBWO-4,2026-09-08,33,2026-09-08T15:30:00Z,II,Generation,0.000
T_DBBWO-4,DBBWO-4,2026-09-08,34,2026-09-08T16:00:00Z,II,Generation,0.000
T_DBBWO-4,DBBWO-4,2026-09-08,35,2026-09-08T16:30:00Z,II,Generation,0.000
T_DBBWO-4,DBBWO-4,2026-09-08,36,2026-09-08T17:00:00Z,II,Generation,0.000
T_DBBWO-4,DBBWO-4,2026-09-08,37,2026-09-08T17:30:00Z,II,Generation,0.000
T_DBBWO-4,DBBWO-4,2026-09-08,38,2026-09-08T18:00:00Z,II,Generation,0.000
T_DBBWO-4,DBBWO-4,2026-09-08,39,2026-09-08T18:30:00Z,II,Generation,0.000
T_DBBWO-4,DBBWO-4,2026-09-08,40,2026-09-08T19:00:00Z,II,Generation,0.000
T_DBBWO-4,DBBWO-4,2026-09-08,41,2026-09-08T19:30:00Z,II,Generation,0.000
T_DBBWO-4,DBBWO-4,2026-09-08,42,2026-09-08T20:00:00Z,II,Generation,0.000
T_DBBWO-4,DBBWO-4,2026-09-08,43,2026-09-08T20:30:00Z,II,Generation,0.000
T_DBBWO-4,DBBWO-4,2026-09-08,44,2026-09-08T21:00:00Z,II,Generation,0.000
T_DBBWO-4,DBBWO-4,2026-09-08,45,2026-09-08T21:30:00Z,II,Generation,0.000
T_DBBWO-4,DBBWO-4,2026-09-08,46,2026-09-08T22:00:00Z,II,Generation,0.000
T_DBBWO-4,DBBWO-4,2026-09-08,47,2026-09-08T22:30:00Z,II,Generation,0.000
T_DBBWO-4,DBBWO-4,2026-09-08,48,2026-09-08T23:00:00Z,II,Generation,0.000
T_DBBWO-5,DBBWO-5,2026-09-08,1,2026-09-07T23:30:00Z,II,Generation,0.000
T_DBBWO-5,DBBWO-5,2026-09-08,2,2026-09-08T00:00:00Z,II,Generation,0.000
T_DBBWO-5,DBBWO-5,2026-09-08,3,2026-09-08T00:30:00Z,II,Generation,0.000
T_DBBWO-5,DBBWO-5,2026-09-08,4,2026-09-08T01:00:00Z,II,Generation,0.000
T_DBBWO-5,DBBWO-5,2026-09-08,5,2026-09-08T01:30:00Z,II,Generation,0.000
T_DBBWO-5,DBBWO-5,2026-09-08,6,2026-09-08T02:00:00Z,II,Generation,0.000
T_DBBWO-5,DBBWO-5,2026-09-08,7,2026-09-08T02:30:00Z,II,Generation,0.000
T_DBBWO-5,DBBWO-5,2026-09-08,8,2026-09-08T03:00:00Z,II,Generation,0.000
T_DBBWO-5,DBBWO-5,2026-09-08,9,2026-09-08T03:30:00Z,II,Generation,0.000
T_DBBWO-5,DBBWO-5,2026-09-08,10,2026-09-08T04:00:00Z,II,Generation,0.000
T_DBBWO-5,DBBWO-5,2026-09-08,11,2026-09-08T04:30:00Z,II,Generation,0.000
T_DBBWO-5,DBBWO-5,2026-09-08,12,2026-09-08T05:00:00Z,II,Generation,0.000
T_DBBWO-5,DBBWO-5,2026-09-08,13,2026-09-08T05:30:00Z,II,Generation,0.000
T_DBBWO-5,DBBWO-5,2026-09-08,14,2026-09-08T06:00:00Z,II,Generation,0.000
T_DBBWO-5,DBBWO-5,2026-09-08,15,2026-09-08T06:30:00Z,II,Generation,0.000
T_DBBWO-5,DBBWO-5,2026-09-08,16,2026-09-08T07:00:00Z,II,Generation,0.000
T_DBBWO-5,DBBWO-5,2026-09-08,17,2026-09-08T07:30:00Z,II,Generation,0.000
T_DBBWO-5,DBBWO-5,2026-09-08,18,2026-09-08T08:00:00Z,II,Generation,0.000
T_DBBWO-5,DBBWO-5,2026-09-08,19,2026-09-08T08:30:00Z,II,Generation,0.000
T_DBBWO-5,DBBWO-5,2026-09-08,20,2026-09-08T09:00:00Z,II,Generation,0.000
T_DBBWO-5,DBBWO-5,2026-09-08,21,2026-09-08T09:30:00Z,II,Generation,0.000
T_DBBWO-5,DBBWO-5,2026-09-08,22,2026-09-08T10:00:00Z,II,Generation,0.000
T_DBBWO-5,DBBWO-5,2026-09-08,23,2026-09-08T10:30:00Z,II,Generation,0.000
T_DBBWO-5,DBBWO-5,2026-09-08,24,2026-09-08T11:00:00Z,II,Generation,0.000
T_DBBWO-5,DBBWO-5,2026-09-08,25,2026-09-08T11:30:00Z,II,Generation,0.000
T_DBBWO-5,DBBWO-5,2026-09-08,26,2026-09-08T12:00:00Z,II,Generation,0.000
T_DBBWO-5,DBBWO-5,2026-09-08,27,2026-09-08T12:30:00Z,II,Generation,0.000
T_DBBWO-5,DBBWO-5,2026-09-08,28,2026-09-08T13:00:00Z,II,Generation,0.000
T_DBBWO-5,DBBWO-5,2026-09-08,29,2026-09-08T13:30:00Z,II,Generation,0.000
T_DBBWO-5,DBBWO-5,2026-09-08,30,2026-09-08T14:00:00Z,II,Generation,0.000
T_DBBWO-5,DBBWO-5,2026-09-08,31,2026-09-08T14:30:00Z,II,Generation,0.000
T_DBBWO-5,DBBWO-5,2026-09-08,32,2026-09-08T15:00:00Z,II,Generation,0.000
T_DBBWO-5,DBBWO-5,2026-09-08,33,2026-09-08T15:30:00Z,II,Generation,0.000
T_DBBWO-5,DBBWO-5,2026-09-08,34,2026-09-08T16:00:00Z,II,Generation,0.000
T_DBBWO-5,DBBWO-5,2026-09-08,35,2026-09-08T16:30:00Z,II,Generation,0.000
T_DBBWO-5,DBBWO-5,2026-09-08,36,2026-09-08T17:00:00Z,II,Generation,0.000
T_DBBWO-5,DBBWO-5,2026-09-08,37,2026-09-08T17:30:00Z,II,Generation,0.000
T_DBBWO-5,DBBWO-5,2026-09-08,38,2026-09-08T18:00:00Z,II,Generation,0.000
T_DBBWO-5,DBBWO-5,2026-09-08,39,2026-09-08T18:30:00Z,II,Generation,0.000
T_DBBWO-5,DBBWO-5,2026-09-08,40,2026-09-08T19:00:00Z,II,Generation,0.000
T_DBBWO-5,DBBWO-5,2026-09-08,41,2026-09-08T19:30:00Z,II,Generation,0.000
T_DBBWO-5,DBBWO-5,2026-09-08,42,2026-09-08T20:00:00Z,II,Generation,0.000
T_DBBWO-5,DBBWO-5,2026-09-08,43,2026-09-08T20:30:00Z,II,Generation,0.000
T_DBBWO-5,DBBWO-5,2026-09-08,44,2026-09-08T21:00:00Z,II,Generation,0.000
T_DBBWO-5,DBBWO-5,2026-09-08,45,2026-09-08T21:30:00Z,II,Generation,0.000
T_DBBWO-5,DBBWO-5,2026-09-08,46,2026-09-08T22:00:00Z,II,Generation,0.000
T_DBBWO-5,DBBWO-5,2026-09-08,47,2026-09-08T22:30:00Z,II,Generation,0.000
T_DBBWO-5,DBBWO-5,2026-09-08,48,2026-09-08T23:00:00Z,II,Generation,0.000
T_DDGNO-1,DDGNO-1,2026-09-08,1,2026-09-07T23:30:00Z,II,Generation,26.369
T_DDGNO-1,DDGNO-1,2026-09-08,2,2026-09-08T00:00:00Z,II,Generation,23.383
T_DDGNO-1,DDGNO-1,2026-09-08,3,2026-09-08T00:30:00Z,II,Generation,17.593
T_DDGNO-1,DDGNO-1,2026-09-08,4,2026-09-08T01:00:00Z,II,Generation,21.604
T_DDGNO-1,DDGNO-1,2026-09-08,5,2026-09-08T01:30:00Z,II,Generation,36.687
T_DDGNO-1,DDGNO-1,2026-09-08,6,2026-09-08T02:00:00Z,II,Generation,44.609
T_DDGNO-1,DDGNO-1,2026-09-08,7,2026-09-08T02:30:00Z,II,Generation,42.237
T_DDGNO-1,DDGNO-1,2026-09-08,8,2026-09-08T03:00:00Z,II,Generation,38.294
T_DDGNO-1,DDGNO-1,2026-09-08,9,2026-09-08T03:30:00Z,II,Generation,40.773
T_DDGNO-1,DDGNO-1,2026-09-08,10,2026-09-08T04:00:00Z,II,Generation,43.027
T_DDGNO-1,DDGNO-1,2026-09-08,11,2026-09-08T04:30:00Z,II,Generation,40.120
T_DDGNO-1,DDGNO-1,2026-09-08,12,2026-09-08T05:00:00Z,II,Generation,40.321
T_DDGNO-1,DDGNO-1,2026-09-08,13,2026-09-08T05:30:00Z,II,Generation,41.382
T_DDGNO-1,DDGNO-1,2026-09-08,14,2026-09-08T06:00:00Z,II,Generation,40.823
T_DDGNO-1,DDGNO-1,2026-09-08,15,2026-09-08T06:30:00Z,II,Generation,39.603
T_DDGNO-1,DDGNO-1,2026-09-08,16,2026-09-08T07:00:00Z,II,Generation,37.447
T_DDGNO-1,DDGNO-1,2026-09-08,17,2026-09-08T07:30:00Z,II,Generation,39.593
T_DDGNO-1,DDGNO-1,2026-09-08,18,2026-09-08T08:00:00Z,II,Generation,42.823
T_DDGNO-1,DDGNO-1,2026-09-08,19,2026-09-08T08:30:00Z,II,Generation,36.557
T_DDGNO-1,DDGNO-1,2026-09-08,20,2026-09-08T09:00:00Z,II,Generation,20.753
T_DDGNO-1,DDGNO-1,2026-09-08,21,2026-09-08T09:30:00Z,II,Generation,9.625
T_DDGNO-1,DDGNO-1,2026-09-08,22,2026-09-08T10:00:00Z,II,Generation,9.362
T_DDGNO-1,DDGNO-1,2026-09-08,23,2026-09-08T10:30:00Z,II,Generation,5.171
T_DDGNO-1,DDGNO-1,2026-09-08,24,2026-09-08T11:00:00Z,II,Generation,4.815
T_DDGNO-1,DDGNO-1,2026-09-08,25,2026-09-08T11:30:00Z,II,Generation,6.582
T_DDGNO-1,DDGNO-1,2026-09-08,26,2026-09-08T12:00:00Z,II,Generation,7.653
T_DDGNO-1,DDGNO-1,2026-09-08,27,2026-09-08T12:30:00Z,II,Generation,8.878
T_DDGNO-1,DDGNO-1,2026-09-08,28,2026-09-08T13:00:00Z,II,Generation,6.709
T_DDGNO-1,DDGNO-1,2026-09-08,29,2026-09-08T13:30:00Z,II,Generation,5.545
T_DDGNO-1,DDGNO-1,2026-09-08,30,2026-09-08T14:00:00Z,II,Generation,8.570
T_DDGNO-1,DDGNO-1,2026-09-08,31,2026-09-08T14:30:00Z,II,Generation,12.074
T_DDGNO-1,DDGNO-1,2026-09-08,32,2026-09-08T15:00:00Z,II,Generation,15.292
T_DDGNO-1,DDGNO-1,2026-09-08,33,2026-09-08T15:30:00Z,II,Generation,11.797
T_DDGNO-1,DDGNO-1,2026-09-08,34,2026-09-08T16:00:00Z,II,Generation,12.019
T_DDGNO-1,DDGNO-1,2026-09-08,35,2026-09-08T16:30:00Z,II,Generation,19.527
T_DDGNO-1,DDGNO-1,2026-09-08,36,2026-09-08T17:00:00Z,II,Generation,20.094
T_DDGNO-1,DDGNO-1,2026-09-08,37,2026-09-08T17:30:00Z,II,Generation,18.538
T_DDGNO-1,DDGNO-1,2026-09-08,38,2026-09-08T18:00:00Z,II,Generation,36.192
T_DDGNO-1,DDGNO-1,2026-09-08,39,2026-09-08T18:30:00Z,II,Generation,46.795
T_DDGNO-1,DDGNO-1,2026-09-08,40,2026-09-08T19:00:00Z,II,Generation,47.089
T_DDGNO-1,DDGNO-1,2026-09-08,41,2026-09-08T19:30:00Z,II,Generation,47.063
T_DDGNO-1,DDGNO-1,2026-09-08,42,2026-09-08T20:00:00Z,II,Generation,47.159
T_DDGNO-1,DDGNO-1,2026-09-08,43,2026-09-08T20:30:00Z,II,Generation,47.159
T_DDGNO-1,DDGNO-1,2026-09-08,44,2026-09-08T21:00:00Z,II,Generation,47.178
T_DDGNO-1,DDGNO-1,2026-09-08,45,2026-09-08T21:30:00Z,II,Generation,47.167
T_DDGNO-1,DDGNO-1,2026-09-08,46,2026-09-08T22:00:00Z,II,Generation,47.175
T_DDGNO-1,DDGNO-1,2026-09-08,47,2026-09-08T22:30:00Z,II,Generation,47.155
T_DDGNO-1,DDGNO-1,2026-09-08,48,2026-09-08T23:00:00Z,II,Generation,47.156
T_DDGNO-2,DDGNO-2,2026-09-08,1,2026-09-07T23:30:00Z,II,Generation,25.330
T_DDGNO-2,DDGNO-2,2026-09-08,2,2026-09-08T00:00:00Z,II,Generation,22.040
T_DDGNO-2,DDGNO-2,2026-09-08,3,2026-09-08T00:30:00Z,II,Generation,14.420
T_DDGNO-2,DDGNO-2,2026-09-08,4,2026-09-08T01:00:00Z,II,Generation,19.660
T_DDGNO-2,DDGNO-2,2026-09-08,5,2026-09-08T01:30:00Z,II,Generation,31.690
T_DDGNO-2,DDGNO-2,2026-09-08,6,2026-09-08T02:00:00Z,II,Generation,37.830
T_DDGNO-2,DDGNO-2,2026-09-08,7,2026-09-08T02:30:00Z,II,Generation,34.390
T_DDGNO-2,DDGNO-2,2026-09-08,8,2026-09-08T03:00:00Z,II,Generation,34.290
T_DDGNO-2,DDGNO-2,2026-09-08,9,2026-09-08T03:30:00Z,II,Generation,37.540
T_DDGNO-2,DDGNO-2,2026-09-08,10,2026-09-08T04:00:00Z,II,Generation,36.600
T_DDGNO-2,DDGNO-2,2026-09-08,11,2026-09-08T04:30:00Z,II,Generation,34.630
T_DDGNO-2,DDGNO-2,2026-09-08,12,2026-09-08T05:00:00Z,II,Generation,33.830
T_DDGNO-2,DDGNO-2,2026-09-08,13,2026-09-08T05:30:00Z,II,Generation,34.060
T_DDGNO-2,DDGNO-2,2026-09-08,14,2026-09-08T06:00:00Z,II,Generation,33.870
T_DDGNO-2,DDGNO-2,2026-09-08,15,2026-09-08T06:30:00Z,II,Generation,33.470
T_DDGNO-2,DDGNO-2,2026-09-08,16,2026-09-08T07:00:00Z,II,Generation,31.370
T_DDGNO-2,DDGNO-2,2026-09-08,17,2026-09-08T07:30:00Z,II,Generation,33.390
T_DDGNO-2,DDGNO-2,2026-09-08,18,2026-09-08T08:00:00Z,II,Generation,35.160
T_DDGNO-2,DDGNO-2,2026-09-08,19,2026-09-08T08:30:00Z,II,Generation,31.560
T_DDGNO-2,DDGNO-2,2026-09-08,20,2026-09-08T09:00:00Z,II,Generation,26.120
T_DDGNO-2,DDGNO-2,2026-09-08,21,2026-09-08T09:30:00Z,II,Generation,14.030
T_DDGNO-2,DDGNO-2,2026-09-08,22,2026-09-08T10:00:00Z,II,Generation,9.020
T_DDGNO-2,DDGNO-2,2026-09-08,23,2026-09-08T10:30:00Z,II,Generation,5.410
T_DDGNO-2,DDGNO-2,2026-09-08,24,2026-09-08T11:00:00Z,II,Generation,4.170
T_DDGNO-2,DDGNO-2,2026-09-08,25,2026-09-08T11:30:00Z,II,Generation,4.970
T_DDGNO-2,DDGNO-2,2026-09-08,26,2026-09-08T12:00:00Z,II,Generation,6.930
T_DDGNO-2,DDGNO-2,2026-09-08,27,2026-09-08T12:30:00Z,II,Generation,7.390
T_DDGNO-2,DDGNO-2,2026-09-08,28,2026-09-08T13:00:00Z,II,Generation,6.390
T_DDGNO-2,DDGNO-2,2026-09-08,29,2026-09-08T13:30:00Z,II,Generation,5.450
T_DDGNO-2,DDGNO-2,2026-09-08,30,2026-09-08T14:00:00Z,II,Generation,7.280
T_DDGNO-2,DDGNO-2,2026-09-08,31,2026-09-08T14:30:00Z,II,Generation,9.750
T_DDGNO-2,DDGNO-2,2026-09-08,32,2026-09-08T15:00:00Z,II,Generation,16.200
T_DDGNO-2,DDGNO-2,2026-09-08,33,2026-09-08T15:30:00Z,II,Generation,13.170
T_DDGNO-2,DDGNO-2,2026-09-08,34,2026-09-08T16:00:00Z,II,Generation,12.000
T_DDGNO-2,DDGNO-2,2026-09-08,35,2026-09-08T16:30:00Z,II,Generation,18.230
T_DDGNO-2,DDGNO-2,2026-09-08,36,2026-09-08T17:00:00Z,II,Generation,19.930
T_DDGNO-2,DDGNO-2,2026-09-08,37,2026-09-08T17:30:00Z,II,Generation,19.380
T_DDGNO-2,DDGNO-2,2026-09-08,38,2026-09-08T18:00:00Z,II,Generation,31.420
T_DDGNO-2,DDGNO-2,2026-09-08,39,2026-09-08T18:30:00Z,II,Generation,41.100
T_DDGNO-2,DDGNO-2,2026-09-08,40,2026-09-08T19:00:00Z,II,Generation,41.240
T_DDGNO-2,DDGNO-2,2026-09-08,41,2026-09-08T19:30:00Z,II,Generation,41.250
T_DDGNO-2,DDGNO-2,2026-09-08,42,2026-09-08T20:00:00Z,II,Generation,41.300
T_DDGNO-2,DDGNO-2,2026-09-08,43,2026-09-08T20:30:00Z,II,Generation,41.210
T_DDGNO-2,DDGNO-2,2026-09-08,44,2026-09-08T21:00:00Z,II,Generation,41.170
T_DDGNO-2,DDGNO-2,2026-09-08,45,2026-09-08T21:30:00Z,II,Generation,41.170
T_DDGNO-2,DDGNO-2,2026-09-08,46,2026-09-08T22:00:00Z,II,Generation,41.180
T_DDGNO-2,DDGNO-2,2026-09-08,47,2026-09-08T22:30:00Z,II,Generation,41.170
T_DDGNO-2,DDGNO-2,2026-09-08,48,2026-09-08T23:00:00Z,II,Generation,41.180
T_DDGNO-3,DDGNO-3,2026-09-08,1,2026-09-07T23:30:00Z,II,Generation,25.590
T_DDGNO-3,DDGNO-3,2026-09-08,2,2026-09-08T00:00:00Z,II,Generation,23.530
T_DDGNO-3,DDGNO-3,2026-09-08,3,2026-09-08T00:30:00Z,II,Generation,17.770
T_DDGNO-3,DDGNO-3,2026-09-08,4,2026-09-08T01:00:00Z,II,Generation,21.640
T_DDGNO-3,DDGNO-3,2026-09-08,5,2026-09-08T01:30:00Z,II,Generation,35.490
T_DDGNO-3,DDGNO-3,2026-09-08,6,2026-09-08T02:00:00Z,II,Generation,43.260
T_DDGNO-3,DDGNO-3,2026-09-08,7,2026-09-08T02:30:00Z,II,Generation,41.780
T_DDGNO-3,DDGNO-3,2026-09-08,8,2026-09-08T03:00:00Z,II,Generation,37.230
T_DDGNO-3,DDGNO-3,2026-09-08,9,2026-09-08T03:30:00Z,II,Generation,38.980
T_DDGNO-3,DDGNO-3,2026-09-08,10,2026-09-08T04:00:00Z,II,Generation,41.100
T_DDGNO-3,DDGNO-3,2026-09-08,11,2026-09-08T04:30:00Z,II,Generation,38.880
T_DDGNO-3,DDGNO-3,2026-09-08,12,2026-09-08T05:00:00Z,II,Generation,40.150
T_DDGNO-3,DDGNO-3,2026-09-08,13,2026-09-08T05:30:00Z,II,Generation,39.980
T_DDGNO-3,DDGNO-3,2026-09-08,14,2026-09-08T06:00:00Z,II,Generation,39.910
T_DDGNO-3,DDGNO-3,2026-09-08,15,2026-09-08T06:30:00Z,II,Generation,39.200
T_DDGNO-3,DDGNO-3,2026-09-08,16,2026-09-08T07:00:00Z,II,Generation,36.680
T_DDGNO-3,DDGNO-3,2026-09-08,17,2026-09-08T07:30:00Z,II,Generation,38.940
T_DDGNO-3,DDGNO-3,2026-09-08,18,2026-09-08T08:00:00Z,II,Generation,41.180
T_DDGNO-3,DDGNO-3,2026-09-08,19,2026-09-08T08:30:00Z,II,Generation,34.260
T_DDGNO-3,DDGNO-3,2026-09-08,20,2026-09-08T09:00:00Z,II,Generation,20.210
T_DDGNO-3,DDGNO-3,2026-09-08,21,2026-09-08T09:30:00Z,II,Generation,15.040
T_DDGNO-3,DDGNO-3,2026-09-08,22,2026-09-08T10:00:00Z,II,Generation,10.740
T_DDGNO-3,DDGNO-3,2026-09-08,23,2026-09-08T10:30:00Z,II,Generation,5.560
T_DDGNO-3,DDGNO-3,2026-09-08,24,2026-09-08T11:00:00Z,II,Generation,5.560
T_DDGNO-3,DDGNO-3,2026-09-08,25,2026-09-08T11:30:00Z,II,Generation,6.520
T_DDGNO-3,DDGNO-3,2026-09-08,26,2026-09-08T12:00:00Z,II,Generation,7.740
T_DDGNO-3,DDGNO-3,2026-09-08,27,2026-09-08T12:30:00Z,II,Generation,8.830
T_DDGNO-3,DDGNO-3,2026-09-08,28,2026-09-08T13:00:00Z,II,Generation,6.850
T_DDGNO-3,DDGNO-3,2026-09-08,29,2026-09-08T13:30:00Z,II,Generation,5.500
T_DDGNO-3,DDGNO-3,2026-09-08,30,2026-09-08T14:00:00Z,II,Generation,8.300
T_DDGNO-3,DDGNO-3,2026-09-08,31,2026-09-08T14:30:00Z,II,Generation,11.810
T_DDGNO-3,DDGNO-3,2026-09-08,32,2026-09-08T15:00:00Z,II,Generation,15.630
T_DDGNO-3,DDGNO-3,2026-09-08,33,2026-09-08T15:30:00Z,II,Generation,13.130
T_DDGNO-3,DDGNO-3,2026-09-08,34,2026-09-08T16:00:00Z,II,Generation,12.740
T_DDGNO-3,DDGNO-3,2026-09-08,35,2026-09-08T16:30:00Z,II,Generation,20.360
T_DDGNO-3,DDGNO-3,2026-09-08,36,2026-09-08T17:00:00Z,II,Generation,19.910
T_DDGNO-3,DDGNO-3,2026-09-08,37,2026-09-08T17:30:00Z,II,Generation,18.300
T_DDGNO-3,DDGNO-3,2026-09-08,38,2026-09-08T18:00:00Z,II,Generation,39.780
T_DDGNO-3,DDGNO-3,2026-09-08,39,2026-09-08T18:30:00Z,II,Generation,45.750
T_DDGNO-3,DDGNO-3,2026-09-08,40,2026-09-08T19:00:00Z,II,Generation,45.920
T_DDGNO-3,DDGNO-3,2026-09-08,41,2026-09-08T19:30:00Z,II,Generation,45.920
T_DDGNO-3,DDGNO-3,2026-09-08,42,2026-09-08T20:00:00Z,II,Generation,45.930
T_DDGNO-3,DDGNO-3,2026-09-08,43,2026-09-08T20:30:00Z,II,Generation,45.950
T_DDGNO-3,DDGNO-3,2026-09-08,44,2026-09-08T21:00:00Z,II,Generation,45.940
T_DDGNO-3,DDGNO-3,2026-09-08,45,2026-09-08T21:30:00Z,II,Generation,45.950
T_DDGNO-3,DDGNO-3,2026-09-08,46,2026-09-08T22:00:00Z,II,Generation,45.940
T_DDGNO-3,DDGNO-3,2026-09-08,47,2026-09-08T22:30:00Z,II,Generation,45.930
T_DDGNO-3,DDGNO-3,2026-09-08,48,2026-09-08T23:00:00Z,II,Generation,45.940
T_DDGNO-4,DDGNO-4,2026-09-08,1,2026-09-07T23:30:00Z,II,Generation,27.282
T_DDGNO-4,DDGNO-4,2026-09-08,2,2026-09-08T00:00:00Z,II,Generation,24.480
T_DDGNO-4,DDGNO-4,2026-09-08,3,2026-09-08T00:30:00Z,II,Generation,18.407
T_DDGNO-4,DDGNO-4,2026-09-08,4,2026-09-08T01:00:00Z,II,Generation,22.863
T_DDGNO-4,DDGNO-4,2026-09-08,5,2026-09-08T01:30:00Z,II,Generation,38.203
T_DDGNO-4,DDGNO-4,2026-09-08,6,2026-09-08T02:00:00Z,II,Generation,45.526
T_DDGNO-4,DDGNO-4,2026-09-08,7,2026-09-08T02:30:00Z,II,Generation,43.283
T_DDGNO-4,DDGNO-4,2026-09-08,8,2026-09-08T03:00:00Z,II,Generation,37.343
T_DDGNO-4,DDGNO-4,2026-09-08,9,2026-09-08T03:30:00Z,II,Generation,40.033
T_DDGNO-4,DDGNO-4,2026-09-08,10,2026-09-08T04:00:00Z,II,Generation,42.978
T_DDGNO-4,DDGNO-4,2026-09-08,11,2026-09-08T04:30:00Z,II,Generation,42.944
T_DDGNO-4,DDGNO-4,2026-09-08,12,2026-09-08T05:00:00Z,II,Generation,42.184
T_DDGNO-4,DDGNO-4,2026-09-08,13,2026-09-08T05:30:00Z,II,Generation,40.838
T_DDGNO-4,DDGNO-4,2026-09-08,14,2026-09-08T06:00:00Z,II,Generation,38.236
T_DDGNO-4,DDGNO-4,2026-09-08,15,2026-09-08T06:30:00Z,II,Generation,39.337
T_DDGNO-4,DDGNO-4,2026-09-08,16,2026-09-08T07:00:00Z,II,Generation,37.785
T_DDGNO-4,DDGNO-4,2026-09-08,17,2026-09-08T07:30:00Z,II,Generation,38.456
T_DDGNO-4,DDGNO-4,2026-09-08,18,2026-09-08T08:00:00Z,II,Generation,38.551
T_DDGNO-4,DDGNO-4,2026-09-08,19,2026-09-08T08:30:00Z,II,Generation,35.651
T_DDGNO-4,DDGNO-4,2026-09-08,20,2026-09-08T09:00:00Z,II,Generation,22.316
T_DDGNO-4,DDGNO-4,2026-09-08,21,2026-09-08T09:30:00Z,II,Generation,8.806
T_DDGNO-4,DDGNO-4,2026-09-08,22,2026-09-08T10:00:00Z,II,Generation,8.816
T_DDGNO-4,DDGNO-4,2026-09-08,23,2026-09-08T10:30:00Z,II,Generation,4.716
T_DDGNO-4,DDGNO-4,2026-09-08,24,2026-09-08T11:00:00Z,II,Generation,4.412
T_DDGNO-4,DDGNO-4,2026-09-08,25,2026-09-08T11:30:00Z,II,Generation,6.257
T_DDGNO-4,DDGNO-4,2026-09-08,26,2026-09-08T12:00:00Z,II,Generation,7.513
T_DDGNO-4,DDGNO-4,2026-09-08,27,2026-09-08T12:30:00Z,II,Generation,8.470
T_DDGNO-4,DDGNO-4,2026-09-08,28,2026-09-08T13:00:00Z,II,Generation,6.748
T_DDGNO-4,DDGNO-4,2026-09-08,29,2026-09-08T13:30:00Z,II,Generation,5.723
T_DDGNO-4,DDGNO-4,2026-09-08,30,2026-09-08T14:00:00Z,II,Generation,8.438
T_DDGNO-4,DDGNO-4,2026-09-08,31,2026-09-08T14:30:00Z,II,Generation,12.352
T_DDGNO-4,DDGNO-4,2026-09-08,32,2026-09-08T15:00:00Z,II,Generation,16.115
T_DDGNO-4,DDGNO-4,2026-09-08,33,2026-09-08T15:30:00Z,II,Generation,11.851
T_DDGNO-4,DDGNO-4,2026-09-08,34,2026-09-08T16:00:00Z,II,Generation,12.370
T_DDGNO-4,DDGNO-4,2026-09-08,35,2026-09-08T16:30:00Z,II,Generation,18.841
T_DDGNO-4,DDGNO-4,2026-09-08,36,2026-09-08T17:00:00Z,II,Generation,19.882
T_DDGNO-4,DDGNO-4,2026-09-08,37,2026-09-08T17:30:00Z,II,Generation,19.398
T_DDGNO-4,DDGNO-4,2026-09-08,38,2026-09-08T18:00:00Z,II,Generation,36.919
T_DDGNO-4,DDGNO-4,2026-09-08,39,2026-09-08T18:30:00Z,II,Generation,46.535
T_DDGNO-4,DDGNO-4,2026-09-08,40,2026-09-08T19:00:00Z,II,Generation,47.030
T_DDGNO-4,DDGNO-4,2026-09-08,41,2026-09-08T19:30:00Z,II,Generation,46.774
T_DDGNO-4,DDGNO-4,2026-09-08,42,2026-09-08T20:00:00Z,II,Generation,47.112
T_DDGNO-4,DDGNO-4,2026-09-08,43,2026-09-08T20:30:00Z,II,Generation,47.099
T_DDGNO-4,DDGNO-4,2026-09-08,44,2026-09-08T21:00:00Z,II,Generation,47.130
T_DDGNO-4,DDGNO-4,2026-09-08,45,2026-09-08T21:30:00Z,II,Generation,47.127
T_DDGNO-4,DDGNO-4,2026-09-08,46,2026-09-08T22:00:00Z,II,Generation,47.085
T_DDGNO-4,DDGNO-4,2026-09-08,47,2026-09-08T22:30:00Z,II,Generation,47.140
T_DDGNO-4,DDGNO-4,2026-09-08,48,2026-09-08T23:00:00Z,II,Generation,47.115
T_DNLWW-1,DNLWW-1,2026-09-08,1,2026-09-07T23:30:00Z,II,Generation,6.250
T_DNLWW-1,DNLWW-1,2026-09-08,2,2026-09-08T00:00:00Z,II,Generation,6.920
T_DNLWW-1,DNLWW-1,2026-09-08,3,2026-09-08T00:30:00Z,II,Generation,10.470
T_DNLWW-1,DNLWW-1,2026-09-08,4,2026-09-08T01:00:00Z,II,Generation,10.500
T_DNLWW-1,DNLWW-1,2026-09-08,5,2026-09-08T01:30:00Z,II,Generation,8.330
T_DNLWW-1,DNLWW-1,2026-09-08,6,2026-09-08T02:00:00Z,II,Generation,7.160
T_DNLWW-1,DNLWW-1,2026-09-08,7,2026-09-08T02:30:00Z,II,Generation,8.860
T_DNLWW-1,DNLWW-1,2026-09-08,8,2026-09-08T03:00:00Z,II,Generation,10.560
T_DNLWW-1,DNLWW-1,2026-09-08,9,2026-09-08T03:30:00Z,II,Generation,8.440
T_DNLWW-1,DNLWW-1,2026-09-08,10,2026-09-08T04:00:00Z,II,Generation,8.490
T_DNLWW-1,DNLWW-1,2026-09-08,11,2026-09-08T04:30:00Z,II,Generation,9.590
T_DNLWW-1,DNLWW-1,2026-09-08,12,2026-09-08T05:00:00Z,II,Generation,10.070
T_DNLWW-1,DNLWW-1,2026-09-08,13,2026-09-08T05:30:00Z,II,Generation,8.460
T_DNLWW-1,DNLWW-1,2026-09-08,14,2026-09-08T06:00:00Z,II,Generation,9.040
T_DNLWW-1,DNLWW-1,2026-09-08,15,2026-09-08T06:30:00Z,II,Generation,9.850
T_DNLWW-1,DNLWW-1,2026-09-08,16,2026-09-08T07:00:00Z,II,Generation,8.080
T_DNLWW-1,DNLWW-1,2026-09-08,17,2026-09-08T07:30:00Z,II,Generation,8.420
T_DNLWW-1,DNLWW-1,2026-09-08,18,2026-09-08T08:00:00Z,II,Generation,8.030
T_DNLWW-1,DNLWW-1,2026-09-08,19,2026-09-08T08:30:00Z,II,Generation,8.240
T_DNLWW-1,DNLWW-1,2026-09-08,20,2026-09-08T09:00:00Z,II,Generation,8.820
T_DNLWW-1,DNLWW-1,2026-09-08,21,2026-09-08T09:30:00Z,II,Generation,10.660
T_DNLWW-1,DNLWW-1,2026-09-08,22,2026-09-08T10:00:00Z,II,Generation,8.960
T_DNLWW-1,DNLWW-1,2026-09-08,23,2026-09-08T10:30:00Z,II,Generation,9.740
T_DNLWW-1,DNLWW-1,2026-09-08,24,2026-09-08T11:00:00Z,II,Generation,8.960
T_DNLWW-1,DNLWW-1,2026-09-08,25,2026-09-08T11:30:00Z,II,Generation,8.230
T_DNLWW-1,DNLWW-1,2026-09-08,26,2026-09-08T12:00:00Z,II,Generation,10.650
T_DNLWW-1,DNLWW-1,2026-09-08,27,2026-09-08T12:30:00Z,II,Generation,10.860
T_DNLWW-1,DNLWW-1,2026-09-08,28,2026-09-08T13:00:00Z,II,Generation,10.820
T_DNLWW-1,DNLWW-1,2026-09-08,29,2026-09-08T13:30:00Z,II,Generation,11.400
T_DNLWW-1,DNLWW-1,2026-09-08,30,2026-09-08T14:00:00Z,II,Generation,10.680
T_DNLWW-1,DNLWW-1,2026-09-08,31,2026-09-08T14:30:00Z,II,Generation,11.210
T_DNLWW-1,DNLWW-1,2026-09-08,32,2026-09-08T15:00:00Z,II,Generation,12.250
T_DNLWW-1,DNLWW-1,2026-09-08,33,2026-09-08T15:30:00Z,II,Generation,12.970
T_DNLWW-1,DNLWW-1,2026-09-08,34,2026-09-08T16:00:00Z,II,Generation,12.510
T_DNLWW-1,DNLWW-1,2026-09-08,35,2026-09-08T16:30:00Z,II,Generation,11.530
T_DNLWW-1,DNLWW-1,2026-09-08,36,2026-09-08T17:00:00Z,II,Generation,10.870
T_DNLWW-1,DNLWW-1,2026-09-08,37,2026-09-08T17:30:00Z,II,Generation,9.520
T_DNLWW-1,DNLWW-1,2026-09-08,38,2026-09-08T18:00:00Z,II,Generation,11.710
T_DNLWW-1,DNLWW-1,2026-09-08,39,2026-09-08T18:30:00Z,II,Generation,11.550
T_DNLWW-1,DNLWW-1,2026-09-08,40,2026-09-08T19:00:00Z,II,Generation,10.930
T_DNLWW-1,DNLWW-1,2026-09-08,41,2026-09-08T19:30:00Z,II,Generation,8.540
T_DNLWW-1,DNLWW-1,2026-09-08,42,2026-09-08T20:00:00Z,II,Generation,10.290
T_DNLWW-1,DNLWW-1,2026-09-08,43,2026-09-08T20:30:00Z,II,Generation,10.190
T_DNLWW-1,DNLWW-1,2026-09-08,44,2026-09-08T21:00:00Z,II,Generation,9.550
T_DNLWW-1,DNLWW-1,2026-09-08,45,2026-09-08T21:30:00Z,II,Generation,9.760
T_DNLWW-1,DNLWW-1,2026-09-08,46,2026-09-08T22:00:00Z,II,Generation,10.280
T_DNLWW-1,DNLWW-1,2026-09-08,47,2026-09-08T22:30:00Z,II,Generation,9.900
T_DNLWW-1,DNLWW-1,2026-09-08,48,2026-09-08T23:00:00Z,II,Generation,8.000
T_DOREW-1,DOREW-1,2026-09-08,1,2026-09-07T23:30:00Z,II,Generation,-0.254
T_DOREW-1,DOREW-1,2026-09-08,2,2026-09-08T00:00:00Z,II,Generation,-0.249
T_DOREW-1,DOREW-1,2026-09-08,3,2026-09-08T00:30:00Z,II,Generation,-0.253
T_DOREW-1,DOREW-1,2026-09-08,4,2026-09-08T01:00:00Z,II,Generation,-0.252
T_DOREW-1,DOREW-1,2026-09-08,5,2026-09-08T01:30:00Z,II,Generation,-0.261
T_DOREW-1,DOREW-1,2026-09-08,6,2026-09-08T02:00:00Z,II,Generation,-0.255
T_DOREW-1,DOREW-1,2026-09-08,7,2026-09-08T02:30:00Z,II,Generation,-0.256
T_DOREW-1,DOREW-1,2026-09-08,8,2026-09-08T03:00:00Z,II,Generation,-0.252
T_DOREW-1,DOREW-1,2026-09-08,9,2026-09-08T03:30:00Z,II,Generation,-0.258
T_DOREW-1,DOREW-1,2026-09-08,10,2026-09-08T04:00:00Z,II,Generation,-0.261
T_DOREW-1,DOREW-1,2026-09-08,11,2026-09-08T04:30:00Z,II,Generation,-0.265
T_DOREW-1,DOREW-1,2026-09-08,12,2026-09-08T05:00:00Z,II,Generation,-0.261
T_DOREW-1,DOREW-1,2026-09-08,13,2026-09-08T05:30:00Z,II,Generation,-0.268
T_DOREW-1,DOREW-1,2026-09-08,14,2026-09-08T06:00:00Z,II,Generation,-0.250
T_DOREW-1,DOREW-1,2026-09-08,15,2026-09-08T06:30:00Z,II,Generation,-0.260
T_DOREW-1,DOREW-1,2026-09-08,16,2026-09-08T07:00:00Z,II,Generation,-0.257
T_DOREW-1,DOREW-1,2026-09-08,17,2026-09-08T07:30:00Z,II,Generation,-0.257
T_DOREW-1,DOREW-1,2026-09-08,18,2026-09-08T08:00:00Z,II,Generation,-0.261
T_DOREW-1,DOREW-1,2026-09-08,19,2026-09-08T08:30:00Z,II,Generation,-0.258
T_DOREW-1,DOREW-1,2026-09-08,20,2026-09-08T09:00:00Z,II,Generation,-0.259
T_DOREW-1,DOREW-1,2026-09-08,21,2026-09-08T09:30:00Z,II,Generation,-0.258
T_DOREW-1,DOREW-1,2026-09-08,22,2026-09-08T10:00:00Z,II,Generation,-0.263
T_DOREW-1,DOREW-1,2026-09-08,23,2026-09-08T10:30:00Z,II,Generation,-0.266
T_DOREW-1,DOREW-1,2026-09-08,24,2026-09-08T11:00:00Z,II,Generation,-0.258
T_DOREW-1,DOREW-1,2026-09-08,25,2026-09-08T11:30:00Z,II,Generation,-0.262
T_DOREW-1,DOREW-1,2026-09-08,26,2026-09-08T12:00:00Z,II,Generation,-0.256
T_DOREW-1,DOREW-1,2026-09-08,27,2026-09-08T12:30:00Z,II,Generation,-0.264
T_DOREW-1,DOREW-1,2026-09-08,28,2026-09-08T13:00:00Z,II,Generation,-0.263
T_DOREW-1,DOREW-1,2026-09-08,29,2026-09-08T13:30:00Z,II,Generation,-0.266
T_DOREW-1,DOREW-1,2026-09-08,30,2026-09-08T14:00:00Z,II,Generation,-0.268
T_DOREW-1,DOREW-1,2026-09-08,31,2026-09-08T14:30:00Z,II,Generation,-0.264
T_DOREW-1,DOREW-1,2026-09-08,32,2026-09-08T15:00:00Z,II,Generation,-0.266
T_DOREW-1,DOREW-1,2026-09-08,33,2026-09-08T15:30:00Z,II,Generation,-0.268
T_DOREW-1,DOREW-1,2026-09-08,34,2026-09-08T16:00:00Z,II,Generation,-0.266
T_DOREW-1,DOREW-1,2026-09-08,35,2026-09-08T16:30:00Z,II,Generation,-0.265
T_DOREW-1,DOREW-1,2026-09-08,36,2026-09-08T17:00:00Z,II,Generation,-0.268
T_DOREW-1,DOREW-1,2026-09-08,37,2026-09-08T17:30:00Z,II,Generation,-0.273
T_DOREW-1,DOREW-1,2026-09-08,38,2026-09-08T18:00:00Z,II,Generation,-0.263
T_DOREW-1,DOREW-1,2026-09-08,39,2026-09-08T18:30:00Z,II,Generation,-0.266
T_DOREW-1,DOREW-1,2026-09-08,40,2026-09-08T19:00:00Z,II,Generation,-0.265
T_DOREW-1,DOREW-1,2026-09-08,41,2026-09-08T19:30:00Z,II,Generation,-0.262
T_DOREW-1,DOREW-1,2026-09-08,42,2026-09-08T20:00:00Z,II,Generation,-0.267
T_DOREW-1,DOREW-1,2026-09-08,43,2026-09-08T20:30:00Z,II,Generation,-0.263
T_DOREW-1,DOREW-1,2026-09-08,44,2026-09-08T21:00:00Z,II,Generation,-0.258
T_DOREW-1,DOREW-1,2026-09-08,45,2026-09-08T21:30:00Z,II,Generation,-0.261
T_DOREW-1,DOREW-1,2026-09-08,46,2026-09-08T22:00:00Z,II,Generation,-0.260
T_DOREW-1,DOREW-1,2026-09-08,47,2026-09-08T22:30:00Z,II,Generation,-0.259
T_DOREW-1,DOREW-1,2026-09-08,48,2026-09-08T23:00:00Z,II,Generation,-0.264
T_DOREW-2,DOREW-2,2026-09-08,1,2026-09-07T23:30:00Z,II,Generation,1.120
T_DOREW-2,DOREW-2,2026-09-08,2,2026-09-08T00:00:00Z,II,Generation,1.080
T_DOREW-2,DOREW-2,2026-09-08,3,2026-09-08T00:30:00Z,II,Generation,0.680
T_DOREW-2,DOREW-2,2026-09-08,4,2026-09-08T01:00:00Z,II,Generation,0.620
T_DOREW-2,DOREW-2,2026-09-08,5,2026-09-08T01:30:00Z,II,Generation,1.120
T_DOREW-2,DOREW-2,2026-09-08,6,2026-09-08T02:00:00Z,II,Generation,1.120
T_DOREW-2,DOREW-2,2026-09-08,7,2026-09-08T02:30:00Z,II,Generation,1.030
T_DOREW-2,DOREW-2,2026-09-08,8,2026-09-08T03:00:00Z,II,Generation,0.900
T_DOREW-2,DOREW-2,2026-09-08,9,2026-09-08T03:30:00Z,II,Generation,1.000
T_DOREW-2,DOREW-2,2026-09-08,10,2026-09-08T04:00:00Z,II,Generation,0.890
T_DOREW-2,DOREW-2,2026-09-08,11,2026-09-08T04:30:00Z,II,Generation,1.080
T_DOREW-2,DOREW-2,2026-09-08,12,2026-09-08T05:00:00Z,II,Generation,1.060
T_DOREW-2,DOREW-2,2026-09-08,13,2026-09-08T05:30:00Z,II,Generation,0.750
T_DOREW-2,DOREW-2,2026-09-08,14,2026-09-08T06:00:00Z,II,Generation,0.720
T_DOREW-2,DOREW-2,2026-09-08,15,2026-09-08T06:30:00Z,II,Generation,0.730
T_DOREW-2,DOREW-2,2026-09-08,16,2026-09-08T07:00:00Z,II,Generation,1.050
T_DOREW-2,DOREW-2,2026-09-08,17,2026-09-08T07:30:00Z,II,Generation,1.110
T_DOREW-2,DOREW-2,2026-09-08,18,2026-09-08T08:00:00Z,II,Generation,1.070
T_DOREW-2,DOREW-2,2026-09-08,19,2026-09-08T08:30:00Z,II,Generation,1.170
T_DOREW-2,DOREW-2,2026-09-08,20,2026-09-08T09:00:00Z,II,Generation,0.083
T_DOREW-2,DOREW-2,2026-09-08,21,2026-09-08T09:30:00Z,II,Generation,-0.325
T_DOREW-2,DOREW-2,2026-09-08,22,2026-09-08T10:00:00Z,II,Generation,-0.334
T_DOREW-2,DOREW-2,2026-09-08,23,2026-09-08T10:30:00Z,II,Generation,-0.343
T_DOREW-2,DOREW-2,2026-09-08,24,2026-09-08T11:00:00Z,II,Generation,-0.351
T_DOREW-2,DOREW-2,2026-09-08,25,2026-09-08T11:30:00Z,II,Generation,-0.351
T_DOREW-2,DOREW-2,2026-09-08,26,2026-09-08T12:00:00Z,II,Generation,-0.348
T_DOREW-2,DOREW-2,2026-09-08,27,2026-09-08T12:30:00Z,II,Generation,-0.341
T_DOREW-2,DOREW-2,2026-09-08,28,2026-09-08T13:00:00Z,II,Generation,-0.327
T_DOREW-2,DOREW-2,2026-09-08,29,2026-09-08T13:30:00Z,II,Generation,-0.333
T_DOREW-2,DOREW-2,2026-09-08,30,2026-09-08T14:00:00Z,II,Generation,-0.321
T_DOREW-2,DOREW-2,2026-09-08,31,2026-09-08T14:30:00Z,II,Generation,-0.309
T_DOREW-2,DOREW-2,2026-09-08,32,2026-09-08T15:00:00Z,II,Generation,-0.320
T_DOREW-2,DOREW-2,2026-09-08,33,2026-09-08T15:30:00Z,II,Generation,-0.320
T_DOREW-2,DOREW-2,2026-09-08,34,2026-09-08T16:00:00Z,II,Generation,-0.328
T_DOREW-2,DOREW-2,2026-09-08,35,2026-09-08T16:30:00Z,II,Generation,-0.326
T_DOREW-2,DOREW-2,2026-09-08,36,2026-09-08T17:00:00Z,II,Generation,-0.323
T_DOREW-2,DOREW-2,2026-09-08,37,2026-09-08T17:30:00Z,II,Generation,-0.334
T_DOREW-2,DOREW-2,2026-09-08,38,2026-09-08T18:00:00Z,II,Generation,-0.334
T_DOREW-2,DOREW-2,2026-09-08,39,2026-09-08T18:30:00Z,II,Generation,-0.342
T_DOREW-2,DOREW-2,2026-09-08,40,2026-09-08T19:00:00Z,II,Generation,-0.356
T_DOREW-2,DOREW-2,2026-09-08,41,2026-09-08T19:30:00Z,II,Generation,-0.356
T_DOREW-2,DOREW-2,2026-09-08,42,2026-09-08T20:00:00Z,II,Generation,-0.366
T_DOREW-2,DOREW-2,2026-09-08,43,2026-09-08T20:30:00Z,II,Generation,-0.363
T_DOREW-2,DOREW-2,2026-09-08,44,2026-09-08T21:00:00Z,II,Generation,-0.367
T_DOREW-2,DOREW-2,2026-09-08,45,2026-09-08T21:30:00Z,II,Generation,-0.363
T_DOREW-2,DOREW-2,2026-09-08,46,2026-09-08T22:00:00Z,II,Generation,-0.366
T_DOREW-2,DOREW-2,2026-09-08,47,2026-09-08T22:30:00Z,II,Generation,-0.363
T_DOREW-2,DOREW-2,2026-09-08,48,2026-09-08T23:00:00Z,II,Generation,-0.366
T_DOUGW-1,DOUGW-1,2026-09-08,1,2026-09-07T23:30:00Z,II,Generation,14.783
T_DOUGW-1,DOUGW-1,2026-09-08,2,2026-09-08T00:00:00Z,II,Generation,13.358
T_DOUGW-1,DOUGW-1,2026-09-08,3,2026-09-08T00:30:00Z,II,Generation,15.154
T_DOUGW-1,DOUGW-1,2026-09-08,4,2026-09-08T01:00:00Z,II,Generation,13.672
T_DOUGW-1,DOUGW-1,2026-09-08,5,2026-09-08T01:30:00Z,II,Generation,14.747
T_DOUGW-1,DOUGW-1,2026-09-08,6,2026-09-08T02:00:00Z,II,Generation,13.653
T_DOUGW-1,DOUGW-1,2026-09-08,7,2026-09-08T02:30:00Z,II,Generation,15.697
T_DOUGW-1,DOUGW-1,2026-09-08,8,2026-09-08T03:00:00Z,II,Generation,15.002
T_DOUGW-1,DOUGW-1,2026-09-08,9,2026-09-08T03:30:00Z,II,Generation,13.166
T_DOUGW-1,DOUGW-1,2026-09-08,10,2026-09-08T04:00:00Z,II,Generation,11.279
T_DOUGW-1,DOUGW-1,2026-09-08,11,2026-09-08T04:30:00Z,II,Generation,11.860
T_DOUGW-1,DOUGW-1,2026-09-08,12,2026-09-08T05:00:00Z,II,Generation,10.537
T_DOUGW-1,DOUGW-1,2026-09-08,13,2026-09-08T05:30:00Z,II,Generation,16.057
T_DOUGW-1,DOUGW-1,2026-09-08,14,2026-09-08T06:00:00Z,II,Generation,17.613
T_DOUGW-1,DOUGW-1,2026-09-08,15,2026-09-08T06:30:00Z,II,Generation,16.058
T_DOUGW-1,DOUGW-1,2026-09-08,16,2026-09-08T07:00:00Z,II,Generation,14.952
T_DOUGW-1,DOUGW-1,2026-09-08,17,2026-09-08T07:30:00Z,II,Generation,19.675
T_DOUGW-1,DOUGW-1,2026-09-08,18,2026-09-08T08:00:00Z,II,Generation,21.221
T_DOUGW-1,DOUGW-1,2026-09-08,19,2026-09-08T08:30:00Z,II,Generation,16.877
T_DOUGW-1,DOUGW-1,2026-09-08,20,2026-09-08T09:00:00Z,II,Generation,11.371
T_DOUGW-1,DOUGW-1,2026-09-08,21,2026-09-08T09:30:00Z,II,Generation,10.001
T_DOUGW-1,DOUGW-1,2026-09-08,22,2026-09-08T10:00:00Z,II,Generation,14.052
T_DOUGW-1,DOUGW-1,2026-09-08,23,2026-09-08T10:30:00Z,II,Generation,11.550
T_DOUGW-1,DOUGW-1,2026-09-08,24,2026-09-08T11:00:00Z,II,Generation,2.014
T_DOUGW-1,DOUGW-1,2026-09-08,25,2026-09-08T11:30:00Z,II,Generation,2.008
T_DOUGW-1,DOUGW-1,2026-09-08,26,2026-09-08T12:00:00Z,II,Generation,2.010
T_DOUGW-1,DOUGW-1,2026-09-08,27,2026-09-08T12:30:00Z,II,Generation,2.004
T_DOUGW-1,DOUGW-1,2026-09-08,28,2026-09-08T13:00:00Z,II,Generation,2.005
T_DOUGW-1,DOUGW-1,2026-09-08,29,2026-09-08T13:30:00Z,II,Generation,2.011
T_DOUGW-1,DOUGW-1,2026-09-08,30,2026-09-08T14:00:00Z,II,Generation,2.000
T_DOUGW-1,DOUGW-1,2026-09-08,31,2026-09-08T14:30:00Z,II,Generation,2.014
T_DOUGW-1,DOUGW-1,2026-09-08,32,2026-09-08T15:00:00Z,II,Generation,2.006
T_DOUGW-1,DOUGW-1,2026-09-08,33,2026-09-08T15:30:00Z,II,Generation,1.978
T_DOUGW-1,DOUGW-1,2026-09-08,34,2026-09-08T16:00:00Z,II,Generation,2.004
T_DOUGW-1,DOUGW-1,2026-09-08,35,2026-09-08T16:30:00Z,II,Generation,2.012
T_DOUGW-1,DOUGW-1,2026-09-08,36,2026-09-08T17:00:00Z,II,Generation,2.007
T_DOUGW-1,DOUGW-1,2026-09-08,37,2026-09-08T17:30:00Z,II,Generation,2.006
T_DOUGW-1,DOUGW-1,2026-09-08,38,2026-09-08T18:00:00Z,II,Generation,2.011
T_DOUGW-1,DOUGW-1,2026-09-08,39,2026-09-08T18:30:00Z,II,Generation,2.004
T_DOUGW-1,DOUGW-1,2026-09-08,40,2026-09-08T19:00:00Z,II,Generation,1.982
T_DOUGW-1,DOUGW-1,2026-09-08,41,2026-09-08T19:30:00Z,II,Generation,2.014
T_DOUGW-1,DOUGW-1,2026-09-08,42,2026-09-08T20:00:00Z,II,Generation,2.014
T_DOUGW-1,DOUGW-1,2026-09-08,43,2026-09-08T20:30:00Z,II,Generation,2.010
T_DOUGW-1,DOUGW-1,2026-09-08,44,2026-09-08T21:00:00Z,II,Generation,2.014
T_DOUGW-1,DOUGW-1,2026-09-08,45,2026-09-08T21:30:00Z,II,Generation,2.000
T_DOUGW-1,DOUGW-1,2026-09-08,46,2026-09-08T22:00:00Z,II,Generation,12.975
T_DOUGW-1,DOUGW-1,2026-09-08,47,2026-09-08T22:30:00Z,II,Generation,10.956
T_DOUGW-1,DOUGW-1,2026-09-08,48,2026-09-08T23:00:00Z,II,Generation,12.870
T_DRSLW-1,DRSLW-1,2026-09-08,1,2026-09-07T23:30:00Z,II,Generation,-0.005
T_DRSLW-1,DRSLW-1,2026-09-08,2,2026-09-08T00:00:00Z,II,Generation,-0.005
T_DRSLW-1,DRSLW-1,2026-09-08,3,2026-09-08T00:30:00Z,II,Generation,-0.005
T_DRSLW-1,DRSLW-1,2026-09-08,4,2026-09-08T01:00:00Z,II,Generation,-0.005
T_DRSLW-1,DRSLW-1,2026-09-08,5,2026-09-08T01:30:00Z,II,Generation,-0.005
T_DRSLW-1,DRSLW-1,2026-09-08,6,2026-09-08T02:00:00Z,II,Generation,-0.005
T_DRSLW-1,DRSLW-1,2026-09-08,7,2026-09-08T02:30:00Z,II,Generation,-0.006
T_DRSLW-1,DRSLW-1,2026-09-08,8,2026-09-08T03:00:00Z,II,Generation,-0.006
T_DRSLW-1,DRSLW-1,2026-09-08,9,2026-09-08T03:30:00Z,II,Generation,-0.006
T_DRSLW-1,DRSLW-1,2026-09-08,10,2026-09-08T04:00:00Z,II,Generation,-0.006
T_DRSLW-1,DRSLW-1,2026-09-08,11,2026-09-08T04:30:00Z,II,Generation,-0.006
T_DRSLW-1,DRSLW-1,2026-09-08,12,2026-09-08T05:00:00Z,II,Generation,-0.006
T_DRSLW-1,DRSLW-1,2026-09-08,13,2026-09-08T05:30:00Z,II,Generation,-0.005
T_DRSLW-1,DRSLW-1,2026-09-08,14,2026-09-08T06:00:00Z,II,Generation,-0.005
T_DRSLW-1,DRSLW-1,2026-09-08,15,2026-09-08T06:30:00Z,II,Generation,0.005
T_DRSLW-1,DRSLW-1,2026-09-08,16,2026-09-08T07:00:00Z,II,Generation,-0.005
T_DRSLW-1,DRSLW-1,2026-09-08,17,2026-09-08T07:30:00Z,II,Generation,-0.005
T_DRSLW-1,DRSLW-1,2026-09-08,18,2026-09-08T08:00:00Z,II,Generation,-0.006
T_DRSLW-1,DRSLW-1,2026-09-08,19,2026-09-08T08:30:00Z,II,Generation,-0.006
T_DRSLW-1,DRSLW-1,2026-09-08,20,2026-09-08T09:00:00Z,II,Generation,-0.006
T_DRSLW-1,DRSLW-1,2026-09-08,21,2026-09-08T09:30:00Z,II,Generation,-0.006
T_DRSLW-1,DRSLW-1,2026-09-08,22,2026-09-08T10:00:00Z,II,Generation,-0.006
T_DRSLW-1,DRSLW-1,2026-09-08,23,2026-09-08T10:30:00Z,II,Generation,-0.006
T_DRSLW-1,DRSLW-1,2026-09-08,24,2026-09-08T11:00:00Z,II,Generation,-0.006
T_DRSLW-1,DRSLW-1,2026-09-08,25,2026-09-08T11:30:00Z,II,Generation,-0.006
T_DRSLW-1,DRSLW-1,2026-09-08,26,2026-09-08T12:00:00Z,II,Generation,-0.005
T_DRSLW-1,DRSLW-1,2026-09-08,27,2026-09-08T12:30:00Z,II,Generation,-0.005
T_DRSLW-1,DRSLW-1,2026-09-08,28,2026-09-08T13:00:00Z,II,Generation,-0.006
T_DRSLW-1,DRSLW-1,2026-09-08,29,2026-09-08T13:30:00Z,II,Generation,-0.005
T_DRSLW-1,DRSLW-1,2026-09-08,30,2026-09-08T14:00:00Z,II,Generation,-0.005
T_DRSLW-1,DRSLW-1,2026-09-08,31,2026-09-08T14:30:00Z,II,Generation,-0.006
T_DRSLW-1,DRSLW-1,2026-09-08,32,2026-09-08T15:00:00Z,II,Generation,-0.005
T_DRSLW-1,DRSLW-1,2026-09-08,33,2026-09-08T15:30:00Z,II,Generation,-0.006
T_DRSLW-1,DRSLW-1,2026-09-08,34,2026-09-08T16:00:00Z,II,Generation,-0.006
T_DRSLW-1,DRSLW-1,2026-09-08,35,2026-09-08T16:30:00Z,II,Generation,-0.005
T_DRSLW-1,DRSLW-1,2026-09-08,36,2026-09-08T17:00:00Z,II,Generation,-0.005
T_DRSLW-1,DRSLW-1,2026-09-08,37,2026-09-08T17:30:00Z,II,Generation,-0.005
T_DRSLW-1,DRSLW-1,2026-09-08,38,2026-09-08T18:00:00Z,II,Generation,-0.005
T_DRSLW-1,DRSLW-1,2026-09-08,39,2026-09-08T18:30:00Z,II,Generation,-0.005
T_DRSLW-1,DRSLW-1,2026-09-08,40,2026-09-08T19:00:00Z,II,Generation,-0.005
T_DRSLW-1,DRSLW-1,2026-09-08,41,2026-09-08T19:30:00Z,II,Generation,-0.005
T_DRSLW-1,DRSLW-1,2026-09-08,42,2026-09-08T20:00:00Z,II,Generation,-0.005
T_DRSLW-1,DRSLW-1,2026-09-08,43,2026-09-08T20:30:00Z,II,Generation,-0.005
T_DRSLW-1,DRSLW-1,2026-09-08,44,2026-09-08T21:00:00Z,II,Generation,-0.005
T_DRSLW-1,DRSLW-1,2026-09-08,45,2026-09-08T21:30:00Z,II,Generation,2.745
T_DRSLW-1,DRSLW-1,2026-09-08,46,2026-09-08T22:00:00Z,II,Generation,13.600
T_DRSLW-1,DRSLW-1,2026-09-08,47,2026-09-08T22:30:00Z,II,Generation,15.610
T_DRSLW-1,DRSLW-1,2026-09-08,48,2026-09-08T23:00:00Z,II,Generation,16.340
T_DUNGW-1,DUNGW-1,2026-09-08,1,2026-09-07T23:30:00Z,II,Generation,34.465
T_DUNGW-1,DUNGW-1,2026-09-08,2,2026-09-08T00:00:00Z,II,Generation,34.408
T_DUNGW-1,DUNGW-1,2026-09-08,3,2026-09-08T00:30:00Z,II,Generation,34.224
T_DUNGW-1,DUNGW-1,2026-09-08,4,2026-09-08T01:00:00Z,II,Generation,34.463
T_DUNGW-1,DUNGW-1,2026-09-08,5,2026-09-08T01:30:00Z,II,Generation,34.472
T_DUNGW-1,DUNGW-1,2026-09-08,6,2026-09-08T02:00:00Z,II,Generation,34.475
T_DUNGW-1,DUNGW-1,2026-09-08,7,2026-09-08T02:30:00Z,II,Generation,34.479
T_DUNGW-1,DUNGW-1,2026-09-08,8,2026-09-08T03:00:00Z,II,Generation,34.138
T_DUNGW-1,DUNGW-1,2026-09-08,9,2026-09-08T03:30:00Z,II,Generation,34.442
T_DUNGW-1,DUNGW-1,2026-09-08,10,2026-09-08T04:00:00Z,II,Generation,34.427
T_DUNGW-1,DUNGW-1,2026-09-08,11,2026-09-08T04:30:00Z,II,Generation,33.847
T_DUNGW-1,DUNGW-1,2026-09-08,12,2026-09-08T05:00:00Z,II,Generation,32.509
T_DUNGW-1,DUNGW-1,2026-09-08,13,2026-09-08T05:30:00Z,II,Generation,34.275
T_DUNGW-1,DUNGW-1,2026-09-08,14,2026-09-08T06:00:00Z,II,Generation,34.413
T_DUNGW-1,DUNGW-1,2026-09-08,15,2026-09-08T06:30:00Z,II,Generation,34.470
T_DUNGW-1,DUNGW-1,2026-09-08,16,2026-09-08T07:00:00Z,II,Generation,34.458
T_DUNGW-1,DUNGW-1,2026-09-08,17,2026-09-08T07:30:00Z,II,Generation,34.460
T_DUNGW-1,DUNGW-1,2026-09-08,18,2026-09-08T08:00:00Z,II,Generation,34.461
T_DUNGW-1,DUNGW-1,2026-09-08,19,2026-09-08T08:30:00Z,II,Generation,34.455
T_DUNGW-1,DUNGW-1,2026-09-08,20,2026-09-08T09:00:00Z,II,Generation,34.456
T_DUNGW-1,DUNGW-1,2026-09-08,21,2026-09-08T09:30:00Z,II,Generation,34.392
T_DUNGW-1,DUNGW-1,2026-09-08,22,2026-09-08T10:00:00Z,II,Generation,34.461
T_DUNGW-1,DUNGW-1,2026-09-08,23,2026-09-08T10:30:00Z,II,Generation,34.414
T_DUNGW-1,DUNGW-1,2026-09-08,24,2026-09-08T11:00:00Z,II,Generation,34.352
T_DUNGW-1,DUNGW-1,2026-09-08,25,2026-09-08T11:30:00Z,II,Generation,34.274
T_DUNGW-1,DUNGW-1,2026-09-08,26,2026-09-08T12:00:00Z,II,Generation,33.987
T_DUNGW-1,DUNGW-1,2026-09-08,27,2026-09-08T12:30:00Z,II,Generation,33.558
T_DUNGW-1,DUNGW-1,2026-09-08,28,2026-09-08T13:00:00Z,II,Generation,34.017
T_DUNGW-1,DUNGW-1,2026-09-08,29,2026-09-08T13:30:00Z,II,Generation,34.122
T_DUNGW-1,DUNGW-1,2026-09-08,30,2026-09-08T14:00:00Z,II,Generation,33.427
T_DUNGW-1,DUNGW-1,2026-09-08,31,2026-09-08T14:30:00Z,II,Generation,34.815
T_DUNGW-1,DUNGW-1,2026-09-08,32,2026-09-08T15:00:00Z,II,Generation,34.058
T_DUNGW-1,DUNGW-1,2026-09-08,33,2026-09-08T15:30:00Z,II,Generation,32.712
T_DUNGW-1,DUNGW-1,2026-09-08,34,2026-09-08T16:00:00Z,II,Generation,33.246
T_DUNGW-1,DUNGW-1,2026-09-08,35,2026-09-08T16:30:00Z,II,Generation,33.322
T_DUNGW-1,DUNGW-1,2026-09-08,36,2026-09-08T17:00:00Z,II,Generation,33.006
T_DUNGW-1,DUNGW-1,2026-09-08,37,2026-09-08T17:30:00Z,II,Generation,30.748
T_DUNGW-1,DUNGW-1,2026-09-08,38,2026-09-08T18:00:00Z,II,Generation,32.330
T_DUNGW-1,DUNGW-1,2026-09-08,39,2026-09-08T18:30:00Z,II,Generation,30.177
T_DUNGW-1,DUNGW-1,2026-09-08,40,2026-09-08T19:00:00Z,II,Generation,25.948
T_DUNGW-1,DUNGW-1,2026-09-08,41,2026-09-08T19:30:00Z,II,Generation,27.078
T_DUNGW-1,DUNGW-1,2026-09-08,42,2026-09-08T20:00:00Z,II,Generation,23.817
T_DUNGW-1,DUNGW-1,2026-09-08,43,2026-09-08T20:30:00Z,II,Generation,23.881
T_DUNGW-1,DUNGW-1,2026-09-08,44,2026-09-08T21:00:00Z,II,Generation,18.334
T_DUNGW-1,DUNGW-1,2026-09-08,45,2026-09-08T21:30:00Z,II,Generation,20.739
T_DUNGW-1,DUNGW-1,2026-09-08,46,2026-09-08T22:00:00Z,II,Generation,21.190
T_DUNGW-1,DUNGW-1,2026-09-08,47,2026-09-08T22:30:00Z,II,Generation,18.650
T_DUNGW-1,DUNGW-1,2026-09-08,48,2026-09-08T23:00:00Z,II,Generation,11.636
T_DWEXW-1,DWEXW-1,2026-09-08,1,2026-09-07T23:30:00Z,II,Generation,28.855
T_DWEXW-1,DWEXW-1,2026-09-08,2,2026-09-08T00:00:00Z,II,Generation,29.215
T_DWEXW-1,DWEXW-1,2026-09-08,3,2026-09-08T00:30:00Z,II,Generation,29.121
T_DWEXW-1,DWEXW-1,2026-09-08,4,2026-09-08T01:00:00Z,II,Generation,26.664
T_DWEXW-1,DWEXW-1,2026-09-08,5,2026-09-08T01:30:00Z,II,Generation,29.358
T_DWEXW-1,DWEXW-1,2026-09-08,6,2026-09-08T02:00:00Z,II,Generation,26.862
T_DWEXW-1,DWEXW-1,2026-09-08,7,2026-09-08T02:30:00Z,II,Generation,28.670
T_DWEXW-1,DWEXW-1,2026-09-08,8,2026-09-08T03:00:00Z,II,Generation,27.741
T_DWEXW-1,DWEXW-1,2026-09-08,9,2026-09-08T03:30:00Z,II,Generation,28.378
T_DWEXW-1,DWEXW-1,2026-09-08,10,2026-09-08T04:00:00Z,II,Generation,26.102
T_DWEXW-1,DWEXW-1,2026-09-08,11,2026-09-08T04:30:00Z,II,Generation,25.051
T_DWEXW-1,DWEXW-1,2026-09-08,12,2026-09-08T05:00:00Z,II,Generation,21.831
T_DWEXW-1,DWEXW-1,2026-09-08,13,2026-09-08T05:30:00Z,II,Generation,25.142
T_DWEXW-1,DWEXW-1,2026-09-08,14,2026-09-08T06:00:00Z,II,Generation,28.966
T_DWEXW-1,DWEXW-1,2026-09-08,15,2026-09-08T06:30:00Z,II,Generation,25.405
T_DWEXW-1,DWEXW-1,2026-09-08,16,2026-09-08T07:00:00Z,II,Generation,27.103
T_DWEXW-1,DWEXW-1,2026-09-08,17,2026-09-08T07:30:00Z,II,Generation,30.290
T_DWEXW-1,DWEXW-1,2026-09-08,18,2026-09-08T08:00:00Z,II,Generation,29.885
T_DWEXW-1,DWEXW-1,2026-09-08,19,2026-09-08T08:30:00Z,II,Generation,27.655
T_DWEXW-1,DWEXW-1,2026-09-08,20,2026-09-08T09:00:00Z,II,Generation,25.801
T_DWEXW-1,DWEXW-1,2026-09-08,21,2026-09-08T09:30:00Z,II,Generation,20.647
T_DWEXW-1,DWEXW-1,2026-09-08,22,2026-09-08T10:00:00Z,II,Generation,24.617
T_DWEXW-1,DWEXW-1,2026-09-08,23,2026-09-08T10:30:00Z,II,Generation,23.620
T_DWEXW-1,DWEXW-1,2026-09-08,24,2026-09-08T11:00:00Z,II,Generation,27.172
T_DWEXW-1,DWEXW-1,2026-09-08,25,2026-09-08T11:30:00Z,II,Generation,27.233
T_DWEXW-1,DWEXW-1,2026-09-08,26,2026-09-08T12:00:00Z,II,Generation,30.979
T_DWEXW-1,DWEXW-1,2026-09-08,27,2026-09-08T12:30:00Z,II,Generation,30.754
T_DWEXW-1,DWEXW-1,2026-09-08,28,2026-09-08T13:00:00Z,II,Generation,31.898
T_DWEXW-1,DWEXW-1,2026-09-08,29,2026-09-08T13:30:00Z,II,Generation,30.713
T_DWEXW-1,DWEXW-1,2026-09-08,30,2026-09-08T14:00:00Z,II,Generation,29.588
T_DWEXW-1,DWEXW-1,2026-09-08,31,2026-09-08T14:30:00Z,II,Generation,29.613
T_DWEXW-1,DWEXW-1,2026-09-08,32,2026-09-08T15:00:00Z,II,Generation,31.776
T_DWEXW-1,DWEXW-1,2026-09-08,33,2026-09-08T15:30:00Z,II,Generation,31.691
T_DWEXW-1,DWEXW-1,2026-09-08,34,2026-09-08T16:00:00Z,II,Generation,31.455
T_DWEXW-1,DWEXW-1,2026-09-08,35,2026-09-08T16:30:00Z,II,Generation,30.403
T_DWEXW-1,DWEXW-1,2026-09-08,36,2026-09-08T17:00:00Z,II,Generation,30.444
T_DWEXW-1,DWEXW-1,2026-09-08,37,2026-09-08T17:30:00Z,II,Generation,31.319
T_DWEXW-1,DWEXW-1,2026-09-08,38,2026-09-08T18:00:00Z,II,Generation,31.447
T_DWEXW-1,DWEXW-1,2026-09-08,39,2026-09-08T18:30:00Z,II,Generation,31.426
T_DWEXW-1,DWEXW-1,2026-09-08,40,2026-09-08T19:00:00Z,II,Generation,30.897
T_DWEXW-1,DWEXW-1,2026-09-08,41,2026-09-08T19:30:00Z,II,Generation,28.285
T_DWEXW-1,DWEXW-1,2026-09-08,42,2026-09-08T20:00:00Z,II,Generation,23.504
T_DWEXW-1,DWEXW-1,2026-09-08,43,2026-09-08T20:30:00Z,II,Generation,27.390
T_DWEXW-1,DWEXW-1,2026-09-08,44,2026-09-08T21:00:00Z,II,Generation,22.626
T_DWEXW-1,DWEXW-1,2026-09-08,45,2026-09-08T21:30:00Z,II,Generation,21.939
T_DWEXW-1,DWEXW-1,2026-09-08,46,2026-09-08T22:00:00Z,II,Generation,24.807
T_DWEXW-1,DWEXW-1,2026-09-08,47,2026-09-08T22:30:00Z,II,Generation,21.253
T_DWEXW-1,DWEXW-1,2026-09-08,48,2026-09-08T23:00:00Z,II,Generation,18.693
T_EAAO-1,EAAO-1,2026-09-08,1,2026-09-07T23:30:00Z,II,Generation,49.584
T_EAAO-1,EAAO-1,2026-09-08,2,2026-09-08T00:00:00Z,II,Generation,38.166
T_EAAO-1,EAAO-1,2026-09-08,3,2026-09-08T00:30:00Z,II,Generation,41.526
T_EAAO-1,EAAO-1,2026-09-08,4,2026-09-08T01:00:00Z,II,Generation,36.316
T_EAAO-1,EAAO-1,2026-09-08,5,2026-09-08T01:30:00Z,II,Generation,88.144
T_EAAO-1,EAAO-1,2026-09-08,6,2026-09-08T02:00:00Z,II,Generation,98.265
T_EAAO-1,EAAO-1,2026-09-08,7,2026-09-08T02:30:00Z,II,Generation,90.129
T_EAAO-1,EAAO-1,2026-09-08,8,2026-09-08T03:00:00Z,II,Generation,88.867
T_EAAO-1,EAAO-1,2026-09-08,9,2026-09-08T03:30:00Z,II,Generation,110.809
T_EAAO-1,EAAO-1,2026-09-08,10,2026-09-08T04:00:00Z,II,Generation,115.973
T_EAAO-1,EAAO-1,2026-09-08,11,2026-09-08T04:30:00Z,II,Generation,127.028
T_EAAO-1,EAAO-1,2026-09-08,12,2026-09-08T05:00:00Z,II,Generation,130.286
T_EAAO-1,EAAO-1,2026-09-08,13,2026-09-08T05:30:00Z,II,Generation,109.757
T_EAAO-1,EAAO-1,2026-09-08,14,2026-09-08T06:00:00Z,II,Generation,95.130
T_EAAO-1,EAAO-1,2026-09-08,15,2026-09-08T06:30:00Z,II,Generation,111.150
T_EAAO-1,EAAO-1,2026-09-08,16,2026-09-08T07:00:00Z,II,Generation,116.851
T_EAAO-1,EAAO-1,2026-09-08,17,2026-09-08T07:30:00Z,II,Generation,92.318
T_EAAO-1,EAAO-1,2026-09-08,18,2026-09-08T08:00:00Z,II,Generation,70.872
T_EAAO-1,EAAO-1,2026-09-08,19,2026-09-08T08:30:00Z,II,Generation,66.354
T_EAAO-1,EAAO-1,2026-09-08,20,2026-09-08T09:00:00Z,II,Generation,63.071
T_EAAO-1,EAAO-1,2026-09-08,21,2026-09-08T09:30:00Z,II,Generation,53.626
T_EAAO-1,EAAO-1,2026-09-08,22,2026-09-08T10:00:00Z,II,Generation,65.674
T_EAAO-1,EAAO-1,2026-09-08,23,2026-09-08T10:30:00Z,II,Generation,76.294
T_EAAO-1,EAAO-1,2026-09-08,24,2026-09-08T11:00:00Z,II,Generation,76.470
T_EAAO-1,EAAO-1,2026-09-08,25,2026-09-08T11:30:00Z,II,Generation,51.160
T_EAAO-1,EAAO-1,2026-09-08,26,2026-09-08T12:00:00Z,II,Generation,42.181
T_EAAO-1,EAAO-1,2026-09-08,27,2026-09-08T12:30:00Z,II,Generation,52.574
T_EAAO-1,EAAO-1,2026-09-08,28,2026-09-08T13:00:00Z,II,Generation,65.326
T_EAAO-1,EAAO-1,2026-09-08,29,2026-09-08T13:30:00Z,II,Generation,30.391
T_EAAO-1,EAAO-1,2026-09-08,30,2026-09-08T14:00:00Z,II,Generation,30.015
T_EAAO-1,EAAO-1,2026-09-08,31,2026-09-08T14:30:00Z,II,Generation,21.354
T_EAAO-1,EAAO-1,2026-09-08,32,2026-09-08T15:00:00Z,II,Generation,17.869
T_EAAO-1,EAAO-1,2026-09-08,33,2026-09-08T15:30:00Z,II,Generation,6.850
T_EAAO-1,EAAO-1,2026-09-08,34,2026-09-08T16:00:00Z,II,Generation,36.411
T_EAAO-1,EAAO-1,2026-09-08,35,2026-09-08T16:30:00Z,II,Generation,79.569
T_EAAO-1,EAAO-1,2026-09-08,36,2026-09-08T17:00:00Z,II,Generation,156.755
T_EAAO-1,EAAO-1,2026-09-08,37,2026-09-08T17:30:00Z,II,Generation,165.084
T_EAAO-1,EAAO-1,2026-09-08,38,2026-09-08T18:00:00Z,II,Generation,160.226
T_EAAO-1,EAAO-1,2026-09-08,39,2026-09-08T18:30:00Z,II,Generation,150.888
T_EAAO-1,EAAO-1,2026-09-08,40,2026-09-08T19:00:00Z,II,Generation,151.629
T_EAAO-1,EAAO-1,2026-09-08,41,2026-09-08T19:30:00Z,II,Generation,158.417
T_EAAO-1,EAAO-1,2026-09-08,42,2026-09-08T20:00:00Z,II,Generation,159.366
T_EAAO-1,EAAO-1,2026-09-08,43,2026-09-08T20:30:00Z,II,Generation,165.587
T_EAAO-1,EAAO-1,2026-09-08,44,2026-09-08T21:00:00Z,II,Generation,166.243
T_EAAO-1,EAAO-1,2026-09-08,45,2026-09-08T21:30:00Z,II,Generation,166.218
T_EAAO-1,EAAO-1,2026-09-08,46,2026-09-08T22:00:00Z,II,Generation,166.220
T_EAAO-1,EAAO-1,2026-09-08,47,2026-09-08T22:30:00Z,II,Generation,166.011
T_EAAO-1,EAAO-1,2026-09-08,48,2026-09-08T23:00:00Z,II,Generation,166.141
T_EAAO-2,EAAO-2,2026-09-08,1,2026-09-07T23:30:00Z,II,Generation,59.424
T_EAAO-2,EAAO-2,2026-09-08,2,2026-09-08T00:00:00Z,II,Generation,41.592
T_EAAO-2,EAAO-2,2026-09-08,3,2026-09-08T00:30:00Z,II,Generation,47.128
T_EAAO-2,EAAO-2,2026-09-08,4,2026-09-08T01:00:00Z,II,Generation,44.030
T_EAAO-2,EAAO-2,2026-09-08,5,2026-09-08T01:30:00Z,II,Generation,108.029
T_EAAO-2,EAAO-2,2026-09-08,6,2026-09-08T02:00:00Z,II,Generation,111.166
T_EAAO-2,EAAO-2,2026-09-08,7,2026-09-08T02:30:00Z,II,Generation,103.478
T_EAAO-2,EAAO-2,2026-09-08,8,2026-09-08T03:00:00Z,II,Generation,102.362
T_EAAO-2,EAAO-2,2026-09-08,9,2026-09-08T03:30:00Z,II,Generation,125.284
T_EAAO-2,EAAO-2,2026-09-08,10,2026-09-08T04:00:00Z,II,Generation,132.229
T_EAAO-2,EAAO-2,2026-09-08,11,2026-09-08T04:30:00Z,II,Generation,138.262
T_EAAO-2,EAAO-2,2026-09-08,12,2026-09-08T05:00:00Z,II,Generation,130.741
T_EAAO-2,EAAO-2,2026-09-08,13,2026-09-08T05:30:00Z,II,Generation,124.416
T_EAAO-2,EAAO-2,2026-09-08,14,2026-09-08T06:00:00Z,II,Generation,106.134
T_EAAO-2,EAAO-2,2026-09-08,15,2026-09-08T06:30:00Z,II,Generation,125.485
T_EAAO-2,EAAO-2,2026-09-08,16,2026-09-08T07:00:00Z,II,Generation,123.824
T_EAAO-2,EAAO-2,2026-09-08,17,2026-09-08T07:30:00Z,II,Generation,96.095
T_EAAO-2,EAAO-2,2026-09-08,18,2026-09-08T08:00:00Z,II,Generation,77.817
T_EAAO-2,EAAO-2,2026-09-08,19,2026-09-08T08:30:00Z,II,Generation,76.279
T_EAAO-2,EAAO-2,2026-09-08,20,2026-09-08T09:00:00Z,II,Generation,70.617
T_EAAO-2,EAAO-2,2026-09-08,21,2026-09-08T09:30:00Z,II,Generation,65.768
T_EAAO-2,EAAO-2,2026-09-08,22,2026-09-08T10:00:00Z,II,Generation,73.472
T_EAAO-2,EAAO-2,2026-09-08,23,2026-09-08T10:30:00Z,II,Generation,100.486
T_EAAO-2,EAAO-2,2026-09-08,24,2026-09-08T11:00:00Z,II,Generation,84.031
T_EAAO-2,EAAO-2,2026-09-08,25,2026-09-08T11:30:00Z,II,Generation,57.131
T_EAAO-2,EAAO-2,2026-09-08,26,2026-09-08T12:00:00Z,II,Generation,49.927
T_EAAO-2,EAAO-2,2026-09-08,27,2026-09-08T12:30:00Z,II,Generation,68.487
T_EAAO-2,EAAO-2,2026-09-08,28,2026-09-08T13:00:00Z,II,Generation,70.821
T_EAAO-2,EAAO-2,2026-09-08,29,2026-09-08T13:30:00Z,II,Generation,36.370
T_EAAO-2,EAAO-2,2026-09-08,30,2026-09-08T14:00:00Z,II,Generation,27.972
T_EAAO-2,EAAO-2,2026-09-08,31,2026-09-08T14:30:00Z,II,Generation,29.243
T_EAAO-2,EAAO-2,2026-09-08,32,2026-09-08T15:00:00Z,II,Generation,15.757
T_EAAO-2,EAAO-2,2026-09-08,33,2026-09-08T15:30:00Z,II,Generation,12.532
T_EAAO-2,EAAO-2,2026-09-08,34,2026-09-08T16:00:00Z,II,Generation,46.782
T_EAAO-2,EAAO-2,2026-09-08,35,2026-09-08T16:30:00Z,II,Generation,103.601
T_EAAO-2,EAAO-2,2026-09-08,36,2026-09-08T17:00:00Z,II,Generation,163.707
T_EAAO-2,EAAO-2,2026-09-08,37,2026-09-08T17:30:00Z,II,Generation,170.012
T_EAAO-2,EAAO-2,2026-09-08,38,2026-09-08T18:00:00Z,II,Generation,165.287
T_EAAO-2,EAAO-2,2026-09-08,39,2026-09-08T18:30:00Z,II,Generation,162.578
T_EAAO-2,EAAO-2,2026-09-08,40,2026-09-08T19:00:00Z,II,Generation,167.088
T_EAAO-2,EAAO-2,2026-09-08,41,2026-09-08T19:30:00Z,II,Generation,169.840
T_EAAO-2,EAAO-2,2026-09-08,42,2026-09-08T20:00:00Z,II,Generation,169.668
T_EAAO-2,EAAO-2,2026-09-08,43,2026-09-08T20:30:00Z,II,Generation,170.486
T_EAAO-2,EAAO-2,2026-09-08,44,2026-09-08T21:00:00Z,II,Generation,170.558
T_EAAO-2,EAAO-2,2026-09-08,45,2026-09-08T21:30:00Z,II,Generation,170.592
T_EAAO-2,EAAO-2,2026-09-08,46,2026-09-08T22:00:00Z,II,Generation,170.541
T_EAAO-2,EAAO-2,2026-09-08,47,2026-09-08T22:30:00Z,II,Generation,170.598
T_EAAO-2,EAAO-2,2026-09-08,48,2026-09-08T23:00:00Z,II,Generation,170.565
T_EDINW-1,EDINW-1,2026-09-08,1,2026-09-07T23:30:00Z,II,Generation,0.000
T_EDINW-1,EDINW-1,2026-09-08,2,2026-09-08T00:00:00Z,II,Generation,0.000
T_EDINW-1,EDINW-1,2026-09-08,3,2026-09-08T00:30:00Z,II,Generation,0.000
T_EDINW-1,EDINW-1,2026-09-08,4,2026-09-08T01:00:00Z,II,Generation,0.000
T_EDINW-1,EDINW-1,2026-09-08,5,2026-09-08T01:30:00Z,II,Generation,0.000
T_EDINW-1,EDINW-1,2026-09-08,6,2026-09-08T02:00:00Z,II,Generation,0.000
T_EDINW-1,EDINW-1,2026-09-08,7,2026-09-08T02:30:00Z,II,Generation,0.000
T_EDINW-1,EDINW-1,2026-09-08,8,2026-09-08T03:00:00Z,II,Generation,0.000
T_EDINW-1,EDINW-1,2026-09-08,9,2026-09-08T03:30:00Z,II,Generation,0.000
T_EDINW-1,EDINW-1,2026-09-08,10,2026-09-08T04:00:00Z,II,Generation,0.000
T_EDINW-1,EDINW-1,2026-09-08,11,2026-09-08T04:30:00Z,II,Generation,0.000
T_EDINW-1,EDINW-1,2026-09-08,12,2026-09-08T05:00:00Z,II,Generation,0.000
T_EDINW-1,EDINW-1,2026-09-08,13,2026-09-08T05:30:00Z,II,Generation,0.000
T_EDINW-1,EDINW-1,2026-09-08,14,2026-09-08T06:00:00Z,II,Generation,0.000
T_EDINW-1,EDINW-1,2026-09-08,15,2026-09-08T06:30:00Z,II,Generation,0.000
T_EDINW-1,EDINW-1,2026-09-08,16,2026-09-08T07:00:00Z,II,Generation,0.000
T_EDINW-1,EDINW-1,2026-09-08,17,2026-09-08T07:30:00Z,II,Generation,0.000
T_EDINW-1,EDINW-1,2026-09-08,18,2026-09-08T08:00:00Z,II,Generation,0.000
T_EDINW-1,EDINW-1,2026-09-08,19,2026-09-08T08:30:00Z,II,Generation,0.000
T_EDINW-1,EDINW-1,2026-09-08,20,2026-09-08T09:00:00Z,II,Generation,0.000
T_EDINW-1,EDINW-1,2026-09-08,21,2026-09-08T09:30:00Z,II,Generation,0.000
T_EDINW-1,EDINW-1,2026-09-08,22,2026-09-08T10:00:00Z,II,Generation,0.000
T_EDINW-1,EDINW-1,2026-09-08,23,2026-09-08T10:30:00Z,II,Generation,0.000
T_EDINW-1,EDINW-1,2026-09-08,24,2026-09-08T11:00:00Z,II,Generation,0.000
T_EDINW-1,EDINW-1,2026-09-08,25,2026-09-08T11:30:00Z,II,Generation,0.000
T_EDINW-1,EDINW-1,2026-09-08,26,2026-09-08T12:00:00Z,II,Generation,0.000
T_EDINW-1,EDINW-1,2026-09-08,27,2026-09-08T12:30:00Z,II,Generation,0.000
T_EDINW-1,EDINW-1,2026-09-08,28,2026-09-08T13:00:00Z,II,Generation,0.000
T_EDINW-1,EDINW-1,2026-09-08,29,2026-09-08T13:30:00Z,II,Generation,0.000
T_EDINW-1,EDINW-1,2026-09-08,30,2026-09-08T14:00:00Z,II,Generation,0.000
T_EDINW-1,EDINW-1,2026-09-08,31,2026-09-08T14:30:00Z,II,Generation,0.000
T_EDINW-1,EDINW-1,2026-09-08,32,2026-09-08T15:00:00Z,II,Generation,0.000
T_EDINW-1,EDINW-1,2026-09-08,33,2026-09-08T15:30:00Z,II,Generation,0.000
T_EDINW-1,EDINW-1,2026-09-08,34,2026-09-08T16:00:00Z,II,Generation,0.000
T_EDINW-1,EDINW-1,2026-09-08,35,2026-09-08T16:30:00Z,II,Generation,0.000
T_EDINW-1,EDINW-1,2026-09-08,36,2026-09-08T17:00:00Z,II,Generation,0.000
T_EDINW-1,EDINW-1,2026-09-08,37,2026-09-08T17:30:00Z,II,Generation,0.000
T_EDINW-1,EDINW-1,2026-09-08,38,2026-09-08T18:00:00Z,II,Generation,0.000
T_EDINW-1,EDINW-1,2026-09-08,39,2026-09-08T18:30:00Z,II,Generation,0.000
T_EDINW-1,EDINW-1,2026-09-08,40,2026-09-08T19:00:00Z,II,Generation,0.000
T_EDINW-1,EDINW-1,2026-09-08,41,2026-09-08T19:30:00Z,II,Generation,0.000
T_EDINW-1,EDINW-1,2026-09-08,42,2026-09-08T20:00:00Z,II,Generation,0.000
T_EDINW-1,EDINW-1,2026-09-08,43,2026-09-08T20:30:00Z,II,Generation,0.000
T_EDINW-1,EDINW-1,2026-09-08,44,2026-09-08T21:00:00Z,II,Generation,0.000
T_EDINW-1,EDINW-1,2026-09-08,45,2026-09-08T21:30:00Z,II,Generation,0.000
T_EDINW-1,EDINW-1,2026-09-08,46,2026-09-08T22:00:00Z,II,Generation,0.000
T_EDINW-1,EDINW-1,2026-09-08,47,2026-09-08T22:30:00Z,II,Generation,0.000
T_EDINW-1,EDINW-1,2026-09-08,48,2026-09-08T23:00:00Z,II,Generation,0.000
T_ENHLW-1,ENHLW-1,2026-09-08,1,2026-09-07T23:30:00Z,II,Generation,29.970
T_ENHLW-1,ENHLW-1,2026-09-08,2,2026-09-08T00:00:00Z,II,Generation,31.192
T_ENHLW-1,ENHLW-1,2026-09-08,3,2026-09-08T00:30:00Z,II,Generation,29.915
T_ENHLW-1,ENHLW-1,2026-09-08,4,2026-09-08T01:00:00Z,II,Generation,26.475
T_ENHLW-1,ENHLW-1,2026-09-08,5,2026-09-08T01:30:00Z,II,Generation,26.674
T_ENHLW-1,ENHLW-1,2026-09-08,6,2026-09-08T02:00:00Z,II,Generation,29.844
T_ENHLW-1,ENHLW-1,2026-09-08,7,2026-09-08T02:30:00Z,II,Generation,28.720
T_ENHLW-1,ENHLW-1,2026-09-08,8,2026-09-08T03:00:00Z,II,Generation,27.113
T_ENHLW-1,ENHLW-1,2026-09-08,9,2026-09-08T03:30:00Z,II,Generation,29.192
T_ENHLW-1,ENHLW-1,2026-09-08,10,2026-09-08T04:00:00Z,II,Generation,31.099
T_ENHLW-1,ENHLW-1,2026-09-08,11,2026-09-08T04:30:00Z,II,Generation,29.913
T_ENHLW-1,ENHLW-1,2026-09-08,12,2026-09-08T05:00:00Z,II,Generation,29.026
T_ENHLW-1,ENHLW-1,2026-09-08,13,2026-09-08T05:30:00Z,II,Generation,31.522
T_ENHLW-1,ENHLW-1,2026-09-08,14,2026-09-08T06:00:00Z,II,Generation,31.757
T_ENHLW-1,ENHLW-1,2026-09-08,15,2026-09-08T06:30:00Z,II,Generation,30.228
T_ENHLW-1,ENHLW-1,2026-09-08,16,2026-09-08T07:00:00Z,II,Generation,29.528
T_ENHLW-1,ENHLW-1,2026-09-08,17,2026-09-08T07:30:00Z,II,Generation,28.462
T_ENHLW-1,ENHLW-1,2026-09-08,18,2026-09-08T08:00:00Z,II,Generation,26.888
T_ENHLW-1,ENHLW-1,2026-09-08,19,2026-09-08T08:30:00Z,II,Generation,27.236
T_ENHLW-1,ENHLW-1,2026-09-08,20,2026-09-08T09:00:00Z,II,Generation,21.540
T_ENHLW-1,ENHLW-1,2026-09-08,21,2026-09-08T09:30:00Z,II,Generation,20.230
T_ENHLW-1,ENHLW-1,2026-09-08,22,2026-09-08T10:00:00Z,II,Generation,19.293
T_ENHLW-1,ENHLW-1,2026-09-08,23,2026-09-08T10:30:00Z,II,Generation,19.904
T_ENHLW-1,ENHLW-1,2026-09-08,24,2026-09-08T11:00:00Z,II,Generation,23.790
T_ENHLW-1,ENHLW-1,2026-09-08,25,2026-09-08T11:30:00Z,II,Generation,24.588
T_ENHLW-1,ENHLW-1,2026-09-08,26,2026-09-08T12:00:00Z,II,Generation,22.881
T_ENHLW-1,ENHLW-1,2026-09-08,27,2026-09-08T12:30:00Z,II,Generation,25.979
T_ENHLW-1,ENHLW-1,2026-09-08,28,2026-09-08T13:00:00Z,II,Generation,28.059
T_ENHLW-1,ENHLW-1,2026-09-08,29,2026-09-08T13:30:00Z,II,Generation,27.273
T_ENHLW-1,ENHLW-1,2026-09-08,30,2026-09-08T14:00:00Z,II,Generation,25.617
T_ENHLW-1,ENHLW-1,2026-09-08,31,2026-09-08T14:30:00Z,II,Generation,25.024
T_ENHLW-1,ENHLW-1,2026-09-08,32,2026-09-08T15:00:00Z,II,Generation,26.403
T_ENHLW-1,ENHLW-1,2026-09-08,33,2026-09-08T15:30:00Z,II,Generation,28.824
T_ENHLW-1,ENHLW-1,2026-09-08,34,2026-09-08T16:00:00Z,II,Generation,29.008
T_ENHLW-1,ENHLW-1,2026-09-08,35,2026-09-08T16:30:00Z,II,Generation,27.708
T_ENHLW-1,ENHLW-1,2026-09-08,36,2026-09-08T17:00:00Z,II,Generation,28.292
T_ENHLW-1,ENHLW-1,2026-09-08,37,2026-09-08T17:30:00Z,II,Generation,28.861
T_ENHLW-1,ENHLW-1,2026-09-08,38,2026-09-08T18:00:00Z,II,Generation,29.852
T_ENHLW-1,ENHLW-1,2026-09-08,39,2026-09-08T18:30:00Z,II,Generation,29.214
T_ENHLW-1,ENHLW-1,2026-09-08,40,2026-09-08T19:00:00Z,II,Generation,29.941
T_ENHLW-1,ENHLW-1,2026-09-08,41,2026-09-08T19:30:00Z,II,Generation,29.347
T_ENHLW-1,ENHLW-1,2026-09-08,42,2026-09-08T20:00:00Z,II,Generation,27.711
T_ENHLW-1,ENHLW-1,2026-09-08,43,2026-09-08T20:30:00Z,II,Generation,29.001
T_ENHLW-1,ENHLW-1,2026-09-08,44,2026-09-08T21:00:00Z,II,Generation,23.996
T_ENHLW-1,ENHLW-1,2026-09-08,45,2026-09-08T21:30:00Z,II,Generation,24.874
T_ENHLW-1,ENHLW-1,2026-09-08,46,2026-09-08T22:00:00Z,II,Generation,24.299
T_ENHLW-1,ENHLW-1,2026-09-08,47,2026-09-08T22:30:00Z,II,Generation,20.405
T_ENHLW-1,ENHLW-1,2026-09-08,48,2026-09-08T23:00:00Z,II,Generation,21.299
T_EWHLW-1,EWHLW-1,2026-09-08,1,2026-09-07T23:30:00Z,II,Generation,10.446
T_EWHLW-1,EWHLW-1,2026-09-08,2,2026-09-08T00:00:00Z,II,Generation,12.779
T_EWHLW-1,EWHLW-1,2026-09-08,3,2026-09-08T00:30:00Z,II,Generation,16.469
T_EWHLW-1,EWHLW-1,2026-09-08,4,2026-09-08T01:00:00Z,II,Generation,17.230
T_EWHLW-1,EWHLW-1,2026-09-08,5,2026-09-08T01:30:00Z,II,Generation,11.346
T_EWHLW-1,EWHLW-1,2026-09-08,6,2026-09-08T02:00:00Z,II,Generation,12.633
T_EWHLW-1,EWHLW-1,2026-09-08,7,2026-09-08T02:30:00Z,II,Generation,11.868
T_EWHLW-1,EWHLW-1,2026-09-08,8,2026-09-08T03:00:00Z,II,Generation,10.221
T_EWHLW-1,EWHLW-1,2026-09-08,9,2026-09-08T03:30:00Z,II,Generation,13.319
T_EWHLW-1,EWHLW-1,2026-09-08,10,2026-09-08T04:00:00Z,II,Generation,14.108
T_EWHLW-1,EWHLW-1,2026-09-08,11,2026-09-08T04:30:00Z,II,Generation,14.384
T_EWHLW-1,EWHLW-1,2026-09-08,12,2026-09-08T05:00:00Z,II,Generation,12.044
T_EWHLW-1,EWHLW-1,2026-09-08,13,2026-09-08T05:30:00Z,II,Generation,10.652
T_EWHLW-1,EWHLW-1,2026-09-08,14,2026-09-08T06:00:00Z,II,Generation,11.754
T_EWHLW-1,EWHLW-1,2026-09-08,15,2026-09-08T06:30:00Z,II,Generation,10.306
T_EWHLW-1,EWHLW-1,2026-09-08,16,2026-09-08T07:00:00Z,II,Generation,12.905
T_EWHLW-1,EWHLW-1,2026-09-08,17,2026-09-08T07:30:00Z,II,Generation,12.549
T_EWHLW-1,EWHLW-1,2026-09-08,18,2026-09-08T08:00:00Z,II,Generation,12.403
T_EWHLW-1,EWHLW-1,2026-09-08,19,2026-09-08T08:30:00Z,II,Generation,12.283
T_EWHLW-1,EWHLW-1,2026-09-08,20,2026-09-08T09:00:00Z,II,Generation,11.063
T_EWHLW-1,EWHLW-1,2026-09-08,21,2026-09-08T09:30:00Z,II,Generation,14.257
T_EWHLW-1,EWHLW-1,2026-09-08,22,2026-09-08T10:00:00Z,II,Generation,15.180
T_EWHLW-1,EWHLW-1,2026-09-08,23,2026-09-08T10:30:00Z,II,Generation,13.074
T_EWHLW-1,EWHLW-1,2026-09-08,24,2026-09-08T11:00:00Z,II,Generation,9.061
T_EWHLW-1,EWHLW-1,2026-09-08,25,2026-09-08T11:30:00Z,II,Generation,1.004
T_EWHLW-1,EWHLW-1,2026-09-08,26,2026-09-08T12:00:00Z,II,Generation,0.000
T_EWHLW-1,EWHLW-1,2026-09-08,27,2026-09-08T12:30:00Z,II,Generation,0.000
T_EWHLW-1,EWHLW-1,2026-09-08,28,2026-09-08T13:00:00Z,II,Generation,0.011
T_EWHLW-1,EWHLW-1,2026-09-08,29,2026-09-08T13:30:00Z,II,Generation,0.018
T_EWHLW-1,EWHLW-1,2026-09-08,30,2026-09-08T14:00:00Z,II,Generation,0.010
T_EWHLW-1,EWHLW-1,2026-09-08,31,2026-09-08T14:30:00Z,II,Generation,-0.001
T_EWHLW-1,EWHLW-1,2026-09-08,32,2026-09-08T15:00:00Z,II,Generation,0.008
T_EWHLW-1,EWHLW-1,2026-09-08,33,2026-09-08T15:30:00Z,II,Generation,0.019
T_EWHLW-1,EWHLW-1,2026-09-08,34,2026-09-08T16:00:00Z,II,Generation,0.009
T_EWHLW-1,EWHLW-1,2026-09-08,35,2026-09-08T16:30:00Z,II,Generation,0.007
T_EWHLW-1,EWHLW-1,2026-09-08,36,2026-09-08T17:00:00Z,II,Generation,0.007
T_EWHLW-1,EWHLW-1,2026-09-08,37,2026-09-08T17:30:00Z,II,Generation,0.015
T_EWHLW-1,EWHLW-1,2026-09-08,38,2026-09-08T18:00:00Z,II,Generation,0.025
T_EWHLW-1,EWHLW-1,2026-09-08,39,2026-09-08T18:30:00Z,II,Generation,0.014
T_EWHLW-1,EWHLW-1,2026-09-08,40,2026-09-08T19:00:00Z,II,Generation,0.010
T_EWHLW-1,EWHLW-1,2026-09-08,41,2026-09-08T19:30:00Z,II,Generation,0.009
T_EWHLW-1,EWHLW-1,2026-09-08,42,2026-09-08T20:00:00Z,II,Generation,0.014
T_EWHLW-1,EWHLW-1,2026-09-08,43,2026-09-08T20:30:00Z,II,Generation,0.022
T_EWHLW-1,EWHLW-1,2026-09-08,44,2026-09-08T21:00:00Z,II,Generation,0.017
T_EWHLW-1,EWHLW-1,2026-09-08,45,2026-09-08T21:30:00Z,II,Generation,4.307
T_EWHLW-1,EWHLW-1,2026-09-08,46,2026-09-08T22:00:00Z,II,Generation,3.201
T_EWHLW-1,EWHLW-1,2026-09-08,47,2026-09-08T22:30:00Z,II,Generation,7.138
T_EWHLW-1,EWHLW-1,2026-09-08,48,2026-09-08T23:00:00Z,II,Generation,7.300
T_FALGW-1,FALGW-1,2026-09-08,1,2026-09-07T23:30:00Z,II,Generation,0.000
T_FALGW-1,FALGW-1,2026-09-08,2,2026-09-08T00:00:00Z,II,Generation,0.000
T_FALGW-1,FALGW-1,2026-09-08,3,2026-09-08T00:30:00Z,II,Generation,0.000
T_FALGW-1,FALGW-1,2026-09-08,4,2026-09-08T01:00:00Z,II,Generation,0.000
T_FALGW-1,FALGW-1,2026-09-08,5,2026-09-08T01:30:00Z,II,Generation,0.000
T_FALGW-1,FALGW-1,2026-09-08,6,2026-09-08T02:00:00Z,II,Generation,0.000
T_FALGW-1,FALGW-1,2026-09-08,7,2026-09-08T02:30:00Z,II,Generation,0.000
T_FALGW-1,FALGW-1,2026-09-08,8,2026-09-08T03:00:00Z,II,Generation,0.000
T_FALGW-1,FALGW-1,2026-09-08,9,2026-09-08T03:30:00Z,II,Generation,0.000
T_FALGW-1,FALGW-1,2026-09-08,10,2026-09-08T04:00:00Z,II,Generation,0.000
T_FALGW-1,FALGW-1,2026-09-08,11,2026-09-08T04:30:00Z,II,Generation,0.000
T_FALGW-1,FALGW-1,2026-09-08,12,2026-09-08T05:00:00Z,II,Generation,0.000
T_FALGW-1,FALGW-1,2026-09-08,13,2026-09-08T05:30:00Z,II,Generation,0.000
T_FALGW-1,FALGW-1,2026-09-08,14,2026-09-08T06:00:00Z,II,Generation,0.000
T_FALGW-1,FALGW-1,2026-09-08,15,2026-09-08T06:30:00Z,II,Generation,0.000
T_FALGW-1,FALGW-1,2026-09-08,16,2026-09-08T07:00:00Z,II,Generation,0.000
T_FALGW-1,FALGW-1,2026-09-08,17,2026-09-08T07:30:00Z,II,Generation,0.000
T_FALGW-1,FALGW-1,2026-09-08,18,2026-09-08T08:00:00Z,II,Generation,0.000
T_FALGW-1,FALGW-1,2026-09-08,19,2026-09-08T08:30:00Z,II,Generation,0.000
T_FALGW-1,FALGW-1,2026-09-08,20,2026-09-08T09:00:00Z,II,Generation,0.000
T_FALGW-1,FALGW-1,2026-09-08,21,2026-09-08T09:30:00Z,II,Generation,0.000
T_FALGW-1,FALGW-1,2026-09-08,22,2026-09-08T10:00:00Z,II,Generation,0.000
T_FALGW-1,FALGW-1,2026-09-08,23,2026-09-08T10:30:00Z,II,Generation,0.000
T_FALGW-1,FALGW-1,2026-09-08,24,2026-09-08T11:00:00Z,II,Generation,0.000
T_FALGW-1,FALGW-1,2026-09-08,25,2026-09-08T11:30:00Z,II,Generation,0.000
T_FALGW-1,FALGW-1,2026-09-08,26,2026-09-08T12:00:00Z,II,Generation,0.000
T_FALGW-1,FALGW-1,2026-09-08,27,2026-09-08T12:30:00Z,II,Generation,0.000
T_FALGW-1,FALGW-1,2026-09-08,28,2026-09-08T13:00:00Z,II,Generation,0.000
T_FALGW-1,FALGW-1,2026-09-08,29,2026-09-08T13:30:00Z,II,Generation,0.000
T_FALGW-1,FALGW-1,2026-09-08,30,2026-09-08T14:00:00Z,II,Generation,0.000
T_FALGW-1,FALGW-1,2026-09-08,31,2026-09-08T14:30:00Z,II,Generation,0.000
T_FALGW-1,FALGW-1,2026-09-08,32,2026-09-08T15:00:00Z,II,Generation,0.000
T_FALGW-1,FALGW-1,2026-09-08,33,2026-09-08T15:30:00Z,II,Generation,0.000
T_FALGW-1,FALGW-1,2026-09-08,34,2026-09-08T16:00:00Z,II,Generation,0.000
T_FALGW-1,FALGW-1,2026-09-08,35,2026-09-08T16:30:00Z,II,Generation,0.000
T_FALGW-1,FALGW-1,2026-09-08,36,2026-09-08T17:00:00Z,II,Generation,0.000
T_FALGW-1,FALGW-1,2026-09-08,37,2026-09-08T17:30:00Z,II,Generation,0.000
T_FALGW-1,FALGW-1,2026-09-08,38,2026-09-08T18:00:00Z,II,Generation,0.000
T_FALGW-1,FALGW-1,2026-09-08,39,2026-09-08T18:30:00Z,II,Generation,0.000
T_FALGW-1,FALGW-1,2026-09-08,40,2026-09-08T19:00:00Z,II,Generation,0.000
T_FALGW-1,FALGW-1,2026-09-08,41,2026-09-08T19:30:00Z,II,Generation,0.000
T_FALGW-1,FALGW-1,2026-09-08,42,2026-09-08T20:00:00Z,II,Generation,0.000
T_FALGW-1,FALGW-1,2026-09-08,43,2026-09-08T20:30:00Z,II,Generation,0.000
T_FALGW-1,FALGW-1,2026-09-08,44,2026-09-08T21:00:00Z,II,Generation,0.000
T_FALGW-1,FALGW-1,2026-09-08,45,2026-09-08T21:30:00Z,II,Generation,0.000
T_FALGW-1,FALGW-1,2026-09-08,46,2026-09-08T22:00:00Z,II,Generation,0.000
T_FALGW-1,FALGW-1,2026-09-08,47,2026-09-08T22:30:00Z,II,Generation,0.000
T_FALGW-1,FALGW-1,2026-09-08,48,2026-09-08T23:00:00Z,II,Generation,0.000
T_FARR-1,FAARW-1,2026-09-08,1,2026-09-07T23:30:00Z,II,Generation,22.623
T_FARR-1,FAARW-1,2026-09-08,2,2026-09-08T00:00:00Z,II,Generation,21.626
T_FARR-1,FAARW-1,2026-09-08,3,2026-09-08T00:30:00Z,II,Generation,21.351
T_FARR-1,FAARW-1,2026-09-08,4,2026-09-08T01:00:00Z,II,Generation,21.410
T_FARR-1,FAARW-1,2026-09-08,5,2026-09-08T01:30:00Z,II,Generation,20.799
T_FARR-1,FAARW-1,2026-09-08,6,2026-09-08T02:00:00Z,II,Generation,21.979
T_FARR-1,FAARW-1,2026-09-08,7,2026-09-08T02:30:00Z,II,Generation,19.608
T_FARR-1,FAARW-1,2026-09-08,8,2026-09-08T03:00:00Z,II,Generation,21.292
T_FARR-1,FAARW-1,2026-09-08,9,2026-09-08T03:30:00Z,II,Generation,21.266
T_FARR-1,FAARW-1,2026-09-08,10,2026-09-08T04:00:00Z,II,Generation,21.283
T_FARR-1,FAARW-1,2026-09-08,11,2026-09-08T04:30:00Z,II,Generation,19.276
T_FARR-1,FAARW-1,2026-09-08,12,2026-09-08T05:00:00Z,II,Generation,18.334
T_FARR-1,FAARW-1,2026-09-08,13,2026-09-08T05:30:00Z,II,Generation,20.956
T_FARR-1,FAARW-1,2026-09-08,14,2026-09-08T06:00:00Z,II,Generation,21.452
T_FARR-1,FAARW-1,2026-09-08,15,2026-09-08T06:30:00Z,II,Generation,22.220
T_FARR-1,FAARW-1,2026-09-08,16,2026-09-08T07:00:00Z,II,Generation,22.577
T_FARR-1,FAARW-1,2026-09-08,17,2026-09-08T07:30:00Z,II,Generation,22.469
T_FARR-1,FAARW-1,2026-09-08,18,2026-09-08T08:00:00Z,II,Generation,21.602
T_FARR-1,FAARW-1,2026-09-08,19,2026-09-08T08:30:00Z,II,Generation,20.262
T_FARR-1,FAARW-1,2026-09-08,20,2026-09-08T09:00:00Z,II,Generation,20.756
T_FARR-1,FAARW-1,2026-09-08,21,2026-09-08T09:30:00Z,II,Generation,21.382
T_FARR-1,FAARW-1,2026-09-08,22,2026-09-08T10:00:00Z,II,Generation,11.030
T_FARR-1,FAARW-1,2026-09-08,23,2026-09-08T10:30:00Z,II,Generation,-0.070
T_FARR-1,FAARW-1,2026-09-08,24,2026-09-08T11:00:00Z,II,Generation,-0.071
T_FARR-1,FAARW-1,2026-09-08,25,2026-09-08T11:30:00Z,II,Generation,-0.070
T_FARR-1,FAARW-1,2026-09-08,26,2026-09-08T12:00:00Z,II,Generation,-0.073
T_FARR-1,FAARW-1,2026-09-08,27,2026-09-08T12:30:00Z,II,Generation,-0.069
T_FARR-1,FAARW-1,2026-09-08,28,2026-09-08T13:00:00Z,II,Generation,-0.070
T_FARR-1,FAARW-1,2026-09-08,29,2026-09-08T13:30:00Z,II,Generation,-0.069
T_FARR-1,FAARW-1,2026-09-08,30,2026-09-08T14:00:00Z,II,Generation,-0.070
T_FARR-1,FAARW-1,2026-09-08,31,2026-09-08T14:30:00Z,II,Generation,-0.069
T_FARR-1,FAARW-1,2026-09-08,32,2026-09-08T15:00:00Z,II,Generation,-0.069
T_FARR-1,FAARW-1,2026-09-08,33,2026-09-08T15:30:00Z,II,Generation,-0.068
T_FARR-1,FAARW-1,2026-09-08,34,2026-09-08T16:00:00Z,II,Generation,0.020
T_FARR-1,FAARW-1,2026-09-08,35,2026-09-08T16:30:00Z,II,Generation,0.273
T_FARR-1,FAARW-1,2026-09-08,36,2026-09-08T17:00:00Z,II,Generation,0.532
T_FARR-1,FAARW-1,2026-09-08,37,2026-09-08T17:30:00Z,II,Generation,0.195
T_FARR-1,FAARW-1,2026-09-08,38,2026-09-08T18:00:00Z,II,Generation,-0.069
T_FARR-1,FAARW-1,2026-09-08,39,2026-09-08T18:30:00Z,II,Generation,-0.069
T_FARR-1,FAARW-1,2026-09-08,40,2026-09-08T19:00:00Z,II,Generation,-0.067
T_FARR-1,FAARW-1,2026-09-08,41,2026-09-08T19:30:00Z,II,Generation,-0.068
T_FARR-1,FAARW-1,2026-09-08,42,2026-09-08T20:00:00Z,II,Generation,-0.067
T_FARR-1,FAARW-1,2026-09-08,43,2026-09-08T20:30:00Z,II,Generation,-0.064
T_FARR-1,FAARW-1,2026-09-08,44,2026-09-08T21:00:00Z,II,Generation,3.358
T_FARR-1,FAARW-1,2026-09-08,45,2026-09-08T21:30:00Z,II,Generation,3.496
T_FARR-1,FAARW-1,2026-09-08,46,2026-09-08T22:00:00Z,II,Generation,5.641
T_FARR-1,FAARW-1,2026-09-08,47,2026-09-08T22:30:00Z,II,Generation,2.036
T_FARR-1,FAARW-1,2026-09-08,48,2026-09-08T23:00:00Z,II,Generation,2.088
T_FARR-2,FAARW-2,2026-09-08,1,2026-09-07T23:30:00Z,II,Generation,20.475
T_FARR-2,FAARW-2,2026-09-08,2,2026-09-08T00:00:00Z,II,Generation,20.461
T_FARR-2,FAARW-2,2026-09-08,3,2026-09-08T00:30:00Z,II,Generation,20.328
T_FARR-2,FAARW-2,2026-09-08,4,2026-09-08T01:00:00Z,II,Generation,20.410
T_FARR-2,FAARW-2,2026-09-08,5,2026-09-08T01:30:00Z,II,Generation,19.449
T_FARR-2,FAARW-2,2026-09-08,6,2026-09-08T02:00:00Z,II,Generation,19.725
T_FARR-2,FAARW-2,2026-09-08,7,2026-09-08T02:30:00Z,II,Generation,19.362
T_FARR-2,FAARW-2,2026-09-08,8,2026-09-08T03:00:00Z,II,Generation,19.780
T_FARR-2,FAARW-2,2026-09-08,9,2026-09-08T03:30:00Z,II,Generation,21.574
T_FARR-2,FAARW-2,2026-09-08,10,2026-09-08T04:00:00Z,II,Generation,20.087
T_FARR-2,FAARW-2,2026-09-08,11,2026-09-08T04:30:00Z,II,Generation,18.703
T_FARR-2,FAARW-2,2026-09-08,12,2026-09-08T05:00:00Z,II,Generation,17.957
T_FARR-2,FAARW-2,2026-09-08,13,2026-09-08T05:30:00Z,II,Generation,19.269
T_FARR-2,FAARW-2,2026-09-08,14,2026-09-08T06:00:00Z,II,Generation,20.221
T_FARR-2,FAARW-2,2026-09-08,15,2026-09-08T06:30:00Z,II,Generation,20.424
T_FARR-2,FAARW-2,2026-09-08,16,2026-09-08T07:00:00Z,II,Generation,21.105
T_FARR-2,FAARW-2,2026-09-08,17,2026-09-08T07:30:00Z,II,Generation,20.231
T_FARR-2,FAARW-2,2026-09-08,18,2026-09-08T08:00:00Z,II,Generation,19.649
T_FARR-2,FAARW-2,2026-09-08,19,2026-09-08T08:30:00Z,II,Generation,19.854
T_FARR-2,FAARW-2,2026-09-08,20,2026-09-08T09:00:00Z,II,Generation,20.426
T_FARR-2,FAARW-2,2026-09-08,21,2026-09-08T09:30:00Z,II,Generation,20.203
T_FARR-2,FAARW-2,2026-09-08,22,2026-09-08T10:00:00Z,II,Generation,18.937
T_FARR-2,FAARW-2,2026-09-08,23,2026-09-08T10:30:00Z,II,Generation,18.019
T_FARR-2,FAARW-2,2026-09-08,24,2026-09-08T11:00:00Z,II,Generation,18.104
T_FARR-2,FAARW-2,2026-09-08,25,2026-09-08T11:30:00Z,II,Generation,17.774
T_FARR-2,FAARW-2,2026-09-08,26,2026-09-08T12:00:00Z,II,Generation,17.275
T_FARR-2,FAARW-2,2026-09-08,27,2026-09-08T12:30:00Z,II,Generation,16.749
T_FARR-2,FAARW-2,2026-09-08,28,2026-09-08T13:00:00Z,II,Generation,15.695
T_FARR-2,FAARW-2,2026-09-08,29,2026-09-08T13:30:00Z,II,Generation,16.065
T_FARR-2,FAARW-2,2026-09-08,30,2026-09-08T14:00:00Z,II,Generation,17.211
T_FARR-2,FAARW-2,2026-09-08,31,2026-09-08T14:30:00Z,II,Generation,17.566
T_FARR-2,FAARW-2,2026-09-08,32,2026-09-08T15:00:00Z,II,Generation,17.382
T_FARR-2,FAARW-2,2026-09-08,33,2026-09-08T15:30:00Z,II,Generation,16.319
T_FARR-2,FAARW-2,2026-09-08,34,2026-09-08T16:00:00Z,II,Generation,16.533
T_FARR-2,FAARW-2,2026-09-08,35,2026-09-08T16:30:00Z,II,Generation,17.986
T_FARR-2,FAARW-2,2026-09-08,36,2026-09-08T17:00:00Z,II,Generation,16.924
T_FARR-2,FAARW-2,2026-09-08,37,2026-09-08T17:30:00Z,II,Generation,14.772
T_FARR-2,FAARW-2,2026-09-08,38,2026-09-08T18:00:00Z,II,Generation,14.282
T_FARR-2,FAARW-2,2026-09-08,39,2026-09-08T18:30:00Z,II,Generation,12.557
T_FARR-2,FAARW-2,2026-09-08,40,2026-09-08T19:00:00Z,II,Generation,9.376
T_FARR-2,FAARW-2,2026-09-08,41,2026-09-08T19:30:00Z,II,Generation,9.871
T_FARR-2,FAARW-2,2026-09-08,42,2026-09-08T20:00:00Z,II,Generation,6.566
T_FARR-2,FAARW-2,2026-09-08,43,2026-09-08T20:30:00Z,II,Generation,4.028
T_FARR-2,FAARW-2,2026-09-08,44,2026-09-08T21:00:00Z,II,Generation,4.370
T_FARR-2,FAARW-2,2026-09-08,45,2026-09-08T21:30:00Z,II,Generation,3.384
T_FARR-2,FAARW-2,2026-09-08,46,2026-09-08T22:00:00Z,II,Generation,5.083
T_FARR-2,FAARW-2,2026-09-08,47,2026-09-08T22:30:00Z,II,Generation,1.902
T_FARR-2,FAARW-2,2026-09-08,48,2026-09-08T23:00:00Z,II,Generation,1.949
T_FSDLW-1,FSDLW-1,2026-09-08,1,2026-09-07T23:30:00Z,II,Generation,7.505
T_FSDLW-1,FSDLW-1,2026-09-08,2,2026-09-08T00:00:00Z,II,Generation,7.570
T_FSDLW-1,FSDLW-1,2026-09-08,3,2026-09-08T00:30:00Z,II,Generation,7.546
T_FSDLW-1,FSDLW-1,2026-09-08,4,2026-09-08T01:00:00Z,II,Generation,8.227
T_FSDLW-1,FSDLW-1,2026-09-08,5,2026-09-08T01:30:00Z,II,Generation,8.189
T_FSDLW-1,FSDLW-1,2026-09-08,6,2026-09-08T02:00:00Z,II,Generation,8.066
T_FSDLW-1,FSDLW-1,2026-09-08,7,2026-09-08T02:30:00Z,II,Generation,7.859
T_FSDLW-1,FSDLW-1,2026-09-08,8,2026-09-08T03:00:00Z,II,Generation,8.769
T_FSDLW-1,FSDLW-1,2026-09-08,9,2026-09-08T03:30:00Z,II,Generation,8.662
T_FSDLW-1,FSDLW-1,2026-09-08,10,2026-09-08T04:00:00Z,II,Generation,8.044
T_FSDLW-1,FSDLW-1,2026-09-08,11,2026-09-08T04:30:00Z,II,Generation,7.450
T_FSDLW-1,FSDLW-1,2026-09-08,12,2026-09-08T05:00:00Z,II,Generation,8.626
T_FSDLW-1,FSDLW-1,2026-09-08,13,2026-09-08T05:30:00Z,II,Generation,7.893
T_FSDLW-1,FSDLW-1,2026-09-08,14,2026-09-08T06:00:00Z,II,Generation,8.009
T_FSDLW-1,FSDLW-1,2026-09-08,15,2026-09-08T06:30:00Z,II,Generation,8.067
T_FSDLW-1,FSDLW-1,2026-09-08,16,2026-09-08T07:00:00Z,II,Generation,6.449
T_FSDLW-1,FSDLW-1,2026-09-08,17,2026-09-08T07:30:00Z,II,Generation,5.911
T_FSDLW-1,FSDLW-1,2026-09-08,18,2026-09-08T08:00:00Z,II,Generation,7.605
T_FSDLW-1,FSDLW-1,2026-09-08,19,2026-09-08T08:30:00Z,II,Generation,7.891
T_FSDLW-1,FSDLW-1,2026-09-08,20,2026-09-08T09:00:00Z,II,Generation,8.737
T_FSDLW-1,FSDLW-1,2026-09-08,21,2026-09-08T09:30:00Z,II,Generation,8.934
T_FSDLW-1,FSDLW-1,2026-09-08,22,2026-09-08T10:00:00Z,II,Generation,9.678
T_FSDLW-1,FSDLW-1,2026-09-08,23,2026-09-08T10:30:00Z,II,Generation,8.925
T_FSDLW-1,FSDLW-1,2026-09-08,24,2026-09-08T11:00:00Z,II,Generation,8.025
T_FSDLW-1,FSDLW-1,2026-09-08,25,2026-09-08T11:30:00Z,II,Generation,7.493
T_FSDLW-1,FSDLW-1,2026-09-08,26,2026-09-08T12:00:00Z,II,Generation,8.916
T_FSDLW-1,FSDLW-1,2026-09-08,27,2026-09-08T12:30:00Z,II,Generation,8.515
T_FSDLW-1,FSDLW-1,2026-09-08,28,2026-09-08T13:00:00Z,II,Generation,9.116
T_FSDLW-1,FSDLW-1,2026-09-08,29,2026-09-08T13:30:00Z,II,Generation,8.534
T_FSDLW-1,FSDLW-1,2026-09-08,30,2026-09-08T14:00:00Z,II,Generation,8.620
T_FSDLW-1,FSDLW-1,2026-09-08,31,2026-09-08T14:30:00Z,II,Generation,8.172
T_FSDLW-1,FSDLW-1,2026-09-08,32,2026-09-08T15:00:00Z,II,Generation,7.700
T_FSDLW-1,FSDLW-1,2026-09-08,33,2026-09-08T15:30:00Z,II,Generation,8.302
T_FSDLW-1,FSDLW-1,2026-09-08,34,2026-09-08T16:00:00Z,II,Generation,7.958
T_FSDLW-1,FSDLW-1,2026-09-08,35,2026-09-08T16:30:00Z,II,Generation,8.046
T_FSDLW-1,FSDLW-1,2026-09-08,36,2026-09-08T17:00:00Z,II,Generation,7.395
T_FSDLW-1,FSDLW-1,2026-09-08,37,2026-09-08T17:30:00Z,II,Generation,6.628
T_FSDLW-1,FSDLW-1,2026-09-08,38,2026-09-08T18:00:00Z,II,Generation,6.854
T_FSDLW-1,FSDLW-1,2026-09-08,39,2026-09-08T18:30:00Z,II,Generation,6.794
T_FSDLW-1,FSDLW-1,2026-09-08,40,2026-09-08T19:00:00Z,II,Generation,5.345
T_FSDLW-1,FSDLW-1,2026-09-08,41,2026-09-08T19:30:00Z,II,Generation,6.635
T_FSDLW-1,FSDLW-1,2026-09-08,42,2026-09-08T20:00:00Z,II,Generation,5.054
T_FSDLW-1,FSDLW-1,2026-09-08,43,2026-09-08T20:30:00Z,II,Generation,5.226
T_FSDLW-1,FSDLW-1,2026-09-08,44,2026-09-08T21:00:00Z,II,Generation,4.858
T_FSDLW-1,FSDLW-1,2026-09-08,45,2026-09-08T21:30:00Z,II,Generation,6.587
T_FSDLW-1,FSDLW-1,2026-09-08,46,2026-09-08T22:00:00Z,II,Generation,7.248
T_FSDLW-1,FSDLW-1,2026-09-08,47,2026-09-08T22:30:00Z,II,Generation,4.002
T_FSDLW-1,FSDLW-1,2026-09-08,48,2026-09-08T23:00:00Z,II,Generation,6.431
T_GANW-11,GAOFO-1,2026-09-08,1,2026-09-07T23:30:00Z,II,Generation,25.973
T_GANW-11,GAOFO-1,2026-09-08,2,2026-09-08T00:00:00Z,II,Generation,22.053
T_GANW-11,GAOFO-1,2026-09-08,3,2026-09-08T00:30:00Z,II,Generation,23.094
T_GANW-11,GAOFO-1,2026-09-08,4,2026-09-08T01:00:00Z,II,Generation,30.174
T_GANW-11,GAOFO-1,2026-09-08,5,2026-09-08T01:30:00Z,II,Generation,33.403
T_GANW-11,GAOFO-1,2026-09-08,6,2026-09-08T02:00:00Z,II,Generation,27.834
T_GANW-11,GAOFO-1,2026-09-08,7,2026-09-08T02:30:00Z,II,Generation,25.253
T_GANW-11,GAOFO-1,2026-09-08,8,2026-09-08T03:00:00Z,II,Generation,26.333
T_GANW-11,GAOFO-1,2026-09-08,9,2026-09-08T03:30:00Z,II,Generation,22.944
T_GANW-11,GAOFO-1,2026-09-08,10,2026-09-08T04:00:00Z,II,Generation,27.353
T_GANW-11,GAOFO-1,2026-09-08,11,2026-09-08T04:30:00Z,II,Generation,29.614
T_GANW-11,GAOFO-1,2026-09-08,12,2026-09-08T05:00:00Z,II,Generation,27.503
T_GANW-11,GAOFO-1,2026-09-08,13,2026-09-08T05:30:00Z,II,Generation,26.603
T_GANW-11,GAOFO-1,2026-09-08,14,2026-09-08T06:00:00Z,II,Generation,26.444
T_GANW-11,GAOFO-1,2026-09-08,15,2026-09-08T06:30:00Z,II,Generation,20.794
T_GANW-11,GAOFO-1,2026-09-08,16,2026-09-08T07:00:00Z,II,Generation,13.673
T_GANW-11,GAOFO-1,2026-09-08,17,2026-09-08T07:30:00Z,II,Generation,12.495
T_GANW-11,GAOFO-1,2026-09-08,18,2026-09-08T08:00:00Z,II,Generation,18.553
T_GANW-11,GAOFO-1,2026-09-08,19,2026-09-08T08:30:00Z,II,Generation,21.323
T_GANW-11,GAOFO-1,2026-09-08,20,2026-09-08T09:00:00Z,II,Generation,18.345
T_GANW-11,GAOFO-1,2026-09-08,21,2026-09-08T09:30:00Z,II,Generation,14.933
T_GANW-11,GAOFO-1,2026-09-08,22,2026-09-08T10:00:00Z,II,Generation,12.213
T_GANW-11,GAOFO-1,2026-09-08,23,2026-09-08T10:30:00Z,II,Generation,14.294
T_GANW-11,GAOFO-1,2026-09-08,24,2026-09-08T11:00:00Z,II,Generation,18.013
T_GANW-11,GAOFO-1,2026-09-08,25,2026-09-08T11:30:00Z,II,Generation,20.194
T_GANW-11,GAOFO-1,2026-09-08,26,2026-09-08T12:00:00Z,II,Generation,18.474
T_GANW-11,GAOFO-1,2026-09-08,27,2026-09-08T12:30:00Z,II,Generation,17.203
T_GANW-11,GAOFO-1,2026-09-08,28,2026-09-08T13:00:00Z,II,Generation,12.274
T_GANW-11,GAOFO-1,2026-09-08,29,2026-09-08T13:30:00Z,II,Generation,5.714
T_GANW-11,GAOFO-1,2026-09-08,30,2026-09-08T14:00:00Z,II,Generation,3.993
T_GANW-11,GAOFO-1,2026-09-08,31,2026-09-08T14:30:00Z,II,Generation,2.983
T_GANW-11,GAOFO-1,2026-09-08,32,2026-09-08T15:00:00Z,II,Generation,0.724
T_GANW-11,GAOFO-1,2026-09-08,33,2026-09-08T15:30:00Z,II,Generation,5.053
T_GANW-11,GAOFO-1,2026-09-08,34,2026-09-08T16:00:00Z,II,Generation,17.074
T_GANW-11,GAOFO-1,2026-09-08,35,2026-09-08T16:30:00Z,II,Generation,33.954
T_GANW-11,GAOFO-1,2026-09-08,36,2026-09-08T17:00:00Z,II,Generation,42.633
T_GANW-11,GAOFO-1,2026-09-08,37,2026-09-08T17:30:00Z,II,Generation,41.714
T_GANW-11,GAOFO-1,2026-09-08,38,2026-09-08T18:00:00Z,II,Generation,39.444
T_GANW-11,GAOFO-1,2026-09-08,39,2026-09-08T18:30:00Z,II,Generation,40.103
T_GANW-11,GAOFO-1,2026-09-08,40,2026-09-08T19:00:00Z,II,Generation,38.963
T_GANW-11,GAOFO-1,2026-09-08,41,2026-09-08T19:30:00Z,II,Generation,38.464
T_GANW-11,GAOFO-1,2026-09-08,42,2026-09-08T20:00:00Z,II,Generation,38.523
T_GANW-11,GAOFO-1,2026-09-08,43,2026-09-08T20:30:00Z,II,Generation,40.774
T_GANW-11,GAOFO-1,2026-09-08,44,2026-09-08T21:00:00Z,II,Generation,42.624
T_GANW-11,GAOFO-1,2026-09-08,45,2026-09-08T21:30:00Z,II,Generation,42.594
T_GANW-11,GAOFO-1,2026-09-08,46,2026-09-08T22:00:00Z,II,Generation,42.523
T_GANW-11,GAOFO-1,2026-09-08,47,2026-09-08T22:30:00Z,II,Generation,41.315
T_GANW-11,GAOFO-1,2026-09-08,48,2026-09-08T23:00:00Z,II,Generation,41.583
T_GANW-13,GAOFO-3,2026-09-08,1,2026-09-07T23:30:00Z,II,Generation,25.710
T_GANW-13,GAOFO-3,2026-09-08,2,2026-09-08T00:00:00Z,II,Generation,22.810
T_GANW-13,GAOFO-3,2026-09-08,3,2026-09-08T00:30:00Z,II,Generation,25.100
T_GANW-13,GAOFO-3,2026-09-08,4,2026-09-08T01:00:00Z,II,Generation,28.800
T_GANW-13,GAOFO-3,2026-09-08,5,2026-09-08T01:30:00Z,II,Generation,34.260
T_GANW-13,GAOFO-3,2026-09-08,6,2026-09-08T02:00:00Z,II,Generation,29.260
T_GANW-13,GAOFO-3,2026-09-08,7,2026-09-08T02:30:00Z,II,Generation,25.880
T_GANW-13,GAOFO-3,2026-09-08,8,2026-09-08T03:00:00Z,II,Generation,31.010
T_GANW-13,GAOFO-3,2026-09-08,9,2026-09-08T03:30:00Z,II,Generation,23.720
T_GANW-13,GAOFO-3,2026-09-08,10,2026-09-08T04:00:00Z,II,Generation,27.310
T_GANW-13,GAOFO-3,2026-09-08,11,2026-09-08T04:30:00Z,II,Generation,27.400
T_GANW-13,GAOFO-3,2026-09-08,12,2026-09-08T05:00:00Z,II,Generation,27.600
T_GANW-13,GAOFO-3,2026-09-08,13,2026-09-08T05:30:00Z,II,Generation,26.230
T_GANW-13,GAOFO-3,2026-09-08,14,2026-09-08T06:00:00Z,II,Generation,25.810
T_GANW-13,GAOFO-3,2026-09-08,15,2026-09-08T06:30:00Z,II,Generation,20.380
T_GANW-13,GAOFO-3,2026-09-08,16,2026-09-08T07:00:00Z,II,Generation,13.960
T_GANW-13,GAOFO-3,2026-09-08,17,2026-09-08T07:30:00Z,II,Generation,13.970
T_GANW-13,GAOFO-3,2026-09-08,18,2026-09-08T08:00:00Z,II,Generation,16.880
T_GANW-13,GAOFO-3,2026-09-08,19,2026-09-08T08:30:00Z,II,Generation,22.840
T_GANW-13,GAOFO-3,2026-09-08,20,2026-09-08T09:00:00Z,II,Generation,16.740
T_GANW-13,GAOFO-3,2026-09-08,21,2026-09-08T09:30:00Z,II,Generation,16.900
T_GANW-13,GAOFO-3,2026-09-08,22,2026-09-08T10:00:00Z,II,Generation,14.330
T_GANW-13,GAOFO-3,2026-09-08,23,2026-09-08T10:30:00Z,II,Generation,15.060
T_GANW-13,GAOFO-3,2026-09-08,24,2026-09-08T11:00:00Z,II,Generation,20.380
T_GANW-13,GAOFO-3,2026-09-08,25,2026-09-08T11:30:00Z,II,Generation,20.860
T_GANW-13,GAOFO-3,2026-09-08,26,2026-09-08T12:00:00Z,II,Generation,19.430
T_GANW-13,GAOFO-3,2026-09-08,27,2026-09-08T12:30:00Z,II,Generation,18.130
T_GANW-13,GAOFO-3,2026-09-08,28,2026-09-08T13:00:00Z,II,Generation,13.080
T_GANW-13,GAOFO-3,2026-09-08,29,2026-09-08T13:30:00Z,II,Generation,6.640
T_GANW-13,GAOFO-3,2026-09-08,30,2026-09-08T14:00:00Z,II,Generation,3.990
T_GANW-13,GAOFO-3,2026-09-08,31,2026-09-08T14:30:00Z,II,Generation,3.680
T_GANW-13,GAOFO-3,2026-09-08,32,2026-09-08T15:00:00Z,II,Generation,1.010
T_GANW-13,GAOFO-3,2026-09-08,33,2026-09-08T15:30:00Z,II,Generation,4.610
T_GANW-13,GAOFO-3,2026-09-08,34,2026-09-08T16:00:00Z,II,Generation,19.160
T_GANW-13,GAOFO-3,2026-09-08,35,2026-09-08T16:30:00Z,II,Generation,32.400
T_GANW-13,GAOFO-3,2026-09-08,36,2026-09-08T17:00:00Z,II,Generation,42.690
T_GANW-13,GAOFO-3,2026-09-08,37,2026-09-08T17:30:00Z,II,Generation,40.990
T_GANW-13,GAOFO-3,2026-09-08,38,2026-09-08T18:00:00Z,II,Generation,40.070
T_GANW-13,GAOFO-3,2026-09-08,39,2026-09-08T18:30:00Z,II,Generation,41.500
T_GANW-13,GAOFO-3,2026-09-08,40,2026-09-08T19:00:00Z,II,Generation,41.470
T_GANW-13,GAOFO-3,2026-09-08,41,2026-09-08T19:30:00Z,II,Generation,39.550
T_GANW-13,GAOFO-3,2026-09-08,42,2026-09-08T20:00:00Z,II,Generation,38.060
T_GANW-13,GAOFO-3,2026-09-08,43,2026-09-08T20:30:00Z,II,Generation,39.620
T_GANW-13,GAOFO-3,2026-09-08,44,2026-09-08T21:00:00Z,II,Generation,42.520
T_GANW-13,GAOFO-3,2026-09-08,45,2026-09-08T21:30:00Z,II,Generation,42.770
T_GANW-13,GAOFO-3,2026-09-08,46,2026-09-08T22:00:00Z,II,Generation,42.790
T_GANW-13,GAOFO-3,2026-09-08,47,2026-09-08T22:30:00Z,II,Generation,42.680
T_GANW-13,GAOFO-3,2026-09-08,48,2026-09-08T23:00:00Z,II,Generation,41.230
T_GANW-22,GAOFO-2,2026-09-08,1,2026-09-07T23:30:00Z,II,Generation,23.420
T_GANW-22,GAOFO-2,2026-09-08,2,2026-09-08T00:00:00Z,II,Generation,23.080
T_GANW-22,GAOFO-2,2026-09-08,3,2026-09-08T00:30:00Z,II,Generation,28.480
T_GANW-22,GAOFO-2,2026-09-08,4,2026-09-08T01:00:00Z,II,Generation,29.300
T_GANW-22,GAOFO-2,2026-09-08,5,2026-09-08T01:30:00Z,II,Generation,33.690
T_GANW-22,GAOFO-2,2026-09-08,6,2026-09-08T02:00:00Z,II,Generation,28.260
T_GANW-22,GAOFO-2,2026-09-08,7,2026-09-08T02:30:00Z,II,Generation,28.570
T_GANW-22,GAOFO-2,2026-09-08,8,2026-09-08T03:00:00Z,II,Generation,29.550
T_GANW-22,GAOFO-2,2026-09-08,9,2026-09-08T03:30:00Z,II,Generation,22.770
T_GANW-22,GAOFO-2,2026-09-08,10,2026-09-08T04:00:00Z,II,Generation,25.860
T_GANW-22,GAOFO-2,2026-09-08,11,2026-09-08T04:30:00Z,II,Generation,23.890
T_GANW-22,GAOFO-2,2026-09-08,12,2026-09-08T05:00:00Z,II,Generation,24.860
T_GANW-22,GAOFO-2,2026-09-08,13,2026-09-08T05:30:00Z,II,Generation,27.280
T_GANW-22,GAOFO-2,2026-09-08,14,2026-09-08T06:00:00Z,II,Generation,26.720
T_GANW-22,GAOFO-2,2026-09-08,15,2026-09-08T06:30:00Z,II,Generation,19.770
T_GANW-22,GAOFO-2,2026-09-08,16,2026-09-08T07:00:00Z,II,Generation,11.310
T_GANW-22,GAOFO-2,2026-09-08,17,2026-09-08T07:30:00Z,II,Generation,10.070
T_GANW-22,GAOFO-2,2026-09-08,18,2026-09-08T08:00:00Z,II,Generation,14.760
T_GANW-22,GAOFO-2,2026-09-08,19,2026-09-08T08:30:00Z,II,Generation,22.200
T_GANW-22,GAOFO-2,2026-09-08,20,2026-09-08T09:00:00Z,II,Generation,18.270
T_GANW-22,GAOFO-2,2026-09-08,21,2026-09-08T09:30:00Z,II,Generation,18.850
T_GANW-22,GAOFO-2,2026-09-08,22,2026-09-08T10:00:00Z,II,Generation,13.550
T_GANW-22,GAOFO-2,2026-09-08,23,2026-09-08T10:30:00Z,II,Generation,13.200
T_GANW-22,GAOFO-2,2026-09-08,24,2026-09-08T11:00:00Z,II,Generation,15.790
T_GANW-22,GAOFO-2,2026-09-08,25,2026-09-08T11:30:00Z,II,Generation,18.450
T_GANW-22,GAOFO-2,2026-09-08,26,2026-09-08T12:00:00Z,II,Generation,17.890
T_GANW-22,GAOFO-2,2026-09-08,27,2026-09-08T12:30:00Z,II,Generation,16.300
T_GANW-22,GAOFO-2,2026-09-08,28,2026-09-08T13:00:00Z,II,Generation,12.490
T_GANW-22,GAOFO-2,2026-09-08,29,2026-09-08T13:30:00Z,II,Generation,8.440
T_GANW-22,GAOFO-2,2026-09-08,30,2026-09-08T14:00:00Z,II,Generation,5.650
T_GANW-22,GAOFO-2,2026-09-08,31,2026-09-08T14:30:00Z,II,Generation,4.350
T_GANW-22,GAOFO-2,2026-09-08,32,2026-09-08T15:00:00Z,II,Generation,1.350
T_GANW-22,GAOFO-2,2026-09-08,33,2026-09-08T15:30:00Z,II,Generation,5.380
T_GANW-22,GAOFO-2,2026-09-08,34,2026-09-08T16:00:00Z,II,Generation,18.540
T_GANW-22,GAOFO-2,2026-09-08,35,2026-09-08T16:30:00Z,II,Generation,33.500
T_GANW-22,GAOFO-2,2026-09-08,36,2026-09-08T17:00:00Z,II,Generation,39.800
T_GANW-22,GAOFO-2,2026-09-08,37,2026-09-08T17:30:00Z,II,Generation,38.740
T_GANW-22,GAOFO-2,2026-09-08,38,2026-09-08T18:00:00Z,II,Generation,37.640
T_GANW-22,GAOFO-2,2026-09-08,39,2026-09-08T18:30:00Z,II,Generation,38.610
T_GANW-22,GAOFO-2,2026-09-08,40,2026-09-08T19:00:00Z,II,Generation,37.740
T_GANW-22,GAOFO-2,2026-09-08,41,2026-09-08T19:30:00Z,II,Generation,35.840
T_GANW-22,GAOFO-2,2026-09-08,42,2026-09-08T20:00:00Z,II,Generation,36.580
T_GANW-22,GAOFO-2,2026-09-08,43,2026-09-08T20:30:00Z,II,Generation,37.750
T_GANW-22,GAOFO-2,2026-09-08,44,2026-09-08T21:00:00Z,II,Generation,39.400
T_GANW-22,GAOFO-2,2026-09-08,45,2026-09-08T21:30:00Z,II,Generation,39.500
T_GANW-22,GAOFO-2,2026-09-08,46,2026-09-08T22:00:00Z,II,Generation,39.560
T_GANW-22,GAOFO-2,2026-09-08,47,2026-09-08T22:30:00Z,II,Generation,39.360
T_GANW-22,GAOFO-2,2026-09-08,48,2026-09-08T23:00:00Z,II,Generation,38.560
T_GANW-24,GAOFO-4,2026-09-08,1,2026-09-07T23:30:00Z,II,Generation,19.010
T_GANW-24,GAOFO-4,2026-09-08,2,2026-09-08T00:00:00Z,II,Generation,19.990
T_GANW-24,GAOFO-4,2026-09-08,3,2026-09-08T00:30:00Z,II,Generation,25.330
T_GANW-24,GAOFO-4,2026-09-08,4,2026-09-08T01:00:00Z,II,Generation,22.590
T_GANW-24,GAOFO-4,2026-09-08,5,2026-09-08T01:30:00Z,II,Generation,30.140
T_GANW-24,GAOFO-4,2026-09-08,6,2026-09-08T02:00:00Z,II,Generation,27.500
T_GANW-24,GAOFO-4,2026-09-08,7,2026-09-08T02:30:00Z,II,Generation,27.100
T_GANW-24,GAOFO-4,2026-09-08,8,2026-09-08T03:00:00Z,II,Generation,35.390
T_GANW-24,GAOFO-4,2026-09-08,9,2026-09-08T03:30:00Z,II,Generation,24.380
T_GANW-24,GAOFO-4,2026-09-08,10,2026-09-08T04:00:00Z,II,Generation,26.360
T_GANW-24,GAOFO-4,2026-09-08,11,2026-09-08T04:30:00Z,II,Generation,30.660
T_GANW-24,GAOFO-4,2026-09-08,12,2026-09-08T05:00:00Z,II,Generation,28.890
T_GANW-24,GAOFO-4,2026-09-08,13,2026-09-08T05:30:00Z,II,Generation,25.970
T_GANW-24,GAOFO-4,2026-09-08,14,2026-09-08T06:00:00Z,II,Generation,22.110
T_GANW-24,GAOFO-4,2026-09-08,15,2026-09-08T06:30:00Z,II,Generation,20.500
T_GANW-24,GAOFO-4,2026-09-08,16,2026-09-08T07:00:00Z,II,Generation,17.530
T_GANW-24,GAOFO-4,2026-09-08,17,2026-09-08T07:30:00Z,II,Generation,11.960
T_GANW-24,GAOFO-4,2026-09-08,18,2026-09-08T08:00:00Z,II,Generation,11.380
T_GANW-24,GAOFO-4,2026-09-08,19,2026-09-08T08:30:00Z,II,Generation,19.800
T_GANW-24,GAOFO-4,2026-09-08,20,2026-09-08T09:00:00Z,II,Generation,17.360
T_GANW-24,GAOFO-4,2026-09-08,21,2026-09-08T09:30:00Z,II,Generation,21.940
T_GANW-24,GAOFO-4,2026-09-08,22,2026-09-08T10:00:00Z,II,Generation,14.850
T_GANW-24,GAOFO-4,2026-09-08,23,2026-09-08T10:30:00Z,II,Generation,7.600
T_GANW-24,GAOFO-4,2026-09-08,24,2026-09-08T11:00:00Z,II,Generation,12.440
T_GANW-24,GAOFO-4,2026-09-08,25,2026-09-08T11:30:00Z,II,Generation,12.330
T_GANW-24,GAOFO-4,2026-09-08,26,2026-09-08T12:00:00Z,II,Generation,16.230
T_GANW-24,GAOFO-4,2026-09-08,27,2026-09-08T12:30:00Z,II,Generation,15.690
T_GANW-24,GAOFO-4,2026-09-08,28,2026-09-08T13:00:00Z,II,Generation,14.090
T_GANW-24,GAOFO-4,2026-09-08,29,2026-09-08T13:30:00Z,II,Generation,10.840
T_GANW-24,GAOFO-4,2026-09-08,30,2026-09-08T14:00:00Z,II,Generation,8.380
T_GANW-24,GAOFO-4,2026-09-08,31,2026-09-08T14:30:00Z,II,Generation,7.430
T_GANW-24,GAOFO-4,2026-09-08,32,2026-09-08T15:00:00Z,II,Generation,2.430
T_GANW-24,GAOFO-4,2026-09-08,33,2026-09-08T15:30:00Z,II,Generation,6.520
T_GANW-24,GAOFO-4,2026-09-08,34,2026-09-08T16:00:00Z,II,Generation,17.500
T_GANW-24,GAOFO-4,2026-09-08,35,2026-09-08T16:30:00Z,II,Generation,33.450
T_GANW-24,GAOFO-4,2026-09-08,36,2026-09-08T17:00:00Z,II,Generation,39.920
T_GANW-24,GAOFO-4,2026-09-08,37,2026-09-08T17:30:00Z,II,Generation,39.190
T_GANW-24,GAOFO-4,2026-09-08,38,2026-09-08T18:00:00Z,II,Generation,36.560
T_GANW-24,GAOFO-4,2026-09-08,39,2026-09-08T18:30:00Z,II,Generation,38.190
T_GANW-24,GAOFO-4,2026-09-08,40,2026-09-08T19:00:00Z,II,Generation,35.910
T_GANW-24,GAOFO-4,2026-09-08,41,2026-09-08T19:30:00Z,II,Generation,31.300
T_GANW-24,GAOFO-4,2026-09-08,42,2026-09-08T20:00:00Z,II,Generation,35.660
T_GANW-24,GAOFO-4,2026-09-08,43,2026-09-08T20:30:00Z,II,Generation,37.190
T_GANW-24,GAOFO-4,2026-09-08,44,2026-09-08T21:00:00Z,II,Generation,39.990
T_GANW-24,GAOFO-4,2026-09-08,45,2026-09-08T21:30:00Z,II,Generation,40.210
T_GANW-24,GAOFO-4,2026-09-08,46,2026-09-08T22:00:00Z,II,Generation,40.200
T_GANW-24,GAOFO-4,2026-09-08,47,2026-09-08T22:30:00Z,II,Generation,40.090
T_GANW-24,GAOFO-4,2026-09-08,48,2026-09-08T23:00:00Z,II,Generation,38.630
T_GLNKW-1,GLNKW-1,2026-09-08,1,2026-09-07T23:30:00Z,II,Generation,-0.149
T_GLNKW-1,GLNKW-1,2026-09-08,2,2026-09-08T00:00:00Z,II,Generation,-0.149
T_GLNKW-1,GLNKW-1,2026-09-08,3,2026-09-08T00:30:00Z,II,Generation,-0.147
T_GLNKW-1,GLNKW-1,2026-09-08,4,2026-09-08T01:00:00Z,II,Generation,-0.148
T_GLNKW-1,GLNKW-1,2026-09-08,5,2026-09-08T01:30:00Z,II,Generation,-0.151
T_GLNKW-1,GLNKW-1,2026-09-08,6,2026-09-08T02:00:00Z,II,Generation,-0.154
T_GLNKW-1,GLNKW-1,2026-09-08,7,2026-09-08T02:30:00Z,II,Generation,-0.153
T_GLNKW-1,GLNKW-1,2026-09-08,8,2026-09-08T03:00:00Z,II,Generation,-0.151
T_GLNKW-1,GLNKW-1,2026-09-08,9,2026-09-08T03:30:00Z,II,Generation,-0.147
T_GLNKW-1,GLNKW-1,2026-09-08,10,2026-09-08T04:00:00Z,II,Generation,-0.148
T_GLNKW-1,GLNKW-1,2026-09-08,11,2026-09-08T04:30:00Z,II,Generation,-0.145
T_GLNKW-1,GLNKW-1,2026-09-08,12,2026-09-08T05:00:00Z,II,Generation,-0.144
T_GLNKW-1,GLNKW-1,2026-09-08,13,2026-09-08T05:30:00Z,II,Generation,-0.145
T_GLNKW-1,GLNKW-1,2026-09-08,14,2026-09-08T06:00:00Z,II,Generation,-0.147
T_GLNKW-1,GLNKW-1,2026-09-08,15,2026-09-08T06:30:00Z,II,Generation,-0.146
T_GLNKW-1,GLNKW-1,2026-09-08,16,2026-09-08T07:00:00Z,II,Generation,-0.147
T_GLNKW-1,GLNKW-1,2026-09-08,17,2026-09-08T07:30:00Z,II,Generation,-0.146
T_GLNKW-1,GLNKW-1,2026-09-08,18,2026-09-08T08:00:00Z,II,Generation,-0.143
T_GLNKW-1,GLNKW-1,2026-09-08,19,2026-09-08T08:30:00Z,II,Generation,-0.143
T_GLNKW-1,GLNKW-1,2026-09-08,20,2026-09-08T09:00:00Z,II,Generation,-0.146
T_GLNKW-1,GLNKW-1,2026-09-08,21,2026-09-08T09:30:00Z,II,Generation,-0.145
T_GLNKW-1,GLNKW-1,2026-09-08,22,2026-09-08T10:00:00Z,II,Generation,-0.146
T_GLNKW-1,GLNKW-1,2026-09-08,23,2026-09-08T10:30:00Z,II,Generation,-0.146
T_GLNKW-1,GLNKW-1,2026-09-08,24,2026-09-08T11:00:00Z,II,Generation,-0.145
T_GLNKW-1,GLNKW-1,2026-09-08,25,2026-09-08T11:30:00Z,II,Generation,-0.146
T_GLNKW-1,GLNKW-1,2026-09-08,26,2026-09-08T12:00:00Z,II,Generation,-0.146
T_GLNKW-1,GLNKW-1,2026-09-08,27,2026-09-08T12:30:00Z,II,Generation,-0.146
T_GLNKW-1,GLNKW-1,2026-09-08,28,2026-09-08T13:00:00Z,II,Generation,-0.148
T_GLNKW-1,GLNKW-1,2026-09-08,29,2026-09-08T13:30:00Z,II,Generation,-0.149
T_GLNKW-1,GLNKW-1,2026-09-08,30,2026-09-08T14:00:00Z,II,Generation,-0.146
T_GLNKW-1,GLNKW-1,2026-09-08,31,2026-09-08T14:30:00Z,II,Generation,-0.146
T_GLNKW-1,GLNKW-1,2026-09-08,32,2026-09-08T15:00:00Z,II,Generation,-0.147
T_GLNKW-1,GLNKW-1,2026-09-08,33,2026-09-08T15:30:00Z,II,Generation,-0.147
T_GLNKW-1,GLNKW-1,2026-09-08,34,2026-09-08T16:00:00Z,II,Generation,-0.146
T_GLNKW-1,GLNKW-1,2026-09-08,35,2026-09-08T16:30:00Z,II,Generation,-0.146
T_GLNKW-1,GLNKW-1,2026-09-08,36,2026-09-08T17:00:00Z,II,Generation,-0.146
T_GLNKW-1,GLNKW-1,2026-09-08,37,2026-09-08T17:30:00Z,II,Generation,-0.146
T_GLNKW-1,GLNKW-1,2026-09-08,38,2026-09-08T18:00:00Z,II,Generation,-0.145
T_GLNKW-1,GLNKW-1,2026-09-08,39,2026-09-08T18:30:00Z,II,Generation,-0.146
T_GLNKW-1,GLNKW-1,2026-09-08,40,2026-09-08T19:00:00Z,II,Generation,-0.147
T_GLNKW-1,GLNKW-1,2026-09-08,41,2026-09-08T19:30:00Z,II,Generation,-0.147
T_GLNKW-1,GLNKW-1,2026-09-08,42,2026-09-08T20:00:00Z,II,Generation,-0.147
T_GLNKW-1,GLNKW-1,2026-09-08,43,2026-09-08T20:30:00Z,II,Generation,-0.147
T_GLNKW-1,GLNKW-1,2026-09-08,44,2026-09-08T21:00:00Z,II,Generation,-0.150
T_GLNKW-1,GLNKW-1,2026-09-08,45,2026-09-08T21:30:00Z,II,Generation,-0.147
T_GLNKW-1,GLNKW-1,2026-09-08,46,2026-09-08T22:00:00Z,II,Generation,-0.147
T_GLNKW-1,GLNKW-1,2026-09-08,47,2026-09-08T22:30:00Z,II,Generation,-0.152
T_GLNKW-1,GLNKW-1,2026-09-08,48,2026-09-08T23:00:00Z,II,Generation,-0.150
T_GLWSW-1,GLWSW-1,2026-09-08,1,2026-09-07T23:30:00Z,II,Generation,17.440
T_GLWSW-1,GLWSW-1,2026-09-08,2,2026-09-08T00:00:00Z,II,Generation,19.180
T_GLWSW-1,GLWSW-1,2026-09-08,3,2026-09-08T00:30:00Z,II,Generation,21.650
T_GLWSW-1,GLWSW-1,2026-09-08,4,2026-09-08T01:00:00Z,II,Generation,21.320
T_GLWSW-1,GLWSW-1,2026-09-08,5,2026-09-08T01:30:00Z,II,Generation,22.560
T_GLWSW-1,GLWSW-1,2026-09-08,6,2026-09-08T02:00:00Z,II,Generation,19.550
T_GLWSW-1,GLWSW-1,2026-09-08,7,2026-09-08T02:30:00Z,II,Generation,21.680
T_GLWSW-1,GLWSW-1,2026-09-08,8,2026-09-08T03:00:00Z,II,Generation,21.490
T_GLWSW-1,GLWSW-1,2026-09-08,9,2026-09-08T03:30:00Z,II,Generation,22.390
T_GLWSW-1,GLWSW-1,2026-09-08,10,2026-09-08T04:00:00Z,II,Generation,22.620
T_GLWSW-1,GLWSW-1,2026-09-08,11,2026-09-08T04:30:00Z,II,Generation,22.910
T_GLWSW-1,GLWSW-1,2026-09-08,12,2026-09-08T05:00:00Z,II,Generation,22.590
T_GLWSW-1,GLWSW-1,2026-09-08,13,2026-09-08T05:30:00Z,II,Generation,22.460
T_GLWSW-1,GLWSW-1,2026-09-08,14,2026-09-08T06:00:00Z,II,Generation,22.910
T_GLWSW-1,GLWSW-1,2026-09-08,15,2026-09-08T06:30:00Z,II,Generation,22.810
T_GLWSW-1,GLWSW-1,2026-09-08,16,2026-09-08T07:00:00Z,II,Generation,22.900
T_GLWSW-1,GLWSW-1,2026-09-08,17,2026-09-08T07:30:00Z,II,Generation,22.910
T_GLWSW-1,GLWSW-1,2026-09-08,18,2026-09-08T08:00:00Z,II,Generation,21.930
T_GLWSW-1,GLWSW-1,2026-09-08,19,2026-09-08T08:30:00Z,II,Generation,20.980
T_GLWSW-1,GLWSW-1,2026-09-08,20,2026-09-08T09:00:00Z,II,Generation,17.590
T_GLWSW-1,GLWSW-1,2026-09-08,21,2026-09-08T09:30:00Z,II,Generation,18.400
T_GLWSW-1,GLWSW-1,2026-09-08,22,2026-09-08T10:00:00Z,II,Generation,19.540
T_GLWSW-1,GLWSW-1,2026-09-08,23,2026-09-08T10:30:00Z,II,Generation,19.980
T_GLWSW-1,GLWSW-1,2026-09-08,24,2026-09-08T11:00:00Z,II,Generation,22.360
T_GLWSW-1,GLWSW-1,2026-09-08,25,2026-09-08T11:30:00Z,II,Generation,22.670
T_GLWSW-1,GLWSW-1,2026-09-08,26,2026-09-08T12:00:00Z,II,Generation,22.940
T_GLWSW-1,GLWSW-1,2026-09-08,27,2026-09-08T12:30:00Z,II,Generation,22.940
T_GLWSW-1,GLWSW-1,2026-09-08,28,2026-09-08T13:00:00Z,II,Generation,22.940
T_GLWSW-1,GLWSW-1,2026-09-08,29,2026-09-08T13:30:00Z,II,Generation,22.950
T_GLWSW-1,GLWSW-1,2026-09-08,30,2026-09-08T14:00:00Z,II,Generation,22.890
T_GLWSW-1,GLWSW-1,2026-09-08,31,2026-09-08T14:30:00Z,II,Generation,22.710
T_GLWSW-1,GLWSW-1,2026-09-08,32,2026-09-08T15:00:00Z,II,Generation,22.910
T_GLWSW-1,GLWSW-1,2026-09-08,33,2026-09-08T15:30:00Z,II,Generation,22.850
T_GLWSW-1,GLWSW-1,2026-09-08,34,2026-09-08T16:00:00Z,II,Generation,22.880
T_GLWSW-1,GLWSW-1,2026-09-08,35,2026-09-08T16:30:00Z,II,Generation,22.210
T_GLWSW-1,GLWSW-1,2026-09-08,36,2026-09-08T17:00:00Z,II,Generation,22.780
T_GLWSW-1,GLWSW-1,2026-09-08,37,2026-09-08T17:30:00Z,II,Generation,21.980
T_GLWSW-1,GLWSW-1,2026-09-08,38,2026-09-08T18:00:00Z,II,Generation,22.810
T_GLWSW-1,GLWSW-1,2026-09-08,39,2026-09-08T18:30:00Z,II,Generation,21.030
T_GLWSW-1,GLWSW-1,2026-09-08,40,2026-09-08T19:00:00Z,II,Generation,21.180
T_GLWSW-1,GLWSW-1,2026-09-08,41,2026-09-08T19:30:00Z,II,Generation,15.470
T_GLWSW-1,GLWSW-1,2026-09-08,42,2026-09-08T20:00:00Z,II,Generation,8.540
T_GLWSW-1,GLWSW-1,2026-09-08,43,2026-09-08T20:30:00Z,II,Generation,11.740
T_GLWSW-1,GLWSW-1,2026-09-08,44,2026-09-08T21:00:00Z,II,Generation,12.080
T_GLWSW-1,GLWSW-1,2026-09-08,45,2026-09-08T21:30:00Z,II,Generation,10.230
T_GLWSW-1,GLWSW-1,2026-09-08,46,2026-09-08T22:00:00Z,II,Generation,13.980
T_GLWSW-1,GLWSW-1,2026-09-08,47,2026-09-08T22:30:00Z,II,Generation,11.810
T_GLWSW-1,GLWSW-1,2026-09-08,48,2026-09-08T23:00:00Z,II,Generation,9.440
T_GNAPW-1,GNAPW-1,2026-09-08,1,2026-09-07T23:30:00Z,II,Generation,0.000
T_GNAPW-1,GNAPW-1,2026-09-08,2,2026-09-08T00:00:00Z,II,Generation,0.000
T_GNAPW-1,GNAPW-1,2026-09-08,3,2026-09-08T00:30:00Z,II,Generation,0.000
T_GNAPW-1,GNAPW-1,2026-09-08,4,2026-09-08T01:00:00Z,II,Generation,0.000
T_GNAPW-1,GNAPW-1,2026-09-08,5,2026-09-08T01:30:00Z,II,Generation,0.000
T_GNAPW-1,GNAPW-1,2026-09-08,6,2026-09-08T02:00:00Z,II,Generation,0.000
T_GNAPW-1,GNAPW-1,2026-09-08,7,2026-09-08T02:30:00Z,II,Generation,0.000
T_GNAPW-1,GNAPW-1,2026-09-08,8,2026-09-08T03:00:00Z,II,Generation,0.000
T_GNAPW-1,GNAPW-1,2026-09-08,9,2026-09-08T03:30:00Z,II,Generation,0.000
T_GNAPW-1,GNAPW-1,2026-09-08,10,2026-09-08T04:00:00Z,II,Generation,0.000
T_GNAPW-1,GNAPW-1,2026-09-08,11,2026-09-08T04:30:00Z,II,Generation,0.000
T_GNAPW-1,GNAPW-1,2026-09-08,12,2026-09-08T05:00:00Z,II,Generation,0.000
T_GNAPW-1,GNAPW-1,2026-09-08,13,2026-09-08T05:30:00Z,II,Generation,0.000
T_GNAPW-1,GNAPW-1,2026-09-08,14,2026-09-08T06:00:00Z,II,Generation,0.000
T_GNAPW-1,GNAPW-1,2026-09-08,15,2026-09-08T06:30:00Z,II,Generation,0.000
T_GNAPW-1,GNAPW-1,2026-09-08,16,2026-09-08T07:00:00Z,II,Generation,0.000
T_GNAPW-1,GNAPW-1,2026-09-08,17,2026-09-08T07:30:00Z,II,Generation,0.000
T_GNAPW-1,GNAPW-1,2026-09-08,18,2026-09-08T08:00:00Z,II,Generation,0.000
T_GNAPW-1,GNAPW-1,2026-09-08,19,2026-09-08T08:30:00Z,II,Generation,0.000
T_GNAPW-1,GNAPW-1,2026-09-08,20,2026-09-08T09:00:00Z,II,Generation,0.000
T_GNAPW-1,GNAPW-1,2026-09-08,21,2026-09-08T09:30:00Z,II,Generation,0.000
T_GNAPW-1,GNAPW-1,2026-09-08,22,2026-09-08T10:00:00Z,II,Generation,0.000
T_GNAPW-1,GNAPW-1,2026-09-08,23,2026-09-08T10:30:00Z,II,Generation,0.000
T_GNAPW-1,GNAPW-1,2026-09-08,24,2026-09-08T11:00:00Z,II,Generation,0.000
T_GNAPW-1,GNAPW-1,2026-09-08,25,2026-09-08T11:30:00Z,II,Generation,0.000
T_GNAPW-1,GNAPW-1,2026-09-08,26,2026-09-08T12:00:00Z,II,Generation,0.000
T_GNAPW-1,GNAPW-1,2026-09-08,27,2026-09-08T12:30:00Z,II,Generation,0.000
T_GNAPW-1,GNAPW-1,2026-09-08,28,2026-09-08T13:00:00Z,II,Generation,0.000
T_GNAPW-1,GNAPW-1,2026-09-08,29,2026-09-08T13:30:00Z,II,Generation,0.000
T_GNAPW-1,GNAPW-1,2026-09-08,30,2026-09-08T14:00:00Z,II,Generation,0.000
T_GNAPW-1,GNAPW-1,2026-09-08,31,2026-09-08T14:30:00Z,II,Generation,0.000
T_GNAPW-1,GNAPW-1,2026-09-08,32,2026-09-08T15:00:00Z,II,Generation,0.000
T_GNAPW-1,GNAPW-1,2026-09-08,33,2026-09-08T15:30:00Z,II,Generation,0.000
T_GNAPW-1,GNAPW-1,2026-09-08,34,2026-09-08T16:00:00Z,II,Generation,0.000
T_GNAPW-1,GNAPW-1,2026-09-08,35,2026-09-08T16:30:00Z,II,Generation,0.000
T_GNAPW-1,GNAPW-1,2026-09-08,36,2026-09-08T17:00:00Z,II,Generation,0.000
T_GNAPW-1,GNAPW-1,2026-09-08,37,2026-09-08T17:30:00Z,II,Generation,0.000
T_GNAPW-1,GNAPW-1,2026-09-08,38,2026-09-08T18:00:00Z,II,Generation,0.000
T_GNAPW-1,GNAPW-1,2026-09-08,39,2026-09-08T18:30:00Z,II,Generation,0.000
T_GNAPW-1,GNAPW-1,2026-09-08,40,2026-09-08T19:00:00Z,II,Generation,0.000
T_GNAPW-1,GNAPW-1,2026-09-08,41,2026-09-08T19:30:00Z,II,Generation,0.000
T_GNAPW-1,GNAPW-1,2026-09-08,42,2026-09-08T20:00:00Z,II,Generation,0.000
T_GNAPW-1,GNAPW-1,2026-09-08,43,2026-09-08T20:30:00Z,II,Generation,0.000
T_GNAPW-1,GNAPW-1,2026-09-08,44,2026-09-08T21:00:00Z,II,Generation,0.000
T_GNAPW-1,GNAPW-1,2026-09-08,45,2026-09-08T21:30:00Z,II,Generation,0.000
T_GNAPW-1,GNAPW-1,2026-09-08,46,2026-09-08T22:00:00Z,II,Generation,0.000
T_GNAPW-1,GNAPW-1,2026-09-08,47,2026-09-08T22:30:00Z,II,Generation,0.000
T_GNAPW-1,GNAPW-1,2026-09-08,48,2026-09-08T23:00:00Z,II,Generation,0.000
T_GNFSW-1,GNFSW-1,2026-09-08,1,2026-09-07T23:30:00Z,II,Generation,21.079
T_GNFSW-1,GNFSW-1,2026-09-08,2,2026-09-08T00:00:00Z,II,Generation,16.268
T_GNFSW-1,GNFSW-1,2026-09-08,3,2026-09-08T00:30:00Z,II,Generation,17.529
T_GNFSW-1,GNFSW-1,2026-09-08,4,2026-09-08T01:00:00Z,II,Generation,15.881
T_GNFSW-1,GNFSW-1,2026-09-08,5,2026-09-08T01:30:00Z,II,Generation,15.771
T_GNFSW-1,GNFSW-1,2026-09-08,6,2026-09-08T02:00:00Z,II,Generation,15.947
T_GNFSW-1,GNFSW-1,2026-09-08,7,2026-09-08T02:30:00Z,II,Generation,16.382
T_GNFSW-1,GNFSW-1,2026-09-08,8,2026-09-08T03:00:00Z,II,Generation,16.076
T_GNFSW-1,GNFSW-1,2026-09-08,9,2026-09-08T03:30:00Z,II,Generation,17.499
T_GNFSW-1,GNFSW-1,2026-09-08,10,2026-09-08T04:00:00Z,II,Generation,20.353
T_GNFSW-1,GNFSW-1,2026-09-08,11,2026-09-08T04:30:00Z,II,Generation,17.069
T_GNFSW-1,GNFSW-1,2026-09-08,12,2026-09-08T05:00:00Z,II,Generation,12.283
T_GNFSW-1,GNFSW-1,2026-09-08,13,2026-09-08T05:30:00Z,II,Generation,9.826
T_GNFSW-1,GNFSW-1,2026-09-08,14,2026-09-08T06:00:00Z,II,Generation,7.066
T_GNFSW-1,GNFSW-1,2026-09-08,15,2026-09-08T06:30:00Z,II,Generation,5.781
T_GNFSW-1,GNFSW-1,2026-09-08,16,2026-09-08T07:00:00Z,II,Generation,8.871
T_GNFSW-1,GNFSW-1,2026-09-08,17,2026-09-08T07:30:00Z,II,Generation,10.011
T_GNFSW-1,GNFSW-1,2026-09-08,18,2026-09-08T08:00:00Z,II,Generation,18.170
T_GNFSW-1,GNFSW-1,2026-09-08,19,2026-09-08T08:30:00Z,II,Generation,13.753
T_GNFSW-1,GNFSW-1,2026-09-08,20,2026-09-08T09:00:00Z,II,Generation,9.320
T_GNFSW-1,GNFSW-1,2026-09-08,21,2026-09-08T09:30:00Z,II,Generation,11.925
T_GNFSW-1,GNFSW-1,2026-09-08,22,2026-09-08T10:00:00Z,II,Generation,10.463
T_GNFSW-1,GNFSW-1,2026-09-08,23,2026-09-08T10:30:00Z,II,Generation,5.621
T_GNFSW-1,GNFSW-1,2026-09-08,24,2026-09-08T11:00:00Z,II,Generation,7.240
T_GNFSW-1,GNFSW-1,2026-09-08,25,2026-09-08T11:30:00Z,II,Generation,8.564
T_GNFSW-1,GNFSW-1,2026-09-08,26,2026-09-08T12:00:00Z,II,Generation,8.110
T_GNFSW-1,GNFSW-1,2026-09-08,27,2026-09-08T12:30:00Z,II,Generation,5.588
T_GNFSW-1,GNFSW-1,2026-09-08,28,2026-09-08T13:00:00Z,II,Generation,2.975
T_GNFSW-1,GNFSW-1,2026-09-08,29,2026-09-08T13:30:00Z,II,Generation,2.529
T_GNFSW-1,GNFSW-1,2026-09-08,30,2026-09-08T14:00:00Z,II,Generation,3.093
T_GNFSW-1,GNFSW-1,2026-09-08,31,2026-09-08T14:30:00Z,II,Generation,2.196
T_GNFSW-1,GNFSW-1,2026-09-08,32,2026-09-08T15:00:00Z,II,Generation,8.067
T_GNFSW-1,GNFSW-1,2026-09-08,33,2026-09-08T15:30:00Z,II,Generation,19.518
T_GNFSW-1,GNFSW-1,2026-09-08,34,2026-09-08T16:00:00Z,II,Generation,19.528
T_GNFSW-1,GNFSW-1,2026-09-08,35,2026-09-08T16:30:00Z,II,Generation,15.206
T_GNFSW-1,GNFSW-1,2026-09-08,36,2026-09-08T17:00:00Z,II,Generation,15.706
T_GNFSW-1,GNFSW-1,2026-09-08,37,2026-09-08T17:30:00Z,II,Generation,18.644
T_GNFSW-1,GNFSW-1,2026-09-08,38,2026-09-08T18:00:00Z,II,Generation,19.512
T_GNFSW-1,GNFSW-1,2026-09-08,39,2026-09-08T18:30:00Z,II,Generation,16.041
T_GNFSW-1,GNFSW-1,2026-09-08,40,2026-09-08T19:00:00Z,II,Generation,15.132
T_GNFSW-1,GNFSW-1,2026-09-08,41,2026-09-08T19:30:00Z,II,Generation,19.463
T_GNFSW-1,GNFSW-1,2026-09-08,42,2026-09-08T20:00:00Z,II,Generation,19.532
T_GNFSW-1,GNFSW-1,2026-09-08,43,2026-09-08T20:30:00Z,II,Generation,19.518
T_GNFSW-1,GNFSW-1,2026-09-08,44,2026-09-08T21:00:00Z,II,Generation,19.689
T_GNFSW-1,GNFSW-1,2026-09-08,45,2026-09-08T21:30:00Z,II,Generation,30.035
T_GNFSW-1,GNFSW-1,2026-09-08,46,2026-09-08T22:00:00Z,II,Generation,36.524
T_GNFSW-1,GNFSW-1,2026-09-08,47,2026-09-08T22:30:00Z,II,Generation,36.082
T_GNFSW-1,GNFSW-1,2026-09-08,48,2026-09-08T23:00:00Z,II,Generation,36.448
T_GNFSW-2,GNFSW-2,2026-09-08,1,2026-09-07T23:30:00Z,II,Generation,9.471
T_GNFSW-2,GNFSW-2,2026-09-08,2,2026-09-08T00:00:00Z,II,Generation,7.532
T_GNFSW-2,GNFSW-2,2026-09-08,3,2026-09-08T00:30:00Z,II,Generation,9.272
T_GNFSW-2,GNFSW-2,2026-09-08,4,2026-09-08T01:00:00Z,II,Generation,8.284
T_GNFSW-2,GNFSW-2,2026-09-08,5,2026-09-08T01:30:00Z,II,Generation,8.554
T_GNFSW-2,GNFSW-2,2026-09-08,6,2026-09-08T02:00:00Z,II,Generation,7.439
T_GNFSW-2,GNFSW-2,2026-09-08,7,2026-09-08T02:30:00Z,II,Generation,7.966
T_GNFSW-2,GNFSW-2,2026-09-08,8,2026-09-08T03:00:00Z,II,Generation,7.999
T_GNFSW-2,GNFSW-2,2026-09-08,9,2026-09-08T03:30:00Z,II,Generation,8.726
T_GNFSW-2,GNFSW-2,2026-09-08,10,2026-09-08T04:00:00Z,II,Generation,9.879
T_GNFSW-2,GNFSW-2,2026-09-08,11,2026-09-08T04:30:00Z,II,Generation,0.521
T_GNFSW-2,GNFSW-2,2026-09-08,12,2026-09-08T05:00:00Z,II,Generation,-0.179
T_GNFSW-2,GNFSW-2,2026-09-08,13,2026-09-08T05:30:00Z,II,Generation,-0.171
T_GNFSW-2,GNFSW-2,2026-09-08,14,2026-09-08T06:00:00Z,II,Generation,-0.167
T_GNFSW-2,GNFSW-2,2026-09-08,15,2026-09-08T06:30:00Z,II,Generation,-0.165
T_GNFSW-2,GNFSW-2,2026-09-08,16,2026-09-08T07:00:00Z,II,Generation,-0.165
T_GNFSW-2,GNFSW-2,2026-09-08,17,2026-09-08T07:30:00Z,II,Generation,-0.165
T_GNFSW-2,GNFSW-2,2026-09-08,18,2026-09-08T08:00:00Z,II,Generation,-0.165
T_GNFSW-2,GNFSW-2,2026-09-08,19,2026-09-08T08:30:00Z,II,Generation,-0.164
T_GNFSW-2,GNFSW-2,2026-09-08,20,2026-09-08T09:00:00Z,II,Generation,-0.164
T_GNFSW-2,GNFSW-2,2026-09-08,21,2026-09-08T09:30:00Z,II,Generation,-0.165
T_GNFSW-2,GNFSW-2,2026-09-08,22,2026-09-08T10:00:00Z,II,Generation,-0.166
T_GNFSW-2,GNFSW-2,2026-09-08,23,2026-09-08T10:30:00Z,II,Generation,-0.166
T_GNFSW-2,GNFSW-2,2026-09-08,24,2026-09-08T11:00:00Z,II,Generation,-0.168
T_GNFSW-2,GNFSW-2,2026-09-08,25,2026-09-08T11:30:00Z,II,Generation,-0.167
T_GNFSW-2,GNFSW-2,2026-09-08,26,2026-09-08T12:00:00Z,II,Generation,-0.168
T_GNFSW-2,GNFSW-2,2026-09-08,27,2026-09-08T12:30:00Z,II,Generation,-0.167
T_GNFSW-2,GNFSW-2,2026-09-08,28,2026-09-08T13:00:00Z,II,Generation,-0.166
T_GNFSW-2,GNFSW-2,2026-09-08,29,2026-09-08T13:30:00Z,II,Generation,-0.166
T_GNFSW-2,GNFSW-2,2026-09-08,30,2026-09-08T14:00:00Z,II,Generation,-0.168
T_GNFSW-2,GNFSW-2,2026-09-08,31,2026-09-08T14:30:00Z,II,Generation,-0.168
T_GNFSW-2,GNFSW-2,2026-09-08,32,2026-09-08T15:00:00Z,II,Generation,-0.171
T_GNFSW-2,GNFSW-2,2026-09-08,33,2026-09-08T15:30:00Z,II,Generation,-0.168
T_GNFSW-2,GNFSW-2,2026-09-08,34,2026-09-08T16:00:00Z,II,Generation,-0.164
T_GNFSW-2,GNFSW-2,2026-09-08,35,2026-09-08T16:30:00Z,II,Generation,-0.164
T_GNFSW-2,GNFSW-2,2026-09-08,36,2026-09-08T17:00:00Z,II,Generation,-0.166
T_GNFSW-2,GNFSW-2,2026-09-08,37,2026-09-08T17:30:00Z,II,Generation,-0.166
T_GNFSW-2,GNFSW-2,2026-09-08,38,2026-09-08T18:00:00Z,II,Generation,-0.166
T_GNFSW-2,GNFSW-2,2026-09-08,39,2026-09-08T18:30:00Z,II,Generation,-0.165
T_GNFSW-2,GNFSW-2,2026-09-08,40,2026-09-08T19:00:00Z,II,Generation,-0.166
T_GNFSW-2,GNFSW-2,2026-09-08,41,2026-09-08T19:30:00Z,II,Generation,-0.168
T_GNFSW-2,GNFSW-2,2026-09-08,42,2026-09-08T20:00:00Z,II,Generation,-0.169
T_GNFSW-2,GNFSW-2,2026-09-08,43,2026-09-08T20:30:00Z,II,Generation,-0.169
T_GNFSW-2,GNFSW-2,2026-09-08,44,2026-09-08T21:00:00Z,II,Generation,-0.170
T_GNFSW-2,GNFSW-2,2026-09-08,45,2026-09-08T21:30:00Z,II,Generation,9.059
T_GNFSW-2,GNFSW-2,2026-09-08,46,2026-09-08T22:00:00Z,II,Generation,9.999
T_GNFSW-2,GNFSW-2,2026-09-08,47,2026-09-08T22:30:00Z,II,Generation,9.996
T_GNFSW-2,GNFSW-2,2026-09-08,48,2026-09-08T23:00:00Z,II,Generation,10.000
T_GORDW-1,GORDW-1,2026-09-08,1,2026-09-07T23:30:00Z,II,Generation,4.892
T_GORDW-1,GORDW-1,2026-09-08,2,2026-09-08T00:00:00Z,II,Generation,5.056
T_GORDW-1,GORDW-1,2026-09-08,3,2026-09-08T00:30:00Z,II,Generation,5.057
T_GORDW-1,GORDW-1,2026-09-08,4,2026-09-08T01:00:00Z,II,Generation,11.551
T_GORDW-1,GORDW-1,2026-09-08,5,2026-09-08T01:30:00Z,II,Generation,35.076
T_GORDW-1,GORDW-1,2026-09-08,6,2026-09-08T02:00:00Z,II,Generation,35.088
T_GORDW-1,GORDW-1,2026-09-08,7,2026-09-08T02:30:00Z,II,Generation,34.806
T_GORDW-1,GORDW-1,2026-09-08,8,2026-09-08T03:00:00Z,II,Generation,27.368
T_GORDW-1,GORDW-1,2026-09-08,9,2026-09-08T03:30:00Z,II,Generation,19.131
T_GORDW-1,GORDW-1,2026-09-08,10,2026-09-08T04:00:00Z,II,Generation,12.343
T_GORDW-1,GORDW-1,2026-09-08,11,2026-09-08T04:30:00Z,II,Generation,8.814
T_GORDW-1,GORDW-1,2026-09-08,12,2026-09-08T05:00:00Z,II,Generation,12.733
T_GORDW-1,GORDW-1,2026-09-08,13,2026-09-08T05:30:00Z,II,Generation,16.608
T_GORDW-1,GORDW-1,2026-09-08,14,2026-09-08T06:00:00Z,II,Generation,18.668
T_GORDW-1,GORDW-1,2026-09-08,15,2026-09-08T06:30:00Z,II,Generation,26.846
T_GORDW-1,GORDW-1,2026-09-08,16,2026-09-08T07:00:00Z,II,Generation,30.441
T_GORDW-1,GORDW-1,2026-09-08,17,2026-09-08T07:30:00Z,II,Generation,32.017
T_GORDW-1,GORDW-1,2026-09-08,18,2026-09-08T08:00:00Z,II,Generation,33.845
T_GORDW-1,GORDW-1,2026-09-08,19,2026-09-08T08:30:00Z,II,Generation,28.071
T_GORDW-1,GORDW-1,2026-09-08,20,2026-09-08T09:00:00Z,II,Generation,-0.134
T_GORDW-1,GORDW-1,2026-09-08,21,2026-09-08T09:30:00Z,II,Generation,-0.137
T_GORDW-1,GORDW-1,2026-09-08,22,2026-09-08T10:00:00Z,II,Generation,-0.137
T_GORDW-1,GORDW-1,2026-09-08,23,2026-09-08T10:30:00Z,II,Generation,-0.139
T_GORDW-1,GORDW-1,2026-09-08,24,2026-09-08T11:00:00Z,II,Generation,-0.135
T_GORDW-1,GORDW-1,2026-09-08,25,2026-09-08T11:30:00Z,II,Generation,-0.122
T_GORDW-1,GORDW-1,2026-09-08,26,2026-09-08T12:00:00Z,II,Generation,-0.117
T_GORDW-1,GORDW-1,2026-09-08,27,2026-09-08T12:30:00Z,II,Generation,-0.110
T_GORDW-1,GORDW-1,2026-09-08,28,2026-09-08T13:00:00Z,II,Generation,-0.100
T_GORDW-1,GORDW-1,2026-09-08,29,2026-09-08T13:30:00Z,II,Generation,-0.098
T_GORDW-1,GORDW-1,2026-09-08,30,2026-09-08T14:00:00Z,II,Generation,-0.096
T_GORDW-1,GORDW-1,2026-09-08,31,2026-09-08T14:30:00Z,II,Generation,-0.099
T_GORDW-1,GORDW-1,2026-09-08,32,2026-09-08T15:00:00Z,II,Generation,-0.100
T_GORDW-1,GORDW-1,2026-09-08,33,2026-09-08T15:30:00Z,II,Generation,-0.097
T_GORDW-1,GORDW-1,2026-09-08,34,2026-09-08T16:00:00Z,II,Generation,-0.094
T_GORDW-1,GORDW-1,2026-09-08,35,2026-09-08T16:30:00Z,II,Generation,-0.095
T_GORDW-1,GORDW-1,2026-09-08,36,2026-09-08T17:00:00Z,II,Generation,-0.095
T_GORDW-1,GORDW-1,2026-09-08,37,2026-09-08T17:30:00Z,II,Generation,-0.096
T_GORDW-1,GORDW-1,2026-09-08,38,2026-09-08T18:00:00Z,II,Generation,-0.095
T_GORDW-1,GORDW-1,2026-09-08,39,2026-09-08T18:30:00Z,II,Generation,-0.094
T_GORDW-1,GORDW-1,2026-09-08,40,2026-09-08T19:00:00Z,II,Generation,-0.097
T_GORDW-1,GORDW-1,2026-09-08,41,2026-09-08T19:30:00Z,II,Generation,-0.095
T_GORDW-1,GORDW-1,2026-09-08,42,2026-09-08T20:00:00Z,II,Generation,-0.098
T_GORDW-1,GORDW-1,2026-09-08,43,2026-09-08T20:30:00Z,II,Generation,-0.094
T_GORDW-1,GORDW-1,2026-09-08,44,2026-09-08T21:00:00Z,II,Generation,-0.098
T_GORDW-1,GORDW-1,2026-09-08,45,2026-09-08T21:30:00Z,II,Generation,-0.101
T_GORDW-1,GORDW-1,2026-09-08,46,2026-09-08T22:00:00Z,II,Generation,-0.097
T_GORDW-1,GORDW-1,2026-09-08,47,2026-09-08T22:30:00Z,II,Generation,-0.098
T_GORDW-1,GORDW-1,2026-09-08,48,2026-09-08T23:00:00Z,II,Generation,-0.101
T_GORDW-2,GORDW-2,2026-09-08,1,2026-09-07T23:30:00Z,II,Generation,-0.002
T_GORDW-2,GORDW-2,2026-09-08,2,2026-09-08T00:00:00Z,II,Generation,-0.004
T_GORDW-2,GORDW-2,2026-09-08,3,2026-09-08T00:30:00Z,II,Generation,-0.002
T_GORDW-2,GORDW-2,2026-09-08,4,2026-09-08T01:00:00Z,II,Generation,-0.003
T_GORDW-2,GORDW-2,2026-09-08,5,2026-09-08T01:30:00Z,II,Generation,-0.028
T_GORDW-2,GORDW-2,2026-09-08,6,2026-09-08T02:00:00Z,II,Generation,-0.028
T_GORDW-2,GORDW-2,2026-09-08,7,2026-09-08T02:30:00Z,II,Generation,-0.029
T_GORDW-2,GORDW-2,2026-09-08,8,2026-09-08T03:00:00Z,II,Generation,-0.023
T_GORDW-2,GORDW-2,2026-09-08,9,2026-09-08T03:30:00Z,II,Generation,-0.020
T_GORDW-2,GORDW-2,2026-09-08,10,2026-09-08T04:00:00Z,II,Generation,-0.021
T_GORDW-2,GORDW-2,2026-09-08,11,2026-09-08T04:30:00Z,II,Generation,3.199
T_GORDW-2,GORDW-2,2026-09-08,12,2026-09-08T05:00:00Z,II,Generation,5.957
T_GORDW-2,GORDW-2,2026-09-08,13,2026-09-08T05:30:00Z,II,Generation,9.033
T_GORDW-2,GORDW-2,2026-09-08,14,2026-09-08T06:00:00Z,II,Generation,12.001
T_GORDW-2,GORDW-2,2026-09-08,15,2026-09-08T06:30:00Z,II,Generation,15.549
T_GORDW-2,GORDW-2,2026-09-08,16,2026-09-08T07:00:00Z,II,Generation,18.619
T_GORDW-2,GORDW-2,2026-09-08,17,2026-09-08T07:30:00Z,II,Generation,18.957
T_GORDW-2,GORDW-2,2026-09-08,18,2026-09-08T08:00:00Z,II,Generation,18.350
T_GORDW-2,GORDW-2,2026-09-08,19,2026-09-08T08:30:00Z,II,Generation,9.666
T_GORDW-2,GORDW-2,2026-09-08,20,2026-09-08T09:00:00Z,II,Generation,-0.003
T_GORDW-2,GORDW-2,2026-09-08,21,2026-09-08T09:30:00Z,II,Generation,-0.002
T_GORDW-2,GORDW-2,2026-09-08,22,2026-09-08T10:00:00Z,II,Generation,-0.001
T_GORDW-2,GORDW-2,2026-09-08,23,2026-09-08T10:30:00Z,II,Generation,0.002
T_GORDW-2,GORDW-2,2026-09-08,24,2026-09-08T11:00:00Z,II,Generation,0.005
T_GORDW-2,GORDW-2,2026-09-08,25,2026-09-08T11:30:00Z,II,Generation,0.003
T_GORDW-2,GORDW-2,2026-09-08,26,2026-09-08T12:00:00Z,II,Generation,0.002
T_GORDW-2,GORDW-2,2026-09-08,27,2026-09-08T12:30:00Z,II,Generation,0.000
T_GORDW-2,GORDW-2,2026-09-08,28,2026-09-08T13:00:00Z,II,Generation,-0.003
T_GORDW-2,GORDW-2,2026-09-08,29,2026-09-08T13:30:00Z,II,Generation,-0.002
T_GORDW-2,GORDW-2,2026-09-08,30,2026-09-08T14:00:00Z,II,Generation,-0.003
T_GORDW-2,GORDW-2,2026-09-08,31,2026-09-08T14:30:00Z,II,Generation,-0.004
T_GORDW-2,GORDW-2,2026-09-08,32,2026-09-08T15:00:00Z,II,Generation,-0.002
T_GORDW-2,GORDW-2,2026-09-08,33,2026-09-08T15:30:00Z,II,Generation,-0.001
T_GORDW-2,GORDW-2,2026-09-08,34,2026-09-08T16:00:00Z,II,Generation,-0.003
T_GORDW-2,GORDW-2,2026-09-08,35,2026-09-08T16:30:00Z,II,Generation,-0.002
T_GORDW-2,GORDW-2,2026-09-08,36,2026-09-08T17:00:00Z,II,Generation,-0.002
T_GORDW-2,GORDW-2,2026-09-08,37,2026-09-08T17:30:00Z,II,Generation,-0.001
T_GORDW-2,GORDW-2,2026-09-08,38,2026-09-08T18:00:00Z,II,Generation,-0.002
T_GORDW-2,GORDW-2,2026-09-08,39,2026-09-08T18:30:00Z,II,Generation,-0.003
T_GORDW-2,GORDW-2,2026-09-08,40,2026-09-08T19:00:00Z,II,Generation,0.000
T_GORDW-2,GORDW-2,2026-09-08,41,2026-09-08T19:30:00Z,II,Generation,-0.002
T_GORDW-2,GORDW-2,2026-09-08,42,2026-09-08T20:00:00Z,II,Generation,0.000
T_GORDW-2,GORDW-2,2026-09-08,43,2026-09-08T20:30:00Z,II,Generation,-0.003
T_GORDW-2,GORDW-2,2026-09-08,44,2026-09-08T21:00:00Z,II,Generation,0.001
T_GORDW-2,GORDW-2,2026-09-08,45,2026-09-08T21:30:00Z,II,Generation,0.003
T_GORDW-2,GORDW-2,2026-09-08,46,2026-09-08T22:00:00Z,II,Generation,0.000
T_GORDW-2,GORDW-2,2026-09-08,47,2026-09-08T22:30:00Z,II,Generation,0.001
T_GORDW-2,GORDW-2,2026-09-08,48,2026-09-08T23:00:00Z,II,Generation,0.004
T_GRGBW-1,GRGBW-1,2026-09-08,1,2026-09-07T23:30:00Z,II,Generation,39.557
T_GRGBW-1,GRGBW-1,2026-09-08,2,2026-09-08T00:00:00Z,II,Generation,28.646
T_GRGBW-1,GRGBW-1,2026-09-08,3,2026-09-08T00:30:00Z,II,Generation,33.750
T_GRGBW-1,GRGBW-1,2026-09-08,4,2026-09-08T01:00:00Z,II,Generation,46.900
T_GRGBW-1,GRGBW-1,2026-09-08,5,2026-09-08T01:30:00Z,II,Generation,51.501
T_GRGBW-1,GRGBW-1,2026-09-08,6,2026-09-08T02:00:00Z,II,Generation,39.912
T_GRGBW-1,GRGBW-1,2026-09-08,7,2026-09-08T02:30:00Z,II,Generation,42.594
T_GRGBW-1,GRGBW-1,2026-09-08,8,2026-09-08T03:00:00Z,II,Generation,43.773
T_GRGBW-1,GRGBW-1,2026-09-08,9,2026-09-08T03:30:00Z,II,Generation,38.610
T_GRGBW-1,GRGBW-1,2026-09-08,10,2026-09-08T04:00:00Z,II,Generation,40.171
T_GRGBW-1,GRGBW-1,2026-09-08,11,2026-09-08T04:30:00Z,II,Generation,50.019
T_GRGBW-1,GRGBW-1,2026-09-08,12,2026-09-08T05:00:00Z,II,Generation,42.037
T_GRGBW-1,GRGBW-1,2026-09-08,13,2026-09-08T05:30:00Z,II,Generation,34.594
T_GRGBW-1,GRGBW-1,2026-09-08,14,2026-09-08T06:00:00Z,II,Generation,34.345
T_GRGBW-1,GRGBW-1,2026-09-08,15,2026-09-08T06:30:00Z,II,Generation,30.671
T_GRGBW-1,GRGBW-1,2026-09-08,16,2026-09-08T07:00:00Z,II,Generation,21.014
T_GRGBW-1,GRGBW-1,2026-09-08,17,2026-09-08T07:30:00Z,II,Generation,16.112
T_GRGBW-1,GRGBW-1,2026-09-08,18,2026-09-08T08:00:00Z,II,Generation,31.430
T_GRGBW-1,GRGBW-1,2026-09-08,19,2026-09-08T08:30:00Z,II,Generation,35.242
T_GRGBW-1,GRGBW-1,2026-09-08,20,2026-09-08T09:00:00Z,II,Generation,40.926
T_GRGBW-1,GRGBW-1,2026-09-08,21,2026-09-08T09:30:00Z,II,Generation,30.862
T_GRGBW-1,GRGBW-1,2026-09-08,22,2026-09-08T10:00:00Z,II,Generation,19.727
T_GRGBW-1,GRGBW-1,2026-09-08,23,2026-09-08T10:30:00Z,II,Generation,15.722
T_GRGBW-1,GRGBW-1,2026-09-08,24,2026-09-08T11:00:00Z,II,Generation,20.467
T_GRGBW-1,GRGBW-1,2026-09-08,25,2026-09-08T11:30:00Z,II,Generation,25.016
T_GRGBW-1,GRGBW-1,2026-09-08,26,2026-09-08T12:00:00Z,II,Generation,25.638
T_GRGBW-1,GRGBW-1,2026-09-08,27,2026-09-08T12:30:00Z,II,Generation,23.202
T_GRGBW-1,GRGBW-1,2026-09-08,28,2026-09-08T13:00:00Z,II,Generation,19.293
T_GRGBW-1,GRGBW-1,2026-09-08,29,2026-09-08T13:30:00Z,II,Generation,14.257
T_GRGBW-1,GRGBW-1,2026-09-08,30,2026-09-08T14:00:00Z,II,Generation,10.321
T_GRGBW-1,GRGBW-1,2026-09-08,31,2026-09-08T14:30:00Z,II,Generation,7.051
T_GRGBW-1,GRGBW-1,2026-09-08,32,2026-09-08T15:00:00Z,II,Generation,2.622
T_GRGBW-1,GRGBW-1,2026-09-08,33,2026-09-08T15:30:00Z,II,Generation,12.858
T_GRGBW-1,GRGBW-1,2026-09-08,34,2026-09-08T16:00:00Z,II,Generation,31.380
T_GRGBW-1,GRGBW-1,2026-09-08,35,2026-09-08T16:30:00Z,II,Generation,53.541
T_GRGBW-1,GRGBW-1,2026-09-08,36,2026-09-08T17:00:00Z,II,Generation,19.425
T_GRGBW-1,GRGBW-1,2026-09-08,37,2026-09-08T17:30:00Z,II,Generation,31.995
T_GRGBW-1,GRGBW-1,2026-09-08,38,2026-09-08T18:00:00Z,II,Generation,39.542
T_GRGBW-1,GRGBW-1,2026-09-08,39,2026-09-08T18:30:00Z,II,Generation,62.830
T_GRGBW-1,GRGBW-1,2026-09-08,40,2026-09-08T19:00:00Z,II,Generation,57.808
T_GRGBW-1,GRGBW-1,2026-09-08,41,2026-09-08T19:30:00Z,II,Generation,59.103
T_GRGBW-1,GRGBW-1,2026-09-08,42,2026-09-08T20:00:00Z,II,Generation,63.741
T_GRGBW-1,GRGBW-1,2026-09-08,43,2026-09-08T20:30:00Z,II,Generation,68.031
T_GRGBW-1,GRGBW-1,2026-09-08,44,2026-09-08T21:00:00Z,II,Generation,71.050
T_GRGBW-1,GRGBW-1,2026-09-08,45,2026-09-08T21:30:00Z,II,Generation,71.203
T_GRGBW-1,GRGBW-1,2026-09-08,46,2026-09-08T22:00:00Z,II,Generation,70.573
T_GRGBW-1,GRGBW-1,2026-09-08,47,2026-09-08T22:30:00Z,II,Generation,64.110
T_GRGBW-1,GRGBW-1,2026-09-08,48,2026-09-08T23:00:00Z,II,Generation,70.012
T_GRGBW-2,GRGBW-2,2026-09-08,1,2026-09-07T23:30:00Z,II,Generation,40.520
T_GRGBW-2,GRGBW-2,2026-09-08,2,2026-09-08T00:00:00Z,II,Generation,42.697
T_GRGBW-2,GRGBW-2,2026-09-08,3,2026-09-08T00:30:00Z,II,Generation,46.507
T_GRGBW-2,GRGBW-2,2026-09-08,4,2026-09-08T01:00:00Z,II,Generation,50.266
T_GRGBW-2,GRGBW-2,2026-09-08,5,2026-09-08T01:30:00Z,II,Generation,54.866
T_GRGBW-2,GRGBW-2,2026-09-08,6,2026-09-08T02:00:00Z,II,Generation,44.471
T_GRGBW-2,GRGBW-2,2026-09-08,7,2026-09-08T02:30:00Z,II,Generation,34.425
T_GRGBW-2,GRGBW-2,2026-09-08,8,2026-09-08T03:00:00Z,II,Generation,35.071
T_GRGBW-2,GRGBW-2,2026-09-08,9,2026-09-08T03:30:00Z,II,Generation,35.321
T_GRGBW-2,GRGBW-2,2026-09-08,10,2026-09-08T04:00:00Z,II,Generation,34.460
T_GRGBW-2,GRGBW-2,2026-09-08,11,2026-09-08T04:30:00Z,II,Generation,36.043
T_GRGBW-2,GRGBW-2,2026-09-08,12,2026-09-08T05:00:00Z,II,Generation,33.523
T_GRGBW-2,GRGBW-2,2026-09-08,13,2026-09-08T05:30:00Z,II,Generation,42.324
T_GRGBW-2,GRGBW-2,2026-09-08,14,2026-09-08T06:00:00Z,II,Generation,34.414
T_GRGBW-2,GRGBW-2,2026-09-08,15,2026-09-08T06:30:00Z,II,Generation,23.130
T_GRGBW-2,GRGBW-2,2026-09-08,16,2026-09-08T07:00:00Z,II,Generation,14.820
T_GRGBW-2,GRGBW-2,2026-09-08,17,2026-09-08T07:30:00Z,II,Generation,21.527
T_GRGBW-2,GRGBW-2,2026-09-08,18,2026-09-08T08:00:00Z,II,Generation,35.298
T_GRGBW-2,GRGBW-2,2026-09-08,19,2026-09-08T08:30:00Z,II,Generation,37.366
T_GRGBW-2,GRGBW-2,2026-09-08,20,2026-09-08T09:00:00Z,II,Generation,22.277
T_GRGBW-2,GRGBW-2,2026-09-08,21,2026-09-08T09:30:00Z,II,Generation,16.437
T_GRGBW-2,GRGBW-2,2026-09-08,22,2026-09-08T10:00:00Z,II,Generation,21.878
T_GRGBW-2,GRGBW-2,2026-09-08,23,2026-09-08T10:30:00Z,II,Generation,26.817
T_GRGBW-2,GRGBW-2,2026-09-08,24,2026-09-08T11:00:00Z,II,Generation,28.263
T_GRGBW-2,GRGBW-2,2026-09-08,25,2026-09-08T11:30:00Z,II,Generation,30.515
T_GRGBW-2,GRGBW-2,2026-09-08,26,2026-09-08T12:00:00Z,II,Generation,22.290
T_GRGBW-2,GRGBW-2,2026-09-08,27,2026-09-08T12:30:00Z,II,Generation,22.189
T_GRGBW-2,GRGBW-2,2026-09-08,28,2026-09-08T13:00:00Z,II,Generation,13.111
T_GRGBW-2,GRGBW-2,2026-09-08,29,2026-09-08T13:30:00Z,II,Generation,4.502
T_GRGBW-2,GRGBW-2,2026-09-08,30,2026-09-08T14:00:00Z,II,Generation,1.887
T_GRGBW-2,GRGBW-2,2026-09-08,31,2026-09-08T14:30:00Z,II,Generation,1.095
T_GRGBW-2,GRGBW-2,2026-09-08,32,2026-09-08T15:00:00Z,II,Generation,0.358
T_GRGBW-2,GRGBW-2,2026-09-08,33,2026-09-08T15:30:00Z,II,Generation,5.784
T_GRGBW-2,GRGBW-2,2026-09-08,34,2026-09-08T16:00:00Z,II,Generation,27.463
T_GRGBW-2,GRGBW-2,2026-09-08,35,2026-09-08T16:30:00Z,II,Generation,57.626
T_GRGBW-2,GRGBW-2,2026-09-08,36,2026-09-08T17:00:00Z,II,Generation,70.750
T_GRGBW-2,GRGBW-2,2026-09-08,37,2026-09-08T17:30:00Z,II,Generation,66.862
T_GRGBW-2,GRGBW-2,2026-09-08,38,2026-09-08T18:00:00Z,II,Generation,64.827
T_GRGBW-2,GRGBW-2,2026-09-08,39,2026-09-08T18:30:00Z,II,Generation,65.011
T_GRGBW-2,GRGBW-2,2026-09-08,40,2026-09-08T19:00:00Z,II,Generation,61.754
T_GRGBW-2,GRGBW-2,2026-09-08,41,2026-09-08T19:30:00Z,II,Generation,65.638
T_GRGBW-2,GRGBW-2,2026-09-08,42,2026-09-08T20:00:00Z,II,Generation,69.609
T_GRGBW-2,GRGBW-2,2026-09-08,43,2026-09-08T20:30:00Z,II,Generation,71.895
T_GRGBW-2,GRGBW-2,2026-09-08,44,2026-09-08T21:00:00Z,II,Generation,71.938
T_GRGBW-2,GRGBW-2,2026-09-08,45,2026-09-08T21:30:00Z,II,Generation,71.009
T_GRGBW-2,GRGBW-2,2026-09-08,46,2026-09-08T22:00:00Z,II,Generation,70.490
T_GRGBW-2,GRGBW-2,2026-09-08,47,2026-09-08T22:30:00Z,II,Generation,69.391
T_GRGBW-2,GRGBW-2,2026-09-08,48,2026-09-08T23:00:00Z,II,Generation,72.351
T_GRGBW-3,GRGBW-3,2026-09-08,1,2026-09-07T23:30:00Z,II,Generation,35.900
T_GRGBW-3,GRGBW-3,2026-09-08,2,2026-09-08T00:00:00Z,II,Generation,25.253
T_GRGBW-3,GRGBW-3,2026-09-08,3,2026-09-08T00:30:00Z,II,Generation,29.418
T_GRGBW-3,GRGBW-3,2026-09-08,4,2026-09-08T01:00:00Z,II,Generation,43.643
T_GRGBW-3,GRGBW-3,2026-09-08,5,2026-09-08T01:30:00Z,II,Generation,47.745
T_GRGBW-3,GRGBW-3,2026-09-08,6,2026-09-08T02:00:00Z,II,Generation,34.584
T_GRGBW-3,GRGBW-3,2026-09-08,7,2026-09-08T02:30:00Z,II,Generation,38.050
T_GRGBW-3,GRGBW-3,2026-09-08,8,2026-09-08T03:00:00Z,II,Generation,39.384
T_GRGBW-3,GRGBW-3,2026-09-08,9,2026-09-08T03:30:00Z,II,Generation,33.325
T_GRGBW-3,GRGBW-3,2026-09-08,10,2026-09-08T04:00:00Z,II,Generation,35.100
T_GRGBW-3,GRGBW-3,2026-09-08,11,2026-09-08T04:30:00Z,II,Generation,44.456
T_GRGBW-3,GRGBW-3,2026-09-08,12,2026-09-08T05:00:00Z,II,Generation,35.014
T_GRGBW-3,GRGBW-3,2026-09-08,13,2026-09-08T05:30:00Z,II,Generation,31.497
T_GRGBW-3,GRGBW-3,2026-09-08,14,2026-09-08T06:00:00Z,II,Generation,31.939
T_GRGBW-3,GRGBW-3,2026-09-08,15,2026-09-08T06:30:00Z,II,Generation,27.778
T_GRGBW-3,GRGBW-3,2026-09-08,16,2026-09-08T07:00:00Z,II,Generation,19.331
T_GRGBW-3,GRGBW-3,2026-09-08,17,2026-09-08T07:30:00Z,II,Generation,16.052
T_GRGBW-3,GRGBW-3,2026-09-08,18,2026-09-08T08:00:00Z,II,Generation,30.843
T_GRGBW-3,GRGBW-3,2026-09-08,19,2026-09-08T08:30:00Z,II,Generation,35.590
T_GRGBW-3,GRGBW-3,2026-09-08,20,2026-09-08T09:00:00Z,II,Generation,37.932
T_GRGBW-3,GRGBW-3,2026-09-08,21,2026-09-08T09:30:00Z,II,Generation,29.915
T_GRGBW-3,GRGBW-3,2026-09-08,22,2026-09-08T10:00:00Z,II,Generation,19.071
T_GRGBW-3,GRGBW-3,2026-09-08,23,2026-09-08T10:30:00Z,II,Generation,15.886
T_GRGBW-3,GRGBW-3,2026-09-08,24,2026-09-08T11:00:00Z,II,Generation,20.634
T_GRGBW-3,GRGBW-3,2026-09-08,25,2026-09-08T11:30:00Z,II,Generation,24.478
T_GRGBW-3,GRGBW-3,2026-09-08,26,2026-09-08T12:00:00Z,II,Generation,24.448
T_GRGBW-3,GRGBW-3,2026-09-08,27,2026-09-08T12:30:00Z,II,Generation,22.628
T_GRGBW-3,GRGBW-3,2026-09-08,28,2026-09-08T13:00:00Z,II,Generation,17.877
T_GRGBW-3,GRGBW-3,2026-09-08,29,2026-09-08T13:30:00Z,II,Generation,12.532
T_GRGBW-3,GRGBW-3,2026-09-08,30,2026-09-08T14:00:00Z,II,Generation,9.105
T_GRGBW-3,GRGBW-3,2026-09-08,31,2026-09-08T14:30:00Z,II,Generation,5.837
T_GRGBW-3,GRGBW-3,2026-09-08,32,2026-09-08T15:00:00Z,II,Generation,2.288
T_GRGBW-3,GRGBW-3,2026-09-08,33,2026-09-08T15:30:00Z,II,Generation,11.441
T_GRGBW-3,GRGBW-3,2026-09-08,34,2026-09-08T16:00:00Z,II,Generation,28.216
T_GRGBW-3,GRGBW-3,2026-09-08,35,2026-09-08T16:30:00Z,II,Generation,69.204
T_GRGBW-3,GRGBW-3,2026-09-08,36,2026-09-08T17:00:00Z,II,Generation,64.633
T_GRGBW-3,GRGBW-3,2026-09-08,37,2026-09-08T17:30:00Z,II,Generation,58.278
T_GRGBW-3,GRGBW-3,2026-09-08,38,2026-09-08T18:00:00Z,II,Generation,50.679
T_GRGBW-3,GRGBW-3,2026-09-08,39,2026-09-08T18:30:00Z,II,Generation,61.655
T_GRGBW-3,GRGBW-3,2026-09-08,40,2026-09-08T19:00:00Z,II,Generation,57.049
T_GRGBW-3,GRGBW-3,2026-09-08,41,2026-09-08T19:30:00Z,II,Generation,57.042
T_GRGBW-3,GRGBW-3,2026-09-08,42,2026-09-08T20:00:00Z,II,Generation,62.085
T_GRGBW-3,GRGBW-3,2026-09-08,43,2026-09-08T20:30:00Z,II,Generation,66.698
T_GRGBW-3,GRGBW-3,2026-09-08,44,2026-09-08T21:00:00Z,II,Generation,69.702
T_GRGBW-3,GRGBW-3,2026-09-08,45,2026-09-08T21:30:00Z,II,Generation,68.632
T_GRGBW-3,GRGBW-3,2026-09-08,46,2026-09-08T22:00:00Z,II,Generation,67.481
T_GRGBW-3,GRGBW-3,2026-09-08,47,2026-09-08T22:30:00Z,II,Generation,60.703
T_GRGBW-3,GRGBW-3,2026-09-08,48,2026-09-08T23:00:00Z,II,Generation,67.159
T_GRIFW-1,GRIFW-1,2026-09-08,1,2026-09-07T23:30:00Z,II,Generation,4.985
T_GRIFW-1,GRIFW-1,2026-09-08,2,2026-09-08T00:00:00Z,II,Generation,4.984
T_GRIFW-1,GRIFW-1,2026-09-08,3,2026-09-08T00:30:00Z,II,Generation,4.983
T_GRIFW-1,GRIFW-1,2026-09-08,4,2026-09-08T01:00:00Z,II,Generation,11.442
T_GRIFW-1,GRIFW-1,2026-09-08,5,2026-09-08T01:30:00Z,II,Generation,24.716
T_GRIFW-1,GRIFW-1,2026-09-08,6,2026-09-08T02:00:00Z,II,Generation,20.644
T_GRIFW-1,GRIFW-1,2026-09-08,7,2026-09-08T02:30:00Z,II,Generation,26.061
T_GRIFW-1,GRIFW-1,2026-09-08,8,2026-09-08T03:00:00Z,II,Generation,27.227
T_GRIFW-1,GRIFW-1,2026-09-08,9,2026-09-08T03:30:00Z,II,Generation,30.460
T_GRIFW-1,GRIFW-1,2026-09-08,10,2026-09-08T04:00:00Z,II,Generation,28.841
T_GRIFW-1,GRIFW-1,2026-09-08,11,2026-09-08T04:30:00Z,II,Generation,19.561
T_GRIFW-1,GRIFW-1,2026-09-08,12,2026-09-08T05:00:00Z,II,Generation,22.267
T_GRIFW-1,GRIFW-1,2026-09-08,13,2026-09-08T05:30:00Z,II,Generation,23.465
T_GRIFW-1,GRIFW-1,2026-09-08,14,2026-09-08T06:00:00Z,II,Generation,27.794
T_GRIFW-1,GRIFW-1,2026-09-08,15,2026-09-08T06:30:00Z,II,Generation,27.650
T_GRIFW-1,GRIFW-1,2026-09-08,16,2026-09-08T07:00:00Z,II,Generation,20.967
T_GRIFW-1,GRIFW-1,2026-09-08,17,2026-09-08T07:30:00Z,II,Generation,18.856
T_GRIFW-1,GRIFW-1,2026-09-08,18,2026-09-08T08:00:00Z,II,Generation,27.900
T_GRIFW-1,GRIFW-1,2026-09-08,19,2026-09-08T08:30:00Z,II,Generation,31.902
T_GRIFW-1,GRIFW-1,2026-09-08,20,2026-09-08T09:00:00Z,II,Generation,35.439
T_GRIFW-1,GRIFW-1,2026-09-08,21,2026-09-08T09:30:00Z,II,Generation,30.882
T_GRIFW-1,GRIFW-1,2026-09-08,22,2026-09-08T10:00:00Z,II,Generation,29.793
T_GRIFW-1,GRIFW-1,2026-09-08,23,2026-09-08T10:30:00Z,II,Generation,23.410
T_GRIFW-1,GRIFW-1,2026-09-08,24,2026-09-08T11:00:00Z,II,Generation,26.167
T_GRIFW-1,GRIFW-1,2026-09-08,25,2026-09-08T11:30:00Z,II,Generation,31.877
T_GRIFW-1,GRIFW-1,2026-09-08,26,2026-09-08T12:00:00Z,II,Generation,34.696
T_GRIFW-1,GRIFW-1,2026-09-08,27,2026-09-08T12:30:00Z,II,Generation,36.669
T_GRIFW-1,GRIFW-1,2026-09-08,28,2026-09-08T13:00:00Z,II,Generation,38.182
T_GRIFW-1,GRIFW-1,2026-09-08,29,2026-09-08T13:30:00Z,II,Generation,36.573
T_GRIFW-1,GRIFW-1,2026-09-08,30,2026-09-08T14:00:00Z,II,Generation,33.998
T_GRIFW-1,GRIFW-1,2026-09-08,31,2026-09-08T14:30:00Z,II,Generation,42.059
T_GRIFW-1,GRIFW-1,2026-09-08,32,2026-09-08T15:00:00Z,II,Generation,43.777
T_GRIFW-1,GRIFW-1,2026-09-08,33,2026-09-08T15:30:00Z,II,Generation,43.125
T_GRIFW-1,GRIFW-1,2026-09-08,34,2026-09-08T16:00:00Z,II,Generation,39.420
T_GRIFW-1,GRIFW-1,2026-09-08,35,2026-09-08T16:30:00Z,II,Generation,40.974
T_GRIFW-1,GRIFW-1,2026-09-08,36,2026-09-08T17:00:00Z,II,Generation,38.113
T_GRIFW-1,GRIFW-1,2026-09-08,37,2026-09-08T17:30:00Z,II,Generation,31.070
T_GRIFW-1,GRIFW-1,2026-09-08,38,2026-09-08T18:00:00Z,II,Generation,32.797
T_GRIFW-1,GRIFW-1,2026-09-08,39,2026-09-08T18:30:00Z,II,Generation,35.730
T_GRIFW-1,GRIFW-1,2026-09-08,40,2026-09-08T19:00:00Z,II,Generation,37.068
T_GRIFW-1,GRIFW-1,2026-09-08,41,2026-09-08T19:30:00Z,II,Generation,39.456
T_GRIFW-1,GRIFW-1,2026-09-08,42,2026-09-08T20:00:00Z,II,Generation,42.482
T_GRIFW-1,GRIFW-1,2026-09-08,43,2026-09-08T20:30:00Z,II,Generation,43.015
T_GRIFW-1,GRIFW-1,2026-09-08,44,2026-09-08T21:00:00Z,II,Generation,28.921
T_GRIFW-1,GRIFW-1,2026-09-08,45,2026-09-08T21:30:00Z,II,Generation,24.936
T_GRIFW-1,GRIFW-1,2026-09-08,46,2026-09-08T22:00:00Z,II,Generation,29.310
T_GRIFW-1,GRIFW-1,2026-09-08,47,2026-09-08T22:30:00Z,II,Generation,33.320
T_GRIFW-1,GRIFW-1,2026-09-08,48,2026-09-08T23:00:00Z,II,Generation,28.511
T_GRIFW-2,GRIFW-2,2026-09-08,1,2026-09-07T23:30:00Z,II,Generation,4.998
T_GRIFW-2,GRIFW-2,2026-09-08,2,2026-09-08T00:00:00Z,II,Generation,4.996
T_GRIFW-2,GRIFW-2,2026-09-08,3,2026-09-08T00:30:00Z,II,Generation,5.001
T_GRIFW-2,GRIFW-2,2026-09-08,4,2026-09-08T01:00:00Z,II,Generation,4.999
T_GRIFW-2,GRIFW-2,2026-09-08,5,2026-09-08T01:30:00Z,II,Generation,8.928
T_GRIFW-2,GRIFW-2,2026-09-08,6,2026-09-08T02:00:00Z,II,Generation,28.598
T_GRIFW-2,GRIFW-2,2026-09-08,7,2026-09-08T02:30:00Z,II,Generation,29.794
T_GRIFW-2,GRIFW-2,2026-09-08,8,2026-09-08T03:00:00Z,II,Generation,24.210
T_GRIFW-2,GRIFW-2,2026-09-08,9,2026-09-08T03:30:00Z,II,Generation,25.454
T_GRIFW-2,GRIFW-2,2026-09-08,10,2026-09-08T04:00:00Z,II,Generation,25.165
T_GRIFW-2,GRIFW-2,2026-09-08,11,2026-09-08T04:30:00Z,II,Generation,20.428
T_GRIFW-2,GRIFW-2,2026-09-08,12,2026-09-08T05:00:00Z,II,Generation,19.500
T_GRIFW-2,GRIFW-2,2026-09-08,13,2026-09-08T05:30:00Z,II,Generation,23.663
T_GRIFW-2,GRIFW-2,2026-09-08,14,2026-09-08T06:00:00Z,II,Generation,29.798
T_GRIFW-2,GRIFW-2,2026-09-08,15,2026-09-08T06:30:00Z,II,Generation,24.298
T_GRIFW-2,GRIFW-2,2026-09-08,16,2026-09-08T07:00:00Z,II,Generation,21.381
T_GRIFW-2,GRIFW-2,2026-09-08,17,2026-09-08T07:30:00Z,II,Generation,23.513
T_GRIFW-2,GRIFW-2,2026-09-08,18,2026-09-08T08:00:00Z,II,Generation,23.354
T_GRIFW-2,GRIFW-2,2026-09-08,19,2026-09-08T08:30:00Z,II,Generation,23.597
T_GRIFW-2,GRIFW-2,2026-09-08,20,2026-09-08T09:00:00Z,II,Generation,27.049
T_GRIFW-2,GRIFW-2,2026-09-08,21,2026-09-08T09:30:00Z,II,Generation,24.939
T_GRIFW-2,GRIFW-2,2026-09-08,22,2026-09-08T10:00:00Z,II,Generation,23.683
T_GRIFW-2,GRIFW-2,2026-09-08,23,2026-09-08T10:30:00Z,II,Generation,22.148
T_GRIFW-2,GRIFW-2,2026-09-08,24,2026-09-08T11:00:00Z,II,Generation,25.568
T_GRIFW-2,GRIFW-2,2026-09-08,25,2026-09-08T11:30:00Z,II,Generation,27.804
T_GRIFW-2,GRIFW-2,2026-09-08,26,2026-09-08T12:00:00Z,II,Generation,18.233
T_GRIFW-2,GRIFW-2,2026-09-08,27,2026-09-08T12:30:00Z,II,Generation,4.997
T_GRIFW-2,GRIFW-2,2026-09-08,28,2026-09-08T13:00:00Z,II,Generation,4.998
T_GRIFW-2,GRIFW-2,2026-09-08,29,2026-09-08T13:30:00Z,II,Generation,4.995
T_GRIFW-2,GRIFW-2,2026-09-08,30,2026-09-08T14:00:00Z,II,Generation,4.995
T_GRIFW-2,GRIFW-2,2026-09-08,31,2026-09-08T14:30:00Z,II,Generation,4.996
T_GRIFW-2,GRIFW-2,2026-09-08,32,2026-09-08T15:00:00Z,II,Generation,4.995
T_GRIFW-2,GRIFW-2,2026-09-08,33,2026-09-08T15:30:00Z,II,Generation,4.997
T_GRIFW-2,GRIFW-2,2026-09-08,34,2026-09-08T16:00:00Z,II,Generation,4.998
T_GRIFW-2,GRIFW-2,2026-09-08,35,2026-09-08T16:30:00Z,II,Generation,4.996
T_GRIFW-2,GRIFW-2,2026-09-08,36,2026-09-08T17:00:00Z,II,Generation,4.996
T_GRIFW-2,GRIFW-2,2026-09-08,37,2026-09-08T17:30:00Z,II,Generation,4.997
T_GRIFW-2,GRIFW-2,2026-09-08,38,2026-09-08T18:00:00Z,II,Generation,4.996
T_GRIFW-2,GRIFW-2,2026-09-08,39,2026-09-08T18:30:00Z,II,Generation,4.999
T_GRIFW-2,GRIFW-2,2026-09-08,40,2026-09-08T19:00:00Z,II,Generation,4.996
T_GRIFW-2,GRIFW-2,2026-09-08,41,2026-09-08T19:30:00Z,II,Generation,4.995
T_GRIFW-2,GRIFW-2,2026-09-08,42,2026-09-08T20:00:00Z,II,Generation,4.999
T_GRIFW-2,GRIFW-2,2026-09-08,43,2026-09-08T20:30:00Z,II,Generation,4.996
T_GRIFW-2,GRIFW-2,2026-09-08,44,2026-09-08T21:00:00Z,II,Generation,4.999
T_GRIFW-2,GRIFW-2,2026-09-08,45,2026-09-08T21:30:00Z,II,Generation,4.996
T_GRIFW-2,GRIFW-2,2026-09-08,46,2026-09-08T22:00:00Z,II,Generation,4.997
T_GRIFW-2,GRIFW-2,2026-09-08,47,2026-09-08T22:30:00Z,II,Generation,4.997
T_GRIFW-2,GRIFW-2,2026-09-08,48,2026-09-08T23:00:00Z,II,Generation,8.767
T_GYMR-15,GYMRO-15,2026-09-08,1,2026-09-07T23:30:00Z,II,Generation,22.900
T_GYMR-15,GYMRO-15,2026-09-08,2,2026-09-08T00:00:00Z,II,Generation,21.960
T_GYMR-15,GYMRO-15,2026-09-08,3,2026-09-08T00:30:00Z,II,Generation,19.470
T_GYMR-15,GYMRO-15,2026-09-08,4,2026-09-08T01:00:00Z,II,Generation,18.850
T_GYMR-15,GYMRO-15,2026-09-08,5,2026-09-08T01:30:00Z,II,Generation,27.130
T_GYMR-15,GYMRO-15,2026-09-08,6,2026-09-08T02:00:00Z,II,Generation,37.750
T_GYMR-15,GYMRO-15,2026-09-08,7,2026-09-08T02:30:00Z,II,Generation,32.230
T_GYMR-15,GYMRO-15,2026-09-08,8,2026-09-08T03:00:00Z,II,Generation,32.400
T_GYMR-15,GYMRO-15,2026-09-08,9,2026-09-08T03:30:00Z,II,Generation,33.190
T_GYMR-15,GYMRO-15,2026-09-08,10,2026-09-08T04:00:00Z,II,Generation,42.260
T_GYMR-15,GYMRO-15,2026-09-08,11,2026-09-08T04:30:00Z,II,Generation,34.510
T_GYMR-15,GYMRO-15,2026-09-08,12,2026-09-08T05:00:00Z,II,Generation,32.390
T_GYMR-15,GYMRO-15,2026-09-08,13,2026-09-08T05:30:00Z,II,Generation,41.930
T_GYMR-15,GYMRO-15,2026-09-08,14,2026-09-08T06:00:00Z,II,Generation,41.780
T_GYMR-15,GYMRO-15,2026-09-08,15,2026-09-08T06:30:00Z,II,Generation,39.450
T_GYMR-15,GYMRO-15,2026-09-08,16,2026-09-08T07:00:00Z,II,Generation,42.720
T_GYMR-15,GYMRO-15,2026-09-08,17,2026-09-08T07:30:00Z,II,Generation,48.820
T_GYMR-15,GYMRO-15,2026-09-08,18,2026-09-08T08:00:00Z,II,Generation,45.890
T_GYMR-15,GYMRO-15,2026-09-08,19,2026-09-08T08:30:00Z,II,Generation,50.840
T_GYMR-15,GYMRO-15,2026-09-08,20,2026-09-08T09:00:00Z,II,Generation,45.410
T_GYMR-15,GYMRO-15,2026-09-08,21,2026-09-08T09:30:00Z,II,Generation,53.090
T_GYMR-15,GYMRO-15,2026-09-08,22,2026-09-08T10:00:00Z,II,Generation,50.220
T_GYMR-15,GYMRO-15,2026-09-08,23,2026-09-08T10:30:00Z,II,Generation,49.020
T_GYMR-15,GYMRO-15,2026-09-08,24,2026-09-08T11:00:00Z,II,Generation,51.270
T_GYMR-15,GYMRO-15,2026-09-08,25,2026-09-08T11:30:00Z,II,Generation,51.720
T_GYMR-15,GYMRO-15,2026-09-08,26,2026-09-08T12:00:00Z,II,Generation,56.220
T_GYMR-15,GYMRO-15,2026-09-08,27,2026-09-08T12:30:00Z,II,Generation,62.290
T_GYMR-15,GYMRO-15,2026-09-08,28,2026-09-08T13:00:00Z,II,Generation,59.080
T_GYMR-15,GYMRO-15,2026-09-08,29,2026-09-08T13:30:00Z,II,Generation,55.860
T_GYMR-15,GYMRO-15,2026-09-08,30,2026-09-08T14:00:00Z,II,Generation,56.460
T_GYMR-15,GYMRO-15,2026-09-08,31,2026-09-08T14:30:00Z,II,Generation,63.060
T_GYMR-15,GYMRO-15,2026-09-08,32,2026-09-08T15:00:00Z,II,Generation,56.330
T_GYMR-15,GYMRO-15,2026-09-08,33,2026-09-08T15:30:00Z,II,Generation,64.500
T_GYMR-15,GYMRO-15,2026-09-08,34,2026-09-08T16:00:00Z,II,Generation,63.460
T_GYMR-15,GYMRO-15,2026-09-08,35,2026-09-08T16:30:00Z,II,Generation,61.390
T_GYMR-15,GYMRO-15,2026-09-08,36,2026-09-08T17:00:00Z,II,Generation,60.910
T_GYMR-15,GYMRO-15,2026-09-08,37,2026-09-08T17:30:00Z,II,Generation,52.730
T_GYMR-15,GYMRO-15,2026-09-08,38,2026-09-08T18:00:00Z,II,Generation,63.240
T_GYMR-15,GYMRO-15,2026-09-08,39,2026-09-08T18:30:00Z,II,Generation,65.320
T_GYMR-15,GYMRO-15,2026-09-08,40,2026-09-08T19:00:00Z,II,Generation,65.310
T_GYMR-15,GYMRO-15,2026-09-08,41,2026-09-08T19:30:00Z,II,Generation,65.200
T_GYMR-15,GYMRO-15,2026-09-08,42,2026-09-08T20:00:00Z,II,Generation,64.150
T_GYMR-15,GYMRO-15,2026-09-08,43,2026-09-08T20:30:00Z,II,Generation,64.450
T_GYMR-15,GYMRO-15,2026-09-08,44,2026-09-08T21:00:00Z,II,Generation,64.800
T_GYMR-15,GYMRO-15,2026-09-08,45,2026-09-08T21:30:00Z,II,Generation,64.840
T_GYMR-15,GYMRO-15,2026-09-08,46,2026-09-08T22:00:00Z,II,Generation,63.640
T_GYMR-15,GYMRO-15,2026-09-08,47,2026-09-08T22:30:00Z,II,Generation,65.090
T_GYMR-15,GYMRO-15,2026-09-08,48,2026-09-08T23:00:00Z,II,Generation,65.320
T_GYMR-17,GYMRO-17,2026-09-08,1,2026-09-07T23:30:00Z,II,Generation,35.830
T_GYMR-17,GYMRO-17,2026-09-08,2,2026-09-08T00:00:00Z,II,Generation,33.070
T_GYMR-17,GYMRO-17,2026-09-08,3,2026-09-08T00:30:00Z,II,Generation,27.280
T_GYMR-17,GYMRO-17,2026-09-08,4,2026-09-08T01:00:00Z,II,Generation,34.440
T_GYMR-17,GYMRO-17,2026-09-08,5,2026-09-08T01:30:00Z,II,Generation,36.210
T_GYMR-17,GYMRO-17,2026-09-08,6,2026-09-08T02:00:00Z,II,Generation,36.080
T_GYMR-17,GYMRO-17,2026-09-08,7,2026-09-08T02:30:00Z,II,Generation,36.670
T_GYMR-17,GYMRO-17,2026-09-08,8,2026-09-08T03:00:00Z,II,Generation,37.430
T_GYMR-17,GYMRO-17,2026-09-08,9,2026-09-08T03:30:00Z,II,Generation,42.170
T_GYMR-17,GYMRO-17,2026-09-08,10,2026-09-08T04:00:00Z,II,Generation,42.660
T_GYMR-17,GYMRO-17,2026-09-08,11,2026-09-08T04:30:00Z,II,Generation,37.880
T_GYMR-17,GYMRO-17,2026-09-08,12,2026-09-08T05:00:00Z,II,Generation,36.230
T_GYMR-17,GYMRO-17,2026-09-08,13,2026-09-08T05:30:00Z,II,Generation,46.810
T_GYMR-17,GYMRO-17,2026-09-08,14,2026-09-08T06:00:00Z,II,Generation,45.460
T_GYMR-17,GYMRO-17,2026-09-08,15,2026-09-08T06:30:00Z,II,Generation,45.150
T_GYMR-17,GYMRO-17,2026-09-08,16,2026-09-08T07:00:00Z,II,Generation,52.500
T_GYMR-17,GYMRO-17,2026-09-08,17,2026-09-08T07:30:00Z,II,Generation,51.770
T_GYMR-17,GYMRO-17,2026-09-08,18,2026-09-08T08:00:00Z,II,Generation,52.220
T_GYMR-17,GYMRO-17,2026-09-08,19,2026-09-08T08:30:00Z,II,Generation,58.270
T_GYMR-17,GYMRO-17,2026-09-08,20,2026-09-08T09:00:00Z,II,Generation,47.100
T_GYMR-17,GYMRO-17,2026-09-08,21,2026-09-08T09:30:00Z,II,Generation,54.340
T_GYMR-17,GYMRO-17,2026-09-08,22,2026-09-08T10:00:00Z,II,Generation,54.640
T_GYMR-17,GYMRO-17,2026-09-08,23,2026-09-08T10:30:00Z,II,Generation,50.890
T_GYMR-17,GYMRO-17,2026-09-08,24,2026-09-08T11:00:00Z,II,Generation,54.810
T_GYMR-17,GYMRO-17,2026-09-08,25,2026-09-08T11:30:00Z,II,Generation,56.140
T_GYMR-17,GYMRO-17,2026-09-08,26,2026-09-08T12:00:00Z,II,Generation,59.650
T_GYMR-17,GYMRO-17,2026-09-08,27,2026-09-08T12:30:00Z,II,Generation,67.470
T_GYMR-17,GYMRO-17,2026-09-08,28,2026-09-08T13:00:00Z,II,Generation,62.530
T_GYMR-17,GYMRO-17,2026-09-08,29,2026-09-08T13:30:00Z,II,Generation,59.200
T_GYMR-17,GYMRO-17,2026-09-08,30,2026-09-08T14:00:00Z,II,Generation,60.740
T_GYMR-17,GYMRO-17,2026-09-08,31,2026-09-08T14:30:00Z,II,Generation,66.860
T_GYMR-17,GYMRO-17,2026-09-08,32,2026-09-08T15:00:00Z,II,Generation,60.800
T_GYMR-17,GYMRO-17,2026-09-08,33,2026-09-08T15:30:00Z,II,Generation,69.000
T_GYMR-17,GYMRO-17,2026-09-08,34,2026-09-08T16:00:00Z,II,Generation,66.770
T_GYMR-17,GYMRO-17,2026-09-08,35,2026-09-08T16:30:00Z,II,Generation,65.560
T_GYMR-17,GYMRO-17,2026-09-08,36,2026-09-08T17:00:00Z,II,Generation,64.620
T_GYMR-17,GYMRO-17,2026-09-08,37,2026-09-08T17:30:00Z,II,Generation,58.460
T_GYMR-17,GYMRO-17,2026-09-08,38,2026-09-08T18:00:00Z,II,Generation,67.640
T_GYMR-17,GYMRO-17,2026-09-08,39,2026-09-08T18:30:00Z,II,Generation,69.180
T_GYMR-17,GYMRO-17,2026-09-08,40,2026-09-08T19:00:00Z,II,Generation,69.170
T_GYMR-17,GYMRO-17,2026-09-08,41,2026-09-08T19:30:00Z,II,Generation,69.070
T_GYMR-17,GYMRO-17,2026-09-08,42,2026-09-08T20:00:00Z,II,Generation,68.500
T_GYMR-17,GYMRO-17,2026-09-08,43,2026-09-08T20:30:00Z,II,Generation,68.970
T_GYMR-17,GYMRO-17,2026-09-08,44,2026-09-08T21:00:00Z,II,Generation,69.050
T_GYMR-17,GYMRO-17,2026-09-08,45,2026-09-08T21:30:00Z,II,Generation,68.000
T_GYMR-17,GYMRO-17,2026-09-08,46,2026-09-08T22:00:00Z,II,Generation,66.780
T_GYMR-17,GYMRO-17,2026-09-08,47,2026-09-08T22:30:00Z,II,Generation,67.340
T_GYMR-17,GYMRO-17,2026-09-08,48,2026-09-08T23:00:00Z,II,Generation,67.420
T_GYMR-26,GYMRO-26,2026-09-08,1,2026-09-07T23:30:00Z,II,Generation,42.390
T_GYMR-26,GYMRO-26,2026-09-08,2,2026-09-08T00:00:00Z,II,Generation,35.230
T_GYMR-26,GYMRO-26,2026-09-08,3,2026-09-08T00:30:00Z,II,Generation,39.030
T_GYMR-26,GYMRO-26,2026-09-08,4,2026-09-08T01:00:00Z,II,Generation,52.890
T_GYMR-26,GYMRO-26,2026-09-08,5,2026-09-08T01:30:00Z,II,Generation,46.040
T_GYMR-26,GYMRO-26,2026-09-08,6,2026-09-08T02:00:00Z,II,Generation,36.260
T_GYMR-26,GYMRO-26,2026-09-08,7,2026-09-08T02:30:00Z,II,Generation,39.610
T_GYMR-26,GYMRO-26,2026-09-08,8,2026-09-08T03:00:00Z,II,Generation,42.450
T_GYMR-26,GYMRO-26,2026-09-08,9,2026-09-08T03:30:00Z,II,Generation,47.990
T_GYMR-26,GYMRO-26,2026-09-08,10,2026-09-08T04:00:00Z,II,Generation,52.820
T_GYMR-26,GYMRO-26,2026-09-08,11,2026-09-08T04:30:00Z,II,Generation,41.060
T_GYMR-26,GYMRO-26,2026-09-08,12,2026-09-08T05:00:00Z,II,Generation,48.810
T_GYMR-26,GYMRO-26,2026-09-08,13,2026-09-08T05:30:00Z,II,Generation,53.290
T_GYMR-26,GYMRO-26,2026-09-08,14,2026-09-08T06:00:00Z,II,Generation,42.890
T_GYMR-26,GYMRO-26,2026-09-08,15,2026-09-08T06:30:00Z,II,Generation,49.450
T_GYMR-26,GYMRO-26,2026-09-08,16,2026-09-08T07:00:00Z,II,Generation,54.890
T_GYMR-26,GYMRO-26,2026-09-08,17,2026-09-08T07:30:00Z,II,Generation,53.690
T_GYMR-26,GYMRO-26,2026-09-08,18,2026-09-08T08:00:00Z,II,Generation,60.020
T_GYMR-26,GYMRO-26,2026-09-08,19,2026-09-08T08:30:00Z,II,Generation,59.910
T_GYMR-26,GYMRO-26,2026-09-08,20,2026-09-08T09:00:00Z,II,Generation,54.540
T_GYMR-26,GYMRO-26,2026-09-08,21,2026-09-08T09:30:00Z,II,Generation,60.410
T_GYMR-26,GYMRO-26,2026-09-08,22,2026-09-08T10:00:00Z,II,Generation,51.900
T_GYMR-26,GYMRO-26,2026-09-08,23,2026-09-08T10:30:00Z,II,Generation,53.550
T_GYMR-26,GYMRO-26,2026-09-08,24,2026-09-08T11:00:00Z,II,Generation,53.800
T_GYMR-26,GYMRO-26,2026-09-08,25,2026-09-08T11:30:00Z,II,Generation,56.510
T_GYMR-26,GYMRO-26,2026-09-08,26,2026-09-08T12:00:00Z,II,Generation,61.410
T_GYMR-26,GYMRO-26,2026-09-08,27,2026-09-08T12:30:00Z,II,Generation,65.840
T_GYMR-26,GYMRO-26,2026-09-08,28,2026-09-08T13:00:00Z,II,Generation,61.480
T_GYMR-26,GYMRO-26,2026-09-08,29,2026-09-08T13:30:00Z,II,Generation,60.790
T_GYMR-26,GYMRO-26,2026-09-08,30,2026-09-08T14:00:00Z,II,Generation,63.290
T_GYMR-26,GYMRO-26,2026-09-08,31,2026-09-08T14:30:00Z,II,Generation,64.200
T_GYMR-26,GYMRO-26,2026-09-08,32,2026-09-08T15:00:00Z,II,Generation,63.590
T_GYMR-26,GYMRO-26,2026-09-08,33,2026-09-08T15:30:00Z,II,Generation,67.200
T_GYMR-26,GYMRO-26,2026-09-08,34,2026-09-08T16:00:00Z,II,Generation,66.300
T_GYMR-26,GYMRO-26,2026-09-08,35,2026-09-08T16:30:00Z,II,Generation,67.000
T_GYMR-26,GYMRO-26,2026-09-08,36,2026-09-08T17:00:00Z,II,Generation,64.680
T_GYMR-26,GYMRO-26,2026-09-08,37,2026-09-08T17:30:00Z,II,Generation,62.060
T_GYMR-26,GYMRO-26,2026-09-08,38,2026-09-08T18:00:00Z,II,Generation,67.220
T_GYMR-26,GYMRO-26,2026-09-08,39,2026-09-08T18:30:00Z,II,Generation,67.380
T_GYMR-26,GYMRO-26,2026-09-08,40,2026-09-08T19:00:00Z,II,Generation,67.370
T_GYMR-26,GYMRO-26,2026-09-08,41,2026-09-08T19:30:00Z,II,Generation,67.210
T_GYMR-26,GYMRO-26,2026-09-08,42,2026-09-08T20:00:00Z,II,Generation,67.200
T_GYMR-26,GYMRO-26,2026-09-08,43,2026-09-08T20:30:00Z,II,Generation,67.130
T_GYMR-26,GYMRO-26,2026-09-08,44,2026-09-08T21:00:00Z,II,Generation,67.100
T_GYMR-26,GYMRO-26,2026-09-08,45,2026-09-08T21:30:00Z,II,Generation,67.370
T_GYMR-26,GYMRO-26,2026-09-08,46,2026-09-08T22:00:00Z,II,Generation,67.370
T_GYMR-26,GYMRO-26,2026-09-08,47,2026-09-08T22:30:00Z,II,Generation,67.370
T_GYMR-26,GYMRO-26,2026-09-08,48,2026-09-08T23:00:00Z,II,Generation,67.330
T_GYMR-28,GYMRO-28,2026-09-08,1,2026-09-07T23:30:00Z,II,Generation,52.500
T_GYMR-28,GYMRO-28,2026-09-08,2,2026-09-08T00:00:00Z,II,Generation,41.430
T_GYMR-28,GYMRO-28,2026-09-08,3,2026-09-08T00:30:00Z,II,Generation,45.110
T_GYMR-28,GYMRO-28,2026-09-08,4,2026-09-08T01:00:00Z,II,Generation,60.320
T_GYMR-28,GYMRO-28,2026-09-08,5,2026-09-08T01:30:00Z,II,Generation,48.770
T_GYMR-28,GYMRO-28,2026-09-08,6,2026-09-08T02:00:00Z,II,Generation,34.820
T_GYMR-28,GYMRO-28,2026-09-08,7,2026-09-08T02:30:00Z,II,Generation,43.700
T_GYMR-28,GYMRO-28,2026-09-08,8,2026-09-08T03:00:00Z,II,Generation,46.770
T_GYMR-28,GYMRO-28,2026-09-08,9,2026-09-08T03:30:00Z,II,Generation,49.390
T_GYMR-28,GYMRO-28,2026-09-08,10,2026-09-08T04:00:00Z,II,Generation,47.480
T_GYMR-28,GYMRO-28,2026-09-08,11,2026-09-08T04:30:00Z,II,Generation,40.400
T_GYMR-28,GYMRO-28,2026-09-08,12,2026-09-08T05:00:00Z,II,Generation,47.640
T_GYMR-28,GYMRO-28,2026-09-08,13,2026-09-08T05:30:00Z,II,Generation,57.010
T_GYMR-28,GYMRO-28,2026-09-08,14,2026-09-08T06:00:00Z,II,Generation,47.470
T_GYMR-28,GYMRO-28,2026-09-08,15,2026-09-08T06:30:00Z,II,Generation,57.310
T_GYMR-28,GYMRO-28,2026-09-08,16,2026-09-08T07:00:00Z,II,Generation,61.090
T_GYMR-28,GYMRO-28,2026-09-08,17,2026-09-08T07:30:00Z,II,Generation,58.060
T_GYMR-28,GYMRO-28,2026-09-08,18,2026-09-08T08:00:00Z,II,Generation,62.770
T_GYMR-28,GYMRO-28,2026-09-08,19,2026-09-08T08:30:00Z,II,Generation,63.680
T_GYMR-28,GYMRO-28,2026-09-08,20,2026-09-08T09:00:00Z,II,Generation,56.780
T_GYMR-28,GYMRO-28,2026-09-08,21,2026-09-08T09:30:00Z,II,Generation,61.520
T_GYMR-28,GYMRO-28,2026-09-08,22,2026-09-08T10:00:00Z,II,Generation,56.500
T_GYMR-28,GYMRO-28,2026-09-08,23,2026-09-08T10:30:00Z,II,Generation,54.820
T_GYMR-28,GYMRO-28,2026-09-08,24,2026-09-08T11:00:00Z,II,Generation,56.710
T_GYMR-28,GYMRO-28,2026-09-08,25,2026-09-08T11:30:00Z,II,Generation,59.100
T_GYMR-28,GYMRO-28,2026-09-08,26,2026-09-08T12:00:00Z,II,Generation,63.490
T_GYMR-28,GYMRO-28,2026-09-08,27,2026-09-08T12:30:00Z,II,Generation,68.000
T_GYMR-28,GYMRO-28,2026-09-08,28,2026-09-08T13:00:00Z,II,Generation,63.420
T_GYMR-28,GYMRO-28,2026-09-08,29,2026-09-08T13:30:00Z,II,Generation,62.580
T_GYMR-28,GYMRO-28,2026-09-08,30,2026-09-08T14:00:00Z,II,Generation,63.910
T_GYMR-28,GYMRO-28,2026-09-08,31,2026-09-08T14:30:00Z,II,Generation,66.300
T_GYMR-28,GYMRO-28,2026-09-08,32,2026-09-08T15:00:00Z,II,Generation,64.180
T_GYMR-28,GYMRO-28,2026-09-08,33,2026-09-08T15:30:00Z,II,Generation,69.050
T_GYMR-28,GYMRO-28,2026-09-08,34,2026-09-08T16:00:00Z,II,Generation,67.840
T_GYMR-28,GYMRO-28,2026-09-08,35,2026-09-08T16:30:00Z,II,Generation,68.280
T_GYMR-28,GYMRO-28,2026-09-08,36,2026-09-08T17:00:00Z,II,Generation,65.700
T_GYMR-28,GYMRO-28,2026-09-08,37,2026-09-08T17:30:00Z,II,Generation,61.480
T_GYMR-28,GYMRO-28,2026-09-08,38,2026-09-08T18:00:00Z,II,Generation,68.720
T_GYMR-28,GYMRO-28,2026-09-08,39,2026-09-08T18:30:00Z,II,Generation,69.220
T_GYMR-28,GYMRO-28,2026-09-08,40,2026-09-08T19:00:00Z,II,Generation,69.090
T_GYMR-28,GYMRO-28,2026-09-08,41,2026-09-08T19:30:00Z,II,Generation,68.710
T_GYMR-28,GYMRO-28,2026-09-08,42,2026-09-08T20:00:00Z,II,Generation,67.360
T_GYMR-28,GYMRO-28,2026-09-08,43,2026-09-08T20:30:00Z,II,Generation,68.720
T_GYMR-28,GYMRO-28,2026-09-08,44,2026-09-08T21:00:00Z,II,Generation,68.700
T_GYMR-28,GYMRO-28,2026-09-08,45,2026-09-08T21:30:00Z,II,Generation,69.190
T_GYMR-28,GYMRO-28,2026-09-08,46,2026-09-08T22:00:00Z,II,Generation,69.180
T_GYMR-28,GYMRO-28,2026-09-08,47,2026-09-08T22:30:00Z,II,Generation,69.130
T_GYMR-28,GYMRO-28,2026-09-08,48,2026-09-08T23:00:00Z,II,Generation,69.100
T_HADHW-1,HADHW-1,2026-09-08,1,2026-09-07T23:30:00Z,II,Generation,-0.134
T_HADHW-1,HADHW-1,2026-09-08,2,2026-09-08T00:00:00Z,II,Generation,-0.134
T_HADHW-1,HADHW-1,2026-09-08,3,2026-09-08T00:30:00Z,II,Generation,-0.136
T_HADHW-1,HADHW-1,2026-09-08,4,2026-09-08T01:00:00Z,II,Generation,-0.138
T_HADHW-1,HADHW-1,2026-09-08,5,2026-09-08T01:30:00Z,II,Generation,-0.138
T_HADHW-1,HADHW-1,2026-09-08,6,2026-09-08T02:00:00Z,II,Generation,-0.138
T_HADHW-1,HADHW-1,2026-09-08,7,2026-09-08T02:30:00Z,II,Generation,-0.138
T_HADHW-1,HADHW-1,2026-09-08,8,2026-09-08T03:00:00Z,II,Generation,-0.138
T_HADHW-1,HADHW-1,2026-09-08,9,2026-09-08T03:30:00Z,II,Generation,-0.137
T_HADHW-1,HADHW-1,2026-09-08,10,2026-09-08T04:00:00Z,II,Generation,-0.140
T_HADHW-1,HADHW-1,2026-09-08,11,2026-09-08T04:30:00Z,II,Generation,-0.138
T_HADHW-1,HADHW-1,2026-09-08,12,2026-09-08T05:00:00Z,II,Generation,-0.140
T_HADHW-1,HADHW-1,2026-09-08,13,2026-09-08T05:30:00Z,II,Generation,-0.140
T_HADHW-1,HADHW-1,2026-09-08,14,2026-09-08T06:00:00Z,II,Generation,-0.141
T_HADHW-1,HADHW-1,2026-09-08,15,2026-09-08T06:30:00Z,II,Generation,-0.138
T_HADHW-1,HADHW-1,2026-09-08,16,2026-09-08T07:00:00Z,II,Generation,-0.139
T_HADHW-1,HADHW-1,2026-09-08,17,2026-09-08T07:30:00Z,II,Generation,-0.139
T_HADHW-1,HADHW-1,2026-09-08,18,2026-09-08T08:00:00Z,II,Generation,-0.141
T_HADHW-1,HADHW-1,2026-09-08,19,2026-09-08T08:30:00Z,II,Generation,-0.142
T_HADHW-1,HADHW-1,2026-09-08,20,2026-09-08T09:00:00Z,II,Generation,-0.142
T_HADHW-1,HADHW-1,2026-09-08,21,2026-09-08T09:30:00Z,II,Generation,-0.138
T_HADHW-1,HADHW-1,2026-09-08,22,2026-09-08T10:00:00Z,II,Generation,-0.135
T_HADHW-1,HADHW-1,2026-09-08,23,2026-09-08T10:30:00Z,II,Generation,-0.140
T_HADHW-1,HADHW-1,2026-09-08,24,2026-09-08T11:00:00Z,II,Generation,-0.142
T_HADHW-1,HADHW-1,2026-09-08,25,2026-09-08T11:30:00Z,II,Generation,-0.141
T_HADHW-1,HADHW-1,2026-09-08,26,2026-09-08T12:00:00Z,II,Generation,-0.141
T_HADHW-1,HADHW-1,2026-09-08,27,2026-09-08T12:30:00Z,II,Generation,-0.141
T_HADHW-1,HADHW-1,2026-09-08,28,2026-09-08T13:00:00Z,II,Generation,-0.139
T_HADHW-1,HADHW-1,2026-09-08,29,2026-09-08T13:30:00Z,II,Generation,-0.142
T_HADHW-1,HADHW-1,2026-09-08,30,2026-09-08T14:00:00Z,II,Generation,-0.139
T_HADHW-1,HADHW-1,2026-09-08,31,2026-09-08T14:30:00Z,II,Generation,-0.141
T_HADHW-1,HADHW-1,2026-09-08,32,2026-09-08T15:00:00Z,II,Generation,-0.142
T_HADHW-1,HADHW-1,2026-09-08,33,2026-09-08T15:30:00Z,II,Generation,-0.140
T_HADHW-1,HADHW-1,2026-09-08,34,2026-09-08T16:00:00Z,II,Generation,-0.142
T_HADHW-1,HADHW-1,2026-09-08,35,2026-09-08T16:30:00Z,II,Generation,-0.139
T_HADHW-1,HADHW-1,2026-09-08,36,2026-09-08T17:00:00Z,II,Generation,-0.138
T_HADHW-1,HADHW-1,2026-09-08,37,2026-09-08T17:30:00Z,II,Generation,-0.140
T_HADHW-1,HADHW-1,2026-09-08,38,2026-09-08T18:00:00Z,II,Generation,-0.139
T_HADHW-1,HADHW-1,2026-09-08,39,2026-09-08T18:30:00Z,II,Generation,-0.140
T_HADHW-1,HADHW-1,2026-09-08,40,2026-09-08T19:00:00Z,II,Generation,-0.141
T_HADHW-1,HADHW-1,2026-09-08,41,2026-09-08T19:30:00Z,II,Generation,-0.141
T_HADHW-1,HADHW-1,2026-09-08,42,2026-09-08T20:00:00Z,II,Generation,-0.141
T_HADHW-1,HADHW-1,2026-09-08,43,2026-09-08T20:30:00Z,II,Generation,-0.141
T_HADHW-1,HADHW-1,2026-09-08,44,2026-09-08T21:00:00Z,II,Generation,-0.142
T_HADHW-1,HADHW-1,2026-09-08,45,2026-09-08T21:30:00Z,II,Generation,-0.139
T_HADHW-1,HADHW-1,2026-09-08,46,2026-09-08T22:00:00Z,II,Generation,-0.138
T_HADHW-1,HADHW-1,2026-09-08,47,2026-09-08T22:30:00Z,II,Generation,-0.135
T_HADHW-1,HADHW-1,2026-09-08,48,2026-09-08T23:00:00Z,II,Generation,-0.136
T_HAHAW-1,HAHAW-1,2026-09-08,1,2026-09-07T23:30:00Z,II,Generation,8.932
T_HAHAW-1,HAHAW-1,2026-09-08,2,2026-09-08T00:00:00Z,II,Generation,9.059
T_HAHAW-1,HAHAW-1,2026-09-08,3,2026-09-08T00:30:00Z,II,Generation,9.054
T_HAHAW-1,HAHAW-1,2026-09-08,4,2026-09-08T01:00:00Z,II,Generation,8.757
T_HAHAW-1,HAHAW-1,2026-09-08,5,2026-09-08T01:30:00Z,II,Generation,9.079
T_HAHAW-1,HAHAW-1,2026-09-08,6,2026-09-08T02:00:00Z,II,Generation,8.999
T_HAHAW-1,HAHAW-1,2026-09-08,7,2026-09-08T02:30:00Z,II,Generation,9.070
T_HAHAW-1,HAHAW-1,2026-09-08,8,2026-09-08T03:00:00Z,II,Generation,9.077
T_HAHAW-1,HAHAW-1,2026-09-08,9,2026-09-08T03:30:00Z,II,Generation,9.085
T_HAHAW-1,HAHAW-1,2026-09-08,10,2026-09-08T04:00:00Z,II,Generation,9.061
T_HAHAW-1,HAHAW-1,2026-09-08,11,2026-09-08T04:30:00Z,II,Generation,9.078
T_HAHAW-1,HAHAW-1,2026-09-08,12,2026-09-08T05:00:00Z,II,Generation,8.998
T_HAHAW-1,HAHAW-1,2026-09-08,13,2026-09-08T05:30:00Z,II,Generation,9.079
T_HAHAW-1,HAHAW-1,2026-09-08,14,2026-09-08T06:00:00Z,II,Generation,9.097
T_HAHAW-1,HAHAW-1,2026-09-08,15,2026-09-08T06:30:00Z,II,Generation,9.094
T_HAHAW-1,HAHAW-1,2026-09-08,16,2026-09-08T07:00:00Z,II,Generation,9.096
T_HAHAW-1,HAHAW-1,2026-09-08,17,2026-09-08T07:30:00Z,II,Generation,9.090
T_HAHAW-1,HAHAW-1,2026-09-08,18,2026-09-08T08:00:00Z,II,Generation,9.092
T_HAHAW-1,HAHAW-1,2026-09-08,19,2026-09-08T08:30:00Z,II,Generation,9.059
T_HAHAW-1,HAHAW-1,2026-09-08,20,2026-09-08T09:00:00Z,II,Generation,7.500
T_HAHAW-1,HAHAW-1,2026-09-08,21,2026-09-08T09:30:00Z,II,Generation,7.916
T_HAHAW-1,HAHAW-1,2026-09-08,22,2026-09-08T10:00:00Z,II,Generation,8.023
T_HAHAW-1,HAHAW-1,2026-09-08,23,2026-09-08T10:30:00Z,II,Generation,3.551
T_HAHAW-1,HAHAW-1,2026-09-08,24,2026-09-08T11:00:00Z,II,Generation,-0.052
T_HAHAW-1,HAHAW-1,2026-09-08,25,2026-09-08T11:30:00Z,II,Generation,-0.050
T_HAHAW-1,HAHAW-1,2026-09-08,26,2026-09-08T12:00:00Z,II,Generation,-0.051
T_HAHAW-1,HAHAW-1,2026-09-08,27,2026-09-08T12:30:00Z,II,Generation,-0.053
T_HAHAW-1,HAHAW-1,2026-09-08,28,2026-09-08T13:00:00Z,II,Generation,-0.054
T_HAHAW-1,HAHAW-1,2026-09-08,29,2026-09-08T13:30:00Z,II,Generation,-0.054
T_HAHAW-1,HAHAW-1,2026-09-08,30,2026-09-08T14:00:00Z,II,Generation,-0.053
T_HAHAW-1,HAHAW-1,2026-09-08,31,2026-09-08T14:30:00Z,II,Generation,-0.053
T_HAHAW-1,HAHAW-1,2026-09-08,32,2026-09-08T15:00:00Z,II,Generation,-0.053
T_HAHAW-1,HAHAW-1,2026-09-08,33,2026-09-08T15:30:00Z,II,Generation,-0.052
T_HAHAW-1,HAHAW-1,2026-09-08,34,2026-09-08T16:00:00Z,II,Generation,-0.051
T_HAHAW-1,HAHAW-1,2026-09-08,35,2026-09-08T16:30:00Z,II,Generation,-0.050
T_HAHAW-1,HAHAW-1,2026-09-08,36,2026-09-08T17:00:00Z,II,Generation,-0.051
T_HAHAW-1,HAHAW-1,2026-09-08,37,2026-09-08T17:30:00Z,II,Generation,-0.051
T_HAHAW-1,HAHAW-1,2026-09-08,38,2026-09-08T18:00:00Z,II,Generation,-0.051
T_HAHAW-1,HAHAW-1,2026-09-08,39,2026-09-08T18:30:00Z,II,Generation,-0.051
T_HAHAW-1,HAHAW-1,2026-09-08,40,2026-09-08T19:00:00Z,II,Generation,-0.051
T_HAHAW-1,HAHAW-1,2026-09-08,41,2026-09-08T19:30:00Z,II,Generation,-0.055
T_HAHAW-1,HAHAW-1,2026-09-08,42,2026-09-08T20:00:00Z,II,Generation,-0.059
T_HAHAW-1,HAHAW-1,2026-09-08,43,2026-09-08T20:30:00Z,II,Generation,-0.057
T_HAHAW-1,HAHAW-1,2026-09-08,44,2026-09-08T21:00:00Z,II,Generation,-0.057
T_HAHAW-1,HAHAW-1,2026-09-08,45,2026-09-08T21:30:00Z,II,Generation,1.193
T_HAHAW-1,HAHAW-1,2026-09-08,46,2026-09-08T22:00:00Z,II,Generation,7.590
T_HAHAW-1,HAHAW-1,2026-09-08,47,2026-09-08T22:30:00Z,II,Generation,6.645
T_HAHAW-1,HAHAW-1,2026-09-08,48,2026-09-08T23:00:00Z,II,Generation,4.705
T_HALSW-1,HALSW-1,2026-09-08,1,2026-09-07T23:30:00Z,II,Generation,-0.122
T_HALSW-1,HALSW-1,2026-09-08,2,2026-09-08T00:00:00Z,II,Generation,-0.121
T_HALSW-1,HALSW-1,2026-09-08,3,2026-09-08T00:30:00Z,II,Generation,-0.122
T_HALSW-1,HALSW-1,2026-09-08,4,2026-09-08T01:00:00Z,II,Generation,-0.122
T_HALSW-1,HALSW-1,2026-09-08,5,2026-09-08T01:30:00Z,II,Generation,-0.121
T_HALSW-1,HALSW-1,2026-09-08,6,2026-09-08T02:00:00Z,II,Generation,-0.121
T_HALSW-1,HALSW-1,2026-09-08,7,2026-09-08T02:30:00Z,II,Generation,-0.121
T_HALSW-1,HALSW-1,2026-09-08,8,2026-09-08T03:00:00Z,II,Generation,-0.121
T_HALSW-1,HALSW-1,2026-09-08,9,2026-09-08T03:30:00Z,II,Generation,-0.120
T_HALSW-1,HALSW-1,2026-09-08,10,2026-09-08T04:00:00Z,II,Generation,-0.122
T_HALSW-1,HALSW-1,2026-09-08,11,2026-09-08T04:30:00Z,II,Generation,-0.122
T_HALSW-1,HALSW-1,2026-09-08,12,2026-09-08T05:00:00Z,II,Generation,-0.123
T_HALSW-1,HALSW-1,2026-09-08,13,2026-09-08T05:30:00Z,II,Generation,-0.124
T_HALSW-1,HALSW-1,2026-09-08,14,2026-09-08T06:00:00Z,II,Generation,-0.123
T_HALSW-1,HALSW-1,2026-09-08,15,2026-09-08T06:30:00Z,II,Generation,-0.122
T_HALSW-1,HALSW-1,2026-09-08,16,2026-09-08T07:00:00Z,II,Generation,-0.122
T_HALSW-1,HALSW-1,2026-09-08,17,2026-09-08T07:30:00Z,II,Generation,-0.119
T_HALSW-1,HALSW-1,2026-09-08,18,2026-09-08T08:00:00Z,II,Generation,-0.114
T_HALSW-1,HALSW-1,2026-09-08,19,2026-09-08T08:30:00Z,II,Generation,-0.113
T_HALSW-1,HALSW-1,2026-09-08,20,2026-09-08T09:00:00Z,II,Generation,-0.116
T_HALSW-1,HALSW-1,2026-09-08,21,2026-09-08T09:30:00Z,II,Generation,-0.114
T_HALSW-1,HALSW-1,2026-09-08,22,2026-09-08T10:00:00Z,II,Generation,-0.117
T_HALSW-1,HALSW-1,2026-09-08,23,2026-09-08T10:30:00Z,II,Generation,-0.120
T_HALSW-1,HALSW-1,2026-09-08,24,2026-09-08T11:00:00Z,II,Generation,-0.121
T_HALSW-1,HALSW-1,2026-09-08,25,2026-09-08T11:30:00Z,II,Generation,-0.123
T_HALSW-1,HALSW-1,2026-09-08,26,2026-09-08T12:00:00Z,II,Generation,-0.124
T_HALSW-1,HALSW-1,2026-09-08,27,2026-09-08T12:30:00Z,II,Generation,-0.124
T_HALSW-1,HALSW-1,2026-09-08,28,2026-09-08T13:00:00Z,II,Generation,-0.119
T_HALSW-1,HALSW-1,2026-09-08,29,2026-09-08T13:30:00Z,II,Generation,-0.118
T_HALSW-1,HALSW-1,2026-09-08,30,2026-09-08T14:00:00Z,II,Generation,-0.122
T_HALSW-1,HALSW-1,2026-09-08,31,2026-09-08T14:30:00Z,II,Generation,-0.118
T_HALSW-1,HALSW-1,2026-09-08,32,2026-09-08T15:00:00Z,II,Generation,-0.119
T_HALSW-1,HALSW-1,2026-09-08,33,2026-09-08T15:30:00Z,II,Generation,-0.121
T_HALSW-1,HALSW-1,2026-09-08,34,2026-09-08T16:00:00Z,II,Generation,-0.122
T_HALSW-1,HALSW-1,2026-09-08,35,2026-09-08T16:30:00Z,II,Generation,-0.123
T_HALSW-1,HALSW-1,2026-09-08,36,2026-09-08T17:00:00Z,II,Generation,-0.128
T_HALSW-1,HALSW-1,2026-09-08,37,2026-09-08T17:30:00Z,II,Generation,-0.124
T_HALSW-1,HALSW-1,2026-09-08,38,2026-09-08T18:00:00Z,II,Generation,-0.123
T_HALSW-1,HALSW-1,2026-09-08,39,2026-09-08T18:30:00Z,II,Generation,-0.124
T_HALSW-1,HALSW-1,2026-09-08,40,2026-09-08T19:00:00Z,II,Generation,-0.126
T_HALSW-1,HALSW-1,2026-09-08,41,2026-09-08T19:30:00Z,II,Generation,-0.125
T_HALSW-1,HALSW-1,2026-09-08,42,2026-09-08T20:00:00Z,II,Generation,-0.125
T_HALSW-1,HALSW-1,2026-09-08,43,2026-09-08T20:30:00Z,II,Generation,-0.123
T_HALSW-1,HALSW-1,2026-09-08,44,2026-09-08T21:00:00Z,II,Generation,-0.123
T_HALSW-1,HALSW-1,2026-09-08,45,2026-09-08T21:30:00Z,II,Generation,-0.125
T_HALSW-1,HALSW-1,2026-09-08,46,2026-09-08T22:00:00Z,II,Generation,-0.123
T_HALSW-1,HALSW-1,2026-09-08,47,2026-09-08T22:30:00Z,II,Generation,-0.125
T_HALSW-1,HALSW-1,2026-09-08,48,2026-09-08T23:00:00Z,II,Generation,-0.127
T_HMGTO-1,HMGTO-1,2026-09-08,1,2026-09-07T23:30:00Z,II,Generation,27.677
T_HMGTO-1,HMGTO-1,2026-09-08,2,2026-09-08T00:00:00Z,II,Generation,15.377
T_HMGTO-1,HMGTO-1,2026-09-08,3,2026-09-08T00:30:00Z,II,Generation,17.907
T_HMGTO-1,HMGTO-1,2026-09-08,4,2026-09-08T01:00:00Z,II,Generation,25.547
T_HMGTO-1,HMGTO-1,2026-09-08,5,2026-09-08T01:30:00Z,II,Generation,36.517
T_HMGTO-1,HMGTO-1,2026-09-08,6,2026-09-08T02:00:00Z,II,Generation,35.837
T_HMGTO-1,HMGTO-1,2026-09-08,7,2026-09-08T02:30:00Z,II,Generation,41.037
T_HMGTO-1,HMGTO-1,2026-09-08,8,2026-09-08T03:00:00Z,II,Generation,50.647
T_HMGTO-1,HMGTO-1,2026-09-08,9,2026-09-08T03:30:00Z,II,Generation,50.497
T_HMGTO-1,HMGTO-1,2026-09-08,10,2026-09-08T04:00:00Z,II,Generation,46.287
T_HMGTO-1,HMGTO-1,2026-09-08,11,2026-09-08T04:30:00Z,II,Generation,45.497
T_HMGTO-1,HMGTO-1,2026-09-08,12,2026-09-08T05:00:00Z,II,Generation,48.117
T_HMGTO-1,HMGTO-1,2026-09-08,13,2026-09-08T05:30:00Z,II,Generation,41.397
T_HMGTO-1,HMGTO-1,2026-09-08,14,2026-09-08T06:00:00Z,II,Generation,32.637
T_HMGTO-1,HMGTO-1,2026-09-08,15,2026-09-08T06:30:00Z,II,Generation,30.417
T_HMGTO-1,HMGTO-1,2026-09-08,16,2026-09-08T07:00:00Z,II,Generation,22.787
T_HMGTO-1,HMGTO-1,2026-09-08,17,2026-09-08T07:30:00Z,II,Generation,18.967
T_HMGTO-1,HMGTO-1,2026-09-08,18,2026-09-08T08:00:00Z,II,Generation,22.827
T_HMGTO-1,HMGTO-1,2026-09-08,19,2026-09-08T08:30:00Z,II,Generation,18.557
T_HMGTO-1,HMGTO-1,2026-09-08,20,2026-09-08T09:00:00Z,II,Generation,15.957
T_HMGTO-1,HMGTO-1,2026-09-08,21,2026-09-08T09:30:00Z,II,Generation,17.327
T_HMGTO-1,HMGTO-1,2026-09-08,22,2026-09-08T10:00:00Z,II,Generation,18.157
T_HMGTO-1,HMGTO-1,2026-09-08,23,2026-09-08T10:30:00Z,II,Generation,19.357
T_HMGTO-1,HMGTO-1,2026-09-08,24,2026-09-08T11:00:00Z,II,Generation,16.327
T_HMGTO-1,HMGTO-1,2026-09-08,25,2026-09-08T11:30:00Z,II,Generation,19.997
T_HMGTO-1,HMGTO-1,2026-09-08,26,2026-09-08T12:00:00Z,II,Generation,19.877
T_HMGTO-1,HMGTO-1,2026-09-08,27,2026-09-08T12:30:00Z,II,Generation,19.567
T_HMGTO-1,HMGTO-1,2026-09-08,28,2026-09-08T13:00:00Z,II,Generation,20.417
T_HMGTO-1,HMGTO-1,2026-09-08,29,2026-09-08T13:30:00Z,II,Generation,20.757
T_HMGTO-1,HMGTO-1,2026-09-08,30,2026-09-08T14:00:00Z,II,Generation,33.407
T_HMGTO-1,HMGTO-1,2026-09-08,31,2026-09-08T14:30:00Z,II,Generation,47.467
T_HMGTO-1,HMGTO-1,2026-09-08,32,2026-09-08T15:00:00Z,II,Generation,49.327
T_HMGTO-1,HMGTO-1,2026-09-08,33,2026-09-08T15:30:00Z,II,Generation,45.957
T_HMGTO-1,HMGTO-1,2026-09-08,34,2026-09-08T16:00:00Z,II,Generation,46.757
T_HMGTO-1,HMGTO-1,2026-09-08,35,2026-09-08T16:30:00Z,II,Generation,51.737
T_HMGTO-1,HMGTO-1,2026-09-08,36,2026-09-08T17:00:00Z,II,Generation,53.367
T_HMGTO-1,HMGTO-1,2026-09-08,37,2026-09-08T17:30:00Z,II,Generation,52.267
T_HMGTO-1,HMGTO-1,2026-09-08,38,2026-09-08T18:00:00Z,II,Generation,51.407
T_HMGTO-1,HMGTO-1,2026-09-08,39,2026-09-08T18:30:00Z,II,Generation,53.297
T_HMGTO-1,HMGTO-1,2026-09-08,40,2026-09-08T19:00:00Z,II,Generation,53.307
T_HMGTO-1,HMGTO-1,2026-09-08,41,2026-09-08T19:30:00Z,II,Generation,53.357
T_HMGTO-1,HMGTO-1,2026-09-08,42,2026-09-08T20:00:00Z,II,Generation,53.387
T_HMGTO-1,HMGTO-1,2026-09-08,43,2026-09-08T20:30:00Z,II,Generation,53.427
T_HMGTO-1,HMGTO-1,2026-09-08,44,2026-09-08T21:00:00Z,II,Generation,53.417
T_HMGTO-1,HMGTO-1,2026-09-08,45,2026-09-08T21:30:00Z,II,Generation,53.407
T_HMGTO-1,HMGTO-1,2026-09-08,46,2026-09-08T22:00:00Z,II,Generation,53.417
T_HMGTO-1,HMGTO-1,2026-09-08,47,2026-09-08T22:30:00Z,II,Generation,53.377
T_HMGTO-1,HMGTO-1,2026-09-08,48,2026-09-08T23:00:00Z,II,Generation,53.377
T_HMGTO-2,HMGTO-2,2026-09-08,1,2026-09-07T23:30:00Z,II,Generation,20.638
T_HMGTO-2,HMGTO-2,2026-09-08,2,2026-09-08T00:00:00Z,II,Generation,13.548
T_HMGTO-2,HMGTO-2,2026-09-08,3,2026-09-08T00:30:00Z,II,Generation,13.778
T_HMGTO-2,HMGTO-2,2026-09-08,4,2026-09-08T01:00:00Z,II,Generation,21.298
T_HMGTO-2,HMGTO-2,2026-09-08,5,2026-09-08T01:30:00Z,II,Generation,33.058
T_HMGTO-2,HMGTO-2,2026-09-08,6,2026-09-08T02:00:00Z,II,Generation,31.748
T_HMGTO-2,HMGTO-2,2026-09-08,7,2026-09-08T02:30:00Z,II,Generation,33.358
T_HMGTO-2,HMGTO-2,2026-09-08,8,2026-09-08T03:00:00Z,II,Generation,39.158
T_HMGTO-2,HMGTO-2,2026-09-08,9,2026-09-08T03:30:00Z,II,Generation,40.198
T_HMGTO-2,HMGTO-2,2026-09-08,10,2026-09-08T04:00:00Z,II,Generation,39.558
T_HMGTO-2,HMGTO-2,2026-09-08,11,2026-09-08T04:30:00Z,II,Generation,42.808
T_HMGTO-2,HMGTO-2,2026-09-08,12,2026-09-08T05:00:00Z,II,Generation,44.918
T_HMGTO-2,HMGTO-2,2026-09-08,13,2026-09-08T05:30:00Z,II,Generation,29.998
T_HMGTO-2,HMGTO-2,2026-09-08,14,2026-09-08T06:00:00Z,II,Generation,24.998
T_HMGTO-2,HMGTO-2,2026-09-08,15,2026-09-08T06:30:00Z,II,Generation,26.068
T_HMGTO-2,HMGTO-2,2026-09-08,16,2026-09-08T07:00:00Z,II,Generation,19.528
T_HMGTO-2,HMGTO-2,2026-09-08,17,2026-09-08T07:30:00Z,II,Generation,14.748
T_HMGTO-2,HMGTO-2,2026-09-08,18,2026-09-08T08:00:00Z,II,Generation,18.868
T_HMGTO-2,HMGTO-2,2026-09-08,19,2026-09-08T08:30:00Z,II,Generation,15.448
T_HMGTO-2,HMGTO-2,2026-09-08,20,2026-09-08T09:00:00Z,II,Generation,13.018
T_HMGTO-2,HMGTO-2,2026-09-08,21,2026-09-08T09:30:00Z,II,Generation,14.688
T_HMGTO-2,HMGTO-2,2026-09-08,22,2026-09-08T10:00:00Z,II,Generation,14.138
T_HMGTO-2,HMGTO-2,2026-09-08,23,2026-09-08T10:30:00Z,II,Generation,13.858
T_HMGTO-2,HMGTO-2,2026-09-08,24,2026-09-08T11:00:00Z,II,Generation,15.298
T_HMGTO-2,HMGTO-2,2026-09-08,25,2026-09-08T11:30:00Z,II,Generation,16.118
T_HMGTO-2,HMGTO-2,2026-09-08,26,2026-09-08T12:00:00Z,II,Generation,15.298
T_HMGTO-2,HMGTO-2,2026-09-08,27,2026-09-08T12:30:00Z,II,Generation,17.448
T_HMGTO-2,HMGTO-2,2026-09-08,28,2026-09-08T13:00:00Z,II,Generation,16.118
T_HMGTO-2,HMGTO-2,2026-09-08,29,2026-09-08T13:30:00Z,II,Generation,17.648
T_HMGTO-2,HMGTO-2,2026-09-08,30,2026-09-08T14:00:00Z,II,Generation,26.468
T_HMGTO-2,HMGTO-2,2026-09-08,31,2026-09-08T14:30:00Z,II,Generation,40.078
T_HMGTO-2,HMGTO-2,2026-09-08,32,2026-09-08T15:00:00Z,II,Generation,39.698
T_HMGTO-2,HMGTO-2,2026-09-08,33,2026-09-08T15:30:00Z,II,Generation,43.738
T_HMGTO-2,HMGTO-2,2026-09-08,34,2026-09-08T16:00:00Z,II,Generation,48.768
T_HMGTO-2,HMGTO-2,2026-09-08,35,2026-09-08T16:30:00Z,II,Generation,53.258
T_HMGTO-2,HMGTO-2,2026-09-08,36,2026-09-08T17:00:00Z,II,Generation,54.808
T_HMGTO-2,HMGTO-2,2026-09-08,37,2026-09-08T17:30:00Z,II,Generation,54.608
T_HMGTO-2,HMGTO-2,2026-09-08,38,2026-09-08T18:00:00Z,II,Generation,53.668
T_HMGTO-2,HMGTO-2,2026-09-08,39,2026-09-08T18:30:00Z,II,Generation,54.028
T_HMGTO-2,HMGTO-2,2026-09-08,40,2026-09-08T19:00:00Z,II,Generation,54.778
T_HMGTO-2,HMGTO-2,2026-09-08,41,2026-09-08T19:30:00Z,II,Generation,54.528
T_HMGTO-2,HMGTO-2,2026-09-08,42,2026-09-08T20:00:00Z,II,Generation,54.738
T_HMGTO-2,HMGTO-2,2026-09-08,43,2026-09-08T20:30:00Z,II,Generation,54.578
T_HMGTO-2,HMGTO-2,2026-09-08,44,2026-09-08T21:00:00Z,II,Generation,54.918
T_HMGTO-2,HMGTO-2,2026-09-08,45,2026-09-08T21:30:00Z,II,Generation,54.908
T_HMGTO-2,HMGTO-2,2026-09-08,46,2026-09-08T22:00:00Z,II,Generation,54.888
T_HMGTO-2,HMGTO-2,2026-09-08,47,2026-09-08T22:30:00Z,II,Generation,54.918
T_HMGTO-2,HMGTO-2,2026-09-08,48,2026-09-08T23:00:00Z,II,Generation,54.828
T_HOWAO-1,HOWAO-1,2026-09-08,1,2026-09-07T23:30:00Z,II,Generation,99.837
T_HOWAO-1,HOWAO-1,2026-09-08,2,2026-09-08T00:00:00Z,II,Generation,83.977
T_HOWAO-1,HOWAO-1,2026-09-08,3,2026-09-08T00:30:00Z,II,Generation,94.637
T_HOWAO-1,HOWAO-1,2026-09-08,4,2026-09-08T01:00:00Z,II,Generation,87.357
T_HOWAO-1,HOWAO-1,2026-09-08,5,2026-09-08T01:30:00Z,II,Generation,100.527
T_HOWAO-1,HOWAO-1,2026-09-08,6,2026-09-08T02:00:00Z,II,Generation,109.777
T_HOWAO-1,HOWAO-1,2026-09-08,7,2026-09-08T02:30:00Z,II,Generation,163.277
T_HOWAO-1,HOWAO-1,2026-09-08,8,2026-09-08T03:00:00Z,II,Generation,197.047
T_HOWAO-1,HOWAO-1,2026-09-08,9,2026-09-08T03:30:00Z,II,Generation,191.587
T_HOWAO-1,HOWAO-1,2026-09-08,10,2026-09-08T04:00:00Z,II,Generation,190.467
T_HOWAO-1,HOWAO-1,2026-09-08,11,2026-09-08T04:30:00Z,II,Generation,194.267
T_HOWAO-1,HOWAO-1,2026-09-08,12,2026-09-08T05:00:00Z,II,Generation,192.697
T_HOWAO-1,HOWAO-1,2026-09-08,13,2026-09-08T05:30:00Z,II,Generation,198.117
T_HOWAO-1,HOWAO-1,2026-09-08,14,2026-09-08T06:00:00Z,II,Generation,199.547
T_HOWAO-1,HOWAO-1,2026-09-08,15,2026-09-08T06:30:00Z,II,Generation,199.527
T_HOWAO-1,HOWAO-1,2026-09-08,16,2026-09-08T07:00:00Z,II,Generation,198.537
T_HOWAO-1,HOWAO-1,2026-09-08,17,2026-09-08T07:30:00Z,II,Generation,155.006
T_HOWAO-1,HOWAO-1,2026-09-08,18,2026-09-08T08:00:00Z,II,Generation,95.277
T_HOWAO-1,HOWAO-1,2026-09-08,19,2026-09-08T08:30:00Z,II,Generation,102.067
T_HOWAO-1,HOWAO-1,2026-09-08,20,2026-09-08T09:00:00Z,II,Generation,87.537
T_HOWAO-1,HOWAO-1,2026-09-08,21,2026-09-08T09:30:00Z,II,Generation,82.277
T_HOWAO-1,HOWAO-1,2026-09-08,22,2026-09-08T10:00:00Z,II,Generation,87.177
T_HOWAO-1,HOWAO-1,2026-09-08,23,2026-09-08T10:30:00Z,II,Generation,74.677
T_HOWAO-1,HOWAO-1,2026-09-08,24,2026-09-08T11:00:00Z,II,Generation,72.357
T_HOWAO-1,HOWAO-1,2026-09-08,25,2026-09-08T11:30:00Z,II,Generation,67.227
T_HOWAO-1,HOWAO-1,2026-09-08,26,2026-09-08T12:00:00Z,II,Generation,78.017
T_HOWAO-1,HOWAO-1,2026-09-08,27,2026-09-08T12:30:00Z,II,Generation,85.297
T_HOWAO-1,HOWAO-1,2026-09-08,28,2026-09-08T13:00:00Z,II,Generation,71.117
T_HOWAO-1,HOWAO-1,2026-09-08,29,2026-09-08T13:30:00Z,II,Generation,66.717
T_HOWAO-1,HOWAO-1,2026-09-08,30,2026-09-08T14:00:00Z,II,Generation,64.437
T_HOWAO-1,HOWAO-1,2026-09-08,31,2026-09-08T14:30:00Z,II,Generation,70.827
T_HOWAO-1,HOWAO-1,2026-09-08,32,2026-09-08T15:00:00Z,II,Generation,74.717
T_HOWAO-1,HOWAO-1,2026-09-08,33,2026-09-08T15:30:00Z,II,Generation,85.317
T_HOWAO-1,HOWAO-1,2026-09-08,34,2026-09-08T16:00:00Z,II,Generation,84.637
T_HOWAO-1,HOWAO-1,2026-09-08,35,2026-09-08T16:30:00Z,II,Generation,85.897
T_HOWAO-1,HOWAO-1,2026-09-08,36,2026-09-08T17:00:00Z,II,Generation,101.657
T_HOWAO-1,HOWAO-1,2026-09-08,37,2026-09-08T17:30:00Z,II,Generation,113.027
T_HOWAO-1,HOWAO-1,2026-09-08,38,2026-09-08T18:00:00Z,II,Generation,157.617
T_HOWAO-1,HOWAO-1,2026-09-08,39,2026-09-08T18:30:00Z,II,Generation,169.857
T_HOWAO-1,HOWAO-1,2026-09-08,40,2026-09-08T19:00:00Z,II,Generation,193.357
T_HOWAO-1,HOWAO-1,2026-09-08,41,2026-09-08T19:30:00Z,II,Generation,197.717
T_HOWAO-1,HOWAO-1,2026-09-08,42,2026-09-08T20:00:00Z,II,Generation,198.527
T_HOWAO-1,HOWAO-1,2026-09-08,43,2026-09-08T20:30:00Z,II,Generation,199.157
T_HOWAO-1,HOWAO-1,2026-09-08,44,2026-09-08T21:00:00Z,II,Generation,199.637
T_HOWAO-1,HOWAO-1,2026-09-08,45,2026-09-08T21:30:00Z,II,Generation,199.596
T_HOWAO-1,HOWAO-1,2026-09-08,46,2026-09-08T22:00:00Z,II,Generation,199.647
T_HOWAO-1,HOWAO-1,2026-09-08,47,2026-09-08T22:30:00Z,II,Generation,199.696
T_HOWAO-1,HOWAO-1,2026-09-08,48,2026-09-08T23:00:00Z,II,Generation,199.636
T_HOWAO-2,HOWAO-2,2026-09-08,1,2026-09-07T23:30:00Z,II,Generation,79.918
T_HOWAO-2,HOWAO-2,2026-09-08,2,2026-09-08T00:00:00Z,II,Generation,92.488
T_HOWAO-2,HOWAO-2,2026-09-08,3,2026-09-08T00:30:00Z,II,Generation,82.538
T_HOWAO-2,HOWAO-2,2026-09-08,4,2026-09-08T01:00:00Z,II,Generation,77.108
T_HOWAO-2,HOWAO-2,2026-09-08,5,2026-09-08T01:30:00Z,II,Generation,98.338
T_HOWAO-2,HOWAO-2,2026-09-08,6,2026-09-08T02:00:00Z,II,Generation,101.938
T_HOWAO-2,HOWAO-2,2026-09-08,7,2026-09-08T02:30:00Z,II,Generation,145.847
T_HOWAO-2,HOWAO-2,2026-09-08,8,2026-09-08T03:00:00Z,II,Generation,196.827
T_HOWAO-2,HOWAO-2,2026-09-08,9,2026-09-08T03:30:00Z,II,Generation,189.758
T_HOWAO-2,HOWAO-2,2026-09-08,10,2026-09-08T04:00:00Z,II,Generation,188.998
T_HOWAO-2,HOWAO-2,2026-09-08,11,2026-09-08T04:30:00Z,II,Generation,191.998
T_HOWAO-2,HOWAO-2,2026-09-08,12,2026-09-08T05:00:00Z,II,Generation,193.258
T_HOWAO-2,HOWAO-2,2026-09-08,13,2026-09-08T05:30:00Z,II,Generation,196.738
T_HOWAO-2,HOWAO-2,2026-09-08,14,2026-09-08T06:00:00Z,II,Generation,196.938
T_HOWAO-2,HOWAO-2,2026-09-08,15,2026-09-08T06:30:00Z,II,Generation,194.108
T_HOWAO-2,HOWAO-2,2026-09-08,16,2026-09-08T07:00:00Z,II,Generation,194.308
T_HOWAO-2,HOWAO-2,2026-09-08,17,2026-09-08T07:30:00Z,II,Generation,184.508
T_HOWAO-2,HOWAO-2,2026-09-08,18,2026-09-08T08:00:00Z,II,Generation,131.768
T_HOWAO-2,HOWAO-2,2026-09-08,19,2026-09-08T08:30:00Z,II,Generation,69.458
T_HOWAO-2,HOWAO-2,2026-09-08,20,2026-09-08T09:00:00Z,II,Generation,93.998
T_HOWAO-2,HOWAO-2,2026-09-08,21,2026-09-08T09:30:00Z,II,Generation,56.028
T_HOWAO-2,HOWAO-2,2026-09-08,22,2026-09-08T10:00:00Z,II,Generation,66.998
T_HOWAO-2,HOWAO-2,2026-09-08,23,2026-09-08T10:30:00Z,II,Generation,85.308
T_HOWAO-2,HOWAO-2,2026-09-08,24,2026-09-08T11:00:00Z,II,Generation,78.588
T_HOWAO-2,HOWAO-2,2026-09-08,25,2026-09-08T11:30:00Z,II,Generation,75.838
T_HOWAO-2,HOWAO-2,2026-09-08,26,2026-09-08T12:00:00Z,II,Generation,75.478
T_HOWAO-2,HOWAO-2,2026-09-08,27,2026-09-08T12:30:00Z,II,Generation,84.267
T_HOWAO-2,HOWAO-2,2026-09-08,28,2026-09-08T13:00:00Z,II,Generation,76.567
T_HOWAO-2,HOWAO-2,2026-09-08,29,2026-09-08T13:30:00Z,II,Generation,66.087
T_HOWAO-2,HOWAO-2,2026-09-08,30,2026-09-08T14:00:00Z,II,Generation,58.377
T_HOWAO-2,HOWAO-2,2026-09-08,31,2026-09-08T14:30:00Z,II,Generation,66.167
T_HOWAO-2,HOWAO-2,2026-09-08,32,2026-09-08T15:00:00Z,II,Generation,72.587
T_HOWAO-2,HOWAO-2,2026-09-08,33,2026-09-08T15:30:00Z,II,Generation,80.867
T_HOWAO-2,HOWAO-2,2026-09-08,34,2026-09-08T16:00:00Z,II,Generation,79.538
T_HOWAO-2,HOWAO-2,2026-09-08,35,2026-09-08T16:30:00Z,II,Generation,83.998
T_HOWAO-2,HOWAO-2,2026-09-08,36,2026-09-08T17:00:00Z,II,Generation,97.238
T_HOWAO-2,HOWAO-2,2026-09-08,37,2026-09-08T17:30:00Z,II,Generation,110.498
T_HOWAO-2,HOWAO-2,2026-09-08,38,2026-09-08T18:00:00Z,II,Generation,122.638
T_HOWAO-2,HOWAO-2,2026-09-08,39,2026-09-08T18:30:00Z,II,Generation,149.798
T_HOWAO-2,HOWAO-2,2026-09-08,40,2026-09-08T19:00:00Z,II,Generation,180.158
T_HOWAO-2,HOWAO-2,2026-09-08,41,2026-09-08T19:30:00Z,II,Generation,193.948
T_HOWAO-2,HOWAO-2,2026-09-08,42,2026-09-08T20:00:00Z,II,Generation,197.928
T_HOWAO-2,HOWAO-2,2026-09-08,43,2026-09-08T20:30:00Z,II,Generation,197.078
T_HOWAO-2,HOWAO-2,2026-09-08,44,2026-09-08T21:00:00Z,II,Generation,199.918
T_HOWAO-2,HOWAO-2,2026-09-08,45,2026-09-08T21:30:00Z,II,Generation,199.698
T_HOWAO-2,HOWAO-2,2026-09-08,46,2026-09-08T22:00:00Z,II,Generation,199.548
T_HOWAO-2,HOWAO-2,2026-09-08,47,2026-09-08T22:30:00Z,II,Generation,199.878
T_HOWAO-2,HOWAO-2,2026-09-08,48,2026-09-08T23:00:00Z,II,Generation,199.908
T_HOWAO-3,HOWAO-3,2026-09-08,1,2026-09-07T23:30:00Z,II,Generation,80.477
T_HOWAO-3,HOWAO-3,2026-09-08,2,2026-09-08T00:00:00Z,II,Generation,97.489
T_HOWAO-3,HOWAO-3,2026-09-08,3,2026-09-08T00:30:00Z,II,Generation,74.025
T_HOWAO-3,HOWAO-3,2026-09-08,4,2026-09-08T01:00:00Z,II,Generation,66.005
T_HOWAO-3,HOWAO-3,2026-09-08,5,2026-09-08T01:30:00Z,II,Generation,102.087
T_HOWAO-3,HOWAO-3,2026-09-08,6,2026-09-08T02:00:00Z,II,Generation,96.905
T_HOWAO-3,HOWAO-3,2026-09-08,7,2026-09-08T02:30:00Z,II,Generation,134.487
T_HOWAO-3,HOWAO-3,2026-09-08,8,2026-09-08T03:00:00Z,II,Generation,194.487
T_HOWAO-3,HOWAO-3,2026-09-08,9,2026-09-08T03:30:00Z,II,Generation,199.075
T_HOWAO-3,HOWAO-3,2026-09-08,10,2026-09-08T04:00:00Z,II,Generation,196.871
T_HOWAO-3,HOWAO-3,2026-09-08,11,2026-09-08T04:30:00Z,II,Generation,196.627
T_HOWAO-3,HOWAO-3,2026-09-08,12,2026-09-08T05:00:00Z,II,Generation,198.779
T_HOWAO-3,HOWAO-3,2026-09-08,13,2026-09-08T05:30:00Z,II,Generation,199.471
T_HOWAO-3,HOWAO-3,2026-09-08,14,2026-09-08T06:00:00Z,II,Generation,199.557
T_HOWAO-3,HOWAO-3,2026-09-08,15,2026-09-08T06:30:00Z,II,Generation,199.499
T_HOWAO-3,HOWAO-3,2026-09-08,16,2026-09-08T07:00:00Z,II,Generation,199.540
T_HOWAO-3,HOWAO-3,2026-09-08,17,2026-09-08T07:30:00Z,II,Generation,199.514
T_HOWAO-3,HOWAO-3,2026-09-08,18,2026-09-08T08:00:00Z,II,Generation,185.259
T_HOWAO-3,HOWAO-3,2026-09-08,19,2026-09-08T08:30:00Z,II,Generation,121.868
T_HOWAO-3,HOWAO-3,2026-09-08,20,2026-09-08T09:00:00Z,II,Generation,69.011
T_HOWAO-3,HOWAO-3,2026-09-08,21,2026-09-08T09:30:00Z,II,Generation,84.183
T_HOWAO-3,HOWAO-3,2026-09-08,22,2026-09-08T10:00:00Z,II,Generation,69.573
T_HOWAO-3,HOWAO-3,2026-09-08,23,2026-09-08T10:30:00Z,II,Generation,72.904
T_HOWAO-3,HOWAO-3,2026-09-08,24,2026-09-08T11:00:00Z,II,Generation,80.278
T_HOWAO-3,HOWAO-3,2026-09-08,25,2026-09-08T11:30:00Z,II,Generation,71.771
T_HOWAO-3,HOWAO-3,2026-09-08,26,2026-09-08T12:00:00Z,II,Generation,72.950
T_HOWAO-3,HOWAO-3,2026-09-08,27,2026-09-08T12:30:00Z,II,Generation,83.878
T_HOWAO-3,HOWAO-3,2026-09-08,28,2026-09-08T13:00:00Z,II,Generation,82.306
T_HOWAO-3,HOWAO-3,2026-09-08,29,2026-09-08T13:30:00Z,II,Generation,72.180
T_HOWAO-3,HOWAO-3,2026-09-08,30,2026-09-08T14:00:00Z,II,Generation,62.906
T_HOWAO-3,HOWAO-3,2026-09-08,31,2026-09-08T14:30:00Z,II,Generation,64.726
T_HOWAO-3,HOWAO-3,2026-09-08,32,2026-09-08T15:00:00Z,II,Generation,77.718
T_HOWAO-3,HOWAO-3,2026-09-08,33,2026-09-08T15:30:00Z,II,Generation,79.182
T_HOWAO-3,HOWAO-3,2026-09-08,34,2026-09-08T16:00:00Z,II,Generation,81.805
T_HOWAO-3,HOWAO-3,2026-09-08,35,2026-09-08T16:30:00Z,II,Generation,83.335
T_HOWAO-3,HOWAO-3,2026-09-08,36,2026-09-08T17:00:00Z,II,Generation,96.281
T_HOWAO-3,HOWAO-3,2026-09-08,37,2026-09-08T17:30:00Z,II,Generation,108.563
T_HOWAO-3,HOWAO-3,2026-09-08,38,2026-09-08T18:00:00Z,II,Generation,126.741
T_HOWAO-3,HOWAO-3,2026-09-08,39,2026-09-08T18:30:00Z,II,Generation,152.170
T_HOWAO-3,HOWAO-3,2026-09-08,40,2026-09-08T19:00:00Z,II,Generation,177.427
T_HOWAO-3,HOWAO-3,2026-09-08,41,2026-09-08T19:30:00Z,II,Generation,197.286
T_HOWAO-3,HOWAO-3,2026-09-08,42,2026-09-08T20:00:00Z,II,Generation,198.299
T_HOWAO-3,HOWAO-3,2026-09-08,43,2026-09-08T20:30:00Z,II,Generation,199.497
T_HOWAO-3,HOWAO-3,2026-09-08,44,2026-09-08T21:00:00Z,II,Generation,199.542
T_HOWAO-3,HOWAO-3,2026-09-08,45,2026-09-08T21:30:00Z,II,Generation,199.505
T_HOWAO-3,HOWAO-3,2026-09-08,46,2026-09-08T22:00:00Z,II,Generation,199.492
T_HOWAO-3,HOWAO-3,2026-09-08,47,2026-09-08T22:30:00Z,II,Generation,199.526
T_HOWAO-3,HOWAO-3,2026-09-08,48,2026-09-08T23:00:00Z,II,Generation,199.532
T_HOWBO-1,HOWBO-1,2026-09-08,1,2026-09-07T23:30:00Z,II,Generation,116.031
T_HOWBO-1,HOWBO-1,2026-09-08,2,2026-09-08T00:00:00Z,II,Generation,98.731
T_HOWBO-1,HOWBO-1,2026-09-08,3,2026-09-08T00:30:00Z,II,Generation,93.411
T_HOWBO-1,HOWBO-1,2026-09-08,4,2026-09-08T01:00:00Z,II,Generation,94.141
T_HOWBO-1,HOWBO-1,2026-09-08,5,2026-09-08T01:30:00Z,II,Generation,92.611
T_HOWBO-1,HOWBO-1,2026-09-08,6,2026-09-08T02:00:00Z,II,Generation,118.302
T_HOWBO-1,HOWBO-1,2026-09-08,7,2026-09-08T02:30:00Z,II,Generation,153.761
T_HOWBO-1,HOWBO-1,2026-09-08,8,2026-09-08T03:00:00Z,II,Generation,209.651
T_HOWBO-1,HOWBO-1,2026-09-08,9,2026-09-08T03:30:00Z,II,Generation,211.851
T_HOWBO-1,HOWBO-1,2026-09-08,10,2026-09-08T04:00:00Z,II,Generation,202.531
T_HOWBO-1,HOWBO-1,2026-09-08,11,2026-09-08T04:30:00Z,II,Generation,215.541
T_HOWBO-1,HOWBO-1,2026-09-08,12,2026-09-08T05:00:00Z,II,Generation,217.240
T_HOWBO-1,HOWBO-1,2026-09-08,13,2026-09-08T05:30:00Z,II,Generation,218.311
T_HOWBO-1,HOWBO-1,2026-09-08,14,2026-09-08T06:00:00Z,II,Generation,218.541
T_HOWBO-1,HOWBO-1,2026-09-08,15,2026-09-08T06:30:00Z,II,Generation,218.411
T_HOWBO-1,HOWBO-1,2026-09-08,16,2026-09-08T07:00:00Z,II,Generation,218.401
T_HOWBO-1,HOWBO-1,2026-09-08,17,2026-09-08T07:30:00Z,II,Generation,199.590
T_HOWBO-1,HOWBO-1,2026-09-08,18,2026-09-08T08:00:00Z,II,Generation,140.561
T_HOWBO-1,HOWBO-1,2026-09-08,19,2026-09-08T08:30:00Z,II,Generation,106.101
T_HOWBO-1,HOWBO-1,2026-09-08,20,2026-09-08T09:00:00Z,II,Generation,114.450
T_HOWBO-1,HOWBO-1,2026-09-08,21,2026-09-08T09:30:00Z,II,Generation,86.461
T_HOWBO-1,HOWBO-1,2026-09-08,22,2026-09-08T10:00:00Z,II,Generation,91.800
T_HOWBO-1,HOWBO-1,2026-09-08,23,2026-09-08T10:30:00Z,II,Generation,78.301
T_HOWBO-1,HOWBO-1,2026-09-08,24,2026-09-08T11:00:00Z,II,Generation,74.601
T_HOWBO-1,HOWBO-1,2026-09-08,25,2026-09-08T11:30:00Z,II,Generation,82.480
T_HOWBO-1,HOWBO-1,2026-09-08,26,2026-09-08T12:00:00Z,II,Generation,88.761
T_HOWBO-1,HOWBO-1,2026-09-08,27,2026-09-08T12:30:00Z,II,Generation,101.980
T_HOWBO-1,HOWBO-1,2026-09-08,28,2026-09-08T13:00:00Z,II,Generation,89.021
T_HOWBO-1,HOWBO-1,2026-09-08,29,2026-09-08T13:30:00Z,II,Generation,80.471
T_HOWBO-1,HOWBO-1,2026-09-08,30,2026-09-08T14:00:00Z,II,Generation,75.391
T_HOWBO-1,HOWBO-1,2026-09-08,31,2026-09-08T14:30:00Z,II,Generation,79.731
T_HOWBO-1,HOWBO-1,2026-09-08,32,2026-09-08T15:00:00Z,II,Generation,78.981
T_HOWBO-1,HOWBO-1,2026-09-08,33,2026-09-08T15:30:00Z,II,Generation,91.231
T_HOWBO-1,HOWBO-1,2026-09-08,34,2026-09-08T16:00:00Z,II,Generation,93.001
T_HOWBO-1,HOWBO-1,2026-09-08,35,2026-09-08T16:30:00Z,II,Generation,93.220
T_HOWBO-1,HOWBO-1,2026-09-08,36,2026-09-08T17:00:00Z,II,Generation,98.111
T_HOWBO-1,HOWBO-1,2026-09-08,37,2026-09-08T17:30:00Z,II,Generation,109.331
T_HOWBO-1,HOWBO-1,2026-09-08,38,2026-09-08T18:00:00Z,II,Generation,154.851
T_HOWBO-1,HOWBO-1,2026-09-08,39,2026-09-08T18:30:00Z,II,Generation,199.431
T_HOWBO-1,HOWBO-1,2026-09-08,40,2026-09-08T19:00:00Z,II,Generation,212.860
T_HOWBO-1,HOWBO-1,2026-09-08,41,2026-09-08T19:30:00Z,II,Generation,188.901
T_HOWBO-1,HOWBO-1,2026-09-08,42,2026-09-08T20:00:00Z,II,Generation,141.050
T_HOWBO-1,HOWBO-1,2026-09-08,43,2026-09-08T20:30:00Z,II,Generation,89.751
T_HOWBO-1,HOWBO-1,2026-09-08,44,2026-09-08T21:00:00Z,II,Generation,74.461
T_HOWBO-1,HOWBO-1,2026-09-08,45,2026-09-08T21:30:00Z,II,Generation,159.560
T_HOWBO-1,HOWBO-1,2026-09-08,46,2026-09-08T22:00:00Z,II,Generation,218.461
T_HOWBO-1,HOWBO-1,2026-09-08,47,2026-09-08T22:30:00Z,II,Generation,218.471
T_HOWBO-1,HOWBO-1,2026-09-08,48,2026-09-08T23:00:00Z,II,Generation,218.480
T_HOWBO-2,HOWBO-2,2026-09-08,1,2026-09-07T23:30:00Z,II,Generation,127.020
T_HOWBO-2,HOWBO-2,2026-09-08,2,2026-09-08T00:00:00Z,II,Generation,118.210
T_HOWBO-2,HOWBO-2,2026-09-08,3,2026-09-08T00:30:00Z,II,Generation,122.640
T_HOWBO-2,HOWBO-2,2026-09-08,4,2026-09-08T01:00:00Z,II,Generation,131.650
T_HOWBO-2,HOWBO-2,2026-09-08,5,2026-09-08T01:30:00Z,II,Generation,136.540
T_HOWBO-2,HOWBO-2,2026-09-08,6,2026-09-08T02:00:00Z,II,Generation,160.460
T_HOWBO-2,HOWBO-2,2026-09-08,7,2026-09-08T02:30:00Z,II,Generation,205.000
T_HOWBO-2,HOWBO-2,2026-09-08,8,2026-09-08T03:00:00Z,II,Generation,217.620
T_HOWBO-2,HOWBO-2,2026-09-08,9,2026-09-08T03:30:00Z,II,Generation,215.460
T_HOWBO-2,HOWBO-2,2026-09-08,10,2026-09-08T04:00:00Z,II,Generation,216.540
T_HOWBO-2,HOWBO-2,2026-09-08,11,2026-09-08T04:30:00Z,II,Generation,217.500
T_HOWBO-2,HOWBO-2,2026-09-08,12,2026-09-08T05:00:00Z,II,Generation,217.910
T_HOWBO-2,HOWBO-2,2026-09-08,13,2026-09-08T05:30:00Z,II,Generation,218.510
T_HOWBO-2,HOWBO-2,2026-09-08,14,2026-09-08T06:00:00Z,II,Generation,217.970
T_HOWBO-2,HOWBO-2,2026-09-08,15,2026-09-08T06:30:00Z,II,Generation,215.740
T_HOWBO-2,HOWBO-2,2026-09-08,16,2026-09-08T07:00:00Z,II,Generation,207.640
T_HOWBO-2,HOWBO-2,2026-09-08,17,2026-09-08T07:30:00Z,II,Generation,145.400
T_HOWBO-2,HOWBO-2,2026-09-08,18,2026-09-08T08:00:00Z,II,Generation,118.920
T_HOWBO-2,HOWBO-2,2026-09-08,19,2026-09-08T08:30:00Z,II,Generation,139.150
T_HOWBO-2,HOWBO-2,2026-09-08,20,2026-09-08T09:00:00Z,II,Generation,106.050
T_HOWBO-2,HOWBO-2,2026-09-08,21,2026-09-08T09:30:00Z,II,Generation,106.160
T_HOWBO-2,HOWBO-2,2026-09-08,22,2026-09-08T10:00:00Z,II,Generation,95.070
T_HOWBO-2,HOWBO-2,2026-09-08,23,2026-09-08T10:30:00Z,II,Generation,78.160
T_HOWBO-2,HOWBO-2,2026-09-08,24,2026-09-08T11:00:00Z,II,Generation,82.710
T_HOWBO-2,HOWBO-2,2026-09-08,25,2026-09-08T11:30:00Z,II,Generation,80.820
T_HOWBO-2,HOWBO-2,2026-09-08,26,2026-09-08T12:00:00Z,II,Generation,91.890
T_HOWBO-2,HOWBO-2,2026-09-08,27,2026-09-08T12:30:00Z,II,Generation,89.590
T_HOWBO-2,HOWBO-2,2026-09-08,28,2026-09-08T13:00:00Z,II,Generation,82.050
T_HOWBO-2,HOWBO-2,2026-09-08,29,2026-09-08T13:30:00Z,II,Generation,82.490
T_HOWBO-2,HOWBO-2,2026-09-08,30,2026-09-08T14:00:00Z,II,Generation,82.040
T_HOWBO-2,HOWBO-2,2026-09-08,31,2026-09-08T14:30:00Z,II,Generation,89.940
T_HOWBO-2,HOWBO-2,2026-09-08,32,2026-09-08T15:00:00Z,II,Generation,95.560
T_HOWBO-2,HOWBO-2,2026-09-08,33,2026-09-08T15:30:00Z,II,Generation,104.500
T_HOWBO-2,HOWBO-2,2026-09-08,34,2026-09-08T16:00:00Z,II,Generation,108.770
T_HOWBO-2,HOWBO-2,2026-09-08,35,2026-09-08T16:30:00Z,II,Generation,121.010
T_HOWBO-2,HOWBO-2,2026-09-08,36,2026-09-08T17:00:00Z,II,Generation,141.400
T_HOWBO-2,HOWBO-2,2026-09-08,37,2026-09-08T17:30:00Z,II,Generation,169.010
T_HOWBO-2,HOWBO-2,2026-09-08,38,2026-09-08T18:00:00Z,II,Generation,194.520
T_HOWBO-2,HOWBO-2,2026-09-08,39,2026-09-08T18:30:00Z,II,Generation,208.300
T_HOWBO-2,HOWBO-2,2026-09-08,40,2026-09-08T19:00:00Z,II,Generation,217.170
T_HOWBO-2,HOWBO-2,2026-09-08,41,2026-09-08T19:30:00Z,II,Generation,217.620
T_HOWBO-2,HOWBO-2,2026-09-08,42,2026-09-08T20:00:00Z,II,Generation,217.810
T_HOWBO-2,HOWBO-2,2026-09-08,43,2026-09-08T20:30:00Z,II,Generation,218.550
T_HOWBO-2,HOWBO-2,2026-09-08,44,2026-09-08T21:00:00Z,II,Generation,214.550
T_HOWBO-2,HOWBO-2,2026-09-08,45,2026-09-08T21:30:00Z,II,Generation,214.400
T_HOWBO-2,HOWBO-2,2026-09-08,46,2026-09-08T22:00:00Z,II,Generation,215.540
T_HOWBO-2,HOWBO-2,2026-09-08,47,2026-09-08T22:30:00Z,II,Generation,215.920
T_HOWBO-2,HOWBO-2,2026-09-08,48,2026-09-08T23:00:00Z,II,Generation,215.780
T_HOWBO-3,HOWBO-3,2026-09-08,1,2026-09-07T23:30:00Z,II,Generation,170.120
T_HOWBO-3,HOWBO-3,2026-09-08,2,2026-09-08T00:00:00Z,II,Generation,122.250
T_HOWBO-3,HOWBO-3,2026-09-08,3,2026-09-08T00:30:00Z,II,Generation,147.760
T_HOWBO-3,HOWBO-3,2026-09-08,4,2026-09-08T01:00:00Z,II,Generation,139.860
T_HOWBO-3,HOWBO-3,2026-09-08,5,2026-09-08T01:30:00Z,II,Generation,153.920
T_HOWBO-3,HOWBO-3,2026-09-08,6,2026-09-08T02:00:00Z,II,Generation,175.100
T_HOWBO-3,HOWBO-3,2026-09-08,7,2026-09-08T02:30:00Z,II,Generation,214.950
T_HOWBO-3,HOWBO-3,2026-09-08,8,2026-09-08T03:00:00Z,II,Generation,219.200
T_HOWBO-3,HOWBO-3,2026-09-08,9,2026-09-08T03:30:00Z,II,Generation,219.330
T_HOWBO-3,HOWBO-3,2026-09-08,10,2026-09-08T04:00:00Z,II,Generation,219.240
T_HOWBO-3,HOWBO-3,2026-09-08,11,2026-09-08T04:30:00Z,II,Generation,219.200
T_HOWBO-3,HOWBO-3,2026-09-08,12,2026-09-08T05:00:00Z,II,Generation,218.900
T_HOWBO-3,HOWBO-3,2026-09-08,13,2026-09-08T05:30:00Z,II,Generation,207.880
T_HOWBO-3,HOWBO-3,2026-09-08,14,2026-09-08T06:00:00Z,II,Generation,178.650
T_HOWBO-3,HOWBO-3,2026-09-08,15,2026-09-08T06:30:00Z,II,Generation,176.660
T_HOWBO-3,HOWBO-3,2026-09-08,16,2026-09-08T07:00:00Z,II,Generation,164.560
T_HOWBO-3,HOWBO-3,2026-09-08,17,2026-09-08T07:30:00Z,II,Generation,135.800
T_HOWBO-3,HOWBO-3,2026-09-08,18,2026-09-08T08:00:00Z,II,Generation,116.830
T_HOWBO-3,HOWBO-3,2026-09-08,19,2026-09-08T08:30:00Z,II,Generation,115.510
T_HOWBO-3,HOWBO-3,2026-09-08,20,2026-09-08T09:00:00Z,II,Generation,92.330
T_HOWBO-3,HOWBO-3,2026-09-08,21,2026-09-08T09:30:00Z,II,Generation,99.460
T_HOWBO-3,HOWBO-3,2026-09-08,22,2026-09-08T10:00:00Z,II,Generation,86.140
T_HOWBO-3,HOWBO-3,2026-09-08,23,2026-09-08T10:30:00Z,II,Generation,66.650
T_HOWBO-3,HOWBO-3,2026-09-08,24,2026-09-08T11:00:00Z,II,Generation,90.510
T_HOWBO-3,HOWBO-3,2026-09-08,25,2026-09-08T11:30:00Z,II,Generation,102.330
T_HOWBO-3,HOWBO-3,2026-09-08,26,2026-09-08T12:00:00Z,II,Generation,117.700
T_HOWBO-3,HOWBO-3,2026-09-08,27,2026-09-08T12:30:00Z,II,Generation,110.270
T_HOWBO-3,HOWBO-3,2026-09-08,28,2026-09-08T13:00:00Z,II,Generation,97.000
T_HOWBO-3,HOWBO-3,2026-09-08,29,2026-09-08T13:30:00Z,II,Generation,97.710
T_HOWBO-3,HOWBO-3,2026-09-08,30,2026-09-08T14:00:00Z,II,Generation,97.440
T_HOWBO-3,HOWBO-3,2026-09-08,31,2026-09-08T14:30:00Z,II,Generation,97.930
T_HOWBO-3,HOWBO-3,2026-09-08,32,2026-09-08T15:00:00Z,II,Generation,113.800
T_HOWBO-3,HOWBO-3,2026-09-08,33,2026-09-08T15:30:00Z,II,Generation,114.790
T_HOWBO-3,HOWBO-3,2026-09-08,34,2026-09-08T16:00:00Z,II,Generation,123.360
T_HOWBO-3,HOWBO-3,2026-09-08,35,2026-09-08T16:30:00Z,II,Generation,122.600
T_HOWBO-3,HOWBO-3,2026-09-08,36,2026-09-08T17:00:00Z,II,Generation,143.210
T_HOWBO-3,HOWBO-3,2026-09-08,37,2026-09-08T17:30:00Z,II,Generation,189.030
T_HOWBO-3,HOWBO-3,2026-09-08,38,2026-09-08T18:00:00Z,II,Generation,206.700
T_HOWBO-3,HOWBO-3,2026-09-08,39,2026-09-08T18:30:00Z,II,Generation,215.910
T_HOWBO-3,HOWBO-3,2026-09-08,40,2026-09-08T19:00:00Z,II,Generation,218.760
T_HOWBO-3,HOWBO-3,2026-09-08,41,2026-09-08T19:30:00Z,II,Generation,219.180
T_HOWBO-3,HOWBO-3,2026-09-08,42,2026-09-08T20:00:00Z,II,Generation,219.150
T_HOWBO-3,HOWBO-3,2026-09-08,43,2026-09-08T20:30:00Z,II,Generation,219.180
T_HOWBO-3,HOWBO-3,2026-09-08,44,2026-09-08T21:00:00Z,II,Generation,219.170
T_HOWBO-3,HOWBO-3,2026-09-08,45,2026-09-08T21:30:00Z,II,Generation,219.260
T_HOWBO-3,HOWBO-3,2026-09-08,46,2026-09-08T22:00:00Z,II,Generation,213.460
T_HOWBO-3,HOWBO-3,2026-09-08,47,2026-09-08T22:30:00Z,II,Generation,199.250
T_HOWBO-3,HOWBO-3,2026-09-08,48,2026-09-08T23:00:00Z,II,Generation,189.290
T_HRSTW-1,HRSTW-1,2026-09-08,1,2026-09-07T23:30:00Z,II,Generation,20.981
T_HRSTW-1,HRSTW-1,2026-09-08,2,2026-09-08T00:00:00Z,II,Generation,28.772
T_HRSTW-1,HRSTW-1,2026-09-08,3,2026-09-08T00:30:00Z,II,Generation,41.052
T_HRSTW-1,HRSTW-1,2026-09-08,4,2026-09-08T01:00:00Z,II,Generation,28.003
T_HRSTW-1,HRSTW-1,2026-09-08,5,2026-09-08T01:30:00Z,II,Generation,21.161
T_HRSTW-1,HRSTW-1,2026-09-08,6,2026-09-08T02:00:00Z,II,Generation,25.512
T_HRSTW-1,HRSTW-1,2026-09-08,7,2026-09-08T02:30:00Z,II,Generation,27.002
T_HRSTW-1,HRSTW-1,2026-09-08,8,2026-09-08T03:00:00Z,II,Generation,27.843
T_HRSTW-1,HRSTW-1,2026-09-08,9,2026-09-08T03:30:00Z,II,Generation,29.742
T_HRSTW-1,HRSTW-1,2026-09-08,10,2026-09-08T04:00:00Z,II,Generation,23.873
T_HRSTW-1,HRSTW-1,2026-09-08,11,2026-09-08T04:30:00Z,II,Generation,18.483
T_HRSTW-1,HRSTW-1,2026-09-08,12,2026-09-08T05:00:00Z,II,Generation,20.392
T_HRSTW-1,HRSTW-1,2026-09-08,13,2026-09-08T05:30:00Z,II,Generation,16.732
T_HRSTW-1,HRSTW-1,2026-09-08,14,2026-09-08T06:00:00Z,II,Generation,14.532
T_HRSTW-1,HRSTW-1,2026-09-08,15,2026-09-08T06:30:00Z,II,Generation,14.822
T_HRSTW-1,HRSTW-1,2026-09-08,16,2026-09-08T07:00:00Z,II,Generation,16.641
T_HRSTW-1,HRSTW-1,2026-09-08,17,2026-09-08T07:30:00Z,II,Generation,15.521
T_HRSTW-1,HRSTW-1,2026-09-08,18,2026-09-08T08:00:00Z,II,Generation,12.790
T_HRSTW-1,HRSTW-1,2026-09-08,19,2026-09-08T08:30:00Z,II,Generation,21.850
T_HRSTW-1,HRSTW-1,2026-09-08,20,2026-09-08T09:00:00Z,II,Generation,27.620
T_HRSTW-1,HRSTW-1,2026-09-08,21,2026-09-08T09:30:00Z,II,Generation,26.141
T_HRSTW-1,HRSTW-1,2026-09-08,22,2026-09-08T10:00:00Z,II,Generation,32.261
T_HRSTW-1,HRSTW-1,2026-09-08,23,2026-09-08T10:30:00Z,II,Generation,44.469
T_HRSTW-1,HRSTW-1,2026-09-08,24,2026-09-08T11:00:00Z,II,Generation,43.947
T_HRSTW-1,HRSTW-1,2026-09-08,25,2026-09-08T11:30:00Z,II,Generation,46.045
T_HRSTW-1,HRSTW-1,2026-09-08,26,2026-09-08T12:00:00Z,II,Generation,44.416
T_HRSTW-1,HRSTW-1,2026-09-08,27,2026-09-08T12:30:00Z,II,Generation,48.327
T_HRSTW-1,HRSTW-1,2026-09-08,28,2026-09-08T13:00:00Z,II,Generation,52.846
T_HRSTW-1,HRSTW-1,2026-09-08,29,2026-09-08T13:30:00Z,II,Generation,54.690
T_HRSTW-1,HRSTW-1,2026-09-08,30,2026-09-08T14:00:00Z,II,Generation,49.910
T_HRSTW-1,HRSTW-1,2026-09-08,31,2026-09-08T14:30:00Z,II,Generation,48.879
T_HRSTW-1,HRSTW-1,2026-09-08,32,2026-09-08T15:00:00Z,II,Generation,48.285
T_HRSTW-1,HRSTW-1,2026-09-08,33,2026-09-08T15:30:00Z,II,Generation,48.747
T_HRSTW-1,HRSTW-1,2026-09-08,34,2026-09-08T16:00:00Z,II,Generation,50.502
T_HRSTW-1,HRSTW-1,2026-09-08,35,2026-09-08T16:30:00Z,II,Generation,49.224
T_HRSTW-1,HRSTW-1,2026-09-08,36,2026-09-08T17:00:00Z,II,Generation,45.194
T_HRSTW-1,HRSTW-1,2026-09-08,37,2026-09-08T17:30:00Z,II,Generation,52.015
T_HRSTW-1,HRSTW-1,2026-09-08,38,2026-09-08T18:00:00Z,II,Generation,52.782
T_HRSTW-1,HRSTW-1,2026-09-08,39,2026-09-08T18:30:00Z,II,Generation,48.882
T_HRSTW-1,HRSTW-1,2026-09-08,40,2026-09-08T19:00:00Z,II,Generation,50.184
T_HRSTW-1,HRSTW-1,2026-09-08,41,2026-09-08T19:30:00Z,II,Generation,50.236
T_HRSTW-1,HRSTW-1,2026-09-08,42,2026-09-08T20:00:00Z,II,Generation,47.568
T_HRSTW-1,HRSTW-1,2026-09-08,43,2026-09-08T20:30:00Z,II,Generation,41.696
T_HRSTW-1,HRSTW-1,2026-09-08,44,2026-09-08T21:00:00Z,II,Generation,37.432
T_HRSTW-1,HRSTW-1,2026-09-08,45,2026-09-08T21:30:00Z,II,Generation,32.983
T_HRSTW-1,HRSTW-1,2026-09-08,46,2026-09-08T22:00:00Z,II,Generation,26.348
T_HRSTW-1,HRSTW-1,2026-09-08,47,2026-09-08T22:30:00Z,II,Generation,24.213
T_HRSTW-1,HRSTW-1,2026-09-08,48,2026-09-08T23:00:00Z,II,Generation,24.592
T_KENNW-1,KENNW-1,2026-09-08,1,2026-09-07T23:30:00Z,II,Generation,2.500
T_KENNW-1,KENNW-1,2026-09-08,2,2026-09-08T00:00:00Z,II,Generation,2.500
T_KENNW-1,KENNW-1,2026-09-08,3,2026-09-08T00:30:00Z,II,Generation,2.505
T_KENNW-1,KENNW-1,2026-09-08,4,2026-09-08T01:00:00Z,II,Generation,2.500
T_KENNW-1,KENNW-1,2026-09-08,5,2026-09-08T01:30:00Z,II,Generation,2.500
T_KENNW-1,KENNW-1,2026-09-08,6,2026-09-08T02:00:00Z,II,Generation,2.500
T_KENNW-1,KENNW-1,2026-09-08,7,2026-09-08T02:30:00Z,II,Generation,2.500
T_KENNW-1,KENNW-1,2026-09-08,8,2026-09-08T03:00:00Z,II,Generation,2.505
T_KENNW-1,KENNW-1,2026-09-08,9,2026-09-08T03:30:00Z,II,Generation,2.505
T_KENNW-1,KENNW-1,2026-09-08,10,2026-09-08T04:00:00Z,II,Generation,2.500
T_KENNW-1,KENNW-1,2026-09-08,11,2026-09-08T04:30:00Z,II,Generation,2.505
T_KENNW-1,KENNW-1,2026-09-08,12,2026-09-08T05:00:00Z,II,Generation,2.500
T_KENNW-1,KENNW-1,2026-09-08,13,2026-09-08T05:30:00Z,II,Generation,2.500
T_KENNW-1,KENNW-1,2026-09-08,14,2026-09-08T06:00:00Z,II,Generation,2.500
T_KENNW-1,KENNW-1,2026-09-08,15,2026-09-08T06:30:00Z,II,Generation,2.500
T_KENNW-1,KENNW-1,2026-09-08,16,2026-09-08T07:00:00Z,II,Generation,2.505
T_KENNW-1,KENNW-1,2026-09-08,17,2026-09-08T07:30:00Z,II,Generation,2.500
T_KENNW-1,KENNW-1,2026-09-08,18,2026-09-08T08:00:00Z,II,Generation,2.500
T_KENNW-1,KENNW-1,2026-09-08,19,2026-09-08T08:30:00Z,II,Generation,2.495
T_KENNW-1,KENNW-1,2026-09-08,20,2026-09-08T09:00:00Z,II,Generation,2.505
T_KENNW-1,KENNW-1,2026-09-08,21,2026-09-08T09:30:00Z,II,Generation,2.500
T_KENNW-1,KENNW-1,2026-09-08,22,2026-09-08T10:00:00Z,II,Generation,2.500
T_KENNW-1,KENNW-1,2026-09-08,23,2026-09-08T10:30:00Z,II,Generation,2.500
T_KENNW-1,KENNW-1,2026-09-08,24,2026-09-08T11:00:00Z,II,Generation,2.500
T_KENNW-1,KENNW-1,2026-09-08,25,2026-09-08T11:30:00Z,II,Generation,2.505
T_KENNW-1,KENNW-1,2026-09-08,26,2026-09-08T12:00:00Z,II,Generation,2.505
T_KENNW-1,KENNW-1,2026-09-08,27,2026-09-08T12:30:00Z,II,Generation,2.500
T_KENNW-1,KENNW-1,2026-09-08,28,2026-09-08T13:00:00Z,II,Generation,2.505
T_KENNW-1,KENNW-1,2026-09-08,29,2026-09-08T13:30:00Z,II,Generation,2.500
T_KENNW-1,KENNW-1,2026-09-08,30,2026-09-08T14:00:00Z,II,Generation,2.505
T_KENNW-1,KENNW-1,2026-09-08,31,2026-09-08T14:30:00Z,II,Generation,2.500
T_KENNW-1,KENNW-1,2026-09-08,32,2026-09-08T15:00:00Z,II,Generation,2.500
T_KENNW-1,KENNW-1,2026-09-08,33,2026-09-08T15:30:00Z,II,Generation,2.500
T_KENNW-1,KENNW-1,2026-09-08,34,2026-09-08T16:00:00Z,II,Generation,2.505
T_KENNW-1,KENNW-1,2026-09-08,35,2026-09-08T16:30:00Z,II,Generation,2.505
T_KENNW-1,KENNW-1,2026-09-08,36,2026-09-08T17:00:00Z,II,Generation,2.505
T_KENNW-1,KENNW-1,2026-09-08,37,2026-09-08T17:30:00Z,II,Generation,2.500
T_KENNW-1,KENNW-1,2026-09-08,38,2026-09-08T18:00:00Z,II,Generation,2.510
T_KENNW-1,KENNW-1,2026-09-08,39,2026-09-08T18:30:00Z,II,Generation,2.505
T_KENNW-1,KENNW-1,2026-09-08,40,2026-09-08T19:00:00Z,II,Generation,2.505
T_KENNW-1,KENNW-1,2026-09-08,41,2026-09-08T19:30:00Z,II,Generation,2.510
T_KENNW-1,KENNW-1,2026-09-08,42,2026-09-08T20:00:00Z,II,Generation,2.505
T_KENNW-1,KENNW-1,2026-09-08,43,2026-09-08T20:30:00Z,II,Generation,2.510
T_KENNW-1,KENNW-1,2026-09-08,44,2026-09-08T21:00:00Z,II,Generation,2.505
T_KENNW-1,KENNW-1,2026-09-08,45,2026-09-08T21:30:00Z,II,Generation,2.505
T_KENNW-1,KENNW-1,2026-09-08,46,2026-09-08T22:00:00Z,II,Generation,21.220
T_KENNW-1,KENNW-1,2026-09-08,47,2026-09-08T22:30:00Z,II,Generation,25.130
T_KENNW-1,KENNW-1,2026-09-08,48,2026-09-08T23:00:00Z,II,Generation,22.345
T_KILBW-1,KILBW-1,2026-09-08,1,2026-09-07T23:30:00Z,II,Generation,20.701
T_KILBW-1,KILBW-1,2026-09-08,2,2026-09-08T00:00:00Z,II,Generation,19.107
T_KILBW-1,KILBW-1,2026-09-08,3,2026-09-08T00:30:00Z,II,Generation,18.265
T_KILBW-1,KILBW-1,2026-09-08,4,2026-09-08T01:00:00Z,II,Generation,18.657
T_KILBW-1,KILBW-1,2026-09-08,5,2026-09-08T01:30:00Z,II,Generation,20.845
T_KILBW-1,KILBW-1,2026-09-08,6,2026-09-08T02:00:00Z,II,Generation,18.935
T_KILBW-1,KILBW-1,2026-09-08,7,2026-09-08T02:30:00Z,II,Generation,19.277
T_KILBW-1,KILBW-1,2026-09-08,8,2026-09-08T03:00:00Z,II,Generation,14.902
T_KILBW-1,KILBW-1,2026-09-08,9,2026-09-08T03:30:00Z,II,Generation,13.715
T_KILBW-1,KILBW-1,2026-09-08,10,2026-09-08T04:00:00Z,II,Generation,9.342
T_KILBW-1,KILBW-1,2026-09-08,11,2026-09-08T04:30:00Z,II,Generation,10.194
T_KILBW-1,KILBW-1,2026-09-08,12,2026-09-08T05:00:00Z,II,Generation,13.076
T_KILBW-1,KILBW-1,2026-09-08,13,2026-09-08T05:30:00Z,II,Generation,15.004
T_KILBW-1,KILBW-1,2026-09-08,14,2026-09-08T06:00:00Z,II,Generation,14.356
T_KILBW-1,KILBW-1,2026-09-08,15,2026-09-08T06:30:00Z,II,Generation,14.688
T_KILBW-1,KILBW-1,2026-09-08,16,2026-09-08T07:00:00Z,II,Generation,18.780
T_KILBW-1,KILBW-1,2026-09-08,17,2026-09-08T07:30:00Z,II,Generation,23.356
T_KILBW-1,KILBW-1,2026-09-08,18,2026-09-08T08:00:00Z,II,Generation,24.719
T_KILBW-1,KILBW-1,2026-09-08,19,2026-09-08T08:30:00Z,II,Generation,24.473
T_KILBW-1,KILBW-1,2026-09-08,20,2026-09-08T09:00:00Z,II,Generation,24.700
T_KILBW-1,KILBW-1,2026-09-08,21,2026-09-08T09:30:00Z,II,Generation,24.658
T_KILBW-1,KILBW-1,2026-09-08,22,2026-09-08T10:00:00Z,II,Generation,12.748
T_KILBW-1,KILBW-1,2026-09-08,23,2026-09-08T10:30:00Z,II,Generation,0.962
T_KILBW-1,KILBW-1,2026-09-08,24,2026-09-08T11:00:00Z,II,Generation,6.271
T_KILBW-1,KILBW-1,2026-09-08,25,2026-09-08T11:30:00Z,II,Generation,6.325
T_KILBW-1,KILBW-1,2026-09-08,26,2026-09-08T12:00:00Z,II,Generation,6.321
T_KILBW-1,KILBW-1,2026-09-08,27,2026-09-08T12:30:00Z,II,Generation,6.330
T_KILBW-1,KILBW-1,2026-09-08,28,2026-09-08T13:00:00Z,II,Generation,6.370
T_KILBW-1,KILBW-1,2026-09-08,29,2026-09-08T13:30:00Z,II,Generation,6.348
T_KILBW-1,KILBW-1,2026-09-08,30,2026-09-08T14:00:00Z,II,Generation,6.354
T_KILBW-1,KILBW-1,2026-09-08,31,2026-09-08T14:30:00Z,II,Generation,6.369
T_KILBW-1,KILBW-1,2026-09-08,32,2026-09-08T15:00:00Z,II,Generation,6.368
T_KILBW-1,KILBW-1,2026-09-08,33,2026-09-08T15:30:00Z,II,Generation,5.578
T_KILBW-1,KILBW-1,2026-09-08,34,2026-09-08T16:00:00Z,II,Generation,0.000
T_KILBW-1,KILBW-1,2026-09-08,35,2026-09-08T16:30:00Z,II,Generation,0.000
T_KILBW-1,KILBW-1,2026-09-08,36,2026-09-08T17:00:00Z,II,Generation,0.000
T_KILBW-1,KILBW-1,2026-09-08,37,2026-09-08T17:30:00Z,II,Generation,0.000
T_KILBW-1,KILBW-1,2026-09-08,38,2026-09-08T18:00:00Z,II,Generation,0.000
T_KILBW-1,KILBW-1,2026-09-08,39,2026-09-08T18:30:00Z,II,Generation,0.000
T_KILBW-1,KILBW-1,2026-09-08,40,2026-09-08T19:00:00Z,II,Generation,0.000
T_KILBW-1,KILBW-1,2026-09-08,41,2026-09-08T19:30:00Z,II,Generation,0.000
T_KILBW-1,KILBW-1,2026-09-08,42,2026-09-08T20:00:00Z,II,Generation,0.000
T_KILBW-1,KILBW-1,2026-09-08,43,2026-09-08T20:30:00Z,II,Generation,0.000
T_KILBW-1,KILBW-1,2026-09-08,44,2026-09-08T21:00:00Z,II,Generation,0.000
T_KILBW-1,KILBW-1,2026-09-08,45,2026-09-08T21:30:00Z,II,Generation,0.000
T_KILBW-1,KILBW-1,2026-09-08,46,2026-09-08T22:00:00Z,II,Generation,3.842
T_KILBW-1,KILBW-1,2026-09-08,47,2026-09-08T22:30:00Z,II,Generation,11.117
T_KILBW-1,KILBW-1,2026-09-08,48,2026-09-08T23:00:00Z,II,Generation,16.964
T_KLGLW-1,KLGLW-1,2026-09-08,1,2026-09-07T23:30:00Z,II,Generation,62.398
T_KLGLW-1,KLGLW-1,2026-09-08,2,2026-09-08T00:00:00Z,II,Generation,79.075
T_KLGLW-1,KLGLW-1,2026-09-08,3,2026-09-08T00:30:00Z,II,Generation,93.662
T_KLGLW-1,KLGLW-1,2026-09-08,4,2026-09-08T01:00:00Z,II,Generation,94.572
T_KLGLW-1,KLGLW-1,2026-09-08,5,2026-09-08T01:30:00Z,II,Generation,91.555
T_KLGLW-1,KLGLW-1,2026-09-08,6,2026-09-08T02:00:00Z,II,Generation,89.919
T_KLGLW-1,KLGLW-1,2026-09-08,7,2026-09-08T02:30:00Z,II,Generation,79.874
T_KLGLW-1,KLGLW-1,2026-09-08,8,2026-09-08T03:00:00Z,II,Generation,76.765
T_KLGLW-1,KLGLW-1,2026-09-08,9,2026-09-08T03:30:00Z,II,Generation,70.397
T_KLGLW-1,KLGLW-1,2026-09-08,10,2026-09-08T04:00:00Z,II,Generation,64.646
T_KLGLW-1,KLGLW-1,2026-09-08,11,2026-09-08T04:30:00Z,II,Generation,65.800
T_KLGLW-1,KLGLW-1,2026-09-08,12,2026-09-08T05:00:00Z,II,Generation,75.181
T_KLGLW-1,KLGLW-1,2026-09-08,13,2026-09-08T05:30:00Z,II,Generation,84.103
T_KLGLW-1,KLGLW-1,2026-09-08,14,2026-09-08T06:00:00Z,II,Generation,86.112
T_KLGLW-1,KLGLW-1,2026-09-08,15,2026-09-08T06:30:00Z,II,Generation,86.146
T_KLGLW-1,KLGLW-1,2026-09-08,16,2026-09-08T07:00:00Z,II,Generation,95.575
T_KLGLW-1,KLGLW-1,2026-09-08,17,2026-09-08T07:30:00Z,II,Generation,86.229
T_KLGLW-1,KLGLW-1,2026-09-08,18,2026-09-08T08:00:00Z,II,Generation,88.294
T_KLGLW-1,KLGLW-1,2026-09-08,19,2026-09-08T08:30:00Z,II,Generation,84.861
T_KLGLW-1,KLGLW-1,2026-09-08,20,2026-09-08T09:00:00Z,II,Generation,86.237
T_KLGLW-1,KLGLW-1,2026-09-08,21,2026-09-08T09:30:00Z,II,Generation,88.791
T_KLGLW-1,KLGLW-1,2026-09-08,22,2026-09-08T10:00:00Z,II,Generation,87.334
T_KLGLW-1,KLGLW-1,2026-09-08,23,2026-09-08T10:30:00Z,II,Generation,80.464
T_KLGLW-1,KLGLW-1,2026-09-08,24,2026-09-08T11:00:00Z,II,Generation,89.686
T_KLGLW-1,KLGLW-1,2026-09-08,25,2026-09-08T11:30:00Z,II,Generation,93.656
T_KLGLW-1,KLGLW-1,2026-09-08,26,2026-09-08T12:00:00Z,II,Generation,98.869
T_KLGLW-1,KLGLW-1,2026-09-08,27,2026-09-08T12:30:00Z,II,Generation,99.456
T_KLGLW-1,KLGLW-1,2026-09-08,28,2026-09-08T13:00:00Z,II,Generation,100.552
T_KLGLW-1,KLGLW-1,2026-09-08,29,2026-09-08T13:30:00Z,II,Generation,103.518
T_KLGLW-1,KLGLW-1,2026-09-08,30,2026-09-08T14:00:00Z,II,Generation,105.792
T_KLGLW-1,KLGLW-1,2026-09-08,31,2026-09-08T14:30:00Z,II,Generation,102.883
T_KLGLW-1,KLGLW-1,2026-09-08,32,2026-09-08T15:00:00Z,II,Generation,105.677
T_KLGLW-1,KLGLW-1,2026-09-08,33,2026-09-08T15:30:00Z,II,Generation,105.976
T_KLGLW-1,KLGLW-1,2026-09-08,34,2026-09-08T16:00:00Z,II,Generation,105.854
T_KLGLW-1,KLGLW-1,2026-09-08,35,2026-09-08T16:30:00Z,II,Generation,106.329
T_KLGLW-1,KLGLW-1,2026-09-08,36,2026-09-08T17:00:00Z,II,Generation,103.170
T_KLGLW-1,KLGLW-1,2026-09-08,37,2026-09-08T17:30:00Z,II,Generation,95.581
T_KLGLW-1,KLGLW-1,2026-09-08,38,2026-09-08T18:00:00Z,II,Generation,101.452
T_KLGLW-1,KLGLW-1,2026-09-08,39,2026-09-08T18:30:00Z,II,Generation,99.426
T_KLGLW-1,KLGLW-1,2026-09-08,40,2026-09-08T19:00:00Z,II,Generation,93.990
T_KLGLW-1,KLGLW-1,2026-09-08,41,2026-09-08T19:30:00Z,II,Generation,97.828
T_KLGLW-1,KLGLW-1,2026-09-08,42,2026-09-08T20:00:00Z,II,Generation,97.431
T_KLGLW-1,KLGLW-1,2026-09-08,43,2026-09-08T20:30:00Z,II,Generation,91.249
T_KLGLW-1,KLGLW-1,2026-09-08,44,2026-09-08T21:00:00Z,II,Generation,101.017
T_KLGLW-1,KLGLW-1,2026-09-08,45,2026-09-08T21:30:00Z,II,Generation,93.462
T_KLGLW-1,KLGLW-1,2026-09-08,46,2026-09-08T22:00:00Z,II,Generation,87.777
T_KLGLW-1,KLGLW-1,2026-09-08,47,2026-09-08T22:30:00Z,II,Generation,77.326
T_KLGLW-1,KLGLW-1,2026-09-08,48,2026-09-08T23:00:00Z,II,Generation,77.180
T_KPMRW-1,KPMRW-1,2026-09-08,1,2026-09-07T23:30:00Z,II,Generation,6.630
T_KPMRW-1,KPMRW-1,2026-09-08,2,2026-09-08T00:00:00Z,II,Generation,6.620
T_KPMRW-1,KPMRW-1,2026-09-08,3,2026-09-08T00:30:00Z,II,Generation,6.620
T_KPMRW-1,KPMRW-1,2026-09-08,4,2026-09-08T01:00:00Z,II,Generation,6.620
T_KPMRW-1,KPMRW-1,2026-09-08,5,2026-09-08T01:30:00Z,II,Generation,6.620
T_KPMRW-1,KPMRW-1,2026-09-08,6,2026-09-08T02:00:00Z,II,Generation,6.610
T_KPMRW-1,KPMRW-1,2026-09-08,7,2026-09-08T02:30:00Z,II,Generation,6.620
T_KPMRW-1,KPMRW-1,2026-09-08,8,2026-09-08T03:00:00Z,II,Generation,6.640
T_KPMRW-1,KPMRW-1,2026-09-08,9,2026-09-08T03:30:00Z,II,Generation,6.610
T_KPMRW-1,KPMRW-1,2026-09-08,10,2026-09-08T04:00:00Z,II,Generation,6.620
T_KPMRW-1,KPMRW-1,2026-09-08,11,2026-09-08T04:30:00Z,II,Generation,6.630
T_KPMRW-1,KPMRW-1,2026-09-08,12,2026-09-08T05:00:00Z,II,Generation,6.620
T_KPMRW-1,KPMRW-1,2026-09-08,13,2026-09-08T05:30:00Z,II,Generation,6.620
T_KPMRW-1,KPMRW-1,2026-09-08,14,2026-09-08T06:00:00Z,II,Generation,6.620
T_KPMRW-1,KPMRW-1,2026-09-08,15,2026-09-08T06:30:00Z,II,Generation,6.620
T_KPMRW-1,KPMRW-1,2026-09-08,16,2026-09-08T07:00:00Z,II,Generation,6.620
T_KPMRW-1,KPMRW-1,2026-09-08,17,2026-09-08T07:30:00Z,II,Generation,6.620
T_KPMRW-1,KPMRW-1,2026-09-08,18,2026-09-08T08:00:00Z,II,Generation,6.610
T_KPMRW-1,KPMRW-1,2026-09-08,19,2026-09-08T08:30:00Z,II,Generation,6.610
T_KPMRW-1,KPMRW-1,2026-09-08,20,2026-09-08T09:00:00Z,II,Generation,6.610
T_KPMRW-1,KPMRW-1,2026-09-08,21,2026-09-08T09:30:00Z,II,Generation,6.610
T_KPMRW-1,KPMRW-1,2026-09-08,22,2026-09-08T10:00:00Z,II,Generation,6.590
T_KPMRW-1,KPMRW-1,2026-09-08,23,2026-09-08T10:30:00Z,II,Generation,6.610
T_KPMRW-1,KPMRW-1,2026-09-08,24,2026-09-08T11:00:00Z,II,Generation,6.620
T_KPMRW-1,KPMRW-1,2026-09-08,25,2026-09-08T11:30:00Z,II,Generation,6.630
T_KPMRW-1,KPMRW-1,2026-09-08,26,2026-09-08T12:00:00Z,II,Generation,6.620
T_KPMRW-1,KPMRW-1,2026-09-08,27,2026-09-08T12:30:00Z,II,Generation,6.630
T_KPMRW-1,KPMRW-1,2026-09-08,28,2026-09-08T13:00:00Z,II,Generation,6.620
T_KPMRW-1,KPMRW-1,2026-09-08,29,2026-09-08T13:30:00Z,II,Generation,6.630
T_KPMRW-1,KPMRW-1,2026-09-08,30,2026-09-08T14:00:00Z,II,Generation,6.630
T_KPMRW-1,KPMRW-1,2026-09-08,31,2026-09-08T14:30:00Z,II,Generation,6.620
T_KPMRW-1,KPMRW-1,2026-09-08,32,2026-09-08T15:00:00Z,II,Generation,6.630
T_KPMRW-1,KPMRW-1,2026-09-08,33,2026-09-08T15:30:00Z,II,Generation,6.630
T_KPMRW-1,KPMRW-1,2026-09-08,34,2026-09-08T16:00:00Z,II,Generation,6.630
T_KPMRW-1,KPMRW-1,2026-09-08,35,2026-09-08T16:30:00Z,II,Generation,6.620
T_KPMRW-1,KPMRW-1,2026-09-08,36,2026-09-08T17:00:00Z,II,Generation,6.630
T_KPMRW-1,KPMRW-1,2026-09-08,37,2026-09-08T17:30:00Z,II,Generation,6.630
T_KPMRW-1,KPMRW-1,2026-09-08,38,2026-09-08T18:00:00Z,II,Generation,6.640
T_KPMRW-1,KPMRW-1,2026-09-08,39,2026-09-08T18:30:00Z,II,Generation,6.640
T_KPMRW-1,KPMRW-1,2026-09-08,40,2026-09-08T19:00:00Z,II,Generation,6.660
T_KPMRW-1,KPMRW-1,2026-09-08,41,2026-09-08T19:30:00Z,II,Generation,6.660
T_KPMRW-1,KPMRW-1,2026-09-08,42,2026-09-08T20:00:00Z,II,Generation,6.670
T_KPMRW-1,KPMRW-1,2026-09-08,43,2026-09-08T20:30:00Z,II,Generation,6.660
T_KPMRW-1,KPMRW-1,2026-09-08,44,2026-09-08T21:00:00Z,II,Generation,6.670
T_KPMRW-1,KPMRW-1,2026-09-08,45,2026-09-08T21:30:00Z,II,Generation,11.920
T_KPMRW-1,KPMRW-1,2026-09-08,46,2026-09-08T22:00:00Z,II,Generation,14.040
T_KPMRW-1,KPMRW-1,2026-09-08,47,2026-09-08T22:30:00Z,II,Generation,15.370
T_KPMRW-1,KPMRW-1,2026-09-08,48,2026-09-08T23:00:00Z,II,Generation,13.930
T_KTHLW-1,KTHLW-1,2026-09-08,1,2026-09-07T23:30:00Z,II,Generation,1.148
T_KTHLW-1,KTHLW-1,2026-09-08,2,2026-09-08T00:00:00Z,II,Generation,1.185
T_KTHLW-1,KTHLW-1,2026-09-08,3,2026-09-08T00:30:00Z,II,Generation,1.752
T_KTHLW-1,KTHLW-1,2026-09-08,4,2026-09-08T01:00:00Z,II,Generation,1.646
T_KTHLW-1,KTHLW-1,2026-09-08,5,2026-09-08T01:30:00Z,II,Generation,1.609
T_KTHLW-1,KTHLW-1,2026-09-08,6,2026-09-08T02:00:00Z,II,Generation,1.175
T_KTHLW-1,KTHLW-1,2026-09-08,7,2026-09-08T02:30:00Z,II,Generation,1.361
T_KTHLW-1,KTHLW-1,2026-09-08,8,2026-09-08T03:00:00Z,II,Generation,1.685
T_KTHLW-1,KTHLW-1,2026-09-08,9,2026-09-08T03:30:00Z,II,Generation,1.535
T_KTHLW-1,KTHLW-1,2026-09-08,10,2026-09-08T04:00:00Z,II,Generation,1.618
T_KTHLW-1,KTHLW-1,2026-09-08,11,2026-09-08T04:30:00Z,II,Generation,1.548
T_KTHLW-1,KTHLW-1,2026-09-08,12,2026-09-08T05:00:00Z,II,Generation,1.632
T_KTHLW-1,KTHLW-1,2026-09-08,13,2026-09-08T05:30:00Z,II,Generation,1.385
T_KTHLW-1,KTHLW-1,2026-09-08,14,2026-09-08T06:00:00Z,II,Generation,1.391
T_KTHLW-1,KTHLW-1,2026-09-08,15,2026-09-08T06:30:00Z,II,Generation,1.712
T_KTHLW-1,KTHLW-1,2026-09-08,16,2026-09-08T07:00:00Z,II,Generation,1.328
T_KTHLW-1,KTHLW-1,2026-09-08,17,2026-09-08T07:30:00Z,II,Generation,1.195
T_KTHLW-1,KTHLW-1,2026-09-08,18,2026-09-08T08:00:00Z,II,Generation,1.273
T_KTHLW-1,KTHLW-1,2026-09-08,19,2026-09-08T08:30:00Z,II,Generation,1.196
T_KTHLW-1,KTHLW-1,2026-09-08,20,2026-09-08T09:00:00Z,II,Generation,1.127
T_KTHLW-1,KTHLW-1,2026-09-08,21,2026-09-08T09:30:00Z,II,Generation,1.546
T_KTHLW-1,KTHLW-1,2026-09-08,22,2026-09-08T10:00:00Z,II,Generation,1.195
T_KTHLW-1,KTHLW-1,2026-09-08,23,2026-09-08T10:30:00Z,II,Generation,1.139
T_KTHLW-1,KTHLW-1,2026-09-08,24,2026-09-08T11:00:00Z,II,Generation,1.287
T_KTHLW-1,KTHLW-1,2026-09-08,25,2026-09-08T11:30:00Z,II,Generation,1.069
T_KTHLW-1,KTHLW-1,2026-09-08,26,2026-09-08T12:00:00Z,II,Generation,1.346
T_KTHLW-1,KTHLW-1,2026-09-08,27,2026-09-08T12:30:00Z,II,Generation,1.489
T_KTHLW-1,KTHLW-1,2026-09-08,28,2026-09-08T13:00:00Z,II,Generation,1.367
T_KTHLW-1,KTHLW-1,2026-09-08,29,2026-09-08T13:30:00Z,II,Generation,1.406
T_KTHLW-1,KTHLW-1,2026-09-08,30,2026-09-08T14:00:00Z,II,Generation,1.414
T_KTHLW-1,KTHLW-1,2026-09-08,31,2026-09-08T14:30:00Z,II,Generation,1.270
T_KTHLW-1,KTHLW-1,2026-09-08,32,2026-09-08T15:00:00Z,II,Generation,1.553
T_KTHLW-1,KTHLW-1,2026-09-08,33,2026-09-08T15:30:00Z,II,Generation,1.665
T_KTHLW-1,KTHLW-1,2026-09-08,34,2026-09-08T16:00:00Z,II,Generation,1.465
T_KTHLW-1,KTHLW-1,2026-09-08,35,2026-09-08T16:30:00Z,II,Generation,1.460
T_KTHLW-1,KTHLW-1,2026-09-08,36,2026-09-08T17:00:00Z,II,Generation,1.315
T_KTHLW-1,KTHLW-1,2026-09-08,37,2026-09-08T17:30:00Z,II,Generation,1.147
T_KTHLW-1,KTHLW-1,2026-09-08,38,2026-09-08T18:00:00Z,II,Generation,1.547
T_KTHLW-1,KTHLW-1,2026-09-08,39,2026-09-08T18:30:00Z,II,Generation,1.418
T_KTHLW-1,KTHLW-1,2026-09-08,40,2026-09-08T19:00:00Z,II,Generation,1.301
T_KTHLW-1,KTHLW-1,2026-09-08,41,2026-09-08T19:30:00Z,II,Generation,1.159
T_KTHLW-1,KTHLW-1,2026-09-08,42,2026-09-08T20:00:00Z,II,Generation,1.413
T_KTHLW-1,KTHLW-1,2026-09-08,43,2026-09-08T20:30:00Z,II,Generation,1.278
T_KTHLW-1,KTHLW-1,2026-09-08,44,2026-09-08T21:00:00Z,II,Generation,1.052
T_KTHLW-1,KTHLW-1,2026-09-08,45,2026-09-08T21:30:00Z,II,Generation,0.932
T_KTHLW-1,KTHLW-1,2026-09-08,46,2026-09-08T22:00:00Z,II,Generation,0.947
T_KTHLW-1,KTHLW-1,2026-09-08,47,2026-09-08T22:30:00Z,II,Generation,1.074
T_KTHLW-1,KTHLW-1,2026-09-08,48,2026-09-08T23:00:00Z,II,Generation,0.829
T_KYPEW-1,KYPEW-1,2026-09-08,1,2026-09-07T23:30:00Z,II,Generation,31.567
T_KYPEW-1,KYPEW-1,2026-09-08,2,2026-09-08T00:00:00Z,II,Generation,30.726
T_KYPEW-1,KYPEW-1,2026-09-08,3,2026-09-08T00:30:00Z,II,Generation,30.183
T_KYPEW-1,KYPEW-1,2026-09-08,4,2026-09-08T01:00:00Z,II,Generation,30.406
T_KYPEW-1,KYPEW-1,2026-09-08,5,2026-09-08T01:30:00Z,II,Generation,31.931
T_KYPEW-1,KYPEW-1,2026-09-08,6,2026-09-08T02:00:00Z,II,Generation,30.563
T_KYPEW-1,KYPEW-1,2026-09-08,7,2026-09-08T02:30:00Z,II,Generation,30.361
T_KYPEW-1,KYPEW-1,2026-09-08,8,2026-09-08T03:00:00Z,II,Generation,28.806
T_KYPEW-1,KYPEW-1,2026-09-08,9,2026-09-08T03:30:00Z,II,Generation,32.129
T_KYPEW-1,KYPEW-1,2026-09-08,10,2026-09-08T04:00:00Z,II,Generation,31.649
T_KYPEW-1,KYPEW-1,2026-09-08,11,2026-09-08T04:30:00Z,II,Generation,30.995
T_KYPEW-1,KYPEW-1,2026-09-08,12,2026-09-08T05:00:00Z,II,Generation,31.511
T_KYPEW-1,KYPEW-1,2026-09-08,13,2026-09-08T05:30:00Z,II,Generation,31.726
T_KYPEW-1,KYPEW-1,2026-09-08,14,2026-09-08T06:00:00Z,II,Generation,32.319
T_KYPEW-1,KYPEW-1,2026-09-08,15,2026-09-08T06:30:00Z,II,Generation,30.892
T_KYPEW-1,KYPEW-1,2026-09-08,16,2026-09-08T07:00:00Z,II,Generation,30.967
T_KYPEW-1,KYPEW-1,2026-09-08,17,2026-09-08T07:30:00Z,II,Generation,29.989
T_KYPEW-1,KYPEW-1,2026-09-08,18,2026-09-08T08:00:00Z,II,Generation,28.589
T_KYPEW-1,KYPEW-1,2026-09-08,19,2026-09-08T08:30:00Z,II,Generation,29.804
T_KYPEW-1,KYPEW-1,2026-09-08,20,2026-09-08T09:00:00Z,II,Generation,21.942
T_KYPEW-1,KYPEW-1,2026-09-08,21,2026-09-08T09:30:00Z,II,Generation,22.733
T_KYPEW-1,KYPEW-1,2026-09-08,22,2026-09-08T10:00:00Z,II,Generation,28.226
T_KYPEW-1,KYPEW-1,2026-09-08,23,2026-09-08T10:30:00Z,II,Generation,25.859
T_KYPEW-1,KYPEW-1,2026-09-08,24,2026-09-08T11:00:00Z,II,Generation,28.866
T_KYPEW-1,KYPEW-1,2026-09-08,25,2026-09-08T11:30:00Z,II,Generation,31.777
T_KYPEW-1,KYPEW-1,2026-09-08,26,2026-09-08T12:00:00Z,II,Generation,31.953
T_KYPEW-1,KYPEW-1,2026-09-08,27,2026-09-08T12:30:00Z,II,Generation,32.378
T_KYPEW-1,KYPEW-1,2026-09-08,28,2026-09-08T13:00:00Z,II,Generation,32.878
T_KYPEW-1,KYPEW-1,2026-09-08,29,2026-09-08T13:30:00Z,II,Generation,32.156
T_KYPEW-1,KYPEW-1,2026-09-08,30,2026-09-08T14:00:00Z,II,Generation,32.438
T_KYPEW-1,KYPEW-1,2026-09-08,31,2026-09-08T14:30:00Z,II,Generation,32.956
T_KYPEW-1,KYPEW-1,2026-09-08,32,2026-09-08T15:00:00Z,II,Generation,32.069
T_KYPEW-1,KYPEW-1,2026-09-08,33,2026-09-08T15:30:00Z,II,Generation,32.454
T_KYPEW-1,KYPEW-1,2026-09-08,34,2026-09-08T16:00:00Z,II,Generation,32.064
T_KYPEW-1,KYPEW-1,2026-09-08,35,2026-09-08T16:30:00Z,II,Generation,31.467
T_KYPEW-1,KYPEW-1,2026-09-08,36,2026-09-08T17:00:00Z,II,Generation,30.295
T_KYPEW-1,KYPEW-1,2026-09-08,37,2026-09-08T17:30:00Z,II,Generation,31.679
T_KYPEW-1,KYPEW-1,2026-09-08,38,2026-09-08T18:00:00Z,II,Generation,25.314
T_KYPEW-1,KYPEW-1,2026-09-08,39,2026-09-08T18:30:00Z,II,Generation,29.214
T_KYPEW-1,KYPEW-1,2026-09-08,40,2026-09-08T19:00:00Z,II,Generation,30.499
T_KYPEW-1,KYPEW-1,2026-09-08,41,2026-09-08T19:30:00Z,II,Generation,30.288
T_KYPEW-1,KYPEW-1,2026-09-08,42,2026-09-08T20:00:00Z,II,Generation,30.746
T_KYPEW-1,KYPEW-1,2026-09-08,43,2026-09-08T20:30:00Z,II,Generation,27.824
T_KYPEW-1,KYPEW-1,2026-09-08,44,2026-09-08T21:00:00Z,II,Generation,29.218
T_KYPEW-1,KYPEW-1,2026-09-08,45,2026-09-08T21:30:00Z,II,Generation,29.298
T_KYPEW-1,KYPEW-1,2026-09-08,46,2026-09-08T22:00:00Z,II,Generation,24.089
T_KYPEW-1,KYPEW-1,2026-09-08,47,2026-09-08T22:30:00Z,II,Generation,22.576
T_KYPEW-1,KYPEW-1,2026-09-08,48,2026-09-08T23:00:00Z,II,Generation,20.279
T_LARYW-1,LARYO-1,2026-09-08,1,2026-09-07T23:30:00Z,II,Generation,28.980
T_LARYW-1,LARYO-1,2026-09-08,2,2026-09-08T00:00:00Z,II,Generation,38.010
T_LARYW-1,LARYO-1,2026-09-08,3,2026-09-08T00:30:00Z,II,Generation,35.730
T_LARYW-1,LARYO-1,2026-09-08,4,2026-09-08T01:00:00Z,II,Generation,37.390
T_LARYW-1,LARYO-1,2026-09-08,5,2026-09-08T01:30:00Z,II,Generation,29.840
T_LARYW-1,LARYO-1,2026-09-08,6,2026-09-08T02:00:00Z,II,Generation,29.690
T_LARYW-1,LARYO-1,2026-09-08,7,2026-09-08T02:30:00Z,II,Generation,29.850
T_LARYW-1,LARYO-1,2026-09-08,8,2026-09-08T03:00:00Z,II,Generation,28.960
T_LARYW-1,LARYO-1,2026-09-08,9,2026-09-08T03:30:00Z,II,Generation,29.440
T_LARYW-1,LARYO-1,2026-09-08,10,2026-09-08T04:00:00Z,II,Generation,37.550
T_LARYW-1,LARYO-1,2026-09-08,11,2026-09-08T04:30:00Z,II,Generation,41.890
T_LARYW-1,LARYO-1,2026-09-08,12,2026-09-08T05:00:00Z,II,Generation,33.100
T_LARYW-1,LARYO-1,2026-09-08,13,2026-09-08T05:30:00Z,II,Generation,25.030
T_LARYW-1,LARYO-1,2026-09-08,14,2026-09-08T06:00:00Z,II,Generation,21.000
T_LARYW-1,LARYO-1,2026-09-08,15,2026-09-08T06:30:00Z,II,Generation,26.440
T_LARYW-1,LARYO-1,2026-09-08,16,2026-09-08T07:00:00Z,II,Generation,33.680
T_LARYW-1,LARYO-1,2026-09-08,17,2026-09-08T07:30:00Z,II,Generation,35.470
T_LARYW-1,LARYO-1,2026-09-08,18,2026-09-08T08:00:00Z,II,Generation,32.170
T_LARYW-1,LARYO-1,2026-09-08,19,2026-09-08T08:30:00Z,II,Generation,18.750
T_LARYW-1,LARYO-1,2026-09-08,20,2026-09-08T09:00:00Z,II,Generation,12.490
T_LARYW-1,LARYO-1,2026-09-08,21,2026-09-08T09:30:00Z,II,Generation,14.670
T_LARYW-1,LARYO-1,2026-09-08,22,2026-09-08T10:00:00Z,II,Generation,19.140
T_LARYW-1,LARYO-1,2026-09-08,23,2026-09-08T10:30:00Z,II,Generation,16.490
T_LARYW-1,LARYO-1,2026-09-08,24,2026-09-08T11:00:00Z,II,Generation,17.450
T_LARYW-1,LARYO-1,2026-09-08,25,2026-09-08T11:30:00Z,II,Generation,11.070
T_LARYW-1,LARYO-1,2026-09-08,26,2026-09-08T12:00:00Z,II,Generation,6.430
T_LARYW-1,LARYO-1,2026-09-08,27,2026-09-08T12:30:00Z,II,Generation,3.910
T_LARYW-1,LARYO-1,2026-09-08,28,2026-09-08T13:00:00Z,II,Generation,0.995
T_LARYW-1,LARYO-1,2026-09-08,29,2026-09-08T13:30:00Z,II,Generation,-0.621
T_LARYW-1,LARYO-1,2026-09-08,30,2026-09-08T14:00:00Z,II,Generation,3.519
T_LARYW-1,LARYO-1,2026-09-08,31,2026-09-08T14:30:00Z,II,Generation,1.660
T_LARYW-1,LARYO-1,2026-09-08,32,2026-09-08T15:00:00Z,II,Generation,10.260
T_LARYW-1,LARYO-1,2026-09-08,33,2026-09-08T15:30:00Z,II,Generation,35.270
T_LARYW-1,LARYO-1,2026-09-08,34,2026-09-08T16:00:00Z,II,Generation,69.650
T_LARYW-1,LARYO-1,2026-09-08,35,2026-09-08T16:30:00Z,II,Generation,74.490
T_LARYW-1,LARYO-1,2026-09-08,36,2026-09-08T17:00:00Z,II,Generation,70.570
T_LARYW-1,LARYO-1,2026-09-08,37,2026-09-08T17:30:00Z,II,Generation,55.560
T_LARYW-1,LARYO-1,2026-09-08,38,2026-09-08T18:00:00Z,II,Generation,69.840
T_LARYW-1,LARYO-1,2026-09-08,39,2026-09-08T18:30:00Z,II,Generation,64.430
T_LARYW-1,LARYO-1,2026-09-08,40,2026-09-08T19:00:00Z,II,Generation,57.740
T_LARYW-1,LARYO-1,2026-09-08,41,2026-09-08T19:30:00Z,II,Generation,63.590
T_LARYW-1,LARYO-1,2026-09-08,42,2026-09-08T20:00:00Z,II,Generation,71.550
T_LARYW-1,LARYO-1,2026-09-08,43,2026-09-08T20:30:00Z,II,Generation,72.970
T_LARYW-1,LARYO-1,2026-09-08,44,2026-09-08T21:00:00Z,II,Generation,74.410
T_LARYW-1,LARYO-1,2026-09-08,45,2026-09-08T21:30:00Z,II,Generation,74.700
T_LARYW-1,LARYO-1,2026-09-08,46,2026-09-08T22:00:00Z,II,Generation,72.230
T_LARYW-1,LARYO-1,2026-09-08,47,2026-09-08T22:30:00Z,II,Generation,72.570
T_LARYW-1,LARYO-1,2026-09-08,48,2026-09-08T23:00:00Z,II,Generation,72.740
T_LARYW-2,LARYO-2,2026-09-08,1,2026-09-07T23:30:00Z,II,Generation,30.440
T_LARYW-2,LARYO-2,2026-09-08,2,2026-09-08T00:00:00Z,II,Generation,38.320
T_LARYW-2,LARYO-2,2026-09-08,3,2026-09-08T00:30:00Z,II,Generation,37.950
T_LARYW-2,LARYO-2,2026-09-08,4,2026-09-08T01:00:00Z,II,Generation,39.850
T_LARYW-2,LARYO-2,2026-09-08,5,2026-09-08T01:30:00Z,II,Generation,31.230
T_LARYW-2,LARYO-2,2026-09-08,6,2026-09-08T02:00:00Z,II,Generation,30.510
T_LARYW-2,LARYO-2,2026-09-08,7,2026-09-08T02:30:00Z,II,Generation,31.110
T_LARYW-2,LARYO-2,2026-09-08,8,2026-09-08T03:00:00Z,II,Generation,30.210
T_LARYW-2,LARYO-2,2026-09-08,9,2026-09-08T03:30:00Z,II,Generation,30.460
T_LARYW-2,LARYO-2,2026-09-08,10,2026-09-08T04:00:00Z,II,Generation,39.300
T_LARYW-2,LARYO-2,2026-09-08,11,2026-09-08T04:30:00Z,II,Generation,44.340
T_LARYW-2,LARYO-2,2026-09-08,12,2026-09-08T05:00:00Z,II,Generation,35.090
T_LARYW-2,LARYO-2,2026-09-08,13,2026-09-08T05:30:00Z,II,Generation,26.410
T_LARYW-2,LARYO-2,2026-09-08,14,2026-09-08T06:00:00Z,II,Generation,22.520
T_LARYW-2,LARYO-2,2026-09-08,15,2026-09-08T06:30:00Z,II,Generation,28.520
T_LARYW-2,LARYO-2,2026-09-08,16,2026-09-08T07:00:00Z,II,Generation,35.490
T_LARYW-2,LARYO-2,2026-09-08,17,2026-09-08T07:30:00Z,II,Generation,35.700
T_LARYW-2,LARYO-2,2026-09-08,18,2026-09-08T08:00:00Z,II,Generation,32.360
T_LARYW-2,LARYO-2,2026-09-08,19,2026-09-08T08:30:00Z,II,Generation,19.100
T_LARYW-2,LARYO-2,2026-09-08,20,2026-09-08T09:00:00Z,II,Generation,12.590
T_LARYW-2,LARYO-2,2026-09-08,21,2026-09-08T09:30:00Z,II,Generation,15.540
T_LARYW-2,LARYO-2,2026-09-08,22,2026-09-08T10:00:00Z,II,Generation,20.880
T_LARYW-2,LARYO-2,2026-09-08,23,2026-09-08T10:30:00Z,II,Generation,17.830
T_LARYW-2,LARYO-2,2026-09-08,24,2026-09-08T11:00:00Z,II,Generation,17.680
T_LARYW-2,LARYO-2,2026-09-08,25,2026-09-08T11:30:00Z,II,Generation,11.630
T_LARYW-2,LARYO-2,2026-09-08,26,2026-09-08T12:00:00Z,II,Generation,6.230
T_LARYW-2,LARYO-2,2026-09-08,27,2026-09-08T12:30:00Z,II,Generation,3.740
T_LARYW-2,LARYO-2,2026-09-08,28,2026-09-08T13:00:00Z,II,Generation,0.690
T_LARYW-2,LARYO-2,2026-09-08,29,2026-09-08T13:30:00Z,II,Generation,-0.842
T_LARYW-2,LARYO-2,2026-09-08,30,2026-09-08T14:00:00Z,II,Generation,3.369
T_LARYW-2,LARYO-2,2026-09-08,31,2026-09-08T14:30:00Z,II,Generation,1.450
T_LARYW-2,LARYO-2,2026-09-08,32,2026-09-08T15:00:00Z,II,Generation,10.260
T_LARYW-2,LARYO-2,2026-09-08,33,2026-09-08T15:30:00Z,II,Generation,35.550
T_LARYW-2,LARYO-2,2026-09-08,34,2026-09-08T16:00:00Z,II,Generation,68.110
T_LARYW-2,LARYO-2,2026-09-08,35,2026-09-08T16:30:00Z,II,Generation,74.060
T_LARYW-2,LARYO-2,2026-09-08,36,2026-09-08T17:00:00Z,II,Generation,70.540
T_LARYW-2,LARYO-2,2026-09-08,37,2026-09-08T17:30:00Z,II,Generation,55.000
T_LARYW-2,LARYO-2,2026-09-08,38,2026-09-08T18:00:00Z,II,Generation,69.940
T_LARYW-2,LARYO-2,2026-09-08,39,2026-09-08T18:30:00Z,II,Generation,64.270
T_LARYW-2,LARYO-2,2026-09-08,40,2026-09-08T19:00:00Z,II,Generation,58.290
T_LARYW-2,LARYO-2,2026-09-08,41,2026-09-08T19:30:00Z,II,Generation,62.280
T_LARYW-2,LARYO-2,2026-09-08,42,2026-09-08T20:00:00Z,II,Generation,71.070
T_LARYW-2,LARYO-2,2026-09-08,43,2026-09-08T20:30:00Z,II,Generation,72.520
T_LARYW-2,LARYO-2,2026-09-08,44,2026-09-08T21:00:00Z,II,Generation,74.380
T_LARYW-2,LARYO-2,2026-09-08,45,2026-09-08T21:30:00Z,II,Generation,74.810
T_LARYW-2,LARYO-2,2026-09-08,46,2026-09-08T22:00:00Z,II,Generation,74.640
T_LARYW-2,LARYO-2,2026-09-08,47,2026-09-08T22:30:00Z,II,Generation,74.930
T_LARYW-2,LARYO-2,2026-09-08,48,2026-09-08T23:00:00Z,II,Generation,74.700
T_LARYW-3,LARYO-3,2026-09-08,1,2026-09-07T23:30:00Z,II,Generation,26.559
T_LARYW-3,LARYO-3,2026-09-08,2,2026-09-08T00:00:00Z,II,Generation,30.411
T_LARYW-3,LARYO-3,2026-09-08,3,2026-09-08T00:30:00Z,II,Generation,32.627
T_LARYW-3,LARYO-3,2026-09-08,4,2026-09-08T01:00:00Z,II,Generation,28.095
T_LARYW-3,LARYO-3,2026-09-08,5,2026-09-08T01:30:00Z,II,Generation,27.384
T_LARYW-3,LARYO-3,2026-09-08,6,2026-09-08T02:00:00Z,II,Generation,27.875
T_LARYW-3,LARYO-3,2026-09-08,7,2026-09-08T02:30:00Z,II,Generation,28.476
T_LARYW-3,LARYO-3,2026-09-08,8,2026-09-08T03:00:00Z,II,Generation,26.871
T_LARYW-3,LARYO-3,2026-09-08,9,2026-09-08T03:30:00Z,II,Generation,25.531
T_LARYW-3,LARYO-3,2026-09-08,10,2026-09-08T04:00:00Z,II,Generation,33.321
T_LARYW-3,LARYO-3,2026-09-08,11,2026-09-08T04:30:00Z,II,Generation,35.709
T_LARYW-3,LARYO-3,2026-09-08,12,2026-09-08T05:00:00Z,II,Generation,29.543
T_LARYW-3,LARYO-3,2026-09-08,13,2026-09-08T05:30:00Z,II,Generation,23.638
T_LARYW-3,LARYO-3,2026-09-08,14,2026-09-08T06:00:00Z,II,Generation,18.086
T_LARYW-3,LARYO-3,2026-09-08,15,2026-09-08T06:30:00Z,II,Generation,22.457
T_LARYW-3,LARYO-3,2026-09-08,16,2026-09-08T07:00:00Z,II,Generation,27.891
T_LARYW-3,LARYO-3,2026-09-08,17,2026-09-08T07:30:00Z,II,Generation,31.539
T_LARYW-3,LARYO-3,2026-09-08,18,2026-09-08T08:00:00Z,II,Generation,26.477
T_LARYW-3,LARYO-3,2026-09-08,19,2026-09-08T08:30:00Z,II,Generation,18.890
T_LARYW-3,LARYO-3,2026-09-08,20,2026-09-08T09:00:00Z,II,Generation,18.788
T_LARYW-3,LARYO-3,2026-09-08,21,2026-09-08T09:30:00Z,II,Generation,21.145
T_LARYW-3,LARYO-3,2026-09-08,22,2026-09-08T10:00:00Z,II,Generation,21.539
T_LARYW-3,LARYO-3,2026-09-08,23,2026-09-08T10:30:00Z,II,Generation,16.215
T_LARYW-3,LARYO-3,2026-09-08,24,2026-09-08T11:00:00Z,II,Generation,15.342
T_LARYW-3,LARYO-3,2026-09-08,25,2026-09-08T11:30:00Z,II,Generation,9.892
T_LARYW-3,LARYO-3,2026-09-08,26,2026-09-08T12:00:00Z,II,Generation,5.386
T_LARYW-3,LARYO-3,2026-09-08,27,2026-09-08T12:30:00Z,II,Generation,3.044
T_LARYW-3,LARYO-3,2026-09-08,28,2026-09-08T13:00:00Z,II,Generation,-0.054
T_LARYW-3,LARYO-3,2026-09-08,29,2026-09-08T13:30:00Z,II,Generation,-0.974
T_LARYW-3,LARYO-3,2026-09-08,30,2026-09-08T14:00:00Z,II,Generation,0.232
T_LARYW-3,LARYO-3,2026-09-08,31,2026-09-08T14:30:00Z,II,Generation,0.368
T_LARYW-3,LARYO-3,2026-09-08,32,2026-09-08T15:00:00Z,II,Generation,6.427
T_LARYW-3,LARYO-3,2026-09-08,33,2026-09-08T15:30:00Z,II,Generation,25.211
T_LARYW-3,LARYO-3,2026-09-08,34,2026-09-08T16:00:00Z,II,Generation,55.850
T_LARYW-3,LARYO-3,2026-09-08,35,2026-09-08T16:30:00Z,II,Generation,75.662
T_LARYW-3,LARYO-3,2026-09-08,36,2026-09-08T17:00:00Z,II,Generation,71.966
T_LARYW-3,LARYO-3,2026-09-08,37,2026-09-08T17:30:00Z,II,Generation,54.820
T_LARYW-3,LARYO-3,2026-09-08,38,2026-09-08T18:00:00Z,II,Generation,62.778
T_LARYW-3,LARYO-3,2026-09-08,39,2026-09-08T18:30:00Z,II,Generation,65.120
T_LARYW-3,LARYO-3,2026-09-08,40,2026-09-08T19:00:00Z,II,Generation,58.055
T_LARYW-3,LARYO-3,2026-09-08,41,2026-09-08T19:30:00Z,II,Generation,57.346
T_LARYW-3,LARYO-3,2026-09-08,42,2026-09-08T20:00:00Z,II,Generation,68.543
T_LARYW-3,LARYO-3,2026-09-08,43,2026-09-08T20:30:00Z,II,Generation,74.115
T_LARYW-3,LARYO-3,2026-09-08,44,2026-09-08T21:00:00Z,II,Generation,77.056
T_LARYW-3,LARYO-3,2026-09-08,45,2026-09-08T21:30:00Z,II,Generation,79.406
T_LARYW-3,LARYO-3,2026-09-08,46,2026-09-08T22:00:00Z,II,Generation,79.038
T_LARYW-3,LARYO-3,2026-09-08,47,2026-09-08T22:30:00Z,II,Generation,79.940
T_LARYW-3,LARYO-3,2026-09-08,48,2026-09-08T23:00:00Z,II,Generation,79.352
T_LARYW-4,LARYO-4,2026-09-08,1,2026-09-07T23:30:00Z,II,Generation,28.272
T_LARYW-4,LARYO-4,2026-09-08,2,2026-09-08T00:00:00Z,II,Generation,32.296
T_LARYW-4,LARYO-4,2026-09-08,3,2026-09-08T00:30:00Z,II,Generation,34.497
T_LARYW-4,LARYO-4,2026-09-08,4,2026-09-08T01:00:00Z,II,Generation,30.416
T_LARYW-4,LARYO-4,2026-09-08,5,2026-09-08T01:30:00Z,II,Generation,29.233
T_LARYW-4,LARYO-4,2026-09-08,6,2026-09-08T02:00:00Z,II,Generation,30.172
T_LARYW-4,LARYO-4,2026-09-08,7,2026-09-08T02:30:00Z,II,Generation,30.369
T_LARYW-4,LARYO-4,2026-09-08,8,2026-09-08T03:00:00Z,II,Generation,28.863
T_LARYW-4,LARYO-4,2026-09-08,9,2026-09-08T03:30:00Z,II,Generation,27.657
T_LARYW-4,LARYO-4,2026-09-08,10,2026-09-08T04:00:00Z,II,Generation,36.063
T_LARYW-4,LARYO-4,2026-09-08,11,2026-09-08T04:30:00Z,II,Generation,37.382
T_LARYW-4,LARYO-4,2026-09-08,12,2026-09-08T05:00:00Z,II,Generation,31.251
T_LARYW-4,LARYO-4,2026-09-08,13,2026-09-08T05:30:00Z,II,Generation,25.114
T_LARYW-4,LARYO-4,2026-09-08,14,2026-09-08T06:00:00Z,II,Generation,19.521
T_LARYW-4,LARYO-4,2026-09-08,15,2026-09-08T06:30:00Z,II,Generation,23.557
T_LARYW-4,LARYO-4,2026-09-08,16,2026-09-08T07:00:00Z,II,Generation,29.278
T_LARYW-4,LARYO-4,2026-09-08,17,2026-09-08T07:30:00Z,II,Generation,33.990
T_LARYW-4,LARYO-4,2026-09-08,18,2026-09-08T08:00:00Z,II,Generation,28.014
T_LARYW-4,LARYO-4,2026-09-08,19,2026-09-08T08:30:00Z,II,Generation,20.718
T_LARYW-4,LARYO-4,2026-09-08,20,2026-09-08T09:00:00Z,II,Generation,21.499
T_LARYW-4,LARYO-4,2026-09-08,21,2026-09-08T09:30:00Z,II,Generation,24.050
T_LARYW-4,LARYO-4,2026-09-08,22,2026-09-08T10:00:00Z,II,Generation,24.255
T_LARYW-4,LARYO-4,2026-09-08,23,2026-09-08T10:30:00Z,II,Generation,17.878
T_LARYW-4,LARYO-4,2026-09-08,24,2026-09-08T11:00:00Z,II,Generation,17.464
T_LARYW-4,LARYO-4,2026-09-08,25,2026-09-08T11:30:00Z,II,Generation,11.301
T_LARYW-4,LARYO-4,2026-09-08,26,2026-09-08T12:00:00Z,II,Generation,6.261
T_LARYW-4,LARYO-4,2026-09-08,27,2026-09-08T12:30:00Z,II,Generation,3.451
T_LARYW-4,LARYO-4,2026-09-08,28,2026-09-08T13:00:00Z,II,Generation,-0.035
T_LARYW-4,LARYO-4,2026-09-08,29,2026-09-08T13:30:00Z,II,Generation,-0.963
T_LARYW-4,LARYO-4,2026-09-08,30,2026-09-08T14:00:00Z,II,Generation,0.547
T_LARYW-4,LARYO-4,2026-09-08,31,2026-09-08T14:30:00Z,II,Generation,0.710
T_LARYW-4,LARYO-4,2026-09-08,32,2026-09-08T15:00:00Z,II,Generation,6.953
T_LARYW-4,LARYO-4,2026-09-08,33,2026-09-08T15:30:00Z,II,Generation,26.482
T_LARYW-4,LARYO-4,2026-09-08,34,2026-09-08T16:00:00Z,II,Generation,59.105
T_LARYW-4,LARYO-4,2026-09-08,35,2026-09-08T16:30:00Z,II,Generation,77.960
T_LARYW-4,LARYO-4,2026-09-08,36,2026-09-08T17:00:00Z,II,Generation,75.065
T_LARYW-4,LARYO-4,2026-09-08,37,2026-09-08T17:30:00Z,II,Generation,55.600
T_LARYW-4,LARYO-4,2026-09-08,38,2026-09-08T18:00:00Z,II,Generation,63.393
T_LARYW-4,LARYO-4,2026-09-08,39,2026-09-08T18:30:00Z,II,Generation,66.893
T_LARYW-4,LARYO-4,2026-09-08,40,2026-09-08T19:00:00Z,II,Generation,60.249
T_LARYW-4,LARYO-4,2026-09-08,41,2026-09-08T19:30:00Z,II,Generation,58.427
T_LARYW-4,LARYO-4,2026-09-08,42,2026-09-08T20:00:00Z,II,Generation,69.527
T_LARYW-4,LARYO-4,2026-09-08,43,2026-09-08T20:30:00Z,II,Generation,74.996
T_LARYW-4,LARYO-4,2026-09-08,44,2026-09-08T21:00:00Z,II,Generation,78.083
T_LARYW-4,LARYO-4,2026-09-08,45,2026-09-08T21:30:00Z,II,Generation,79.782
T_LARYW-4,LARYO-4,2026-09-08,46,2026-09-08T22:00:00Z,II,Generation,79.605
T_LARYW-4,LARYO-4,2026-09-08,47,2026-09-08T22:30:00Z,II,Generation,80.262
T_LARYW-4,LARYO-4,2026-09-08,48,2026-09-08T23:00:00Z,II,Generation,79.757
T_LCLTW-1,LCLTW-1,2026-09-08,1,2026-09-07T23:30:00Z,II,Generation,0.003
T_LCLTW-1,LCLTW-1,2026-09-08,2,2026-09-08T00:00:00Z,II,Generation,-0.006
T_LCLTW-1,LCLTW-1,2026-09-08,3,2026-09-08T00:30:00Z,II,Generation,0.003
T_LCLTW-1,LCLTW-1,2026-09-08,4,2026-09-08T01:00:00Z,II,Generation,-0.007
T_LCLTW-1,LCLTW-1,2026-09-08,5,2026-09-08T01:30:00Z,II,Generation,25.337
T_LCLTW-1,LCLTW-1,2026-09-08,6,2026-09-08T02:00:00Z,II,Generation,27.966
T_LCLTW-1,LCLTW-1,2026-09-08,7,2026-09-08T02:30:00Z,II,Generation,28.901
T_LCLTW-1,LCLTW-1,2026-09-08,8,2026-09-08T03:00:00Z,II,Generation,26.475
T_LCLTW-1,LCLTW-1,2026-09-08,9,2026-09-08T03:30:00Z,II,Generation,22.503
T_LCLTW-1,LCLTW-1,2026-09-08,10,2026-09-08T04:00:00Z,II,Generation,28.479
T_LCLTW-1,LCLTW-1,2026-09-08,11,2026-09-08T04:30:00Z,II,Generation,26.448
T_LCLTW-1,LCLTW-1,2026-09-08,12,2026-09-08T05:00:00Z,II,Generation,26.572
T_LCLTW-1,LCLTW-1,2026-09-08,13,2026-09-08T05:30:00Z,II,Generation,24.761
T_LCLTW-1,LCLTW-1,2026-09-08,14,2026-09-08T06:00:00Z,II,Generation,26.199
T_LCLTW-1,LCLTW-1,2026-09-08,15,2026-09-08T06:30:00Z,II,Generation,28.136
T_LCLTW-1,LCLTW-1,2026-09-08,16,2026-09-08T07:00:00Z,II,Generation,28.910
T_LCLTW-1,LCLTW-1,2026-09-08,17,2026-09-08T07:30:00Z,II,Generation,29.395
T_LCLTW-1,LCLTW-1,2026-09-08,18,2026-09-08T08:00:00Z,II,Generation,30.027
T_LCLTW-1,LCLTW-1,2026-09-08,19,2026-09-08T08:30:00Z,II,Generation,29.534
T_LCLTW-1,LCLTW-1,2026-09-08,20,2026-09-08T09:00:00Z,II,Generation,29.397
T_LCLTW-1,LCLTW-1,2026-09-08,21,2026-09-08T09:30:00Z,II,Generation,26.149
T_LCLTW-1,LCLTW-1,2026-09-08,22,2026-09-08T10:00:00Z,II,Generation,24.882
T_LCLTW-1,LCLTW-1,2026-09-08,23,2026-09-08T10:30:00Z,II,Generation,25.721
T_LCLTW-1,LCLTW-1,2026-09-08,24,2026-09-08T11:00:00Z,II,Generation,28.201
T_LCLTW-1,LCLTW-1,2026-09-08,25,2026-09-08T11:30:00Z,II,Generation,30.844
T_LCLTW-1,LCLTW-1,2026-09-08,26,2026-09-08T12:00:00Z,II,Generation,30.989
T_LCLTW-1,LCLTW-1,2026-09-08,27,2026-09-08T12:30:00Z,II,Generation,31.001
T_LCLTW-1,LCLTW-1,2026-09-08,28,2026-09-08T13:00:00Z,II,Generation,31.022
T_LCLTW-1,LCLTW-1,2026-09-08,29,2026-09-08T13:30:00Z,II,Generation,31.026
T_LCLTW-1,LCLTW-1,2026-09-08,30,2026-09-08T14:00:00Z,II,Generation,31.011
T_LCLTW-1,LCLTW-1,2026-09-08,31,2026-09-08T14:30:00Z,II,Generation,30.650
T_LCLTW-1,LCLTW-1,2026-09-08,32,2026-09-08T15:00:00Z,II,Generation,8.693
T_LCLTW-1,LCLTW-1,2026-09-08,33,2026-09-08T15:30:00Z,II,Generation,-0.001
T_LCLTW-1,LCLTW-1,2026-09-08,34,2026-09-08T16:00:00Z,II,Generation,-0.006
T_LCLTW-1,LCLTW-1,2026-09-08,35,2026-09-08T16:30:00Z,II,Generation,-0.006
T_LCLTW-1,LCLTW-1,2026-09-08,36,2026-09-08T17:00:00Z,II,Generation,-0.001
T_LCLTW-1,LCLTW-1,2026-09-08,37,2026-09-08T17:30:00Z,II,Generation,-0.005
T_LCLTW-1,LCLTW-1,2026-09-08,38,2026-09-08T18:00:00Z,II,Generation,-0.006
T_LCLTW-1,LCLTW-1,2026-09-08,39,2026-09-08T18:30:00Z,II,Generation,-0.005
T_LCLTW-1,LCLTW-1,2026-09-08,40,2026-09-08T19:00:00Z,II,Generation,-0.006
T_LCLTW-1,LCLTW-1,2026-09-08,41,2026-09-08T19:30:00Z,II,Generation,-0.004
T_LCLTW-1,LCLTW-1,2026-09-08,42,2026-09-08T20:00:00Z,II,Generation,-0.007
T_LCLTW-1,LCLTW-1,2026-09-08,43,2026-09-08T20:30:00Z,II,Generation,-0.004
T_LCLTW-1,LCLTW-1,2026-09-08,44,2026-09-08T21:00:00Z,II,Generation,-0.006
T_LCLTW-1,LCLTW-1,2026-09-08,45,2026-09-08T21:30:00Z,II,Generation,-0.004
T_LCLTW-1,LCLTW-1,2026-09-08,46,2026-09-08T22:00:00Z,II,Generation,-0.004
T_LCLTW-1,LCLTW-1,2026-09-08,47,2026-09-08T22:30:00Z,II,Generation,-0.003
T_LCLTW-1,LCLTW-1,2026-09-08,48,2026-09-08T23:00:00Z,II,Generation,-0.004
T_LIMKW-1,LIMKW-1,2026-09-08,1,2026-09-07T23:30:00Z,II,Generation,-0.432
T_LIMKW-1,LIMKW-1,2026-09-08,2,2026-09-08T00:00:00Z,II,Generation,-0.436
T_LIMKW-1,LIMKW-1,2026-09-08,3,2026-09-08T00:30:00Z,II,Generation,-0.441
T_LIMKW-1,LIMKW-1,2026-09-08,4,2026-09-08T01:00:00Z,II,Generation,-0.436
T_LIMKW-1,LIMKW-1,2026-09-08,5,2026-09-08T01:30:00Z,II,Generation,-0.446
T_LIMKW-1,LIMKW-1,2026-09-08,6,2026-09-08T02:00:00Z,II,Generation,-0.430
T_LIMKW-1,LIMKW-1,2026-09-08,7,2026-09-08T02:30:00Z,II,Generation,-0.431
T_LIMKW-1,LIMKW-1,2026-09-08,8,2026-09-08T03:00:00Z,II,Generation,-0.432
T_LIMKW-1,LIMKW-1,2026-09-08,9,2026-09-08T03:30:00Z,II,Generation,-0.432
T_LIMKW-1,LIMKW-1,2026-09-08,10,2026-09-08T04:00:00Z,II,Generation,-0.432
T_LIMKW-1,LIMKW-1,2026-09-08,11,2026-09-08T04:30:00Z,II,Generation,-0.430
T_LIMKW-1,LIMKW-1,2026-09-08,12,2026-09-08T05:00:00Z,II,Generation,-0.431
T_LIMKW-1,LIMKW-1,2026-09-08,13,2026-09-08T05:30:00Z,II,Generation,-0.433
T_LIMKW-1,LIMKW-1,2026-09-08,14,2026-09-08T06:00:00Z,II,Generation,-0.433
T_LIMKW-1,LIMKW-1,2026-09-08,15,2026-09-08T06:30:00Z,II,Generation,-0.437
T_LIMKW-1,LIMKW-1,2026-09-08,16,2026-09-08T07:00:00Z,II,Generation,-0.438
T_LIMKW-1,LIMKW-1,2026-09-08,17,2026-09-08T07:30:00Z,II,Generation,-0.438
T_LIMKW-1,LIMKW-1,2026-09-08,18,2026-09-08T08:00:00Z,II,Generation,-0.436
T_LIMKW-1,LIMKW-1,2026-09-08,19,2026-09-08T08:30:00Z,II,Generation,-0.445
T_LIMKW-1,LIMKW-1,2026-09-08,20,2026-09-08T09:00:00Z,II,Generation,-0.478
T_LIMKW-1,LIMKW-1,2026-09-08,21,2026-09-08T09:30:00Z,II,Generation,-0.469
T_LIMKW-1,LIMKW-1,2026-09-08,22,2026-09-08T10:00:00Z,II,Generation,-0.473
T_LIMKW-1,LIMKW-1,2026-09-08,23,2026-09-08T10:30:00Z,II,Generation,-0.468
T_LIMKW-1,LIMKW-1,2026-09-08,24,2026-09-08T11:00:00Z,II,Generation,-0.472
T_LIMKW-1,LIMKW-1,2026-09-08,25,2026-09-08T11:30:00Z,II,Generation,-0.474
T_LIMKW-1,LIMKW-1,2026-09-08,26,2026-09-08T12:00:00Z,II,Generation,-0.475
T_LIMKW-1,LIMKW-1,2026-09-08,27,2026-09-08T12:30:00Z,II,Generation,-0.477
T_LIMKW-1,LIMKW-1,2026-09-08,28,2026-09-08T13:00:00Z,II,Generation,-0.439
T_LIMKW-1,LIMKW-1,2026-09-08,29,2026-09-08T13:30:00Z,II,Generation,-0.434
T_LIMKW-1,LIMKW-1,2026-09-08,30,2026-09-08T14:00:00Z,II,Generation,-0.447
T_LIMKW-1,LIMKW-1,2026-09-08,31,2026-09-08T14:30:00Z,II,Generation,-0.440
T_LIMKW-1,LIMKW-1,2026-09-08,32,2026-09-08T15:00:00Z,II,Generation,-0.445
T_LIMKW-1,LIMKW-1,2026-09-08,33,2026-09-08T15:30:00Z,II,Generation,-0.438
T_LIMKW-1,LIMKW-1,2026-09-08,34,2026-09-08T16:00:00Z,II,Generation,-0.435
T_LIMKW-1,LIMKW-1,2026-09-08,35,2026-09-08T16:30:00Z,II,Generation,-0.432
T_LIMKW-1,LIMKW-1,2026-09-08,36,2026-09-08T17:00:00Z,II,Generation,-0.429
T_LIMKW-1,LIMKW-1,2026-09-08,37,2026-09-08T17:30:00Z,II,Generation,-0.430
T_LIMKW-1,LIMKW-1,2026-09-08,38,2026-09-08T18:00:00Z,II,Generation,-0.425
T_LIMKW-1,LIMKW-1,2026-09-08,39,2026-09-08T18:30:00Z,II,Generation,-0.433
T_LIMKW-1,LIMKW-1,2026-09-08,40,2026-09-08T19:00:00Z,II,Generation,-0.434
T_LIMKW-1,LIMKW-1,2026-09-08,41,2026-09-08T19:30:00Z,II,Generation,-0.430
T_LIMKW-1,LIMKW-1,2026-09-08,42,2026-09-08T20:00:00Z,II,Generation,-0.434
T_LIMKW-1,LIMKW-1,2026-09-08,43,2026-09-08T20:30:00Z,II,Generation,-0.434
T_LIMKW-1,LIMKW-1,2026-09-08,44,2026-09-08T21:00:00Z,II,Generation,-0.441
T_LIMKW-1,LIMKW-1,2026-09-08,45,2026-09-08T21:30:00Z,II,Generation,-0.435
T_LIMKW-1,LIMKW-1,2026-09-08,46,2026-09-08T22:00:00Z,II,Generation,-0.438
T_LIMKW-1,LIMKW-1,2026-09-08,47,2026-09-08T22:30:00Z,II,Generation,-0.451
T_LIMKW-1,LIMKW-1,2026-09-08,48,2026-09-08T23:00:00Z,II,Generation,-0.448
T_LNCSW-1,LNCSO-1,2026-09-08,1,2026-09-07T23:30:00Z,II,Generation,24.218
T_LNCSW-1,LNCSO-1,2026-09-08,2,2026-09-08T00:00:00Z,II,Generation,16.288
T_LNCSW-1,LNCSO-1,2026-09-08,3,2026-09-08T00:30:00Z,II,Generation,17.958
T_LNCSW-1,LNCSO-1,2026-09-08,4,2026-09-08T01:00:00Z,II,Generation,46.238
T_LNCSW-1,LNCSO-1,2026-09-08,5,2026-09-08T01:30:00Z,II,Generation,54.998
T_LNCSW-1,LNCSO-1,2026-09-08,6,2026-09-08T02:00:00Z,II,Generation,50.498
T_LNCSW-1,LNCSO-1,2026-09-08,7,2026-09-08T02:30:00Z,II,Generation,52.018
T_LNCSW-1,LNCSO-1,2026-09-08,8,2026-09-08T03:00:00Z,II,Generation,58.288
T_LNCSW-1,LNCSO-1,2026-09-08,9,2026-09-08T03:30:00Z,II,Generation,60.648
T_LNCSW-1,LNCSO-1,2026-09-08,10,2026-09-08T04:00:00Z,II,Generation,61.148
T_LNCSW-1,LNCSO-1,2026-09-08,11,2026-09-08T04:30:00Z,II,Generation,61.158
T_LNCSW-1,LNCSO-1,2026-09-08,12,2026-09-08T05:00:00Z,II,Generation,61.018
T_LNCSW-1,LNCSO-1,2026-09-08,13,2026-09-08T05:30:00Z,II,Generation,56.438
T_LNCSW-1,LNCSO-1,2026-09-08,14,2026-09-08T06:00:00Z,II,Generation,52.848
T_LNCSW-1,LNCSO-1,2026-09-08,15,2026-09-08T06:30:00Z,II,Generation,45.658
T_LNCSW-1,LNCSO-1,2026-09-08,16,2026-09-08T07:00:00Z,II,Generation,40.558
T_LNCSW-1,LNCSO-1,2026-09-08,17,2026-09-08T07:30:00Z,II,Generation,14.608
T_LNCSW-1,LNCSO-1,2026-09-08,18,2026-09-08T08:00:00Z,II,Generation,7.188
T_LNCSW-1,LNCSO-1,2026-09-08,19,2026-09-08T08:30:00Z,II,Generation,8.468
T_LNCSW-1,LNCSO-1,2026-09-08,20,2026-09-08T09:00:00Z,II,Generation,6.878
T_LNCSW-1,LNCSO-1,2026-09-08,21,2026-09-08T09:30:00Z,II,Generation,7.798
T_LNCSW-1,LNCSO-1,2026-09-08,22,2026-09-08T10:00:00Z,II,Generation,5.698
T_LNCSW-1,LNCSO-1,2026-09-08,23,2026-09-08T10:30:00Z,II,Generation,6.538
T_LNCSW-1,LNCSO-1,2026-09-08,24,2026-09-08T11:00:00Z,II,Generation,5.148
T_LNCSW-1,LNCSO-1,2026-09-08,25,2026-09-08T11:30:00Z,II,Generation,4.778
T_LNCSW-1,LNCSO-1,2026-09-08,26,2026-09-08T12:00:00Z,II,Generation,6.218
T_LNCSW-1,LNCSO-1,2026-09-08,27,2026-09-08T12:30:00Z,II,Generation,5.338
T_LNCSW-1,LNCSO-1,2026-09-08,28,2026-09-08T13:00:00Z,II,Generation,10.278
T_LNCSW-1,LNCSO-1,2026-09-08,29,2026-09-08T13:30:00Z,II,Generation,13.028
T_LNCSW-1,LNCSO-1,2026-09-08,30,2026-09-08T14:00:00Z,II,Generation,15.468
T_LNCSW-1,LNCSO-1,2026-09-08,31,2026-09-08T14:30:00Z,II,Generation,11.798
T_LNCSW-1,LNCSO-1,2026-09-08,32,2026-09-08T15:00:00Z,II,Generation,12.048
T_LNCSW-1,LNCSO-1,2026-09-08,33,2026-09-08T15:30:00Z,II,Generation,12.098
T_LNCSW-1,LNCSO-1,2026-09-08,34,2026-09-08T16:00:00Z,II,Generation,26.548
T_LNCSW-1,LNCSO-1,2026-09-08,35,2026-09-08T16:30:00Z,II,Generation,26.878
T_LNCSW-1,LNCSO-1,2026-09-08,36,2026-09-08T17:00:00Z,II,Generation,37.938
T_LNCSW-1,LNCSO-1,2026-09-08,37,2026-09-08T17:30:00Z,II,Generation,45.978
T_LNCSW-1,LNCSO-1,2026-09-08,38,2026-09-08T18:00:00Z,II,Generation,51.118
T_LNCSW-1,LNCSO-1,2026-09-08,39,2026-09-08T18:30:00Z,II,Generation,31.108
T_LNCSW-1,LNCSO-1,2026-09-08,40,2026-09-08T19:00:00Z,II,Generation,42.068
T_LNCSW-1,LNCSO-1,2026-09-08,41,2026-09-08T19:30:00Z,II,Generation,55.828
T_LNCSW-1,LNCSO-1,2026-09-08,42,2026-09-08T20:00:00Z,II,Generation,58.888
T_LNCSW-1,LNCSO-1,2026-09-08,43,2026-09-08T20:30:00Z,II,Generation,54.088
T_LNCSW-1,LNCSO-1,2026-09-08,44,2026-09-08T21:00:00Z,II,Generation,53.428
T_LNCSW-1,LNCSO-1,2026-09-08,45,2026-09-08T21:30:00Z,II,Generation,52.278
T_LNCSW-1,LNCSO-1,2026-09-08,46,2026-09-08T22:00:00Z,II,Generation,51.158
T_LNCSW-1,LNCSO-1,2026-09-08,47,2026-09-08T22:30:00Z,II,Generation,59.698
T_LNCSW-1,LNCSO-1,2026-09-08,48,2026-09-08T23:00:00Z,II,Generation,58.948
T_LNCSW-2,LNCSO-2,2026-09-08,1,2026-09-07T23:30:00Z,II,Generation,27.108
T_LNCSW-2,LNCSO-2,2026-09-08,2,2026-09-08T00:00:00Z,II,Generation,20.838
T_LNCSW-2,LNCSO-2,2026-09-08,3,2026-09-08T00:30:00Z,II,Generation,18.968
T_LNCSW-2,LNCSO-2,2026-09-08,4,2026-09-08T01:00:00Z,II,Generation,44.708
T_LNCSW-2,LNCSO-2,2026-09-08,5,2026-09-08T01:30:00Z,II,Generation,53.908
T_LNCSW-2,LNCSO-2,2026-09-08,6,2026-09-08T02:00:00Z,II,Generation,57.038
T_LNCSW-2,LNCSO-2,2026-09-08,7,2026-09-08T02:30:00Z,II,Generation,57.048
T_LNCSW-2,LNCSO-2,2026-09-08,8,2026-09-08T03:00:00Z,II,Generation,62.158
T_LNCSW-2,LNCSO-2,2026-09-08,9,2026-09-08T03:30:00Z,II,Generation,65.628
T_LNCSW-2,LNCSO-2,2026-09-08,10,2026-09-08T04:00:00Z,II,Generation,66.508
T_LNCSW-2,LNCSO-2,2026-09-08,11,2026-09-08T04:30:00Z,II,Generation,66.658
T_LNCSW-2,LNCSO-2,2026-09-08,12,2026-09-08T05:00:00Z,II,Generation,66.268
T_LNCSW-2,LNCSO-2,2026-09-08,13,2026-09-08T05:30:00Z,II,Generation,60.678
T_LNCSW-2,LNCSO-2,2026-09-08,14,2026-09-08T06:00:00Z,II,Generation,54.938
T_LNCSW-2,LNCSO-2,2026-09-08,15,2026-09-08T06:30:00Z,II,Generation,49.468
T_LNCSW-2,LNCSO-2,2026-09-08,16,2026-09-08T07:00:00Z,II,Generation,37.308
T_LNCSW-2,LNCSO-2,2026-09-08,17,2026-09-08T07:30:00Z,II,Generation,10.478
T_LNCSW-2,LNCSO-2,2026-09-08,18,2026-09-08T08:00:00Z,II,Generation,6.568
T_LNCSW-2,LNCSO-2,2026-09-08,19,2026-09-08T08:30:00Z,II,Generation,5.838
T_LNCSW-2,LNCSO-2,2026-09-08,20,2026-09-08T09:00:00Z,II,Generation,10.498
T_LNCSW-2,LNCSO-2,2026-09-08,21,2026-09-08T09:30:00Z,II,Generation,8.648
T_LNCSW-2,LNCSO-2,2026-09-08,22,2026-09-08T10:00:00Z,II,Generation,7.328
T_LNCSW-2,LNCSO-2,2026-09-08,23,2026-09-08T10:30:00Z,II,Generation,7.018
T_LNCSW-2,LNCSO-2,2026-09-08,24,2026-09-08T11:00:00Z,II,Generation,6.148
T_LNCSW-2,LNCSO-2,2026-09-08,25,2026-09-08T11:30:00Z,II,Generation,5.468
T_LNCSW-2,LNCSO-2,2026-09-08,26,2026-09-08T12:00:00Z,II,Generation,7.248
T_LNCSW-2,LNCSO-2,2026-09-08,27,2026-09-08T12:30:00Z,II,Generation,7.438
T_LNCSW-2,LNCSO-2,2026-09-08,28,2026-09-08T13:00:00Z,II,Generation,12.228
T_LNCSW-2,LNCSO-2,2026-09-08,29,2026-09-08T13:30:00Z,II,Generation,14.778
T_LNCSW-2,LNCSO-2,2026-09-08,30,2026-09-08T14:00:00Z,II,Generation,15.208
T_LNCSW-2,LNCSO-2,2026-09-08,31,2026-09-08T14:30:00Z,II,Generation,10.308
T_LNCSW-2,LNCSO-2,2026-09-08,32,2026-09-08T15:00:00Z,II,Generation,10.458
T_LNCSW-2,LNCSO-2,2026-09-08,33,2026-09-08T15:30:00Z,II,Generation,17.328
T_LNCSW-2,LNCSO-2,2026-09-08,34,2026-09-08T16:00:00Z,II,Generation,37.358
T_LNCSW-2,LNCSO-2,2026-09-08,35,2026-09-08T16:30:00Z,II,Generation,46.408
T_LNCSW-2,LNCSO-2,2026-09-08,36,2026-09-08T17:00:00Z,II,Generation,50.688
T_LNCSW-2,LNCSO-2,2026-09-08,37,2026-09-08T17:30:00Z,II,Generation,56.118
T_LNCSW-2,LNCSO-2,2026-09-08,38,2026-09-08T18:00:00Z,II,Generation,65.128
T_LNCSW-2,LNCSO-2,2026-09-08,39,2026-09-08T18:30:00Z,II,Generation,51.108
T_LNCSW-2,LNCSO-2,2026-09-08,40,2026-09-08T19:00:00Z,II,Generation,52.428
T_LNCSW-2,LNCSO-2,2026-09-08,41,2026-09-08T19:30:00Z,II,Generation,66.788
T_LNCSW-2,LNCSO-2,2026-09-08,42,2026-09-08T20:00:00Z,II,Generation,67.368
T_LNCSW-2,LNCSO-2,2026-09-08,43,2026-09-08T20:30:00Z,II,Generation,65.718
T_LNCSW-2,LNCSO-2,2026-09-08,44,2026-09-08T21:00:00Z,II,Generation,62.238
T_LNCSW-2,LNCSO-2,2026-09-08,45,2026-09-08T21:30:00Z,II,Generation,62.268
T_LNCSW-2,LNCSO-2,2026-09-08,46,2026-09-08T22:00:00Z,II,Generation,55.158
T_LNCSW-2,LNCSO-2,2026-09-08,47,2026-09-08T22:30:00Z,II,Generation,65.178
T_LNCSW-2,LNCSO-2,2026-09-08,48,2026-09-08T23:00:00Z,II,Generation,67.048
T_MIDMW-1,MIDMW-1,2026-09-08,1,2026-09-07T23:30:00Z,II,Generation,-0.101
T_MIDMW-1,MIDMW-1,2026-09-08,2,2026-09-08T00:00:00Z,II,Generation,-0.106
T_MIDMW-1,MIDMW-1,2026-09-08,3,2026-09-08T00:30:00Z,II,Generation,-0.105
T_MIDMW-1,MIDMW-1,2026-09-08,4,2026-09-08T01:00:00Z,II,Generation,-0.105
T_MIDMW-1,MIDMW-1,2026-09-08,5,2026-09-08T01:30:00Z,II,Generation,-0.109
T_MIDMW-1,MIDMW-1,2026-09-08,6,2026-09-08T02:00:00Z,II,Generation,-0.109
T_MIDMW-1,MIDMW-1,2026-09-08,7,2026-09-08T02:30:00Z,II,Generation,-0.105
T_MIDMW-1,MIDMW-1,2026-09-08,8,2026-09-08T03:00:00Z,II,Generation,-0.100
T_MIDMW-1,MIDMW-1,2026-09-08,9,2026-09-08T03:30:00Z,II,Generation,-0.101
T_MIDMW-1,MIDMW-1,2026-09-08,10,2026-09-08T04:00:00Z,II,Generation,-0.102
T_MIDMW-1,MIDMW-1,2026-09-08,11,2026-09-08T04:30:00Z,II,Generation,-0.104
T_MIDMW-1,MIDMW-1,2026-09-08,12,2026-09-08T05:00:00Z,II,Generation,-0.107
T_MIDMW-1,MIDMW-1,2026-09-08,13,2026-09-08T05:30:00Z,II,Generation,-0.107
T_MIDMW-1,MIDMW-1,2026-09-08,14,2026-09-08T06:00:00Z,II,Generation,-0.106
T_MIDMW-1,MIDMW-1,2026-09-08,15,2026-09-08T06:30:00Z,II,Generation,-0.105
T_MIDMW-1,MIDMW-1,2026-09-08,16,2026-09-08T07:00:00Z,II,Generation,-0.105
T_MIDMW-1,MIDMW-1,2026-09-08,17,2026-09-08T07:30:00Z,II,Generation,-0.107
T_MIDMW-1,MIDMW-1,2026-09-08,18,2026-09-08T08:00:00Z,II,Generation,-0.111
T_MIDMW-1,MIDMW-1,2026-09-08,19,2026-09-08T08:30:00Z,II,Generation,-0.110
T_MIDMW-1,MIDMW-1,2026-09-08,20,2026-09-08T09:00:00Z,II,Generation,-0.105
T_MIDMW-1,MIDMW-1,2026-09-08,21,2026-09-08T09:30:00Z,II,Generation,-0.100
T_MIDMW-1,MIDMW-1,2026-09-08,22,2026-09-08T10:00:00Z,II,Generation,-0.107
T_MIDMW-1,MIDMW-1,2026-09-08,23,2026-09-08T10:30:00Z,II,Generation,-0.107
T_MIDMW-1,MIDMW-1,2026-09-08,24,2026-09-08T11:00:00Z,II,Generation,-0.101
T_MIDMW-1,MIDMW-1,2026-09-08,25,2026-09-08T11:30:00Z,II,Generation,-0.101
T_MIDMW-1,MIDMW-1,2026-09-08,26,2026-09-08T12:00:00Z,II,Generation,-0.098
T_MIDMW-1,MIDMW-1,2026-09-08,27,2026-09-08T12:30:00Z,II,Generation,-0.100
T_MIDMW-1,MIDMW-1,2026-09-08,28,2026-09-08T13:00:00Z,II,Generation,-0.103
T_MIDMW-1,MIDMW-1,2026-09-08,29,2026-09-08T13:30:00Z,II,Generation,-0.098
T_MIDMW-1,MIDMW-1,2026-09-08,30,2026-09-08T14:00:00Z,II,Generation,-0.100
T_MIDMW-1,MIDMW-1,2026-09-08,31,2026-09-08T14:30:00Z,II,Generation,-0.102
T_MIDMW-1,MIDMW-1,2026-09-08,32,2026-09-08T15:00:00Z,II,Generation,-0.099
T_MIDMW-1,MIDMW-1,2026-09-08,33,2026-09-08T15:30:00Z,II,Generation,-0.102
T_MIDMW-1,MIDMW-1,2026-09-08,34,2026-09-08T16:00:00Z,II,Generation,-0.099
T_MIDMW-1,MIDMW-1,2026-09-08,35,2026-09-08T16:30:00Z,II,Generation,-0.097
T_MIDMW-1,MIDMW-1,2026-09-08,36,2026-09-08T17:00:00Z,II,Generation,-0.098
T_MIDMW-1,MIDMW-1,2026-09-08,37,2026-09-08T17:30:00Z,II,Generation,-0.097
T_MIDMW-1,MIDMW-1,2026-09-08,38,2026-09-08T18:00:00Z,II,Generation,-0.096
T_MIDMW-1,MIDMW-1,2026-09-08,39,2026-09-08T18:30:00Z,II,Generation,-0.095
T_MIDMW-1,MIDMW-1,2026-09-08,40,2026-09-08T19:00:00Z,II,Generation,-0.095
T_MIDMW-1,MIDMW-1,2026-09-08,41,2026-09-08T19:30:00Z,II,Generation,-0.097
T_MIDMW-1,MIDMW-1,2026-09-08,42,2026-09-08T20:00:00Z,II,Generation,-0.097
T_MIDMW-1,MIDMW-1,2026-09-08,43,2026-09-08T20:30:00Z,II,Generation,-0.096
T_MIDMW-1,MIDMW-1,2026-09-08,44,2026-09-08T21:00:00Z,II,Generation,-0.097
T_MIDMW-1,MIDMW-1,2026-09-08,45,2026-09-08T21:30:00Z,II,Generation,1.430
T_MIDMW-1,MIDMW-1,2026-09-08,46,2026-09-08T22:00:00Z,II,Generation,11.333
T_MIDMW-1,MIDMW-1,2026-09-08,47,2026-09-08T22:30:00Z,II,Generation,12.314
T_MIDMW-1,MIDMW-1,2026-09-08,48,2026-09-08T23:00:00Z,II,Generation,10.852
T_MILWW-1,MILWW-1,2026-09-08,1,2026-09-07T23:30:00Z,II,Generation,27.031
T_MILWW-1,MILWW-1,2026-09-08,2,2026-09-08T00:00:00Z,II,Generation,26.525
T_MILWW-1,MILWW-1,2026-09-08,3,2026-09-08T00:30:00Z,II,Generation,25.775
T_MILWW-1,MILWW-1,2026-09-08,4,2026-09-08T01:00:00Z,II,Generation,25.734
T_MILWW-1,MILWW-1,2026-09-08,5,2026-09-08T01:30:00Z,II,Generation,25.686
T_MILWW-1,MILWW-1,2026-09-08,6,2026-09-08T02:00:00Z,II,Generation,25.926
T_MILWW-1,MILWW-1,2026-09-08,7,2026-09-08T02:30:00Z,II,Generation,25.937
T_MILWW-1,MILWW-1,2026-09-08,8,2026-09-08T03:00:00Z,II,Generation,24.651
T_MILWW-1,MILWW-1,2026-09-08,9,2026-09-08T03:30:00Z,II,Generation,22.855
T_MILWW-1,MILWW-1,2026-09-08,10,2026-09-08T04:00:00Z,II,Generation,20.609
T_MILWW-1,MILWW-1,2026-09-08,11,2026-09-08T04:30:00Z,II,Generation,21.122
T_MILWW-1,MILWW-1,2026-09-08,12,2026-09-08T05:00:00Z,II,Generation,22.492
T_MILWW-1,MILWW-1,2026-09-08,13,2026-09-08T05:30:00Z,II,Generation,20.326
T_MILWW-1,MILWW-1,2026-09-08,14,2026-09-08T06:00:00Z,II,Generation,22.748
T_MILWW-1,MILWW-1,2026-09-08,15,2026-09-08T06:30:00Z,II,Generation,24.387
T_MILWW-1,MILWW-1,2026-09-08,16,2026-09-08T07:00:00Z,II,Generation,23.943
T_MILWW-1,MILWW-1,2026-09-08,17,2026-09-08T07:30:00Z,II,Generation,19.692
T_MILWW-1,MILWW-1,2026-09-08,18,2026-09-08T08:00:00Z,II,Generation,17.497
T_MILWW-1,MILWW-1,2026-09-08,19,2026-09-08T08:30:00Z,II,Generation,20.980
T_MILWW-1,MILWW-1,2026-09-08,20,2026-09-08T09:00:00Z,II,Generation,19.276
T_MILWW-1,MILWW-1,2026-09-08,21,2026-09-08T09:30:00Z,II,Generation,16.961
T_MILWW-1,MILWW-1,2026-09-08,22,2026-09-08T10:00:00Z,II,Generation,21.314
T_MILWW-1,MILWW-1,2026-09-08,23,2026-09-08T10:30:00Z,II,Generation,21.351
T_MILWW-1,MILWW-1,2026-09-08,24,2026-09-08T11:00:00Z,II,Generation,21.540
T_MILWW-1,MILWW-1,2026-09-08,25,2026-09-08T11:30:00Z,II,Generation,21.494
T_MILWW-1,MILWW-1,2026-09-08,26,2026-09-08T12:00:00Z,II,Generation,18.384
T_MILWW-1,MILWW-1,2026-09-08,27,2026-09-08T12:30:00Z,II,Generation,14.747
T_MILWW-1,MILWW-1,2026-09-08,28,2026-09-08T13:00:00Z,II,Generation,19.268
T_MILWW-1,MILWW-1,2026-09-08,29,2026-09-08T13:30:00Z,II,Generation,16.132
T_MILWW-1,MILWW-1,2026-09-08,30,2026-09-08T14:00:00Z,II,Generation,17.575
T_MILWW-1,MILWW-1,2026-09-08,31,2026-09-08T14:30:00Z,II,Generation,15.597
T_MILWW-1,MILWW-1,2026-09-08,32,2026-09-08T15:00:00Z,II,Generation,17.322
T_MILWW-1,MILWW-1,2026-09-08,33,2026-09-08T15:30:00Z,II,Generation,17.367
T_MILWW-1,MILWW-1,2026-09-08,34,2026-09-08T16:00:00Z,II,Generation,17.514
T_MILWW-1,MILWW-1,2026-09-08,35,2026-09-08T16:30:00Z,II,Generation,13.058
T_MILWW-1,MILWW-1,2026-09-08,36,2026-09-08T17:00:00Z,II,Generation,9.635
T_MILWW-1,MILWW-1,2026-09-08,37,2026-09-08T17:30:00Z,II,Generation,7.608
T_MILWW-1,MILWW-1,2026-09-08,38,2026-09-08T18:00:00Z,II,Generation,4.607
T_MILWW-1,MILWW-1,2026-09-08,39,2026-09-08T18:30:00Z,II,Generation,3.853
T_MILWW-1,MILWW-1,2026-09-08,40,2026-09-08T19:00:00Z,II,Generation,5.068
T_MILWW-1,MILWW-1,2026-09-08,41,2026-09-08T19:30:00Z,II,Generation,6.550
T_MILWW-1,MILWW-1,2026-09-08,42,2026-09-08T20:00:00Z,II,Generation,6.494
T_MILWW-1,MILWW-1,2026-09-08,43,2026-09-08T20:30:00Z,II,Generation,9.691
T_MILWW-1,MILWW-1,2026-09-08,44,2026-09-08T21:00:00Z,II,Generation,10.571
T_MILWW-1,MILWW-1,2026-09-08,45,2026-09-08T21:30:00Z,II,Generation,7.163
T_MILWW-1,MILWW-1,2026-09-08,46,2026-09-08T22:00:00Z,II,Generation,6.802
T_MILWW-1,MILWW-1,2026-09-08,47,2026-09-08T22:30:00Z,II,Generation,1.788
T_MILWW-1,MILWW-1,2026-09-08,48,2026-09-08T23:00:00Z,II,Generation,0.027
T_MKHLW-1,MKHLW-1,2026-09-08,1,2026-09-07T23:30:00Z,II,Generation,6.330
T_MKHLW-1,MKHLW-1,2026-09-08,2,2026-09-08T00:00:00Z,II,Generation,8.380
T_MKHLW-1,MKHLW-1,2026-09-08,3,2026-09-08T00:30:00Z,II,Generation,6.280
T_MKHLW-1,MKHLW-1,2026-09-08,4,2026-09-08T01:00:00Z,II,Generation,10.130
T_MKHLW-1,MKHLW-1,2026-09-08,5,2026-09-08T01:30:00Z,II,Generation,10.690
T_MKHLW-1,MKHLW-1,2026-09-08,6,2026-09-08T02:00:00Z,II,Generation,10.070
T_MKHLW-1,MKHLW-1,2026-09-08,7,2026-09-08T02:30:00Z,II,Generation,9.420
T_MKHLW-1,MKHLW-1,2026-09-08,8,2026-09-08T03:00:00Z,II,Generation,11.640
T_MKHLW-1,MKHLW-1,2026-09-08,9,2026-09-08T03:30:00Z,II,Generation,11.540
T_MKHLW-1,MKHLW-1,2026-09-08,10,2026-09-08T04:00:00Z,II,Generation,8.990
T_MKHLW-1,MKHLW-1,2026-09-08,11,2026-09-08T04:30:00Z,II,Generation,10.930
T_MKHLW-1,MKHLW-1,2026-09-08,12,2026-09-08T05:00:00Z,II,Generation,12.040
T_MKHLW-1,MKHLW-1,2026-09-08,13,2026-09-08T05:30:00Z,II,Generation,12.370
T_MKHLW-1,MKHLW-1,2026-09-08,14,2026-09-08T06:00:00Z,II,Generation,8.570
T_MKHLW-1,MKHLW-1,2026-09-08,15,2026-09-08T06:30:00Z,II,Generation,10.720
T_MKHLW-1,MKHLW-1,2026-09-08,16,2026-09-08T07:00:00Z,II,Generation,13.010
T_MKHLW-1,MKHLW-1,2026-09-08,17,2026-09-08T07:30:00Z,II,Generation,14.510
T_MKHLW-1,MKHLW-1,2026-09-08,18,2026-09-08T08:00:00Z,II,Generation,17.540
T_MKHLW-1,MKHLW-1,2026-09-08,19,2026-09-08T08:30:00Z,II,Generation,17.400
T_MKHLW-1,MKHLW-1,2026-09-08,20,2026-09-08T09:00:00Z,II,Generation,16.910
T_MKHLW-1,MKHLW-1,2026-09-08,21,2026-09-08T09:30:00Z,II,Generation,15.220
T_MKHLW-1,MKHLW-1,2026-09-08,22,2026-09-08T10:00:00Z,II,Generation,16.760
T_MKHLW-1,MKHLW-1,2026-09-08,23,2026-09-08T10:30:00Z,II,Generation,16.940
T_MKHLW-1,MKHLW-1,2026-09-08,24,2026-09-08T11:00:00Z,II,Generation,18.360
T_MKHLW-1,MKHLW-1,2026-09-08,25,2026-09-08T11:30:00Z,II,Generation,22.220
T_MKHLW-1,MKHLW-1,2026-09-08,26,2026-09-08T12:00:00Z,II,Generation,23.720
T_MKHLW-1,MKHLW-1,2026-09-08,27,2026-09-08T12:30:00Z,II,Generation,23.160
T_MKHLW-1,MKHLW-1,2026-09-08,28,2026-09-08T13:00:00Z,II,Generation,22.680
T_MKHLW-1,MKHLW-1,2026-09-08,29,2026-09-08T13:30:00Z,II,Generation,22.510
T_MKHLW-1,MKHLW-1,2026-09-08,30,2026-09-08T14:00:00Z,II,Generation,22.770
T_MKHLW-1,MKHLW-1,2026-09-08,31,2026-09-08T14:30:00Z,II,Generation,22.540
T_MKHLW-1,MKHLW-1,2026-09-08,32,2026-09-08T15:00:00Z,II,Generation,23.600
T_MKHLW-1,MKHLW-1,2026-09-08,33,2026-09-08T15:30:00Z,II,Generation,24.540
T_MKHLW-1,MKHLW-1,2026-09-08,34,2026-09-08T16:00:00Z,II,Generation,24.530
T_MKHLW-1,MKHLW-1,2026-09-08,35,2026-09-08T16:30:00Z,II,Generation,23.750
T_MKHLW-1,MKHLW-1,2026-09-08,36,2026-09-08T17:00:00Z,II,Generation,23.730
T_MKHLW-1,MKHLW-1,2026-09-08,37,2026-09-08T17:30:00Z,II,Generation,23.600
T_MKHLW-1,MKHLW-1,2026-09-08,38,2026-09-08T18:00:00Z,II,Generation,23.040
T_MKHLW-1,MKHLW-1,2026-09-08,39,2026-09-08T18:30:00Z,II,Generation,22.820
T_MKHLW-1,MKHLW-1,2026-09-08,40,2026-09-08T19:00:00Z,II,Generation,21.330
T_MKHLW-1,MKHLW-1,2026-09-08,41,2026-09-08T19:30:00Z,II,Generation,21.070
T_MKHLW-1,MKHLW-1,2026-09-08,42,2026-09-08T20:00:00Z,II,Generation,21.530
T_MKHLW-1,MKHLW-1,2026-09-08,43,2026-09-08T20:30:00Z,II,Generation,22.350
T_MKHLW-1,MKHLW-1,2026-09-08,44,2026-09-08T21:00:00Z,II,Generation,19.980
T_MKHLW-1,MKHLW-1,2026-09-08,45,2026-09-08T21:30:00Z,II,Generation,19.980
T_MKHLW-1,MKHLW-1,2026-09-08,46,2026-09-08T22:00:00Z,II,Generation,16.860
T_MKHLW-1,MKHLW-1,2026-09-08,47,2026-09-08T22:30:00Z,II,Generation,16.620
T_MKHLW-1,MKHLW-1,2026-09-08,48,2026-09-08T23:00:00Z,II,Generation,13.290
T_MOWEO-1,MOWEO-1,2026-09-08,1,2026-09-07T23:30:00Z,II,Generation,-0.510
T_MOWEO-1,MOWEO-1,2026-09-08,2,2026-09-08T00:00:00Z,II,Generation,-0.513
T_MOWEO-1,MOWEO-1,2026-09-08,3,2026-09-08T00:30:00Z,II,Generation,-0.515
T_MOWEO-1,MOWEO-1,2026-09-08,4,2026-09-08T01:00:00Z,II,Generation,-0.513
T_MOWEO-1,MOWEO-1,2026-09-08,5,2026-09-08T01:30:00Z,II,Generation,-0.504
T_MOWEO-1,MOWEO-1,2026-09-08,6,2026-09-08T02:00:00Z,II,Generation,-0.506
T_MOWEO-1,MOWEO-1,2026-09-08,7,2026-09-08T02:30:00Z,II,Generation,-0.508
T_MOWEO-1,MOWEO-1,2026-09-08,8,2026-09-08T03:00:00Z,II,Generation,-0.510
T_MOWEO-1,MOWEO-1,2026-09-08,9,2026-09-08T03:30:00Z,II,Generation,-0.512
T_MOWEO-1,MOWEO-1,2026-09-08,10,2026-09-08T04:00:00Z,II,Generation,-0.516
T_MOWEO-1,MOWEO-1,2026-09-08,11,2026-09-08T04:30:00Z,II,Generation,-0.513
T_MOWEO-1,MOWEO-1,2026-09-08,12,2026-09-08T05:00:00Z,II,Generation,-0.506
T_MOWEO-1,MOWEO-1,2026-09-08,13,2026-09-08T05:30:00Z,II,Generation,-0.505
T_MOWEO-1,MOWEO-1,2026-09-08,14,2026-09-08T06:00:00Z,II,Generation,-0.501
T_MOWEO-1,MOWEO-1,2026-09-08,15,2026-09-08T06:30:00Z,II,Generation,-0.508
T_MOWEO-1,MOWEO-1,2026-09-08,16,2026-09-08T07:00:00Z,II,Generation,-0.508
T_MOWEO-1,MOWEO-1,2026-09-08,17,2026-09-08T07:30:00Z,II,Generation,-0.507
T_MOWEO-1,MOWEO-1,2026-09-08,18,2026-09-08T08:00:00Z,II,Generation,-0.508
T_MOWEO-1,MOWEO-1,2026-09-08,19,2026-09-08T08:30:00Z,II,Generation,-0.516
T_MOWEO-1,MOWEO-1,2026-09-08,20,2026-09-08T09:00:00Z,II,Generation,-0.510
T_MOWEO-1,MOWEO-1,2026-09-08,21,2026-09-08T09:30:00Z,II,Generation,-0.517
T_MOWEO-1,MOWEO-1,2026-09-08,22,2026-09-08T10:00:00Z,II,Generation,-0.517
T_MOWEO-1,MOWEO-1,2026-09-08,23,2026-09-08T10:30:00Z,II,Generation,-0.513
T_MOWEO-1,MOWEO-1,2026-09-08,24,2026-09-08T11:00:00Z,II,Generation,-0.508
T_MOWEO-1,MOWEO-1,2026-09-08,25,2026-09-08T11:30:00Z,II,Generation,-0.508
T_MOWEO-1,MOWEO-1,2026-09-08,26,2026-09-08T12:00:00Z,II,Generation,-0.508
T_MOWEO-1,MOWEO-1,2026-09-08,27,2026-09-08T12:30:00Z,II,Generation,-0.514
T_MOWEO-1,MOWEO-1,2026-09-08,28,2026-09-08T13:00:00Z,II,Generation,-0.503
T_MOWEO-1,MOWEO-1,2026-09-08,29,2026-09-08T13:30:00Z,II,Generation,-0.495
T_MOWEO-1,MOWEO-1,2026-09-08,30,2026-09-08T14:00:00Z,II,Generation,-0.495
T_MOWEO-1,MOWEO-1,2026-09-08,31,2026-09-08T14:30:00Z,II,Generation,-0.509
T_MOWEO-1,MOWEO-1,2026-09-08,32,2026-09-08T15:00:00Z,II,Generation,-0.503
T_MOWEO-1,MOWEO-1,2026-09-08,33,2026-09-08T15:30:00Z,II,Generation,-0.510
T_MOWEO-1,MOWEO-1,2026-09-08,34,2026-09-08T16:00:00Z,II,Generation,-0.513
T_MOWEO-1,MOWEO-1,2026-09-08,35,2026-09-08T16:30:00Z,II,Generation,-0.508
T_MOWEO-1,MOWEO-1,2026-09-08,36,2026-09-08T17:00:00Z,II,Generation,-0.506
T_MOWEO-1,MOWEO-1,2026-09-08,37,2026-09-08T17:30:00Z,II,Generation,-0.506
T_MOWEO-1,MOWEO-1,2026-09-08,38,2026-09-08T18:00:00Z,II,Generation,-0.504
T_MOWEO-1,MOWEO-1,2026-09-08,39,2026-09-08T18:30:00Z,II,Generation,-0.506
T_MOWEO-1,MOWEO-1,2026-09-08,40,2026-09-08T19:00:00Z,II,Generation,-0.500
T_MOWEO-1,MOWEO-1,2026-09-08,41,2026-09-08T19:30:00Z,II,Generation,-0.505
T_MOWEO-1,MOWEO-1,2026-09-08,42,2026-09-08T20:00:00Z,II,Generation,-0.507
T_MOWEO-1,MOWEO-1,2026-09-08,43,2026-09-08T20:30:00Z,II,Generation,-0.507
T_MOWEO-1,MOWEO-1,2026-09-08,44,2026-09-08T21:00:00Z,II,Generation,-0.502
T_MOWEO-1,MOWEO-1,2026-09-08,45,2026-09-08T21:30:00Z,II,Generation,-0.506
T_MOWEO-1,MOWEO-1,2026-09-08,46,2026-09-08T22:00:00Z,II,Generation,-0.507
T_MOWEO-1,MOWEO-1,2026-09-08,47,2026-09-08T22:30:00Z,II,Generation,-0.506
T_MOWEO-1,MOWEO-1,2026-09-08,48,2026-09-08T23:00:00Z,II,Generation,-0.505
T_MOWEO-2,MOWEO-2,2026-09-08,1,2026-09-07T23:30:00Z,II,Generation,-0.481
T_MOWEO-2,MOWEO-2,2026-09-08,2,2026-09-08T00:00:00Z,II,Generation,-0.477
T_MOWEO-2,MOWEO-2,2026-09-08,3,2026-09-08T00:30:00Z,II,Generation,-0.480
T_MOWEO-2,MOWEO-2,2026-09-08,4,2026-09-08T01:00:00Z,II,Generation,-0.482
T_MOWEO-2,MOWEO-2,2026-09-08,5,2026-09-08T01:30:00Z,II,Generation,21.455
T_MOWEO-2,MOWEO-2,2026-09-08,6,2026-09-08T02:00:00Z,II,Generation,73.510
T_MOWEO-2,MOWEO-2,2026-09-08,7,2026-09-08T02:30:00Z,II,Generation,16.310
T_MOWEO-2,MOWEO-2,2026-09-08,8,2026-09-08T03:00:00Z,II,Generation,16.330
T_MOWEO-2,MOWEO-2,2026-09-08,9,2026-09-08T03:30:00Z,II,Generation,16.320
T_MOWEO-2,MOWEO-2,2026-09-08,10,2026-09-08T04:00:00Z,II,Generation,9.006
T_MOWEO-2,MOWEO-2,2026-09-08,11,2026-09-08T04:30:00Z,II,Generation,-0.960
T_MOWEO-2,MOWEO-2,2026-09-08,12,2026-09-08T05:00:00Z,II,Generation,-0.941
T_MOWEO-2,MOWEO-2,2026-09-08,13,2026-09-08T05:30:00Z,II,Generation,-0.938
T_MOWEO-2,MOWEO-2,2026-09-08,14,2026-09-08T06:00:00Z,II,Generation,-0.760
T_MOWEO-2,MOWEO-2,2026-09-08,15,2026-09-08T06:30:00Z,II,Generation,-0.493
T_MOWEO-2,MOWEO-2,2026-09-08,16,2026-09-08T07:00:00Z,II,Generation,-0.492
T_MOWEO-2,MOWEO-2,2026-09-08,17,2026-09-08T07:30:00Z,II,Generation,-0.492
T_MOWEO-2,MOWEO-2,2026-09-08,18,2026-09-08T08:00:00Z,II,Generation,-0.492
T_MOWEO-2,MOWEO-2,2026-09-08,19,2026-09-08T08:30:00Z,II,Generation,-0.495
T_MOWEO-2,MOWEO-2,2026-09-08,20,2026-09-08T09:00:00Z,II,Generation,-0.491
T_MOWEO-2,MOWEO-2,2026-09-08,21,2026-09-08T09:30:00Z,II,Generation,-0.493
T_MOWEO-2,MOWEO-2,2026-09-08,22,2026-09-08T10:00:00Z,II,Generation,-0.498
T_MOWEO-2,MOWEO-2,2026-09-08,23,2026-09-08T10:30:00Z,II,Generation,-0.496
T_MOWEO-2,MOWEO-2,2026-09-08,24,2026-09-08T11:00:00Z,II,Generation,-0.495
T_MOWEO-2,MOWEO-2,2026-09-08,25,2026-09-08T11:30:00Z,II,Generation,-0.495
T_MOWEO-2,MOWEO-2,2026-09-08,26,2026-09-08T12:00:00Z,II,Generation,-0.498
T_MOWEO-2,MOWEO-2,2026-09-08,27,2026-09-08T12:30:00Z,II,Generation,-0.498
T_MOWEO-2,MOWEO-2,2026-09-08,28,2026-09-08T13:00:00Z,II,Generation,-0.488
T_MOWEO-2,MOWEO-2,2026-09-08,29,2026-09-08T13:30:00Z,II,Generation,-0.478
T_MOWEO-2,MOWEO-2,2026-09-08,30,2026-09-08T14:00:00Z,II,Generation,-0.485
T_MOWEO-2,MOWEO-2,2026-09-08,31,2026-09-08T14:30:00Z,II,Generation,-0.491
T_MOWEO-2,MOWEO-2,2026-09-08,32,2026-09-08T15:00:00Z,II,Generation,-0.488
T_MOWEO-2,MOWEO-2,2026-09-08,33,2026-09-08T15:30:00Z,II,Generation,-0.486
T_MOWEO-2,MOWEO-2,2026-09-08,34,2026-09-08T16:00:00Z,II,Generation,-0.494
T_MOWEO-2,MOWEO-2,2026-09-08,35,2026-09-08T16:30:00Z,II,Generation,-0.492
T_MOWEO-2,MOWEO-2,2026-09-08,36,2026-09-08T17:00:00Z,II,Generation,-0.484
T_MOWEO-2,MOWEO-2,2026-09-08,37,2026-09-08T17:30:00Z,II,Generation,-0.480
T_MOWEO-2,MOWEO-2,2026-09-08,38,2026-09-08T18:00:00Z,II,Generation,-0.478
T_MOWEO-2,MOWEO-2,2026-09-08,39,2026-09-08T18:30:00Z,II,Generation,-0.481
T_MOWEO-2,MOWEO-2,2026-09-08,40,2026-09-08T19:00:00Z,II,Generation,-0.484
T_MOWEO-2,MOWEO-2,2026-09-08,41,2026-09-08T19:30:00Z,II,Generation,-0.485
T_MOWEO-2,MOWEO-2,2026-09-08,42,2026-09-08T20:00:00Z,II,Generation,-0.489
T_MOWEO-2,MOWEO-2,2026-09-08,43,2026-09-08T20:30:00Z,II,Generation,-0.486
T_MOWEO-2,MOWEO-2,2026-09-08,44,2026-09-08T21:00:00Z,II,Generation,-0.479
T_MOWEO-2,MOWEO-2,2026-09-08,45,2026-09-08T21:30:00Z,II,Generation,-0.483
T_MOWEO-2,MOWEO-2,2026-09-08,46,2026-09-08T22:00:00Z,II,Generation,-0.480
T_MOWEO-2,MOWEO-2,2026-09-08,47,2026-09-08T22:30:00Z,II,Generation,-0.478
T_MOWEO-2,MOWEO-2,2026-09-08,48,2026-09-08T23:00:00Z,II,Generation,-0.476
T_MOWEO-3,MOWEO-3,2026-09-08,1,2026-09-07T23:30:00Z,II,Generation,-0.466
T_MOWEO-3,MOWEO-3,2026-09-08,2,2026-09-08T00:00:00Z,II,Generation,-0.462
T_MOWEO-3,MOWEO-3,2026-09-08,3,2026-09-08T00:30:00Z,II,Generation,-0.459
T_MOWEO-3,MOWEO-3,2026-09-08,4,2026-09-08T01:00:00Z,II,Generation,-0.458
T_MOWEO-3,MOWEO-3,2026-09-08,5,2026-09-08T01:30:00Z,II,Generation,-0.459
T_MOWEO-3,MOWEO-3,2026-09-08,6,2026-09-08T02:00:00Z,II,Generation,-0.465
T_MOWEO-3,MOWEO-3,2026-09-08,7,2026-09-08T02:30:00Z,II,Generation,-0.471
T_MOWEO-3,MOWEO-3,2026-09-08,8,2026-09-08T03:00:00Z,II,Generation,-0.466
T_MOWEO-3,MOWEO-3,2026-09-08,9,2026-09-08T03:30:00Z,II,Generation,-0.467
T_MOWEO-3,MOWEO-3,2026-09-08,10,2026-09-08T04:00:00Z,II,Generation,-0.462
T_MOWEO-3,MOWEO-3,2026-09-08,11,2026-09-08T04:30:00Z,II,Generation,-0.465
T_MOWEO-3,MOWEO-3,2026-09-08,12,2026-09-08T05:00:00Z,II,Generation,-0.471
T_MOWEO-3,MOWEO-3,2026-09-08,13,2026-09-08T05:30:00Z,II,Generation,-0.470
T_MOWEO-3,MOWEO-3,2026-09-08,14,2026-09-08T06:00:00Z,II,Generation,-0.469
T_MOWEO-3,MOWEO-3,2026-09-08,15,2026-09-08T06:30:00Z,II,Generation,-0.473
T_MOWEO-3,MOWEO-3,2026-09-08,16,2026-09-08T07:00:00Z,II,Generation,-0.474
T_MOWEO-3,MOWEO-3,2026-09-08,17,2026-09-08T07:30:00Z,II,Generation,-0.469
T_MOWEO-3,MOWEO-3,2026-09-08,18,2026-09-08T08:00:00Z,II,Generation,-0.470
T_MOWEO-3,MOWEO-3,2026-09-08,19,2026-09-08T08:30:00Z,II,Generation,-0.471
T_MOWEO-3,MOWEO-3,2026-09-08,20,2026-09-08T09:00:00Z,II,Generation,-0.470
T_MOWEO-3,MOWEO-3,2026-09-08,21,2026-09-08T09:30:00Z,II,Generation,-0.478
T_MOWEO-3,MOWEO-3,2026-09-08,22,2026-09-08T10:00:00Z,II,Generation,-0.475
T_MOWEO-3,MOWEO-3,2026-09-08,23,2026-09-08T10:30:00Z,II,Generation,-0.475
T_MOWEO-3,MOWEO-3,2026-09-08,24,2026-09-08T11:00:00Z,II,Generation,-0.475
T_MOWEO-3,MOWEO-3,2026-09-08,25,2026-09-08T11:30:00Z,II,Generation,-0.470
T_MOWEO-3,MOWEO-3,2026-09-08,26,2026-09-08T12:00:00Z,II,Generation,-0.471
T_MOWEO-3,MOWEO-3,2026-09-08,27,2026-09-08T12:30:00Z,II,Generation,-0.471
T_MOWEO-3,MOWEO-3,2026-09-08,28,2026-09-08T13:00:00Z,II,Generation,-0.468
T_MOWEO-3,MOWEO-3,2026-09-08,29,2026-09-08T13:30:00Z,II,Generation,-0.461
T_MOWEO-3,MOWEO-3,2026-09-08,30,2026-09-08T14:00:00Z,II,Generation,-0.463
T_MOWEO-3,MOWEO-3,2026-09-08,31,2026-09-08T14:30:00Z,II,Generation,-0.468
T_MOWEO-3,MOWEO-3,2026-09-08,32,2026-09-08T15:00:00Z,II,Generation,-0.466
T_MOWEO-3,MOWEO-3,2026-09-08,33,2026-09-08T15:30:00Z,II,Generation,-0.466
T_MOWEO-3,MOWEO-3,2026-09-08,34,2026-09-08T16:00:00Z,II,Generation,-0.467
T_MOWEO-3,MOWEO-3,2026-09-08,35,2026-09-08T16:30:00Z,II,Generation,-0.466
T_MOWEO-3,MOWEO-3,2026-09-08,36,2026-09-08T17:00:00Z,II,Generation,-0.465
T_MOWEO-3,MOWEO-3,2026-09-08,37,2026-09-08T17:30:00Z,II,Generation,-0.463
T_MOWEO-3,MOWEO-3,2026-09-08,38,2026-09-08T18:00:00Z,II,Generation,-0.467
T_MOWEO-3,MOWEO-3,2026-09-08,39,2026-09-08T18:30:00Z,II,Generation,-0.468
T_MOWEO-3,MOWEO-3,2026-09-08,40,2026-09-08T19:00:00Z,II,Generation,-0.463
T_MOWEO-3,MOWEO-3,2026-09-08,41,2026-09-08T19:30:00Z,II,Generation,-0.463
T_MOWEO-3,MOWEO-3,2026-09-08,42,2026-09-08T20:00:00Z,II,Generation,-0.462
T_MOWEO-3,MOWEO-3,2026-09-08,43,2026-09-08T20:30:00Z,II,Generation,-0.466
T_MOWEO-3,MOWEO-3,2026-09-08,44,2026-09-08T21:00:00Z,II,Generation,-0.460
T_MOWEO-3,MOWEO-3,2026-09-08,45,2026-09-08T21:30:00Z,II,Generation,-0.461
T_MOWEO-3,MOWEO-3,2026-09-08,46,2026-09-08T22:00:00Z,II,Generation,-0.461
T_MOWEO-3,MOWEO-3,2026-09-08,47,2026-09-08T22:30:00Z,II,Generation,-0.450
T_MOWEO-3,MOWEO-3,2026-09-08,48,2026-09-08T23:00:00Z,II,Generation,-0.452
T_MOWWO-1,MOWWO-1,2026-09-08,1,2026-09-07T23:30:00Z,II,Generation,0.014
T_MOWWO-1,MOWWO-1,2026-09-08,2,2026-09-08T00:00:00Z,II,Generation,0.004
T_MOWWO-1,MOWWO-1,2026-09-08,3,2026-09-08T00:30:00Z,II,Generation,0.009
T_MOWWO-1,MOWWO-1,2026-09-08,4,2026-09-08T01:00:00Z,II,Generation,0.014
T_MOWWO-1,MOWWO-1,2026-09-08,5,2026-09-08T01:30:00Z,II,Generation,-0.001
T_MOWWO-1,MOWWO-1,2026-09-08,6,2026-09-08T02:00:00Z,II,Generation,0.019
T_MOWWO-1,MOWWO-1,2026-09-08,7,2026-09-08T02:30:00Z,II,Generation,0.009
T_MOWWO-1,MOWWO-1,2026-09-08,8,2026-09-08T03:00:00Z,II,Generation,0.014
T_MOWWO-1,MOWWO-1,2026-09-08,9,2026-09-08T03:30:00Z,II,Generation,0.014
T_MOWWO-1,MOWWO-1,2026-09-08,10,2026-09-08T04:00:00Z,II,Generation,-0.006
T_MOWWO-1,MOWWO-1,2026-09-08,11,2026-09-08T04:30:00Z,II,Generation,0.004
T_MOWWO-1,MOWWO-1,2026-09-08,12,2026-09-08T05:00:00Z,II,Generation,0.014
T_MOWWO-1,MOWWO-1,2026-09-08,13,2026-09-08T05:30:00Z,II,Generation,0.004
T_MOWWO-1,MOWWO-1,2026-09-08,14,2026-09-08T06:00:00Z,II,Generation,0.009
T_MOWWO-1,MOWWO-1,2026-09-08,15,2026-09-08T06:30:00Z,II,Generation,0.024
T_MOWWO-1,MOWWO-1,2026-09-08,16,2026-09-08T07:00:00Z,II,Generation,0.009
T_MOWWO-1,MOWWO-1,2026-09-08,17,2026-09-08T07:30:00Z,II,Generation,0.014
T_MOWWO-1,MOWWO-1,2026-09-08,18,2026-09-08T08:00:00Z,II,Generation,-0.001
T_MOWWO-1,MOWWO-1,2026-09-08,19,2026-09-08T08:30:00Z,II,Generation,-0.001
T_MOWWO-1,MOWWO-1,2026-09-08,20,2026-09-08T09:00:00Z,II,Generation,0.004
T_MOWWO-1,MOWWO-1,2026-09-08,21,2026-09-08T09:30:00Z,II,Generation,-0.001
T_MOWWO-1,MOWWO-1,2026-09-08,22,2026-09-08T10:00:00Z,II,Generation,0.004
T_MOWWO-1,MOWWO-1,2026-09-08,23,2026-09-08T10:30:00Z,II,Generation,0.004
T_MOWWO-1,MOWWO-1,2026-09-08,24,2026-09-08T11:00:00Z,II,Generation,0.004
T_MOWWO-1,MOWWO-1,2026-09-08,25,2026-09-08T11:30:00Z,II,Generation,0.009
T_MOWWO-1,MOWWO-1,2026-09-08,26,2026-09-08T12:00:00Z,II,Generation,0.009
T_MOWWO-1,MOWWO-1,2026-09-08,27,2026-09-08T12:30:00Z,II,Generation,0.004
T_MOWWO-1,MOWWO-1,2026-09-08,28,2026-09-08T13:00:00Z,II,Generation,0.004
T_MOWWO-1,MOWWO-1,2026-09-08,29,2026-09-08T13:30:00Z,II,Generation,0.004
T_MOWWO-1,MOWWO-1,2026-09-08,30,2026-09-08T14:00:00Z,II,Generation,0.014
T_MOWWO-1,MOWWO-1,2026-09-08,31,2026-09-08T14:30:00Z,II,Generation,0.004
T_MOWWO-1,MOWWO-1,2026-09-08,32,2026-09-08T15:00:00Z,II,Generation,0.009
T_MOWWO-1,MOWWO-1,2026-09-08,33,2026-09-08T15:30:00Z,II,Generation,0.014
T_MOWWO-1,MOWWO-1,2026-09-08,34,2026-09-08T16:00:00Z,II,Generation,0.004
T_MOWWO-1,MOWWO-1,2026-09-08,35,2026-09-08T16:30:00Z,II,Generation,0.004
T_MOWWO-1,MOWWO-1,2026-09-08,36,2026-09-08T17:00:00Z,II,Generation,-0.001
T_MOWWO-1,MOWWO-1,2026-09-08,37,2026-09-08T17:30:00Z,II,Generation,0.004
T_MOWWO-1,MOWWO-1,2026-09-08,38,2026-09-08T18:00:00Z,II,Generation,0.019
T_MOWWO-1,MOWWO-1,2026-09-08,39,2026-09-08T18:30:00Z,II,Generation,-0.001
T_MOWWO-1,MOWWO-1,2026-09-08,40,2026-09-08T19:00:00Z,II,Generation,0.014
T_MOWWO-1,MOWWO-1,2026-09-08,41,2026-09-08T19:30:00Z,II,Generation,0.009
T_MOWWO-1,MOWWO-1,2026-09-08,42,2026-09-08T20:00:00Z,II,Generation,0.004
T_MOWWO-1,MOWWO-1,2026-09-08,43,2026-09-08T20:30:00Z,II,Generation,0.014
T_MOWWO-1,MOWWO-1,2026-09-08,44,2026-09-08T21:00:00Z,II,Generation,0.004
T_MOWWO-1,MOWWO-1,2026-09-08,45,2026-09-08T21:30:00Z,II,Generation,-0.001
T_MOWWO-1,MOWWO-1,2026-09-08,46,2026-09-08T22:00:00Z,II,Generation,0.009
T_MOWWO-1,MOWWO-1,2026-09-08,47,2026-09-08T22:30:00Z,II,Generation,0.004
T_MOWWO-1,MOWWO-1,2026-09-08,48,2026-09-08T23:00:00Z,II,Generation,0.004
T_MOWWO-2,MOWWO-2,2026-09-08,1,2026-09-07T23:30:00Z,II,Generation,0.015
T_MOWWO-2,MOWWO-2,2026-09-08,2,2026-09-08T00:00:00Z,II,Generation,0.010
T_MOWWO-2,MOWWO-2,2026-09-08,3,2026-09-08T00:30:00Z,II,Generation,0.000
T_MOWWO-2,MOWWO-2,2026-09-08,4,2026-09-08T01:00:00Z,II,Generation,0.025
T_MOWWO-2,MOWWO-2,2026-09-08,5,2026-09-08T01:30:00Z,II,Generation,0.010
T_MOWWO-2,MOWWO-2,2026-09-08,6,2026-09-08T02:00:00Z,II,Generation,0.005
T_MOWWO-2,MOWWO-2,2026-09-08,7,2026-09-08T02:30:00Z,II,Generation,0.010
T_MOWWO-2,MOWWO-2,2026-09-08,8,2026-09-08T03:00:00Z,II,Generation,0.025
T_MOWWO-2,MOWWO-2,2026-09-08,9,2026-09-08T03:30:00Z,II,Generation,0.010
T_MOWWO-2,MOWWO-2,2026-09-08,10,2026-09-08T04:00:00Z,II,Generation,0.010
T_MOWWO-2,MOWWO-2,2026-09-08,11,2026-09-08T04:30:00Z,II,Generation,0.005
T_MOWWO-2,MOWWO-2,2026-09-08,12,2026-09-08T05:00:00Z,II,Generation,0.015
T_MOWWO-2,MOWWO-2,2026-09-08,13,2026-09-08T05:30:00Z,II,Generation,0.025
T_MOWWO-2,MOWWO-2,2026-09-08,14,2026-09-08T06:00:00Z,II,Generation,0.000
T_MOWWO-2,MOWWO-2,2026-09-08,15,2026-09-08T06:30:00Z,II,Generation,0.005
T_MOWWO-2,MOWWO-2,2026-09-08,16,2026-09-08T07:00:00Z,II,Generation,0.010
T_MOWWO-2,MOWWO-2,2026-09-08,17,2026-09-08T07:30:00Z,II,Generation,0.005
T_MOWWO-2,MOWWO-2,2026-09-08,18,2026-09-08T08:00:00Z,II,Generation,0.010
T_MOWWO-2,MOWWO-2,2026-09-08,19,2026-09-08T08:30:00Z,II,Generation,0.010
T_MOWWO-2,MOWWO-2,2026-09-08,20,2026-09-08T09:00:00Z,II,Generation,0.010
T_MOWWO-2,MOWWO-2,2026-09-08,21,2026-09-08T09:30:00Z,II,Generation,0.010
T_MOWWO-2,MOWWO-2,2026-09-08,22,2026-09-08T10:00:00Z,II,Generation,0.000
T_MOWWO-2,MOWWO-2,2026-09-08,23,2026-09-08T10:30:00Z,II,Generation,0.000
T_MOWWO-2,MOWWO-2,2026-09-08,24,2026-09-08T11:00:00Z,II,Generation,0.005
T_MOWWO-2,MOWWO-2,2026-09-08,25,2026-09-08T11:30:00Z,II,Generation,0.010
T_MOWWO-2,MOWWO-2,2026-09-08,26,2026-09-08T12:00:00Z,II,Generation,0.000
T_MOWWO-2,MOWWO-2,2026-09-08,27,2026-09-08T12:30:00Z,II,Generation,0.005
T_MOWWO-2,MOWWO-2,2026-09-08,28,2026-09-08T13:00:00Z,II,Generation,0.000
T_MOWWO-2,MOWWO-2,2026-09-08,29,2026-09-08T13:30:00Z,II,Generation,0.010
T_MOWWO-2,MOWWO-2,2026-09-08,30,2026-09-08T14:00:00Z,II,Generation,0.015
T_MOWWO-2,MOWWO-2,2026-09-08,31,2026-09-08T14:30:00Z,II,Generation,0.000
T_MOWWO-2,MOWWO-2,2026-09-08,32,2026-09-08T15:00:00Z,II,Generation,0.015
T_MOWWO-2,MOWWO-2,2026-09-08,33,2026-09-08T15:30:00Z,II,Generation,0.000
T_MOWWO-2,MOWWO-2,2026-09-08,34,2026-09-08T16:00:00Z,II,Generation,0.010
T_MOWWO-2,MOWWO-2,2026-09-08,35,2026-09-08T16:30:00Z,II,Generation,0.005
T_MOWWO-2,MOWWO-2,2026-09-08,36,2026-09-08T17:00:00Z,II,Generation,0.010
T_MOWWO-2,MOWWO-2,2026-09-08,37,2026-09-08T17:30:00Z,II,Generation,0.005
T_MOWWO-2,MOWWO-2,2026-09-08,38,2026-09-08T18:00:00Z,II,Generation,0.000
T_MOWWO-2,MOWWO-2,2026-09-08,39,2026-09-08T18:30:00Z,II,Generation,0.020
T_MOWWO-2,MOWWO-2,2026-09-08,40,2026-09-08T19:00:00Z,II,Generation,0.020
T_MOWWO-2,MOWWO-2,2026-09-08,41,2026-09-08T19:30:00Z,II,Generation,0.010
T_MOWWO-2,MOWWO-2,2026-09-08,42,2026-09-08T20:00:00Z,II,Generation,0.005
T_MOWWO-2,MOWWO-2,2026-09-08,43,2026-09-08T20:30:00Z,II,Generation,0.000
T_MOWWO-2,MOWWO-2,2026-09-08,44,2026-09-08T21:00:00Z,II,Generation,0.010
T_MOWWO-2,MOWWO-2,2026-09-08,45,2026-09-08T21:30:00Z,II,Generation,0.010
T_MOWWO-2,MOWWO-2,2026-09-08,46,2026-09-08T22:00:00Z,II,Generation,0.005
T_MOWWO-2,MOWWO-2,2026-09-08,47,2026-09-08T22:30:00Z,II,Generation,0.005
T_MOWWO-2,MOWWO-2,2026-09-08,48,2026-09-08T23:00:00Z,II,Generation,0.005
T_MOWWO-3,MOWWO-3,2026-09-08,1,2026-09-07T23:30:00Z,II,Generation,0.020
T_MOWWO-3,MOWWO-3,2026-09-08,2,2026-09-08T00:00:00Z,II,Generation,0.000
T_MOWWO-3,MOWWO-3,2026-09-08,3,2026-09-08T00:30:00Z,II,Generation,0.010
T_MOWWO-3,MOWWO-3,2026-09-08,4,2026-09-08T01:00:00Z,II,Generation,0.010
T_MOWWO-3,MOWWO-3,2026-09-08,5,2026-09-08T01:30:00Z,II,Generation,0.005
T_MOWWO-3,MOWWO-3,2026-09-08,6,2026-09-08T02:00:00Z,II,Generation,0.010
T_MOWWO-3,MOWWO-3,2026-09-08,7,2026-09-08T02:30:00Z,II,Generation,0.000
T_MOWWO-3,MOWWO-3,2026-09-08,8,2026-09-08T03:00:00Z,II,Generation,0.000
T_MOWWO-3,MOWWO-3,2026-09-08,9,2026-09-08T03:30:00Z,II,Generation,0.010
T_MOWWO-3,MOWWO-3,2026-09-08,10,2026-09-08T04:00:00Z,II,Generation,0.000
T_MOWWO-3,MOWWO-3,2026-09-08,11,2026-09-08T04:30:00Z,II,Generation,0.005
T_MOWWO-3,MOWWO-3,2026-09-08,12,2026-09-08T05:00:00Z,II,Generation,0.015
T_MOWWO-3,MOWWO-3,2026-09-08,13,2026-09-08T05:30:00Z,II,Generation,0.010
T_MOWWO-3,MOWWO-3,2026-09-08,14,2026-09-08T06:00:00Z,II,Generation,0.005
T_MOWWO-3,MOWWO-3,2026-09-08,15,2026-09-08T06:30:00Z,II,Generation,0.000
T_MOWWO-3,MOWWO-3,2026-09-08,16,2026-09-08T07:00:00Z,II,Generation,0.005
T_MOWWO-3,MOWWO-3,2026-09-08,17,2026-09-08T07:30:00Z,II,Generation,0.000
T_MOWWO-3,MOWWO-3,2026-09-08,18,2026-09-08T08:00:00Z,II,Generation,0.000
T_MOWWO-3,MOWWO-3,2026-09-08,19,2026-09-08T08:30:00Z,II,Generation,0.010
T_MOWWO-3,MOWWO-3,2026-09-08,20,2026-09-08T09:00:00Z,II,Generation,0.005
T_MOWWO-3,MOWWO-3,2026-09-08,21,2026-09-08T09:30:00Z,II,Generation,0.005
T_MOWWO-3,MOWWO-3,2026-09-08,22,2026-09-08T10:00:00Z,II,Generation,0.005
T_MOWWO-3,MOWWO-3,2026-09-08,23,2026-09-08T10:30:00Z,II,Generation,0.000
T_MOWWO-3,MOWWO-3,2026-09-08,24,2026-09-08T11:00:00Z,II,Generation,0.005
T_MOWWO-3,MOWWO-3,2026-09-08,25,2026-09-08T11:30:00Z,II,Generation,0.000
T_MOWWO-3,MOWWO-3,2026-09-08,26,2026-09-08T12:00:00Z,II,Generation,0.005
T_MOWWO-3,MOWWO-3,2026-09-08,27,2026-09-08T12:30:00Z,II,Generation,0.005
T_MOWWO-3,MOWWO-3,2026-09-08,28,2026-09-08T13:00:00Z,II,Generation,0.010
T_MOWWO-3,MOWWO-3,2026-09-08,29,2026-09-08T13:30:00Z,II,Generation,0.005
T_MOWWO-3,MOWWO-3,2026-09-08,30,2026-09-08T14:00:00Z,II,Generation,0.005
T_MOWWO-3,MOWWO-3,2026-09-08,31,2026-09-08T14:30:00Z,II,Generation,0.000
T_MOWWO-3,MOWWO-3,2026-09-08,32,2026-09-08T15:00:00Z,II,Generation,0.010
T_MOWWO-3,MOWWO-3,2026-09-08,33,2026-09-08T15:30:00Z,II,Generation,0.005
T_MOWWO-3,MOWWO-3,2026-09-08,34,2026-09-08T16:00:00Z,II,Generation,0.015
T_MOWWO-3,MOWWO-3,2026-09-08,35,2026-09-08T16:30:00Z,II,Generation,0.010
T_MOWWO-3,MOWWO-3,2026-09-08,36,2026-09-08T17:00:00Z,II,Generation,0.000
T_MOWWO-3,MOWWO-3,2026-09-08,37,2026-09-08T17:30:00Z,II,Generation,0.010
T_MOWWO-3,MOWWO-3,2026-09-08,38,2026-09-08T18:00:00Z,II,Generation,0.010
T_MOWWO-3,MOWWO-3,2026-09-08,39,2026-09-08T18:30:00Z,II,Generation,0.000
T_MOWWO-3,MOWWO-3,2026-09-08,40,2026-09-08T19:00:00Z,II,Generation,0.000
T_MOWWO-3,MOWWO-3,2026-09-08,41,2026-09-08T19:30:00Z,II,Generation,0.010
T_MOWWO-3,MOWWO-3,2026-09-08,42,2026-09-08T20:00:00Z,II,Generation,0.005
T_MOWWO-3,MOWWO-3,2026-09-08,43,2026-09-08T20:30:00Z,II,Generation,0.020
T_MOWWO-3,MOWWO-3,2026-09-08,44,2026-09-08T21:00:00Z,II,Generation,0.010
T_MOWWO-3,MOWWO-3,2026-09-08,45,2026-09-08T21:30:00Z,II,Generation,0.005
T_MOWWO-3,MOWWO-3,2026-09-08,46,2026-09-08T22:00:00Z,II,Generation,0.020
T_MOWWO-3,MOWWO-3,2026-09-08,47,2026-09-08T22:30:00Z,II,Generation,0.000
T_MOWWO-3,MOWWO-3,2026-09-08,48,2026-09-08T23:00:00Z,II,Generation,0.000
T_MOWWO-4,MOWWO-4,2026-09-08,1,2026-09-07T23:30:00Z,II,Generation,0.000
T_MOWWO-4,MOWWO-4,2026-09-08,2,2026-09-08T00:00:00Z,II,Generation,-0.010
T_MOWWO-4,MOWWO-4,2026-09-08,3,2026-09-08T00:30:00Z,II,Generation,-0.015
T_MOWWO-4,MOWWO-4,2026-09-08,4,2026-09-08T01:00:00Z,II,Generation,-0.010
T_MOWWO-4,MOWWO-4,2026-09-08,5,2026-09-08T01:30:00Z,II,Generation,-0.025
T_MOWWO-4,MOWWO-4,2026-09-08,6,2026-09-08T02:00:00Z,II,Generation,-0.010
T_MOWWO-4,MOWWO-4,2026-09-08,7,2026-09-08T02:30:00Z,II,Generation,-0.010
T_MOWWO-4,MOWWO-4,2026-09-08,8,2026-09-08T03:00:00Z,II,Generation,-0.010
T_MOWWO-4,MOWWO-4,2026-09-08,9,2026-09-08T03:30:00Z,II,Generation,-0.005
T_MOWWO-4,MOWWO-4,2026-09-08,10,2026-09-08T04:00:00Z,II,Generation,-0.020
T_MOWWO-4,MOWWO-4,2026-09-08,11,2026-09-08T04:30:00Z,II,Generation,-0.015
T_MOWWO-4,MOWWO-4,2026-09-08,12,2026-09-08T05:00:00Z,II,Generation,-0.015
T_MOWWO-4,MOWWO-4,2026-09-08,13,2026-09-08T05:30:00Z,II,Generation,-0.005
T_MOWWO-4,MOWWO-4,2026-09-08,14,2026-09-08T06:00:00Z,II,Generation,-0.025
T_MOWWO-4,MOWWO-4,2026-09-08,15,2026-09-08T06:30:00Z,II,Generation,-0.015
T_MOWWO-4,MOWWO-4,2026-09-08,16,2026-09-08T07:00:00Z,II,Generation,-0.010
T_MOWWO-4,MOWWO-4,2026-09-08,17,2026-09-08T07:30:00Z,II,Generation,-0.010
T_MOWWO-4,MOWWO-4,2026-09-08,18,2026-09-08T08:00:00Z,II,Generation,-0.005
T_MOWWO-4,MOWWO-4,2026-09-08,19,2026-09-08T08:30:00Z,II,Generation,0.005
T_MOWWO-4,MOWWO-4,2026-09-08,20,2026-09-08T09:00:00Z,II,Generation,0.005
T_MOWWO-4,MOWWO-4,2026-09-08,21,2026-09-08T09:30:00Z,II,Generation,0.005
T_MOWWO-4,MOWWO-4,2026-09-08,22,2026-09-08T10:00:00Z,II,Generation,0.000
T_MOWWO-4,MOWWO-4,2026-09-08,23,2026-09-08T10:30:00Z,II,Generation,0.000
T_MOWWO-4,MOWWO-4,2026-09-08,24,2026-09-08T11:00:00Z,II,Generation,-0.005
T_MOWWO-4,MOWWO-4,2026-09-08,25,2026-09-08T11:30:00Z,II,Generation,-0.005
T_MOWWO-4,MOWWO-4,2026-09-08,26,2026-09-08T12:00:00Z,II,Generation,0.005
T_MOWWO-4,MOWWO-4,2026-09-08,27,2026-09-08T12:30:00Z,II,Generation,-0.005
T_MOWWO-4,MOWWO-4,2026-09-08,28,2026-09-08T13:00:00Z,II,Generation,-0.005
T_MOWWO-4,MOWWO-4,2026-09-08,29,2026-09-08T13:30:00Z,II,Generation,0.005
T_MOWWO-4,MOWWO-4,2026-09-08,30,2026-09-08T14:00:00Z,II,Generation,0.005
T_MOWWO-4,MOWWO-4,2026-09-08,31,2026-09-08T14:30:00Z,II,Generation,-0.005
T_MOWWO-4,MOWWO-4,2026-09-08,32,2026-09-08T15:00:00Z,II,Generation,-0.015
T_MOWWO-4,MOWWO-4,2026-09-08,33,2026-09-08T15:30:00Z,II,Generation,-0.005
T_MOWWO-4,MOWWO-4,2026-09-08,34,2026-09-08T16:00:00Z,II,Generation,-0.025
T_MOWWO-4,MOWWO-4,2026-09-08,35,2026-09-08T16:30:00Z,II,Generation,-0.020
T_MOWWO-4,MOWWO-4,2026-09-08,36,2026-09-08T17:00:00Z,II,Generation,-0.005
T_MOWWO-4,MOWWO-4,2026-09-08,37,2026-09-08T17:30:00Z,II,Generation,-0.025
T_MOWWO-4,MOWWO-4,2026-09-08,38,2026-09-08T18:00:00Z,II,Generation,-0.005
T_MOWWO-4,MOWWO-4,2026-09-08,39,2026-09-08T18:30:00Z,II,Generation,-0.005
T_MOWWO-4,MOWWO-4,2026-09-08,40,2026-09-08T19:00:00Z,II,Generation,-0.010
T_MOWWO-4,MOWWO-4,2026-09-08,41,2026-09-08T19:30:00Z,II,Generation,0.010
T_MOWWO-4,MOWWO-4,2026-09-08,42,2026-09-08T20:00:00Z,II,Generation,-0.005
T_MOWWO-4,MOWWO-4,2026-09-08,43,2026-09-08T20:30:00Z,II,Generation,-0.015
T_MOWWO-4,MOWWO-4,2026-09-08,44,2026-09-08T21:00:00Z,II,Generation,-0.005
T_MOWWO-4,MOWWO-4,2026-09-08,45,2026-09-08T21:30:00Z,II,Generation,-0.010
T_MOWWO-4,MOWWO-4,2026-09-08,46,2026-09-08T22:00:00Z,II,Generation,-0.015
T_MOWWO-4,MOWWO-4,2026-09-08,47,2026-09-08T22:30:00Z,II,Generation,0.005
T_MOWWO-4,MOWWO-4,2026-09-08,48,2026-09-08T23:00:00Z,II,Generation,0.000
T_MYGPW-1,MYGPW-1,2026-09-08,1,2026-09-07T23:30:00Z,II,Generation,6.590
T_MYGPW-1,MYGPW-1,2026-09-08,2,2026-09-08T00:00:00Z,II,Generation,6.970
T_MYGPW-1,MYGPW-1,2026-09-08,3,2026-09-08T00:30:00Z,II,Generation,7.420
T_MYGPW-1,MYGPW-1,2026-09-08,4,2026-09-08T01:00:00Z,II,Generation,4.530
T_MYGPW-1,MYGPW-1,2026-09-08,5,2026-09-08T01:30:00Z,II,Generation,4.600
T_MYGPW-1,MYGPW-1,2026-09-08,6,2026-09-08T02:00:00Z,II,Generation,5.670
T_MYGPW-1,MYGPW-1,2026-09-08,7,2026-09-08T02:30:00Z,II,Generation,6.120
T_MYGPW-1,MYGPW-1,2026-09-08,8,2026-09-08T03:00:00Z,II,Generation,5.180
T_MYGPW-1,MYGPW-1,2026-09-08,9,2026-09-08T03:30:00Z,II,Generation,5.040
T_MYGPW-1,MYGPW-1,2026-09-08,10,2026-09-08T04:00:00Z,II,Generation,3.210
T_MYGPW-1,MYGPW-1,2026-09-08,11,2026-09-08T04:30:00Z,II,Generation,3.050
T_MYGPW-1,MYGPW-1,2026-09-08,12,2026-09-08T05:00:00Z,II,Generation,3.220
T_MYGPW-1,MYGPW-1,2026-09-08,13,2026-09-08T05:30:00Z,II,Generation,2.850
T_MYGPW-1,MYGPW-1,2026-09-08,14,2026-09-08T06:00:00Z,II,Generation,2.600
T_MYGPW-1,MYGPW-1,2026-09-08,15,2026-09-08T06:30:00Z,II,Generation,3.680
T_MYGPW-1,MYGPW-1,2026-09-08,16,2026-09-08T07:00:00Z,II,Generation,4.210
T_MYGPW-1,MYGPW-1,2026-09-08,17,2026-09-08T07:30:00Z,II,Generation,3.550
T_MYGPW-1,MYGPW-1,2026-09-08,18,2026-09-08T08:00:00Z,II,Generation,3.120
T_MYGPW-1,MYGPW-1,2026-09-08,19,2026-09-08T08:30:00Z,II,Generation,4.740
T_MYGPW-1,MYGPW-1,2026-09-08,20,2026-09-08T09:00:00Z,II,Generation,5.680
T_MYGPW-1,MYGPW-1,2026-09-08,21,2026-09-08T09:30:00Z,II,Generation,5.290
T_MYGPW-1,MYGPW-1,2026-09-08,22,2026-09-08T10:00:00Z,II,Generation,4.980
T_MYGPW-1,MYGPW-1,2026-09-08,23,2026-09-08T10:30:00Z,II,Generation,8.520
T_MYGPW-1,MYGPW-1,2026-09-08,24,2026-09-08T11:00:00Z,II,Generation,8.260
T_MYGPW-1,MYGPW-1,2026-09-08,25,2026-09-08T11:30:00Z,II,Generation,0.590
T_MYGPW-1,MYGPW-1,2026-09-08,26,2026-09-08T12:00:00Z,II,Generation,-0.050
T_MYGPW-1,MYGPW-1,2026-09-08,27,2026-09-08T12:30:00Z,II,Generation,-0.050
T_MYGPW-1,MYGPW-1,2026-09-08,28,2026-09-08T13:00:00Z,II,Generation,-0.050
T_MYGPW-1,MYGPW-1,2026-09-08,29,2026-09-08T13:30:00Z,II,Generation,-0.050
T_MYGPW-1,MYGPW-1,2026-09-08,30,2026-09-08T14:00:00Z,II,Generation,-0.050
T_MYGPW-1,MYGPW-1,2026-09-08,31,2026-09-08T14:30:00Z,II,Generation,-0.040
T_MYGPW-1,MYGPW-1,2026-09-08,32,2026-09-08T15:00:00Z,II,Generation,-0.050
T_MYGPW-1,MYGPW-1,2026-09-08,33,2026-09-08T15:30:00Z,II,Generation,-0.050
T_MYGPW-1,MYGPW-1,2026-09-08,34,2026-09-08T16:00:00Z,II,Generation,-0.050
T_MYGPW-1,MYGPW-1,2026-09-08,35,2026-09-08T16:30:00Z,II,Generation,-0.050
T_MYGPW-1,MYGPW-1,2026-09-08,36,2026-09-08T17:00:00Z,II,Generation,-0.040
T_MYGPW-1,MYGPW-1,2026-09-08,37,2026-09-08T17:30:00Z,II,Generation,-0.050
T_MYGPW-1,MYGPW-1,2026-09-08,38,2026-09-08T18:00:00Z,II,Generation,-0.050
T_MYGPW-1,MYGPW-1,2026-09-08,39,2026-09-08T18:30:00Z,II,Generation,-0.050
T_MYGPW-1,MYGPW-1,2026-09-08,40,2026-09-08T19:00:00Z,II,Generation,-0.040
T_MYGPW-1,MYGPW-1,2026-09-08,41,2026-09-08T19:30:00Z,II,Generation,-0.050
T_MYGPW-1,MYGPW-1,2026-09-08,42,2026-09-08T20:00:00Z,II,Generation,-0.040
T_MYGPW-1,MYGPW-1,2026-09-08,43,2026-09-08T20:30:00Z,II,Generation,-0.050
T_MYGPW-1,MYGPW-1,2026-09-08,44,2026-09-08T21:00:00Z,II,Generation,-0.050
T_MYGPW-1,MYGPW-1,2026-09-08,45,2026-09-08T21:30:00Z,II,Generation,-0.050
T_MYGPW-1,MYGPW-1,2026-09-08,46,2026-09-08T22:00:00Z,II,Generation,5.610
T_MYGPW-1,MYGPW-1,2026-09-08,47,2026-09-08T22:30:00Z,II,Generation,8.170
T_MYGPW-1,MYGPW-1,2026-09-08,48,2026-09-08T23:00:00Z,II,Generation,8.360
T_NNGAO-1,NNGAO-1,2026-09-08,1,2026-09-07T23:30:00Z,II,Generation,0.009
T_NNGAO-1,NNGAO-1,2026-09-08,2,2026-09-08T00:00:00Z,II,Generation,0.100
T_NNGAO-1,NNGAO-1,2026-09-08,3,2026-09-08T00:30:00Z,II,Generation,0.005
T_NNGAO-1,NNGAO-1,2026-09-08,4,2026-09-08T01:00:00Z,II,Generation,0.032
T_NNGAO-1,NNGAO-1,2026-09-08,5,2026-09-08T01:30:00Z,II,Generation,0.077
T_NNGAO-1,NNGAO-1,2026-09-08,6,2026-09-08T02:00:00Z,II,Generation,-0.004
T_NNGAO-1,NNGAO-1,2026-09-08,7,2026-09-08T02:30:00Z,II,Generation,0.023
T_NNGAO-1,NNGAO-1,2026-09-08,8,2026-09-08T03:00:00Z,II,Generation,0.076
T_NNGAO-1,NNGAO-1,2026-09-08,9,2026-09-08T03:30:00Z,II,Generation,-0.004
T_NNGAO-1,NNGAO-1,2026-09-08,10,2026-09-08T04:00:00Z,II,Generation,0.036
T_NNGAO-1,NNGAO-1,2026-09-08,11,2026-09-08T04:30:00Z,II,Generation,0.021
T_NNGAO-1,NNGAO-1,2026-09-08,12,2026-09-08T05:00:00Z,II,Generation,0.011
T_NNGAO-1,NNGAO-1,2026-09-08,13,2026-09-08T05:30:00Z,II,Generation,0.025
T_NNGAO-1,NNGAO-1,2026-09-08,14,2026-09-08T06:00:00Z,II,Generation,-0.003
T_NNGAO-1,NNGAO-1,2026-09-08,15,2026-09-08T06:30:00Z,II,Generation,0.036
T_NNGAO-1,NNGAO-1,2026-09-08,16,2026-09-08T07:00:00Z,II,Generation,0.023
T_NNGAO-1,NNGAO-1,2026-09-08,17,2026-09-08T07:30:00Z,II,Generation,-0.001
T_NNGAO-1,NNGAO-1,2026-09-08,18,2026-09-08T08:00:00Z,II,Generation,0.047
T_NNGAO-1,NNGAO-1,2026-09-08,19,2026-09-08T08:30:00Z,II,Generation,-0.002
T_NNGAO-1,NNGAO-1,2026-09-08,20,2026-09-08T09:00:00Z,II,Generation,5.133
T_NNGAO-1,NNGAO-1,2026-09-08,21,2026-09-08T09:30:00Z,II,Generation,24.900
T_NNGAO-1,NNGAO-1,2026-09-08,22,2026-09-08T10:00:00Z,II,Generation,24.910
T_NNGAO-1,NNGAO-1,2026-09-08,23,2026-09-08T10:30:00Z,II,Generation,24.900
T_NNGAO-1,NNGAO-1,2026-09-08,24,2026-09-08T11:00:00Z,II,Generation,24.890
T_NNGAO-1,NNGAO-1,2026-09-08,25,2026-09-08T11:30:00Z,II,Generation,24.910
T_NNGAO-1,NNGAO-1,2026-09-08,26,2026-09-08T12:00:00Z,II,Generation,24.900
T_NNGAO-1,NNGAO-1,2026-09-08,27,2026-09-08T12:30:00Z,II,Generation,54.330
T_NNGAO-1,NNGAO-1,2026-09-08,28,2026-09-08T13:00:00Z,II,Generation,74.800
T_NNGAO-1,NNGAO-1,2026-09-08,29,2026-09-08T13:30:00Z,II,Generation,110.720
T_NNGAO-1,NNGAO-1,2026-09-08,30,2026-09-08T14:00:00Z,II,Generation,111.680
T_NNGAO-1,NNGAO-1,2026-09-08,31,2026-09-08T14:30:00Z,II,Generation,111.690
T_NNGAO-1,NNGAO-1,2026-09-08,32,2026-09-08T15:00:00Z,II,Generation,111.690
T_NNGAO-1,NNGAO-1,2026-09-08,33,2026-09-08T15:30:00Z,II,Generation,111.700
T_NNGAO-1,NNGAO-1,2026-09-08,34,2026-09-08T16:00:00Z,II,Generation,111.710
T_NNGAO-1,NNGAO-1,2026-09-08,35,2026-09-08T16:30:00Z,II,Generation,111.670
T_NNGAO-1,NNGAO-1,2026-09-08,36,2026-09-08T17:00:00Z,II,Generation,111.660
T_NNGAO-1,NNGAO-1,2026-09-08,37,2026-09-08T17:30:00Z,II,Generation,59.860
T_NNGAO-1,NNGAO-1,2026-09-08,38,2026-09-08T18:00:00Z,II,Generation,100.810
T_NNGAO-1,NNGAO-1,2026-09-08,39,2026-09-08T18:30:00Z,II,Generation,111.660
T_NNGAO-1,NNGAO-1,2026-09-08,40,2026-09-08T19:00:00Z,II,Generation,111.750
T_NNGAO-1,NNGAO-1,2026-09-08,41,2026-09-08T19:30:00Z,II,Generation,111.670
T_NNGAO-1,NNGAO-1,2026-09-08,42,2026-09-08T20:00:00Z,II,Generation,111.710
T_NNGAO-1,NNGAO-1,2026-09-08,43,2026-09-08T20:30:00Z,II,Generation,111.650
T_NNGAO-1,NNGAO-1,2026-09-08,44,2026-09-08T21:00:00Z,II,Generation,111.720
T_NNGAO-1,NNGAO-1,2026-09-08,45,2026-09-08T21:30:00Z,II,Generation,111.670
T_NNGAO-1,NNGAO-1,2026-09-08,46,2026-09-08T22:00:00Z,II,Generation,111.730
T_NNGAO-1,NNGAO-1,2026-09-08,47,2026-09-08T22:30:00Z,II,Generation,111.680
T_NNGAO-1,NNGAO-1,2026-09-08,48,2026-09-08T23:00:00Z,II,Generation,111.660
T_NNGAO-2,NNGAO-2,2026-09-08,1,2026-09-07T23:30:00Z,II,Generation,-0.012
T_NNGAO-2,NNGAO-2,2026-09-08,2,2026-09-08T00:00:00Z,II,Generation,-0.012
T_NNGAO-2,NNGAO-2,2026-09-08,3,2026-09-08T00:30:00Z,II,Generation,-0.012
T_NNGAO-2,NNGAO-2,2026-09-08,4,2026-09-08T01:00:00Z,II,Generation,-0.013
T_NNGAO-2,NNGAO-2,2026-09-08,5,2026-09-08T01:30:00Z,II,Generation,-0.012
T_NNGAO-2,NNGAO-2,2026-09-08,6,2026-09-08T02:00:00Z,II,Generation,-0.012
T_NNGAO-2,NNGAO-2,2026-09-08,7,2026-09-08T02:30:00Z,II,Generation,-0.012
T_NNGAO-2,NNGAO-2,2026-09-08,8,2026-09-08T03:00:00Z,II,Generation,-0.012
T_NNGAO-2,NNGAO-2,2026-09-08,9,2026-09-08T03:30:00Z,II,Generation,-0.012
T_NNGAO-2,NNGAO-2,2026-09-08,10,2026-09-08T04:00:00Z,II,Generation,-0.012
T_NNGAO-2,NNGAO-2,2026-09-08,11,2026-09-08T04:30:00Z,II,Generation,-0.012
T_NNGAO-2,NNGAO-2,2026-09-08,12,2026-09-08T05:00:00Z,II,Generation,-0.012
T_NNGAO-2,NNGAO-2,2026-09-08,13,2026-09-08T05:30:00Z,II,Generation,-0.012
T_NNGAO-2,NNGAO-2,2026-09-08,14,2026-09-08T06:00:00Z,II,Generation,-0.012
T_NNGAO-2,NNGAO-2,2026-09-08,15,2026-09-08T06:30:00Z,II,Generation,-0.013
T_NNGAO-2,NNGAO-2,2026-09-08,16,2026-09-08T07:00:00Z,II,Generation,-0.012
T_NNGAO-2,NNGAO-2,2026-09-08,17,2026-09-08T07:30:00Z,II,Generation,-0.012
T_NNGAO-2,NNGAO-2,2026-09-08,18,2026-09-08T08:00:00Z,II,Generation,-0.012
T_NNGAO-2,NNGAO-2,2026-09-08,19,2026-09-08T08:30:00Z,II,Generation,-0.012
T_NNGAO-2,NNGAO-2,2026-09-08,20,2026-09-08T09:00:00Z,II,Generation,-0.012
T_NNGAO-2,NNGAO-2,2026-09-08,21,2026-09-08T09:30:00Z,II,Generation,-0.012
T_NNGAO-2,NNGAO-2,2026-09-08,22,2026-09-08T10:00:00Z,II,Generation,-0.012
T_NNGAO-2,NNGAO-2,2026-09-08,23,2026-09-08T10:30:00Z,II,Generation,-0.012
T_NNGAO-2,NNGAO-2,2026-09-08,24,2026-09-08T11:00:00Z,II,Generation,-0.012
T_NNGAO-2,NNGAO-2,2026-09-08,25,2026-09-08T11:30:00Z,II,Generation,-0.012
T_NNGAO-2,NNGAO-2,2026-09-08,26,2026-09-08T12:00:00Z,II,Generation,-0.012
T_NNGAO-2,NNGAO-2,2026-09-08,27,2026-09-08T12:30:00Z,II,Generation,-0.012
T_NNGAO-2,NNGAO-2,2026-09-08,28,2026-09-08T13:00:00Z,II,Generation,-0.012
T_NNGAO-2,NNGAO-2,2026-09-08,29,2026-09-08T13:30:00Z,II,Generation,-0.012
T_NNGAO-2,NNGAO-2,2026-09-08,30,2026-09-08T14:00:00Z,II,Generation,-0.012
T_NNGAO-2,NNGAO-2,2026-09-08,31,2026-09-08T14:30:00Z,II,Generation,-0.012
T_NNGAO-2,NNGAO-2,2026-09-08,32,2026-09-08T15:00:00Z,II,Generation,-0.012
T_NNGAO-2,NNGAO-2,2026-09-08,33,2026-09-08T15:30:00Z,II,Generation,-0.012
T_NNGAO-2,NNGAO-2,2026-09-08,34,2026-09-08T16:00:00Z,II,Generation,-0.012
T_NNGAO-2,NNGAO-2,2026-09-08,35,2026-09-08T16:30:00Z,II,Generation,-0.012
T_NNGAO-2,NNGAO-2,2026-09-08,36,2026-09-08T17:00:00Z,II,Generation,-0.012
T_NNGAO-2,NNGAO-2,2026-09-08,37,2026-09-08T17:30:00Z,II,Generation,-0.012
T_NNGAO-2,NNGAO-2,2026-09-08,38,2026-09-08T18:00:00Z,II,Generation,-0.012
T_NNGAO-2,NNGAO-2,2026-09-08,39,2026-09-08T18:30:00Z,II,Generation,-0.012
T_NNGAO-2,NNGAO-2,2026-09-08,40,2026-09-08T19:00:00Z,II,Generation,-0.012
T_NNGAO-2,NNGAO-2,2026-09-08,41,2026-09-08T19:30:00Z,II,Generation,-0.012
T_NNGAO-2,NNGAO-2,2026-09-08,42,2026-09-08T20:00:00Z,II,Generation,-0.012
T_NNGAO-2,NNGAO-2,2026-09-08,43,2026-09-08T20:30:00Z,II,Generation,-0.012
T_NNGAO-2,NNGAO-2,2026-09-08,44,2026-09-08T21:00:00Z,II,Generation,-0.012
T_NNGAO-2,NNGAO-2,2026-09-08,45,2026-09-08T21:30:00Z,II,Generation,-0.012
T_NNGAO-2,NNGAO-2,2026-09-08,46,2026-09-08T22:00:00Z,II,Generation,-0.012
T_NNGAO-2,NNGAO-2,2026-09-08,47,2026-09-08T22:30:00Z,II,Generation,-0.012
T_NNGAO-2,NNGAO-2,2026-09-08,48,2026-09-08T23:00:00Z,II,Generation,-0.012
T_NOKYW-1,NOKYW-1,2026-09-08,1,2026-09-07T23:30:00Z,II,Generation,-0.563
T_NOKYW-1,NOKYW-1,2026-09-08,2,2026-09-08T00:00:00Z,II,Generation,-0.563
T_NOKYW-1,NOKYW-1,2026-09-08,3,2026-09-08T00:30:00Z,II,Generation,-0.558
T_NOKYW-1,NOKYW-1,2026-09-08,4,2026-09-08T01:00:00Z,II,Generation,-0.558
T_NOKYW-1,NOKYW-1,2026-09-08,5,2026-09-08T01:30:00Z,II,Generation,-0.552
T_NOKYW-1,NOKYW-1,2026-09-08,6,2026-09-08T02:00:00Z,II,Generation,-0.555
T_NOKYW-1,NOKYW-1,2026-09-08,7,2026-09-08T02:30:00Z,II,Generation,-0.527
T_NOKYW-1,NOKYW-1,2026-09-08,8,2026-09-08T03:00:00Z,II,Generation,-0.523
T_NOKYW-1,NOKYW-1,2026-09-08,9,2026-09-08T03:30:00Z,II,Generation,-0.519
T_NOKYW-1,NOKYW-1,2026-09-08,10,2026-09-08T04:00:00Z,II,Generation,-0.517
T_NOKYW-1,NOKYW-1,2026-09-08,11,2026-09-08T04:30:00Z,II,Generation,-0.524
T_NOKYW-1,NOKYW-1,2026-09-08,12,2026-09-08T05:00:00Z,II,Generation,-0.522
T_NOKYW-1,NOKYW-1,2026-09-08,13,2026-09-08T05:30:00Z,II,Generation,-0.550
T_NOKYW-1,NOKYW-1,2026-09-08,14,2026-09-08T06:00:00Z,II,Generation,-0.548
T_NOKYW-1,NOKYW-1,2026-09-08,15,2026-09-08T06:30:00Z,II,Generation,-0.550
T_NOKYW-1,NOKYW-1,2026-09-08,16,2026-09-08T07:00:00Z,II,Generation,-0.550
T_NOKYW-1,NOKYW-1,2026-09-08,17,2026-09-08T07:30:00Z,II,Generation,-0.553
T_NOKYW-1,NOKYW-1,2026-09-08,18,2026-09-08T08:00:00Z,II,Generation,-0.551
T_NOKYW-1,NOKYW-1,2026-09-08,19,2026-09-08T08:30:00Z,II,Generation,-0.548
T_NOKYW-1,NOKYW-1,2026-09-08,20,2026-09-08T09:00:00Z,II,Generation,-0.531
T_NOKYW-1,NOKYW-1,2026-09-08,21,2026-09-08T09:30:00Z,II,Generation,-0.524
T_NOKYW-1,NOKYW-1,2026-09-08,22,2026-09-08T10:00:00Z,II,Generation,-0.517
T_NOKYW-1,NOKYW-1,2026-09-08,23,2026-09-08T10:30:00Z,II,Generation,-0.520
T_NOKYW-1,NOKYW-1,2026-09-08,24,2026-09-08T11:00:00Z,II,Generation,-0.529
T_NOKYW-1,NOKYW-1,2026-09-08,25,2026-09-08T11:30:00Z,II,Generation,-0.538
T_NOKYW-1,NOKYW-1,2026-09-08,26,2026-09-08T12:00:00Z,II,Generation,-0.559
T_NOKYW-1,NOKYW-1,2026-09-08,27,2026-09-08T12:30:00Z,II,Generation,-0.554
T_NOKYW-1,NOKYW-1,2026-09-08,28,2026-09-08T13:00:00Z,II,Generation,-0.549
T_NOKYW-1,NOKYW-1,2026-09-08,29,2026-09-08T13:30:00Z,II,Generation,-0.561
T_NOKYW-1,NOKYW-1,2026-09-08,30,2026-09-08T14:00:00Z,II,Generation,-0.554
T_NOKYW-1,NOKYW-1,2026-09-08,31,2026-09-08T14:30:00Z,II,Generation,-0.553
T_NOKYW-1,NOKYW-1,2026-09-08,32,2026-09-08T15:00:00Z,II,Generation,-0.556
T_NOKYW-1,NOKYW-1,2026-09-08,33,2026-09-08T15:30:00Z,II,Generation,-0.548
T_NOKYW-1,NOKYW-1,2026-09-08,34,2026-09-08T16:00:00Z,II,Generation,-0.553
T_NOKYW-1,NOKYW-1,2026-09-08,35,2026-09-08T16:30:00Z,II,Generation,-0.547
T_NOKYW-1,NOKYW-1,2026-09-08,36,2026-09-08T17:00:00Z,II,Generation,-0.549
T_NOKYW-1,NOKYW-1,2026-09-08,37,2026-09-08T17:30:00Z,II,Generation,-0.556
T_NOKYW-1,NOKYW-1,2026-09-08,38,2026-09-08T18:00:00Z,II,Generation,-0.560
T_NOKYW-1,NOKYW-1,2026-09-08,39,2026-09-08T18:30:00Z,II,Generation,-0.550
T_NOKYW-1,NOKYW-1,2026-09-08,40,2026-09-08T19:00:00Z,II,Generation,-0.559
T_NOKYW-1,NOKYW-1,2026-09-08,41,2026-09-08T19:30:00Z,II,Generation,-0.547
T_NOKYW-1,NOKYW-1,2026-09-08,42,2026-09-08T20:00:00Z,II,Generation,-0.547
T_NOKYW-1,NOKYW-1,2026-09-08,43,2026-09-08T20:30:00Z,II,Generation,-0.545
T_NOKYW-1,NOKYW-1,2026-09-08,44,2026-09-08T21:00:00Z,II,Generation,-0.546
T_NOKYW-1,NOKYW-1,2026-09-08,45,2026-09-08T21:30:00Z,II,Generation,17.100
T_NOKYW-1,NOKYW-1,2026-09-08,46,2026-09-08T22:00:00Z,II,Generation,34.654
T_NOKYW-1,NOKYW-1,2026-09-08,47,2026-09-08T22:30:00Z,II,Generation,27.545
T_NOKYW-1,NOKYW-1,2026-09-08,48,2026-09-08T23:00:00Z,II,Generation,25.824
T_NOKYW-2,NOKYW-2,2026-09-08,1,2026-09-07T23:30:00Z,II,Generation,-0.541
T_NOKYW-2,NOKYW-2,2026-09-08,2,2026-09-08T00:00:00Z,II,Generation,-0.547
T_NOKYW-2,NOKYW-2,2026-09-08,3,2026-09-08T00:30:00Z,II,Generation,-0.530
T_NOKYW-2,NOKYW-2,2026-09-08,4,2026-09-08T01:00:00Z,II,Generation,-0.536
T_NOKYW-2,NOKYW-2,2026-09-08,5,2026-09-08T01:30:00Z,II,Generation,-0.532
T_NOKYW-2,NOKYW-2,2026-09-08,6,2026-09-08T02:00:00Z,II,Generation,-0.530
T_NOKYW-2,NOKYW-2,2026-09-08,7,2026-09-08T02:30:00Z,II,Generation,-0.502
T_NOKYW-2,NOKYW-2,2026-09-08,8,2026-09-08T03:00:00Z,II,Generation,-0.497
T_NOKYW-2,NOKYW-2,2026-09-08,9,2026-09-08T03:30:00Z,II,Generation,-0.493
T_NOKYW-2,NOKYW-2,2026-09-08,10,2026-09-08T04:00:00Z,II,Generation,-0.496
T_NOKYW-2,NOKYW-2,2026-09-08,11,2026-09-08T04:30:00Z,II,Generation,-0.496
T_NOKYW-2,NOKYW-2,2026-09-08,12,2026-09-08T05:00:00Z,II,Generation,-0.496
T_NOKYW-2,NOKYW-2,2026-09-08,13,2026-09-08T05:30:00Z,II,Generation,-0.525
T_NOKYW-2,NOKYW-2,2026-09-08,14,2026-09-08T06:00:00Z,II,Generation,-0.524
T_NOKYW-2,NOKYW-2,2026-09-08,15,2026-09-08T06:30:00Z,II,Generation,-0.524
T_NOKYW-2,NOKYW-2,2026-09-08,16,2026-09-08T07:00:00Z,II,Generation,-0.525
T_NOKYW-2,NOKYW-2,2026-09-08,17,2026-09-08T07:30:00Z,II,Generation,-0.525
T_NOKYW-2,NOKYW-2,2026-09-08,18,2026-09-08T08:00:00Z,II,Generation,-0.526
T_NOKYW-2,NOKYW-2,2026-09-08,19,2026-09-08T08:30:00Z,II,Generation,-0.522
T_NOKYW-2,NOKYW-2,2026-09-08,20,2026-09-08T09:00:00Z,II,Generation,-0.506
T_NOKYW-2,NOKYW-2,2026-09-08,21,2026-09-08T09:30:00Z,II,Generation,-0.498
T_NOKYW-2,NOKYW-2,2026-09-08,22,2026-09-08T10:00:00Z,II,Generation,-0.490
T_NOKYW-2,NOKYW-2,2026-09-08,23,2026-09-08T10:30:00Z,II,Generation,-0.498
T_NOKYW-2,NOKYW-2,2026-09-08,24,2026-09-08T11:00:00Z,II,Generation,-0.496
T_NOKYW-2,NOKYW-2,2026-09-08,25,2026-09-08T11:30:00Z,II,Generation,-0.497
T_NOKYW-2,NOKYW-2,2026-09-08,26,2026-09-08T12:00:00Z,II,Generation,-0.518
T_NOKYW-2,NOKYW-2,2026-09-08,27,2026-09-08T12:30:00Z,II,Generation,-0.533
T_NOKYW-2,NOKYW-2,2026-09-08,28,2026-09-08T13:00:00Z,II,Generation,-0.524
T_NOKYW-2,NOKYW-2,2026-09-08,29,2026-09-08T13:30:00Z,II,Generation,-0.531
T_NOKYW-2,NOKYW-2,2026-09-08,30,2026-09-08T14:00:00Z,II,Generation,-0.527
T_NOKYW-2,NOKYW-2,2026-09-08,31,2026-09-08T14:30:00Z,II,Generation,-0.526
T_NOKYW-2,NOKYW-2,2026-09-08,32,2026-09-08T15:00:00Z,II,Generation,-0.530
T_NOKYW-2,NOKYW-2,2026-09-08,33,2026-09-08T15:30:00Z,II,Generation,-0.520
T_NOKYW-2,NOKYW-2,2026-09-08,34,2026-09-08T16:00:00Z,II,Generation,-0.524
T_NOKYW-2,NOKYW-2,2026-09-08,35,2026-09-08T16:30:00Z,II,Generation,-0.524
T_NOKYW-2,NOKYW-2,2026-09-08,36,2026-09-08T17:00:00Z,II,Generation,-0.523
T_NOKYW-2,NOKYW-2,2026-09-08,37,2026-09-08T17:30:00Z,II,Generation,-0.529
T_NOKYW-2,NOKYW-2,2026-09-08,38,2026-09-08T18:00:00Z,II,Generation,-0.534
T_NOKYW-2,NOKYW-2,2026-09-08,39,2026-09-08T18:30:00Z,II,Generation,-0.523
T_NOKYW-2,NOKYW-2,2026-09-08,40,2026-09-08T19:00:00Z,II,Generation,-0.533
T_NOKYW-2,NOKYW-2,2026-09-08,41,2026-09-08T19:30:00Z,II,Generation,-0.510
T_NOKYW-2,NOKYW-2,2026-09-08,42,2026-09-08T20:00:00Z,II,Generation,-0.510
T_NOKYW-2,NOKYW-2,2026-09-08,43,2026-09-08T20:30:00Z,II,Generation,-0.505
T_NOKYW-2,NOKYW-2,2026-09-08,44,2026-09-08T21:00:00Z,II,Generation,-0.506
T_NOKYW-2,NOKYW-2,2026-09-08,45,2026-09-08T21:30:00Z,II,Generation,-0.473
T_NOKYW-2,NOKYW-2,2026-09-08,46,2026-09-08T22:00:00Z,II,Generation,22.575
T_NOKYW-2,NOKYW-2,2026-09-08,47,2026-09-08T22:30:00Z,II,Generation,19.398
T_NOKYW-2,NOKYW-2,2026-09-08,48,2026-09-08T23:00:00Z,II,Generation,18.602
T_OMNDW-1,OMNDO-1,2026-09-08,1,2026-09-07T23:30:00Z,II,Generation,47.140
T_OMNDW-1,OMNDO-1,2026-09-08,2,2026-09-08T00:00:00Z,II,Generation,55.355
T_OMNDW-1,OMNDO-1,2026-09-08,3,2026-09-08T00:30:00Z,II,Generation,59.315
T_OMNDW-1,OMNDO-1,2026-09-08,4,2026-09-08T01:00:00Z,II,Generation,51.700
T_OMNDW-1,OMNDO-1,2026-09-08,5,2026-09-08T01:30:00Z,II,Generation,47.315
T_OMNDW-1,OMNDO-1,2026-09-08,6,2026-09-08T02:00:00Z,II,Generation,59.205
T_OMNDW-1,OMNDO-1,2026-09-08,7,2026-09-08T02:30:00Z,II,Generation,59.515
T_OMNDW-1,OMNDO-1,2026-09-08,8,2026-09-08T03:00:00Z,II,Generation,58.920
T_OMNDW-1,OMNDO-1,2026-09-08,9,2026-09-08T03:30:00Z,II,Generation,59.995
T_OMNDW-1,OMNDO-1,2026-09-08,10,2026-09-08T04:00:00Z,II,Generation,60.815
T_OMNDW-1,OMNDO-1,2026-09-08,11,2026-09-08T04:30:00Z,II,Generation,60.465
T_OMNDW-1,OMNDO-1,2026-09-08,12,2026-09-08T05:00:00Z,II,Generation,57.395
T_OMNDW-1,OMNDO-1,2026-09-08,13,2026-09-08T05:30:00Z,II,Generation,58.280
T_OMNDW-1,OMNDO-1,2026-09-08,14,2026-09-08T06:00:00Z,II,Generation,58.635
T_OMNDW-1,OMNDO-1,2026-09-08,15,2026-09-08T06:30:00Z,II,Generation,61.400
T_OMNDW-1,OMNDO-1,2026-09-08,16,2026-09-08T07:00:00Z,II,Generation,64.955
T_OMNDW-1,OMNDO-1,2026-09-08,17,2026-09-08T07:30:00Z,II,Generation,65.885
T_OMNDW-1,OMNDO-1,2026-09-08,18,2026-09-08T08:00:00Z,II,Generation,61.515
T_OMNDW-1,OMNDO-1,2026-09-08,19,2026-09-08T08:30:00Z,II,Generation,66.045
T_OMNDW-1,OMNDO-1,2026-09-08,20,2026-09-08T09:00:00Z,II,Generation,65.440
T_OMNDW-1,OMNDO-1,2026-09-08,21,2026-09-08T09:30:00Z,II,Generation,62.585
T_OMNDW-1,OMNDO-1,2026-09-08,22,2026-09-08T10:00:00Z,II,Generation,64.605
T_OMNDW-1,OMNDO-1,2026-09-08,23,2026-09-08T10:30:00Z,II,Generation,66.895
T_OMNDW-1,OMNDO-1,2026-09-08,24,2026-09-08T11:00:00Z,II,Generation,66.485
T_OMNDW-1,OMNDO-1,2026-09-08,25,2026-09-08T11:30:00Z,II,Generation,66.545
T_OMNDW-1,OMNDO-1,2026-09-08,26,2026-09-08T12:00:00Z,II,Generation,64.730
T_OMNDW-1,OMNDO-1,2026-09-08,27,2026-09-08T12:30:00Z,II,Generation,65.175
T_OMNDW-1,OMNDO-1,2026-09-08,28,2026-09-08T13:00:00Z,II,Generation,65.205
T_OMNDW-1,OMNDO-1,2026-09-08,29,2026-09-08T13:30:00Z,II,Generation,43.005
T_OMNDW-1,OMNDO-1,2026-09-08,30,2026-09-08T14:00:00Z,II,Generation,58.785
T_OMNDW-1,OMNDO-1,2026-09-08,31,2026-09-08T14:30:00Z,II,Generation,65.430
T_OMNDW-1,OMNDO-1,2026-09-08,32,2026-09-08T15:00:00Z,II,Generation,63.275
T_OMNDW-1,OMNDO-1,2026-09-08,33,2026-09-08T15:30:00Z,II,Generation,59.870
T_OMNDW-1,OMNDO-1,2026-09-08,34,2026-09-08T16:00:00Z,II,Generation,62.205
T_OMNDW-1,OMNDO-1,2026-09-08,35,2026-09-08T16:30:00Z,II,Generation,66.395
T_OMNDW-1,OMNDO-1,2026-09-08,36,2026-09-08T17:00:00Z,II,Generation,68.360
T_OMNDW-1,OMNDO-1,2026-09-08,37,2026-09-08T17:30:00Z,II,Generation,67.615
T_OMNDW-1,OMNDO-1,2026-09-08,38,2026-09-08T18:00:00Z,II,Generation,65.910
T_OMNDW-1,OMNDO-1,2026-09-08,39,2026-09-08T18:30:00Z,II,Generation,63.945
T_OMNDW-1,OMNDO-1,2026-09-08,40,2026-09-08T19:00:00Z,II,Generation,62.760
T_OMNDW-1,OMNDO-1,2026-09-08,41,2026-09-08T19:30:00Z,II,Generation,63.380
T_OMNDW-1,OMNDO-1,2026-09-08,42,2026-09-08T20:00:00Z,II,Generation,64.460
T_OMNDW-1,OMNDO-1,2026-09-08,43,2026-09-08T20:30:00Z,II,Generation,65.895
T_OMNDW-1,OMNDO-1,2026-09-08,44,2026-09-08T21:00:00Z,II,Generation,65.920
T_OMNDW-1,OMNDO-1,2026-09-08,45,2026-09-08T21:30:00Z,II,Generation,65.705
T_OMNDW-1,OMNDO-1,2026-09-08,46,2026-09-08T22:00:00Z,II,Generation,65.570
T_OMNDW-1,OMNDO-1,2026-09-08,47,2026-09-08T22:30:00Z,II,Generation,64.525
T_OMNDW-1,OMNDO-1,2026-09-08,48,2026-09-08T23:00:00Z,II,Generation,64.395
T_PGBIW-1,PGBIW-1,2026-09-08,1,2026-09-07T23:30:00Z,II,Generation,2.899
T_PGBIW-1,PGBIW-1,2026-09-08,2,2026-09-08T00:00:00Z,II,Generation,3.212
T_PGBIW-1,PGBIW-1,2026-09-08,3,2026-09-08T00:30:00Z,II,Generation,4.172
T_PGBIW-1,PGBIW-1,2026-09-08,4,2026-09-08T01:00:00Z,II,Generation,4.077
T_PGBIW-1,PGBIW-1,2026-09-08,5,2026-09-08T01:30:00Z,II,Generation,3.509
T_PGBIW-1,PGBIW-1,2026-09-08,6,2026-09-08T02:00:00Z,II,Generation,3.005
T_PGBIW-1,PGBIW-1,2026-09-08,7,2026-09-08T02:30:00Z,II,Generation,3.369
T_PGBIW-1,PGBIW-1,2026-09-08,8,2026-09-08T03:00:00Z,II,Generation,4.717
T_PGBIW-1,PGBIW-1,2026-09-08,9,2026-09-08T03:30:00Z,II,Generation,3.691
T_PGBIW-1,PGBIW-1,2026-09-08,10,2026-09-08T04:00:00Z,II,Generation,3.911
T_PGBIW-1,PGBIW-1,2026-09-08,11,2026-09-08T04:30:00Z,II,Generation,3.994
T_PGBIW-1,PGBIW-1,2026-09-08,12,2026-09-08T05:00:00Z,II,Generation,3.829
T_PGBIW-1,PGBIW-1,2026-09-08,13,2026-09-08T05:30:00Z,II,Generation,3.330
T_PGBIW-1,PGBIW-1,2026-09-08,14,2026-09-08T06:00:00Z,II,Generation,3.545
T_PGBIW-1,PGBIW-1,2026-09-08,15,2026-09-08T06:30:00Z,II,Generation,4.347
T_PGBIW-1,PGBIW-1,2026-09-08,16,2026-09-08T07:00:00Z,II,Generation,3.231
T_PGBIW-1,PGBIW-1,2026-09-08,17,2026-09-08T07:30:00Z,II,Generation,3.124
T_PGBIW-1,PGBIW-1,2026-09-08,18,2026-09-08T08:00:00Z,II,Generation,3.492
T_PGBIW-1,PGBIW-1,2026-09-08,19,2026-09-08T08:30:00Z,II,Generation,3.401
T_PGBIW-1,PGBIW-1,2026-09-08,20,2026-09-08T09:00:00Z,II,Generation,3.639
T_PGBIW-1,PGBIW-1,2026-09-08,21,2026-09-08T09:30:00Z,II,Generation,3.850
T_PGBIW-1,PGBIW-1,2026-09-08,22,2026-09-08T10:00:00Z,II,Generation,3.510
T_PGBIW-1,PGBIW-1,2026-09-08,23,2026-09-08T10:30:00Z,II,Generation,3.738
T_PGBIW-1,PGBIW-1,2026-09-08,24,2026-09-08T11:00:00Z,II,Generation,3.773
T_PGBIW-1,PGBIW-1,2026-09-08,25,2026-09-08T11:30:00Z,II,Generation,3.547
T_PGBIW-1,PGBIW-1,2026-09-08,26,2026-09-08T12:00:00Z,II,Generation,3.922
T_PGBIW-1,PGBIW-1,2026-09-08,27,2026-09-08T12:30:00Z,II,Generation,4.032
T_PGBIW-1,PGBIW-1,2026-09-08,28,2026-09-08T13:00:00Z,II,Generation,4.075
T_PGBIW-1,PGBIW-1,2026-09-08,29,2026-09-08T13:30:00Z,II,Generation,4.200
T_PGBIW-1,PGBIW-1,2026-09-08,30,2026-09-08T14:00:00Z,II,Generation,4.112
T_PGBIW-1,PGBIW-1,2026-09-08,31,2026-09-08T14:30:00Z,II,Generation,4.141
T_PGBIW-1,PGBIW-1,2026-09-08,32,2026-09-08T15:00:00Z,II,Generation,4.293
T_PGBIW-1,PGBIW-1,2026-09-08,33,2026-09-08T15:30:00Z,II,Generation,4.234
T_PGBIW-1,PGBIW-1,2026-09-08,34,2026-09-08T16:00:00Z,II,Generation,4.060
T_PGBIW-1,PGBIW-1,2026-09-08,35,2026-09-08T16:30:00Z,II,Generation,3.775
T_PGBIW-1,PGBIW-1,2026-09-08,36,2026-09-08T17:00:00Z,II,Generation,3.418
T_PGBIW-1,PGBIW-1,2026-09-08,37,2026-09-08T17:30:00Z,II,Generation,3.133
T_PGBIW-1,PGBIW-1,2026-09-08,38,2026-09-08T18:00:00Z,II,Generation,3.928
T_PGBIW-1,PGBIW-1,2026-09-08,39,2026-09-08T18:30:00Z,II,Generation,3.951
T_PGBIW-1,PGBIW-1,2026-09-08,40,2026-09-08T19:00:00Z,II,Generation,3.693
T_PGBIW-1,PGBIW-1,2026-09-08,41,2026-09-08T19:30:00Z,II,Generation,2.707
T_PGBIW-1,PGBIW-1,2026-09-08,42,2026-09-08T20:00:00Z,II,Generation,3.982
T_PGBIW-1,PGBIW-1,2026-09-08,43,2026-09-08T20:30:00Z,II,Generation,3.452
T_PGBIW-1,PGBIW-1,2026-09-08,44,2026-09-08T21:00:00Z,II,Generation,2.778
T_PGBIW-1,PGBIW-1,2026-09-08,45,2026-09-08T21:30:00Z,II,Generation,2.941
T_PGBIW-1,PGBIW-1,2026-09-08,46,2026-09-08T22:00:00Z,II,Generation,3.256
T_PGBIW-1,PGBIW-1,2026-09-08,47,2026-09-08T22:30:00Z,II,Generation,2.951
T_PGBIW-1,PGBIW-1,2026-09-08,48,2026-09-08T23:00:00Z,II,Generation,2.177
T_PLOEW-1,PLOEW-1,2026-09-08,1,2026-09-07T23:30:00Z,II,Generation,29.986
T_PLOEW-1,PLOEW-1,2026-09-08,2,2026-09-08T00:00:00Z,II,Generation,33.681
T_PLOEW-1,PLOEW-1,2026-09-08,3,2026-09-08T00:30:00Z,II,Generation,30.085
T_PLOEW-1,PLOEW-1,2026-09-08,4,2026-09-08T01:00:00Z,II,Generation,31.442
T_PLOEW-1,PLOEW-1,2026-09-08,5,2026-09-08T01:30:00Z,II,Generation,30.779
T_PLOEW-1,PLOEW-1,2026-09-08,6,2026-09-08T02:00:00Z,II,Generation,33.012
T_PLOEW-1,PLOEW-1,2026-09-08,7,2026-09-08T02:30:00Z,II,Generation,31.029
T_PLOEW-1,PLOEW-1,2026-09-08,8,2026-09-08T03:00:00Z,II,Generation,28.297
T_PLOEW-1,PLOEW-1,2026-09-08,9,2026-09-08T03:30:00Z,II,Generation,30.873
T_PLOEW-1,PLOEW-1,2026-09-08,10,2026-09-08T04:00:00Z,II,Generation,30.331
T_PLOEW-1,PLOEW-1,2026-09-08,11,2026-09-08T04:30:00Z,II,Generation,26.447
T_PLOEW-1,PLOEW-1,2026-09-08,12,2026-09-08T05:00:00Z,II,Generation,26.103
T_PLOEW-1,PLOEW-1,2026-09-08,13,2026-09-08T05:30:00Z,II,Generation,31.520
T_PLOEW-1,PLOEW-1,2026-09-08,14,2026-09-08T06:00:00Z,II,Generation,33.050
T_PLOEW-1,PLOEW-1,2026-09-08,15,2026-09-08T06:30:00Z,II,Generation,34.579
T_PLOEW-1,PLOEW-1,2026-09-08,16,2026-09-08T07:00:00Z,II,Generation,32.086
T_PLOEW-1,PLOEW-1,2026-09-08,17,2026-09-08T07:30:00Z,II,Generation,31.181
T_PLOEW-1,PLOEW-1,2026-09-08,18,2026-09-08T08:00:00Z,II,Generation,29.431
T_PLOEW-1,PLOEW-1,2026-09-08,19,2026-09-08T08:30:00Z,II,Generation,29.914
T_PLOEW-1,PLOEW-1,2026-09-08,20,2026-09-08T09:00:00Z,II,Generation,25.684
T_PLOEW-1,PLOEW-1,2026-09-08,21,2026-09-08T09:30:00Z,II,Generation,26.175
T_PLOEW-1,PLOEW-1,2026-09-08,22,2026-09-08T10:00:00Z,II,Generation,32.652
T_PLOEW-1,PLOEW-1,2026-09-08,23,2026-09-08T10:30:00Z,II,Generation,34.059
T_PLOEW-1,PLOEW-1,2026-09-08,24,2026-09-08T11:00:00Z,II,Generation,34.657
T_PLOEW-1,PLOEW-1,2026-09-08,25,2026-09-08T11:30:00Z,II,Generation,33.375
T_PLOEW-1,PLOEW-1,2026-09-08,26,2026-09-08T12:00:00Z,II,Generation,34.055
T_PLOEW-1,PLOEW-1,2026-09-08,27,2026-09-08T12:30:00Z,II,Generation,34.953
T_PLOEW-1,PLOEW-1,2026-09-08,28,2026-09-08T13:00:00Z,II,Generation,34.321
T_PLOEW-1,PLOEW-1,2026-09-08,29,2026-09-08T13:30:00Z,II,Generation,32.900
T_PLOEW-1,PLOEW-1,2026-09-08,30,2026-09-08T14:00:00Z,II,Generation,29.797
T_PLOEW-1,PLOEW-1,2026-09-08,31,2026-09-08T14:30:00Z,II,Generation,30.015
T_PLOEW-1,PLOEW-1,2026-09-08,32,2026-09-08T15:00:00Z,II,Generation,30.805
T_PLOEW-1,PLOEW-1,2026-09-08,33,2026-09-08T15:30:00Z,II,Generation,32.200
T_PLOEW-1,PLOEW-1,2026-09-08,34,2026-09-08T16:00:00Z,II,Generation,33.569
T_PLOEW-1,PLOEW-1,2026-09-08,35,2026-09-08T16:30:00Z,II,Generation,32.984
T_PLOEW-1,PLOEW-1,2026-09-08,36,2026-09-08T17:00:00Z,II,Generation,33.053
T_PLOEW-1,PLOEW-1,2026-09-08,37,2026-09-08T17:30:00Z,II,Generation,35.229
T_PLOEW-1,PLOEW-1,2026-09-08,38,2026-09-08T18:00:00Z,II,Generation,37.012
T_PLOEW-1,PLOEW-1,2026-09-08,39,2026-09-08T18:30:00Z,II,Generation,34.568
T_PLOEW-1,PLOEW-1,2026-09-08,40,2026-09-08T19:00:00Z,II,Generation,35.124
T_PLOEW-1,PLOEW-1,2026-09-08,41,2026-09-08T19:30:00Z,II,Generation,36.012
T_PLOEW-1,PLOEW-1,2026-09-08,42,2026-09-08T20:00:00Z,II,Generation,34.344
T_PLOEW-1,PLOEW-1,2026-09-08,43,2026-09-08T20:30:00Z,II,Generation,31.393
T_PLOEW-1,PLOEW-1,2026-09-08,44,2026-09-08T21:00:00Z,II,Generation,32.947
T_PLOEW-1,PLOEW-1,2026-09-08,45,2026-09-08T21:30:00Z,II,Generation,30.524
T_PLOEW-1,PLOEW-1,2026-09-08,46,2026-09-08T22:00:00Z,II,Generation,30.840
T_PLOEW-1,PLOEW-1,2026-09-08,47,2026-09-08T22:30:00Z,II,Generation,28.631
T_PLOEW-1,PLOEW-1,2026-09-08,48,2026-09-08T23:00:00Z,II,Generation,30.937
T_PNYCW-1,PNYCW-1,2026-09-08,1,2026-09-07T23:30:00Z,II,Generation,60.890
T_PNYCW-1,PNYCW-1,2026-09-08,2,2026-09-08T00:00:00Z,II,Generation,61.475
T_PNYCW-1,PNYCW-1,2026-09-08,3,2026-09-08T00:30:00Z,II,Generation,60.220
T_PNYCW-1,PNYCW-1,2026-09-08,4,2026-09-08T01:00:00Z,II,Generation,51.950
T_PNYCW-1,PNYCW-1,2026-09-08,5,2026-09-08T01:30:00Z,II,Generation,42.260
T_PNYCW-1,PNYCW-1,2026-09-08,6,2026-09-08T02:00:00Z,II,Generation,40.790
T_PNYCW-1,PNYCW-1,2026-09-08,7,2026-09-08T02:30:00Z,II,Generation,37.780
T_PNYCW-1,PNYCW-1,2026-09-08,8,2026-09-08T03:00:00Z,II,Generation,33.725
T_PNYCW-1,PNYCW-1,2026-09-08,9,2026-09-08T03:30:00Z,II,Generation,20.125
T_PNYCW-1,PNYCW-1,2026-09-08,10,2026-09-08T04:00:00Z,II,Generation,12.910
T_PNYCW-1,PNYCW-1,2026-09-08,11,2026-09-08T04:30:00Z,II,Generation,10.525
T_PNYCW-1,PNYCW-1,2026-09-08,12,2026-09-08T05:00:00Z,II,Generation,7.690
T_PNYCW-1,PNYCW-1,2026-09-08,13,2026-09-08T05:30:00Z,II,Generation,11.925
T_PNYCW-1,PNYCW-1,2026-09-08,14,2026-09-08T06:00:00Z,II,Generation,11.050
T_PNYCW-1,PNYCW-1,2026-09-08,15,2026-09-08T06:30:00Z,II,Generation,13.495
T_PNYCW-1,PNYCW-1,2026-09-08,16,2026-09-08T07:00:00Z,II,Generation,19.430
T_PNYCW-1,PNYCW-1,2026-09-08,17,2026-09-08T07:30:00Z,II,Generation,23.295
T_PNYCW-1,PNYCW-1,2026-09-08,18,2026-09-08T08:00:00Z,II,Generation,20.600
T_PNYCW-1,PNYCW-1,2026-09-08,19,2026-09-08T08:30:00Z,II,Generation,15.325
T_PNYCW-1,PNYCW-1,2026-09-08,20,2026-09-08T09:00:00Z,II,Generation,18.570
T_PNYCW-1,PNYCW-1,2026-09-08,21,2026-09-08T09:30:00Z,II,Generation,16.090
T_PNYCW-1,PNYCW-1,2026-09-08,22,2026-09-08T10:00:00Z,II,Generation,16.725
T_PNYCW-1,PNYCW-1,2026-09-08,23,2026-09-08T10:30:00Z,II,Generation,19.110
T_PNYCW-1,PNYCW-1,2026-09-08,24,2026-09-08T11:00:00Z,II,Generation,26.450
T_PNYCW-1,PNYCW-1,2026-09-08,25,2026-09-08T11:30:00Z,II,Generation,28.375
T_PNYCW-1,PNYCW-1,2026-09-08,26,2026-09-08T12:00:00Z,II,Generation,39.625
T_PNYCW-1,PNYCW-1,2026-09-08,27,2026-09-08T12:30:00Z,II,Generation,47.100
T_PNYCW-1,PNYCW-1,2026-09-08,28,2026-09-08T13:00:00Z,II,Generation,50.325
T_PNYCW-1,PNYCW-1,2026-09-08,29,2026-09-08T13:30:00Z,II,Generation,55.070
T_PNYCW-1,PNYCW-1,2026-09-08,30,2026-09-08T14:00:00Z,II,Generation,57.765
T_PNYCW-1,PNYCW-1,2026-09-08,31,2026-09-08T14:30:00Z,II,Generation,57.145
T_PNYCW-1,PNYCW-1,2026-09-08,32,2026-09-08T15:00:00Z,II,Generation,49.810
T_PNYCW-1,PNYCW-1,2026-09-08,33,2026-09-08T15:30:00Z,II,Generation,51.995
T_PNYCW-1,PNYCW-1,2026-09-08,34,2026-09-08T16:00:00Z,II,Generation,49.425
T_PNYCW-1,PNYCW-1,2026-09-08,35,2026-09-08T16:30:00Z,II,Generation,49.570
T_PNYCW-1,PNYCW-1,2026-09-08,36,2026-09-08T17:00:00Z,II,Generation,57.535
T_PNYCW-1,PNYCW-1,2026-09-08,37,2026-09-08T17:30:00Z,II,Generation,59.600
T_PNYCW-1,PNYCW-1,2026-09-08,38,2026-09-08T18:00:00Z,II,Generation,57.595
T_PNYCW-1,PNYCW-1,2026-09-08,39,2026-09-08T18:30:00Z,II,Generation,60.945
T_PNYCW-1,PNYCW-1,2026-09-08,40,2026-09-08T19:00:00Z,II,Generation,60.240
T_PNYCW-1,PNYCW-1,2026-09-08,41,2026-09-08T19:30:00Z,II,Generation,56.565
T_PNYCW-1,PNYCW-1,2026-09-08,42,2026-09-08T20:00:00Z,II,Generation,60.205
T_PNYCW-1,PNYCW-1,2026-09-08,43,2026-09-08T20:30:00Z,II,Generation,62.430
T_PNYCW-1,PNYCW-1,2026-09-08,44,2026-09-08T21:00:00Z,II,Generation,62.305
T_PNYCW-1,PNYCW-1,2026-09-08,45,2026-09-08T21:30:00Z,II,Generation,61.900
T_PNYCW-1,PNYCW-1,2026-09-08,46,2026-09-08T22:00:00Z,II,Generation,61.060
T_PNYCW-1,PNYCW-1,2026-09-08,47,2026-09-08T22:30:00Z,II,Generation,60.365
T_PNYCW-1,PNYCW-1,2026-09-08,48,2026-09-08T23:00:00Z,II,Generation,57.770
T_RCBKO-1,RCBKO-1,2026-09-08,1,2026-09-07T23:30:00Z,II,Generation,64.260
T_RCBKO-1,RCBKO-1,2026-09-08,2,2026-09-08T00:00:00Z,II,Generation,60.100
T_RCBKO-1,RCBKO-1,2026-09-08,3,2026-09-08T00:30:00Z,II,Generation,41.280
T_RCBKO-1,RCBKO-1,2026-09-08,4,2026-09-08T01:00:00Z,II,Generation,55.050
T_RCBKO-1,RCBKO-1,2026-09-08,5,2026-09-08T01:30:00Z,II,Generation,89.770
T_RCBKO-1,RCBKO-1,2026-09-08,6,2026-09-08T02:00:00Z,II,Generation,91.180
T_RCBKO-1,RCBKO-1,2026-09-08,7,2026-09-08T02:30:00Z,II,Generation,85.640
T_RCBKO-1,RCBKO-1,2026-09-08,8,2026-09-08T03:00:00Z,II,Generation,88.990
T_RCBKO-1,RCBKO-1,2026-09-08,9,2026-09-08T03:30:00Z,II,Generation,92.870
T_RCBKO-1,RCBKO-1,2026-09-08,10,2026-09-08T04:00:00Z,II,Generation,94.010
T_RCBKO-1,RCBKO-1,2026-09-08,11,2026-09-08T04:30:00Z,II,Generation,94.220
T_RCBKO-1,RCBKO-1,2026-09-08,12,2026-09-08T05:00:00Z,II,Generation,94.120
T_RCBKO-1,RCBKO-1,2026-09-08,13,2026-09-08T05:30:00Z,II,Generation,94.030
T_RCBKO-1,RCBKO-1,2026-09-08,14,2026-09-08T06:00:00Z,II,Generation,93.010
T_RCBKO-1,RCBKO-1,2026-09-08,15,2026-09-08T06:30:00Z,II,Generation,91.240
T_RCBKO-1,RCBKO-1,2026-09-08,16,2026-09-08T07:00:00Z,II,Generation,80.770
T_RCBKO-1,RCBKO-1,2026-09-08,17,2026-09-08T07:30:00Z,II,Generation,40.570
T_RCBKO-1,RCBKO-1,2026-09-08,18,2026-09-08T08:00:00Z,II,Generation,27.370
T_RCBKO-1,RCBKO-1,2026-09-08,19,2026-09-08T08:30:00Z,II,Generation,23.810
T_RCBKO-1,RCBKO-1,2026-09-08,20,2026-09-08T09:00:00Z,II,Generation,16.720
T_RCBKO-1,RCBKO-1,2026-09-08,21,2026-09-08T09:30:00Z,II,Generation,21.720
T_RCBKO-1,RCBKO-1,2026-09-08,22,2026-09-08T10:00:00Z,II,Generation,17.010
T_RCBKO-1,RCBKO-1,2026-09-08,23,2026-09-08T10:30:00Z,II,Generation,13.090
T_RCBKO-1,RCBKO-1,2026-09-08,24,2026-09-08T11:00:00Z,II,Generation,15.030
T_RCBKO-1,RCBKO-1,2026-09-08,25,2026-09-08T11:30:00Z,II,Generation,15.150
T_RCBKO-1,RCBKO-1,2026-09-08,26,2026-09-08T12:00:00Z,II,Generation,20.270
T_RCBKO-1,RCBKO-1,2026-09-08,27,2026-09-08T12:30:00Z,II,Generation,16.870
T_RCBKO-1,RCBKO-1,2026-09-08,28,2026-09-08T13:00:00Z,II,Generation,19.550
T_RCBKO-1,RCBKO-1,2026-09-08,29,2026-09-08T13:30:00Z,II,Generation,28.750
T_RCBKO-1,RCBKO-1,2026-09-08,30,2026-09-08T14:00:00Z,II,Generation,31.040
T_RCBKO-1,RCBKO-1,2026-09-08,31,2026-09-08T14:30:00Z,II,Generation,27.750
T_RCBKO-1,RCBKO-1,2026-09-08,32,2026-09-08T15:00:00Z,II,Generation,22.760
T_RCBKO-1,RCBKO-1,2026-09-08,33,2026-09-08T15:30:00Z,II,Generation,22.500
T_RCBKO-1,RCBKO-1,2026-09-08,34,2026-09-08T16:00:00Z,II,Generation,23.930
T_RCBKO-1,RCBKO-1,2026-09-08,35,2026-09-08T16:30:00Z,II,Generation,51.010
T_RCBKO-1,RCBKO-1,2026-09-08,36,2026-09-08T17:00:00Z,II,Generation,79.160
T_RCBKO-1,RCBKO-1,2026-09-08,37,2026-09-08T17:30:00Z,II,Generation,88.170
T_RCBKO-1,RCBKO-1,2026-09-08,38,2026-09-08T18:00:00Z,II,Generation,93.410
T_RCBKO-1,RCBKO-1,2026-09-08,39,2026-09-08T18:30:00Z,II,Generation,91.680
T_RCBKO-1,RCBKO-1,2026-09-08,40,2026-09-08T19:00:00Z,II,Generation,93.920
T_RCBKO-1,RCBKO-1,2026-09-08,41,2026-09-08T19:30:00Z,II,Generation,95.070
T_RCBKO-1,RCBKO-1,2026-09-08,42,2026-09-08T20:00:00Z,II,Generation,96.140
T_RCBKO-1,RCBKO-1,2026-09-08,43,2026-09-08T20:30:00Z,II,Generation,96.030
T_RCBKO-1,RCBKO-1,2026-09-08,44,2026-09-08T21:00:00Z,II,Generation,96.030
T_RCBKO-1,RCBKO-1,2026-09-08,45,2026-09-08T21:30:00Z,II,Generation,96.110
T_RCBKO-1,RCBKO-1,2026-09-08,46,2026-09-08T22:00:00Z,II,Generation,96.090
T_RCBKO-1,RCBKO-1,2026-09-08,47,2026-09-08T22:30:00Z,II,Generation,96.080
T_RCBKO-1,RCBKO-1,2026-09-08,48,2026-09-08T23:00:00Z,II,Generation,96.020
T_RCBKO-2,RCBKO-2,2026-09-08,1,2026-09-07T23:30:00Z,II,Generation,61.293
T_RCBKO-2,RCBKO-2,2026-09-08,2,2026-09-08T00:00:00Z,II,Generation,57.933
T_RCBKO-2,RCBKO-2,2026-09-08,3,2026-09-08T00:30:00Z,II,Generation,47.291
T_RCBKO-2,RCBKO-2,2026-09-08,4,2026-09-08T01:00:00Z,II,Generation,56.053
T_RCBKO-2,RCBKO-2,2026-09-08,5,2026-09-08T01:30:00Z,II,Generation,96.673
T_RCBKO-2,RCBKO-2,2026-09-08,6,2026-09-08T02:00:00Z,II,Generation,96.681
T_RCBKO-2,RCBKO-2,2026-09-08,7,2026-09-08T02:30:00Z,II,Generation,91.543
T_RCBKO-2,RCBKO-2,2026-09-08,8,2026-09-08T03:00:00Z,II,Generation,98.263
T_RCBKO-2,RCBKO-2,2026-09-08,9,2026-09-08T03:30:00Z,II,Generation,101.802
T_RCBKO-2,RCBKO-2,2026-09-08,10,2026-09-08T04:00:00Z,II,Generation,104.113
T_RCBKO-2,RCBKO-2,2026-09-08,11,2026-09-08T04:30:00Z,II,Generation,104.742
T_RCBKO-2,RCBKO-2,2026-09-08,12,2026-09-08T05:00:00Z,II,Generation,104.452
T_RCBKO-2,RCBKO-2,2026-09-08,13,2026-09-08T05:30:00Z,II,Generation,103.973
T_RCBKO-2,RCBKO-2,2026-09-08,14,2026-09-08T06:00:00Z,II,Generation,100.223
T_RCBKO-2,RCBKO-2,2026-09-08,15,2026-09-08T06:30:00Z,II,Generation,97.202
T_RCBKO-2,RCBKO-2,2026-09-08,16,2026-09-08T07:00:00Z,II,Generation,93.453
T_RCBKO-2,RCBKO-2,2026-09-08,17,2026-09-08T07:30:00Z,II,Generation,75.113
T_RCBKO-2,RCBKO-2,2026-09-08,18,2026-09-08T08:00:00Z,II,Generation,28.542
T_RCBKO-2,RCBKO-2,2026-09-08,19,2026-09-08T08:30:00Z,II,Generation,24.363
T_RCBKO-2,RCBKO-2,2026-09-08,20,2026-09-08T09:00:00Z,II,Generation,19.333
T_RCBKO-2,RCBKO-2,2026-09-08,21,2026-09-08T09:30:00Z,II,Generation,17.262
T_RCBKO-2,RCBKO-2,2026-09-08,22,2026-09-08T10:00:00Z,II,Generation,17.413
T_RCBKO-2,RCBKO-2,2026-09-08,23,2026-09-08T10:30:00Z,II,Generation,8.223
T_RCBKO-2,RCBKO-2,2026-09-08,24,2026-09-08T11:00:00Z,II,Generation,11.832
T_RCBKO-2,RCBKO-2,2026-09-08,25,2026-09-08T11:30:00Z,II,Generation,14.362
T_RCBKO-2,RCBKO-2,2026-09-08,26,2026-09-08T12:00:00Z,II,Generation,18.373
T_RCBKO-2,RCBKO-2,2026-09-08,27,2026-09-08T12:30:00Z,II,Generation,14.403
T_RCBKO-2,RCBKO-2,2026-09-08,28,2026-09-08T13:00:00Z,II,Generation,14.992
T_RCBKO-2,RCBKO-2,2026-09-08,29,2026-09-08T13:30:00Z,II,Generation,26.193
T_RCBKO-2,RCBKO-2,2026-09-08,30,2026-09-08T14:00:00Z,II,Generation,28.923
T_RCBKO-2,RCBKO-2,2026-09-08,31,2026-09-08T14:30:00Z,II,Generation,29.562
T_RCBKO-2,RCBKO-2,2026-09-08,32,2026-09-08T15:00:00Z,II,Generation,26.133
T_RCBKO-2,RCBKO-2,2026-09-08,33,2026-09-08T15:30:00Z,II,Generation,24.863
T_RCBKO-2,RCBKO-2,2026-09-08,34,2026-09-08T16:00:00Z,II,Generation,23.732
T_RCBKO-2,RCBKO-2,2026-09-08,35,2026-09-08T16:30:00Z,II,Generation,40.303
T_RCBKO-2,RCBKO-2,2026-09-08,36,2026-09-08T17:00:00Z,II,Generation,75.283
T_RCBKO-2,RCBKO-2,2026-09-08,37,2026-09-08T17:30:00Z,II,Generation,91.342
T_RCBKO-2,RCBKO-2,2026-09-08,38,2026-09-08T18:00:00Z,II,Generation,100.013
T_RCBKO-2,RCBKO-2,2026-09-08,39,2026-09-08T18:30:00Z,II,Generation,100.553
T_RCBKO-2,RCBKO-2,2026-09-08,40,2026-09-08T19:00:00Z,II,Generation,102.682
T_RCBKO-2,RCBKO-2,2026-09-08,41,2026-09-08T19:30:00Z,II,Generation,102.573
T_RCBKO-2,RCBKO-2,2026-09-08,42,2026-09-08T20:00:00Z,II,Generation,103.473
T_RCBKO-2,RCBKO-2,2026-09-08,43,2026-09-08T20:30:00Z,II,Generation,103.642
T_RCBKO-2,RCBKO-2,2026-09-08,44,2026-09-08T21:00:00Z,II,Generation,103.583
T_RCBKO-2,RCBKO-2,2026-09-08,45,2026-09-08T21:30:00Z,II,Generation,101.513
T_RCBKO-2,RCBKO-2,2026-09-08,46,2026-09-08T22:00:00Z,II,Generation,100.473
T_RCBKO-2,RCBKO-2,2026-09-08,47,2026-09-08T22:30:00Z,II,Generation,100.462
T_RCBKO-2,RCBKO-2,2026-09-08,48,2026-09-08T23:00:00Z,II,Generation,100.483
T_RMPNO-1,RMPNO-1,2026-09-08,1,2026-09-07T23:30:00Z,II,Generation,84.738
T_RMPNO-1,RMPNO-1,2026-09-08,2,2026-09-08T00:00:00Z,II,Generation,81.468
T_RMPNO-1,RMPNO-1,2026-09-08,3,2026-09-08T00:30:00Z,II,Generation,68.969
T_RMPNO-1,RMPNO-1,2026-09-08,4,2026-09-08T01:00:00Z,II,Generation,74.538
T_RMPNO-1,RMPNO-1,2026-09-08,5,2026-09-08T01:30:00Z,II,Generation,84.127
T_RMPNO-1,RMPNO-1,2026-09-08,6,2026-09-08T02:00:00Z,II,Generation,81.388
T_RMPNO-1,RMPNO-1,2026-09-08,7,2026-09-08T02:30:00Z,II,Generation,70.399
T_RMPNO-1,RMPNO-1,2026-09-08,8,2026-09-08T03:00:00Z,II,Generation,68.868
T_RMPNO-1,RMPNO-1,2026-09-08,9,2026-09-08T03:30:00Z,II,Generation,59.117
T_RMPNO-1,RMPNO-1,2026-09-08,10,2026-09-08T04:00:00Z,II,Generation,48.728
T_RMPNO-1,RMPNO-1,2026-09-08,11,2026-09-08T04:30:00Z,II,Generation,49.809
T_RMPNO-1,RMPNO-1,2026-09-08,12,2026-09-08T05:00:00Z,II,Generation,40.588
T_RMPNO-1,RMPNO-1,2026-09-08,13,2026-09-08T05:30:00Z,II,Generation,66.957
T_RMPNO-1,RMPNO-1,2026-09-08,14,2026-09-08T06:00:00Z,II,Generation,61.468
T_RMPNO-1,RMPNO-1,2026-09-08,15,2026-09-08T06:30:00Z,II,Generation,49.318
T_RMPNO-1,RMPNO-1,2026-09-08,16,2026-09-08T07:00:00Z,II,Generation,58.299
T_RMPNO-1,RMPNO-1,2026-09-08,17,2026-09-08T07:30:00Z,II,Generation,41.008
T_RMPNO-1,RMPNO-1,2026-09-08,18,2026-09-08T08:00:00Z,II,Generation,31.979
T_RMPNO-1,RMPNO-1,2026-09-08,19,2026-09-08T08:30:00Z,II,Generation,18.298
T_RMPNO-1,RMPNO-1,2026-09-08,20,2026-09-08T09:00:00Z,II,Generation,19.689
T_RMPNO-1,RMPNO-1,2026-09-08,21,2026-09-08T09:30:00Z,II,Generation,20.708
T_RMPNO-1,RMPNO-1,2026-09-08,22,2026-09-08T10:00:00Z,II,Generation,19.237
T_RMPNO-1,RMPNO-1,2026-09-08,23,2026-09-08T10:30:00Z,II,Generation,14.609
T_RMPNO-1,RMPNO-1,2026-09-08,24,2026-09-08T11:00:00Z,II,Generation,3.608
T_RMPNO-1,RMPNO-1,2026-09-08,25,2026-09-08T11:30:00Z,II,Generation,16.768
T_RMPNO-1,RMPNO-1,2026-09-08,26,2026-09-08T12:00:00Z,II,Generation,40.689
T_RMPNO-1,RMPNO-1,2026-09-08,27,2026-09-08T12:30:00Z,II,Generation,36.518
T_RMPNO-1,RMPNO-1,2026-09-08,28,2026-09-08T13:00:00Z,II,Generation,37.659
T_RMPNO-1,RMPNO-1,2026-09-08,29,2026-09-08T13:30:00Z,II,Generation,40.949
T_RMPNO-1,RMPNO-1,2026-09-08,30,2026-09-08T14:00:00Z,II,Generation,43.188
T_RMPNO-1,RMPNO-1,2026-09-08,31,2026-09-08T14:30:00Z,II,Generation,59.179
T_RMPNO-1,RMPNO-1,2026-09-08,32,2026-09-08T15:00:00Z,II,Generation,84.768
T_RMPNO-1,RMPNO-1,2026-09-08,33,2026-09-08T15:30:00Z,II,Generation,84.139
T_RMPNO-1,RMPNO-1,2026-09-08,34,2026-09-08T16:00:00Z,II,Generation,74.928
T_RMPNO-1,RMPNO-1,2026-09-08,35,2026-09-08T16:30:00Z,II,Generation,75.288
T_RMPNO-1,RMPNO-1,2026-09-08,36,2026-09-08T17:00:00Z,II,Generation,48.638
T_RMPNO-1,RMPNO-1,2026-09-08,37,2026-09-08T17:30:00Z,II,Generation,54.347
T_RMPNO-1,RMPNO-1,2026-09-08,38,2026-09-08T18:00:00Z,II,Generation,76.338
T_RMPNO-1,RMPNO-1,2026-09-08,39,2026-09-08T18:30:00Z,II,Generation,83.258
T_RMPNO-1,RMPNO-1,2026-09-08,40,2026-09-08T19:00:00Z,II,Generation,88.818
T_RMPNO-1,RMPNO-1,2026-09-08,41,2026-09-08T19:30:00Z,II,Generation,90.138
T_RMPNO-1,RMPNO-1,2026-09-08,42,2026-09-08T20:00:00Z,II,Generation,95.308
T_RMPNO-1,RMPNO-1,2026-09-08,43,2026-09-08T20:30:00Z,II,Generation,94.308
T_RMPNO-1,RMPNO-1,2026-09-08,44,2026-09-08T21:00:00Z,II,Generation,89.928
T_RMPNO-1,RMPNO-1,2026-09-08,45,2026-09-08T21:30:00Z,II,Generation,92.508
T_RMPNO-1,RMPNO-1,2026-09-08,46,2026-09-08T22:00:00Z,II,Generation,94.098
T_RMPNO-1,RMPNO-1,2026-09-08,47,2026-09-08T22:30:00Z,II,Generation,81.478
T_RMPNO-1,RMPNO-1,2026-09-08,48,2026-09-08T23:00:00Z,II,Generation,81.169
T_RMPNO-2,RMPNO-2,2026-09-08,1,2026-09-07T23:30:00Z,II,Generation,69.928
T_RMPNO-2,RMPNO-2,2026-09-08,2,2026-09-08T00:00:00Z,II,Generation,67.099
T_RMPNO-2,RMPNO-2,2026-09-08,3,2026-09-08T00:30:00Z,II,Generation,57.349
T_RMPNO-2,RMPNO-2,2026-09-08,4,2026-09-08T01:00:00Z,II,Generation,58.557
T_RMPNO-2,RMPNO-2,2026-09-08,5,2026-09-08T01:30:00Z,II,Generation,68.039
T_RMPNO-2,RMPNO-2,2026-09-08,6,2026-09-08T02:00:00Z,II,Generation,67.399
T_RMPNO-2,RMPNO-2,2026-09-08,7,2026-09-08T02:30:00Z,II,Generation,55.669
T_RMPNO-2,RMPNO-2,2026-09-08,8,2026-09-08T03:00:00Z,II,Generation,55.017
T_RMPNO-2,RMPNO-2,2026-09-08,9,2026-09-08T03:30:00Z,II,Generation,49.089
T_RMPNO-2,RMPNO-2,2026-09-08,10,2026-09-08T04:00:00Z,II,Generation,42.379
T_RMPNO-2,RMPNO-2,2026-09-08,11,2026-09-08T04:30:00Z,II,Generation,41.879
T_RMPNO-2,RMPNO-2,2026-09-08,12,2026-09-08T05:00:00Z,II,Generation,34.597
T_RMPNO-2,RMPNO-2,2026-09-08,13,2026-09-08T05:30:00Z,II,Generation,51.439
T_RMPNO-2,RMPNO-2,2026-09-08,14,2026-09-08T06:00:00Z,II,Generation,60.999
T_RMPNO-2,RMPNO-2,2026-09-08,15,2026-09-08T06:30:00Z,II,Generation,37.899
T_RMPNO-2,RMPNO-2,2026-09-08,16,2026-09-08T07:00:00Z,II,Generation,44.389
T_RMPNO-2,RMPNO-2,2026-09-08,17,2026-09-08T07:30:00Z,II,Generation,34.599
T_RMPNO-2,RMPNO-2,2026-09-08,18,2026-09-08T08:00:00Z,II,Generation,25.519
T_RMPNO-2,RMPNO-2,2026-09-08,19,2026-09-08T08:30:00Z,II,Generation,13.849
T_RMPNO-2,RMPNO-2,2026-09-08,20,2026-09-08T09:00:00Z,II,Generation,13.827
T_RMPNO-2,RMPNO-2,2026-09-08,21,2026-09-08T09:30:00Z,II,Generation,18.139
T_RMPNO-2,RMPNO-2,2026-09-08,22,2026-09-08T10:00:00Z,II,Generation,16.119
T_RMPNO-2,RMPNO-2,2026-09-08,23,2026-09-08T10:30:00Z,II,Generation,12.639
T_RMPNO-2,RMPNO-2,2026-09-08,24,2026-09-08T11:00:00Z,II,Generation,10.159
T_RMPNO-2,RMPNO-2,2026-09-08,25,2026-09-08T11:30:00Z,II,Generation,4.969
T_RMPNO-2,RMPNO-2,2026-09-08,26,2026-09-08T12:00:00Z,II,Generation,42.279
T_RMPNO-2,RMPNO-2,2026-09-08,27,2026-09-08T12:30:00Z,II,Generation,35.299
T_RMPNO-2,RMPNO-2,2026-09-08,28,2026-09-08T13:00:00Z,II,Generation,36.369
T_RMPNO-2,RMPNO-2,2026-09-08,29,2026-09-08T13:30:00Z,II,Generation,38.939
T_RMPNO-2,RMPNO-2,2026-09-08,30,2026-09-08T14:00:00Z,II,Generation,44.349
T_RMPNO-2,RMPNO-2,2026-09-08,31,2026-09-08T14:30:00Z,II,Generation,48.749
T_RMPNO-2,RMPNO-2,2026-09-08,32,2026-09-08T15:00:00Z,II,Generation,88.699
T_RMPNO-2,RMPNO-2,2026-09-08,33,2026-09-08T15:30:00Z,II,Generation,83.339
T_RMPNO-2,RMPNO-2,2026-09-08,34,2026-09-08T16:00:00Z,II,Generation,75.799
T_RMPNO-2,RMPNO-2,2026-09-08,35,2026-09-08T16:30:00Z,II,Generation,69.169
T_RMPNO-2,RMPNO-2,2026-09-08,36,2026-09-08T17:00:00Z,II,Generation,50.689
T_RMPNO-2,RMPNO-2,2026-09-08,37,2026-09-08T17:30:00Z,II,Generation,49.559
T_RMPNO-2,RMPNO-2,2026-09-08,38,2026-09-08T18:00:00Z,II,Generation,56.658
T_RMPNO-2,RMPNO-2,2026-09-08,39,2026-09-08T18:30:00Z,II,Generation,76.218
T_RMPNO-2,RMPNO-2,2026-09-08,40,2026-09-08T19:00:00Z,II,Generation,81.819
T_RMPNO-2,RMPNO-2,2026-09-08,41,2026-09-08T19:30:00Z,II,Generation,85.719
T_RMPNO-2,RMPNO-2,2026-09-08,42,2026-09-08T20:00:00Z,II,Generation,90.759
T_RMPNO-2,RMPNO-2,2026-09-08,43,2026-09-08T20:30:00Z,II,Generation,92.019
T_RMPNO-2,RMPNO-2,2026-09-08,44,2026-09-08T21:00:00Z,II,Generation,86.339
T_RMPNO-2,RMPNO-2,2026-09-08,45,2026-09-08T21:30:00Z,II,Generation,90.598
T_RMPNO-2,RMPNO-2,2026-09-08,46,2026-09-08T22:00:00Z,II,Generation,90.978
T_RMPNO-2,RMPNO-2,2026-09-08,47,2026-09-08T22:30:00Z,II,Generation,74.649
T_RMPNO-2,RMPNO-2,2026-09-08,48,2026-09-08T23:00:00Z,II,Generation,73.269
T_RREW-1,RREW-1,2026-09-08,1,2026-09-07T23:30:00Z,II,Generation,36.248
T_RREW-1,RREW-1,2026-09-08,2,2026-09-08T00:00:00Z,II,Generation,37.173
T_RREW-1,RREW-1,2026-09-08,3,2026-09-08T00:30:00Z,II,Generation,37.064
T_RREW-1,RREW-1,2026-09-08,4,2026-09-08T01:00:00Z,II,Generation,33.541
T_RREW-1,RREW-1,2026-09-08,5,2026-09-08T01:30:00Z,II,Generation,35.584
T_RREW-1,RREW-1,2026-09-08,6,2026-09-08T02:00:00Z,II,Generation,36.828
T_RREW-1,RREW-1,2026-09-08,7,2026-09-08T02:30:00Z,II,Generation,37.521
T_RREW-1,RREW-1,2026-09-08,8,2026-09-08T03:00:00Z,II,Generation,37.536
T_RREW-1,RREW-1,2026-09-08,9,2026-09-08T03:30:00Z,II,Generation,36.584
T_RREW-1,RREW-1,2026-09-08,10,2026-09-08T04:00:00Z,II,Generation,33.774
T_RREW-1,RREW-1,2026-09-08,11,2026-09-08T04:30:00Z,II,Generation,32.420
T_RREW-1,RREW-1,2026-09-08,12,2026-09-08T05:00:00Z,II,Generation,32.638
T_RREW-1,RREW-1,2026-09-08,13,2026-09-08T05:30:00Z,II,Generation,34.823
T_RREW-1,RREW-1,2026-09-08,14,2026-09-08T06:00:00Z,II,Generation,34.610
T_RREW-1,RREW-1,2026-09-08,15,2026-09-08T06:30:00Z,II,Generation,34.120
T_RREW-1,RREW-1,2026-09-08,16,2026-09-08T07:00:00Z,II,Generation,36.455
T_RREW-1,RREW-1,2026-09-08,17,2026-09-08T07:30:00Z,II,Generation,35.803
T_RREW-1,RREW-1,2026-09-08,18,2026-09-08T08:00:00Z,II,Generation,35.989
T_RREW-1,RREW-1,2026-09-08,19,2026-09-08T08:30:00Z,II,Generation,36.421
T_RREW-1,RREW-1,2026-09-08,20,2026-09-08T09:00:00Z,II,Generation,36.408
T_RREW-1,RREW-1,2026-09-08,21,2026-09-08T09:30:00Z,II,Generation,34.292
T_RREW-1,RREW-1,2026-09-08,22,2026-09-08T10:00:00Z,II,Generation,34.992
T_RREW-1,RREW-1,2026-09-08,23,2026-09-08T10:30:00Z,II,Generation,35.965
T_RREW-1,RREW-1,2026-09-08,24,2026-09-08T11:00:00Z,II,Generation,33.002
T_RREW-1,RREW-1,2026-09-08,25,2026-09-08T11:30:00Z,II,Generation,30.744
T_RREW-1,RREW-1,2026-09-08,26,2026-09-08T12:00:00Z,II,Generation,28.772
T_RREW-1,RREW-1,2026-09-08,27,2026-09-08T12:30:00Z,II,Generation,30.940
T_RREW-1,RREW-1,2026-09-08,28,2026-09-08T13:00:00Z,II,Generation,33.940
T_RREW-1,RREW-1,2026-09-08,29,2026-09-08T13:30:00Z,II,Generation,34.170
T_RREW-1,RREW-1,2026-09-08,30,2026-09-08T14:00:00Z,II,Generation,37.921
T_RREW-1,RREW-1,2026-09-08,31,2026-09-08T14:30:00Z,II,Generation,37.007
T_RREW-1,RREW-1,2026-09-08,32,2026-09-08T15:00:00Z,II,Generation,38.530
T_RREW-1,RREW-1,2026-09-08,33,2026-09-08T15:30:00Z,II,Generation,34.353
T_RREW-1,RREW-1,2026-09-08,34,2026-09-08T16:00:00Z,II,Generation,36.753
T_RREW-1,RREW-1,2026-09-08,35,2026-09-08T16:30:00Z,II,Generation,34.729
T_RREW-1,RREW-1,2026-09-08,36,2026-09-08T17:00:00Z,II,Generation,29.692
T_RREW-1,RREW-1,2026-09-08,37,2026-09-08T17:30:00Z,II,Generation,35.211
T_RREW-1,RREW-1,2026-09-08,38,2026-09-08T18:00:00Z,II,Generation,36.340
T_RREW-1,RREW-1,2026-09-08,39,2026-09-08T18:30:00Z,II,Generation,36.606
T_RREW-1,RREW-1,2026-09-08,40,2026-09-08T19:00:00Z,II,Generation,34.969
T_RREW-1,RREW-1,2026-09-08,41,2026-09-08T19:30:00Z,II,Generation,29.445
T_RREW-1,RREW-1,2026-09-08,42,2026-09-08T20:00:00Z,II,Generation,33.410
T_RREW-1,RREW-1,2026-09-08,43,2026-09-08T20:30:00Z,II,Generation,32.636
T_RREW-1,RREW-1,2026-09-08,44,2026-09-08T21:00:00Z,II,Generation,27.193
T_RREW-1,RREW-1,2026-09-08,45,2026-09-08T21:30:00Z,II,Generation,29.002
T_RREW-1,RREW-1,2026-09-08,46,2026-09-08T22:00:00Z,II,Generation,30.209
T_RREW-1,RREW-1,2026-09-08,47,2026-09-08T22:30:00Z,II,Generation,26.106
T_RREW-1,RREW-1,2026-09-08,48,2026-09-08T23:00:00Z,II,Generation,17.199
T_RRWW-1,RRWW-1,2026-09-08,1,2026-09-07T23:30:00Z,II,Generation,42.511
T_RRWW-1,RRWW-1,2026-09-08,2,2026-09-08T00:00:00Z,II,Generation,42.647
T_RRWW-1,RRWW-1,2026-09-08,3,2026-09-08T00:30:00Z,II,Generation,42.614
T_RRWW-1,RRWW-1,2026-09-08,4,2026-09-08T01:00:00Z,II,Generation,41.069
T_RRWW-1,RRWW-1,2026-09-08,5,2026-09-08T01:30:00Z,II,Generation,42.071
T_RRWW-1,RRWW-1,2026-09-08,6,2026-09-08T02:00:00Z,II,Generation,42.593
T_RRWW-1,RRWW-1,2026-09-08,7,2026-09-08T02:30:00Z,II,Generation,42.843
T_RRWW-1,RRWW-1,2026-09-08,8,2026-09-08T03:00:00Z,II,Generation,42.591
T_RRWW-1,RRWW-1,2026-09-08,9,2026-09-08T03:30:00Z,II,Generation,42.180
T_RRWW-1,RRWW-1,2026-09-08,10,2026-09-08T04:00:00Z,II,Generation,41.321
T_RRWW-1,RRWW-1,2026-09-08,11,2026-09-08T04:30:00Z,II,Generation,39.331
T_RRWW-1,RRWW-1,2026-09-08,12,2026-09-08T05:00:00Z,II,Generation,39.234
T_RRWW-1,RRWW-1,2026-09-08,13,2026-09-08T05:30:00Z,II,Generation,41.117
T_RRWW-1,RRWW-1,2026-09-08,14,2026-09-08T06:00:00Z,II,Generation,41.186
T_RRWW-1,RRWW-1,2026-09-08,15,2026-09-08T06:30:00Z,II,Generation,40.515
T_RRWW-1,RRWW-1,2026-09-08,16,2026-09-08T07:00:00Z,II,Generation,41.997
T_RRWW-1,RRWW-1,2026-09-08,17,2026-09-08T07:30:00Z,II,Generation,41.889
T_RRWW-1,RRWW-1,2026-09-08,18,2026-09-08T08:00:00Z,II,Generation,41.213
T_RRWW-1,RRWW-1,2026-09-08,19,2026-09-08T08:30:00Z,II,Generation,42.487
T_RRWW-1,RRWW-1,2026-09-08,20,2026-09-08T09:00:00Z,II,Generation,42.621
T_RRWW-1,RRWW-1,2026-09-08,21,2026-09-08T09:30:00Z,II,Generation,41.046
T_RRWW-1,RRWW-1,2026-09-08,22,2026-09-08T10:00:00Z,II,Generation,41.145
T_RRWW-1,RRWW-1,2026-09-08,23,2026-09-08T10:30:00Z,II,Generation,41.754
T_RRWW-1,RRWW-1,2026-09-08,24,2026-09-08T11:00:00Z,II,Generation,40.272
T_RRWW-1,RRWW-1,2026-09-08,25,2026-09-08T11:30:00Z,II,Generation,40.286
T_RRWW-1,RRWW-1,2026-09-08,26,2026-09-08T12:00:00Z,II,Generation,34.491
T_RRWW-1,RRWW-1,2026-09-08,27,2026-09-08T12:30:00Z,II,Generation,37.030
T_RRWW-1,RRWW-1,2026-09-08,28,2026-09-08T13:00:00Z,II,Generation,39.210
T_RRWW-1,RRWW-1,2026-09-08,29,2026-09-08T13:30:00Z,II,Generation,38.611
T_RRWW-1,RRWW-1,2026-09-08,30,2026-09-08T14:00:00Z,II,Generation,42.011
T_RRWW-1,RRWW-1,2026-09-08,31,2026-09-08T14:30:00Z,II,Generation,40.754
T_RRWW-1,RRWW-1,2026-09-08,32,2026-09-08T15:00:00Z,II,Generation,42.656
T_RRWW-1,RRWW-1,2026-09-08,33,2026-09-08T15:30:00Z,II,Generation,37.137
T_RRWW-1,RRWW-1,2026-09-08,34,2026-09-08T16:00:00Z,II,Generation,41.742
T_RRWW-1,RRWW-1,2026-09-08,35,2026-09-08T16:30:00Z,II,Generation,40.818
T_RRWW-1,RRWW-1,2026-09-08,36,2026-09-08T17:00:00Z,II,Generation,38.703
T_RRWW-1,RRWW-1,2026-09-08,37,2026-09-08T17:30:00Z,II,Generation,39.854
T_RRWW-1,RRWW-1,2026-09-08,38,2026-09-08T18:00:00Z,II,Generation,41.127
T_RRWW-1,RRWW-1,2026-09-08,39,2026-09-08T18:30:00Z,II,Generation,41.683
T_RRWW-1,RRWW-1,2026-09-08,40,2026-09-08T19:00:00Z,II,Generation,39.623
T_RRWW-1,RRWW-1,2026-09-08,41,2026-09-08T19:30:00Z,II,Generation,34.906
T_RRWW-1,RRWW-1,2026-09-08,42,2026-09-08T20:00:00Z,II,Generation,35.366
T_RRWW-1,RRWW-1,2026-09-08,43,2026-09-08T20:30:00Z,II,Generation,34.247
T_RRWW-1,RRWW-1,2026-09-08,44,2026-09-08T21:00:00Z,II,Generation,27.803
T_RRWW-1,RRWW-1,2026-09-08,45,2026-09-08T21:30:00Z,II,Generation,31.366
T_RRWW-1,RRWW-1,2026-09-08,46,2026-09-08T22:00:00Z,II,Generation,31.211
T_RRWW-1,RRWW-1,2026-09-08,47,2026-09-08T22:30:00Z,II,Generation,28.315
T_RRWW-1,RRWW-1,2026-09-08,48,2026-09-08T23:00:00Z,II,Generation,20.701
T_SAKNW-1,SAKNW-1,2026-09-08,1,2026-09-07T23:30:00Z,II,Generation,-0.374
T_SAKNW-1,SAKNW-1,2026-09-08,2,2026-09-08T00:00:00Z,II,Generation,-0.370
T_SAKNW-1,SAKNW-1,2026-09-08,3,2026-09-08T00:30:00Z,II,Generation,-0.370
T_SAKNW-1,SAKNW-1,2026-09-08,4,2026-09-08T01:00:00Z,II,Generation,-0.372
T_SAKNW-1,SAKNW-1,2026-09-08,5,2026-09-08T01:30:00Z,II,Generation,-0.369
T_SAKNW-1,SAKNW-1,2026-09-08,6,2026-09-08T02:00:00Z,II,Generation,-0.359
T_SAKNW-1,SAKNW-1,2026-09-08,7,2026-09-08T02:30:00Z,II,Generation,-0.358
T_SAKNW-1,SAKNW-1,2026-09-08,8,2026-09-08T03:00:00Z,II,Generation,-0.369
T_SAKNW-1,SAKNW-1,2026-09-08,9,2026-09-08T03:30:00Z,II,Generation,-0.364
T_SAKNW-1,SAKNW-1,2026-09-08,10,2026-09-08T04:00:00Z,II,Generation,-0.363
T_SAKNW-1,SAKNW-1,2026-09-08,11,2026-09-08T04:30:00Z,II,Generation,-0.365
T_SAKNW-1,SAKNW-1,2026-09-08,12,2026-09-08T05:00:00Z,II,Generation,-0.361
T_SAKNW-1,SAKNW-1,2026-09-08,13,2026-09-08T05:30:00Z,II,Generation,-0.358
T_SAKNW-1,SAKNW-1,2026-09-08,14,2026-09-08T06:00:00Z,II,Generation,-0.353
T_SAKNW-1,SAKNW-1,2026-09-08,15,2026-09-08T06:30:00Z,II,Generation,-0.351
T_SAKNW-1,SAKNW-1,2026-09-08,16,2026-09-08T07:00:00Z,II,Generation,-0.354
T_SAKNW-1,SAKNW-1,2026-09-08,17,2026-09-08T07:30:00Z,II,Generation,-0.350
T_SAKNW-1,SAKNW-1,2026-09-08,18,2026-09-08T08:00:00Z,II,Generation,-0.342
T_SAKNW-1,SAKNW-1,2026-09-08,19,2026-09-08T08:30:00Z,II,Generation,-0.332
T_SAKNW-1,SAKNW-1,2026-09-08,20,2026-09-08T09:00:00Z,II,Generation,-0.337
T_SAKNW-1,SAKNW-1,2026-09-08,21,2026-09-08T09:30:00Z,II,Generation,4.918
T_SAKNW-1,SAKNW-1,2026-09-08,22,2026-09-08T10:00:00Z,II,Generation,31.085
T_SAKNW-1,SAKNW-1,2026-09-08,23,2026-09-08T10:30:00Z,II,Generation,33.573
T_SAKNW-1,SAKNW-1,2026-09-08,24,2026-09-08T11:00:00Z,II,Generation,15.115
T_SAKNW-1,SAKNW-1,2026-09-08,25,2026-09-08T11:30:00Z,II,Generation,-0.381
T_SAKNW-1,SAKNW-1,2026-09-08,26,2026-09-08T12:00:00Z,II,Generation,-0.377
T_SAKNW-1,SAKNW-1,2026-09-08,27,2026-09-08T12:30:00Z,II,Generation,-0.383
T_SAKNW-1,SAKNW-1,2026-09-08,28,2026-09-08T13:00:00Z,II,Generation,-0.353
T_SAKNW-1,SAKNW-1,2026-09-08,29,2026-09-08T13:30:00Z,II,Generation,-0.339
T_SAKNW-1,SAKNW-1,2026-09-08,30,2026-09-08T14:00:00Z,II,Generation,-0.355
T_SAKNW-1,SAKNW-1,2026-09-08,31,2026-09-08T14:30:00Z,II,Generation,-0.360
T_SAKNW-1,SAKNW-1,2026-09-08,32,2026-09-08T15:00:00Z,II,Generation,-0.359
T_SAKNW-1,SAKNW-1,2026-09-08,33,2026-09-08T15:30:00Z,II,Generation,-0.352
T_SAKNW-1,SAKNW-1,2026-09-08,34,2026-09-08T16:00:00Z,II,Generation,-0.353
T_SAKNW-1,SAKNW-1,2026-09-08,35,2026-09-08T16:30:00Z,II,Generation,-0.360
T_SAKNW-1,SAKNW-1,2026-09-08,36,2026-09-08T17:00:00Z,II,Generation,-0.359
T_SAKNW-1,SAKNW-1,2026-09-08,37,2026-09-08T17:30:00Z,II,Generation,-0.360
T_SAKNW-1,SAKNW-1,2026-09-08,38,2026-09-08T18:00:00Z,II,Generation,-0.366
T_SAKNW-1,SAKNW-1,2026-09-08,39,2026-09-08T18:30:00Z,II,Generation,-0.357
T_SAKNW-1,SAKNW-1,2026-09-08,40,2026-09-08T19:00:00Z,II,Generation,-0.356
T_SAKNW-1,SAKNW-1,2026-09-08,41,2026-09-08T19:30:00Z,II,Generation,-0.353
T_SAKNW-1,SAKNW-1,2026-09-08,42,2026-09-08T20:00:00Z,II,Generation,-0.351
T_SAKNW-1,SAKNW-1,2026-09-08,43,2026-09-08T20:30:00Z,II,Generation,-0.354
T_SAKNW-1,SAKNW-1,2026-09-08,44,2026-09-08T21:00:00Z,II,Generation,-0.354
T_SAKNW-1,SAKNW-1,2026-09-08,45,2026-09-08T21:30:00Z,II,Generation,-0.339
T_SAKNW-1,SAKNW-1,2026-09-08,46,2026-09-08T22:00:00Z,II,Generation,23.327
T_SAKNW-1,SAKNW-1,2026-09-08,47,2026-09-08T22:30:00Z,II,Generation,31.326
T_SAKNW-1,SAKNW-1,2026-09-08,48,2026-09-08T23:00:00Z,II,Generation,30.760
T_SANQW-1,SANQW-1,2026-09-08,1,2026-09-07T23:30:00Z,II,Generation,14.879
T_SANQW-1,SANQW-1,2026-09-08,2,2026-09-08T00:00:00Z,II,Generation,14.757
T_SANQW-1,SANQW-1,2026-09-08,3,2026-09-08T00:30:00Z,II,Generation,15.039
T_SANQW-1,SANQW-1,2026-09-08,4,2026-09-08T01:00:00Z,II,Generation,15.017
T_SANQW-1,SANQW-1,2026-09-08,5,2026-09-08T01:30:00Z,II,Generation,15.042
T_SANQW-1,SANQW-1,2026-09-08,6,2026-09-08T02:00:00Z,II,Generation,15.041
T_SANQW-1,SANQW-1,2026-09-08,7,2026-09-08T02:30:00Z,II,Generation,15.024
T_SANQW-1,SANQW-1,2026-09-08,8,2026-09-08T03:00:00Z,II,Generation,15.031
T_SANQW-1,SANQW-1,2026-09-08,9,2026-09-08T03:30:00Z,II,Generation,15.041
T_SANQW-1,SANQW-1,2026-09-08,10,2026-09-08T04:00:00Z,II,Generation,15.041
T_SANQW-1,SANQW-1,2026-09-08,11,2026-09-08T04:30:00Z,II,Generation,15.042
T_SANQW-1,SANQW-1,2026-09-08,12,2026-09-08T05:00:00Z,II,Generation,15.045
T_SANQW-1,SANQW-1,2026-09-08,13,2026-09-08T05:30:00Z,II,Generation,15.045
T_SANQW-1,SANQW-1,2026-09-08,14,2026-09-08T06:00:00Z,II,Generation,15.004
T_SANQW-1,SANQW-1,2026-09-08,15,2026-09-08T06:30:00Z,II,Generation,14.955
T_SANQW-1,SANQW-1,2026-09-08,16,2026-09-08T07:00:00Z,II,Generation,14.939
T_SANQW-1,SANQW-1,2026-09-08,17,2026-09-08T07:30:00Z,II,Generation,15.028
T_SANQW-1,SANQW-1,2026-09-08,18,2026-09-08T08:00:00Z,II,Generation,15.041
T_SANQW-1,SANQW-1,2026-09-08,19,2026-09-08T08:30:00Z,II,Generation,15.041
T_SANQW-1,SANQW-1,2026-09-08,20,2026-09-08T09:00:00Z,II,Generation,14.839
T_SANQW-1,SANQW-1,2026-09-08,21,2026-09-08T09:30:00Z,II,Generation,14.581
T_SANQW-1,SANQW-1,2026-09-08,22,2026-09-08T10:00:00Z,II,Generation,15.038
T_SANQW-1,SANQW-1,2026-09-08,23,2026-09-08T10:30:00Z,II,Generation,15.048
T_SANQW-1,SANQW-1,2026-09-08,24,2026-09-08T11:00:00Z,II,Generation,15.037
T_SANQW-1,SANQW-1,2026-09-08,25,2026-09-08T11:30:00Z,II,Generation,15.047
T_SANQW-1,SANQW-1,2026-09-08,26,2026-09-08T12:00:00Z,II,Generation,15.026
T_SANQW-1,SANQW-1,2026-09-08,27,2026-09-08T12:30:00Z,II,Generation,14.648
T_SANQW-1,SANQW-1,2026-09-08,28,2026-09-08T13:00:00Z,II,Generation,15.046
T_SANQW-1,SANQW-1,2026-09-08,29,2026-09-08T13:30:00Z,II,Generation,15.047
T_SANQW-1,SANQW-1,2026-09-08,30,2026-09-08T14:00:00Z,II,Generation,15.041
T_SANQW-1,SANQW-1,2026-09-08,31,2026-09-08T14:30:00Z,II,Generation,15.038
T_SANQW-1,SANQW-1,2026-09-08,32,2026-09-08T15:00:00Z,II,Generation,15.042
T_SANQW-1,SANQW-1,2026-09-08,33,2026-09-08T15:30:00Z,II,Generation,15.049
T_SANQW-1,SANQW-1,2026-09-08,34,2026-09-08T16:00:00Z,II,Generation,15.040
T_SANQW-1,SANQW-1,2026-09-08,35,2026-09-08T16:30:00Z,II,Generation,15.040
T_SANQW-1,SANQW-1,2026-09-08,36,2026-09-08T17:00:00Z,II,Generation,15.044
T_SANQW-1,SANQW-1,2026-09-08,37,2026-09-08T17:30:00Z,II,Generation,15.040
T_SANQW-1,SANQW-1,2026-09-08,38,2026-09-08T18:00:00Z,II,Generation,15.046
T_SANQW-1,SANQW-1,2026-09-08,39,2026-09-08T18:30:00Z,II,Generation,15.049
T_SANQW-1,SANQW-1,2026-09-08,40,2026-09-08T19:00:00Z,II,Generation,15.038
T_SANQW-1,SANQW-1,2026-09-08,41,2026-09-08T19:30:00Z,II,Generation,15.040
T_SANQW-1,SANQW-1,2026-09-08,42,2026-09-08T20:00:00Z,II,Generation,15.044
T_SANQW-1,SANQW-1,2026-09-08,43,2026-09-08T20:30:00Z,II,Generation,15.037
T_SANQW-1,SANQW-1,2026-09-08,44,2026-09-08T21:00:00Z,II,Generation,15.050
T_SANQW-1,SANQW-1,2026-09-08,45,2026-09-08T21:30:00Z,II,Generation,15.039
T_SANQW-1,SANQW-1,2026-09-08,46,2026-09-08T22:00:00Z,II,Generation,15.034
T_SANQW-1,SANQW-1,2026-09-08,47,2026-09-08T22:30:00Z,II,Generation,15.039
T_SANQW-1,SANQW-1,2026-09-08,48,2026-09-08T23:00:00Z,II,Generation,15.034
T_SGRWO-1,SGRWO-1,2026-09-08,1,2026-09-07T23:30:00Z,II,Generation,14.723
T_SGRWO-1,SGRWO-1,2026-09-08,2,2026-09-08T00:00:00Z,II,Generation,14.720
T_SGRWO-1,SGRWO-1,2026-09-08,3,2026-09-08T00:30:00Z,II,Generation,14.740
T_SGRWO-1,SGRWO-1,2026-09-08,4,2026-09-08T01:00:00Z,II,Generation,14.723
T_SGRWO-1,SGRWO-1,2026-09-08,5,2026-09-08T01:30:00Z,II,Generation,14.721
T_SGRWO-1,SGRWO-1,2026-09-08,6,2026-09-08T02:00:00Z,II,Generation,14.725
T_SGRWO-1,SGRWO-1,2026-09-08,7,2026-09-08T02:30:00Z,II,Generation,14.723
T_SGRWO-1,SGRWO-1,2026-09-08,8,2026-09-08T03:00:00Z,II,Generation,14.720
T_SGRWO-1,SGRWO-1,2026-09-08,9,2026-09-08T03:30:00Z,II,Generation,14.727
T_SGRWO-1,SGRWO-1,2026-09-08,10,2026-09-08T04:00:00Z,II,Generation,14.719
T_SGRWO-1,SGRWO-1,2026-09-08,11,2026-09-08T04:30:00Z,II,Generation,14.730
T_SGRWO-1,SGRWO-1,2026-09-08,12,2026-09-08T05:00:00Z,II,Generation,14.723
T_SGRWO-1,SGRWO-1,2026-09-08,13,2026-09-08T05:30:00Z,II,Generation,14.727
T_SGRWO-1,SGRWO-1,2026-09-08,14,2026-09-08T06:00:00Z,II,Generation,14.725
T_SGRWO-1,SGRWO-1,2026-09-08,15,2026-09-08T06:30:00Z,II,Generation,14.726
T_SGRWO-1,SGRWO-1,2026-09-08,16,2026-09-08T07:00:00Z,II,Generation,14.726
T_SGRWO-1,SGRWO-1,2026-09-08,17,2026-09-08T07:30:00Z,II,Generation,14.728
T_SGRWO-1,SGRWO-1,2026-09-08,18,2026-09-08T08:00:00Z,II,Generation,14.723
T_SGRWO-1,SGRWO-1,2026-09-08,19,2026-09-08T08:30:00Z,II,Generation,14.734
T_SGRWO-1,SGRWO-1,2026-09-08,20,2026-09-08T09:00:00Z,II,Generation,14.720
T_SGRWO-1,SGRWO-1,2026-09-08,21,2026-09-08T09:30:00Z,II,Generation,14.699
T_SGRWO-1,SGRWO-1,2026-09-08,22,2026-09-08T10:00:00Z,II,Generation,14.700
T_SGRWO-1,SGRWO-1,2026-09-08,23,2026-09-08T10:30:00Z,II,Generation,14.704
T_SGRWO-1,SGRWO-1,2026-09-08,24,2026-09-08T11:00:00Z,II,Generation,14.723
T_SGRWO-1,SGRWO-1,2026-09-08,25,2026-09-08T11:30:00Z,II,Generation,14.727
T_SGRWO-1,SGRWO-1,2026-09-08,26,2026-09-08T12:00:00Z,II,Generation,14.723
T_SGRWO-1,SGRWO-1,2026-09-08,27,2026-09-08T12:30:00Z,II,Generation,14.723
T_SGRWO-1,SGRWO-1,2026-09-08,28,2026-09-08T13:00:00Z,II,Generation,14.725
T_SGRWO-1,SGRWO-1,2026-09-08,29,2026-09-08T13:30:00Z,II,Generation,14.726
T_SGRWO-1,SGRWO-1,2026-09-08,30,2026-09-08T14:00:00Z,II,Generation,14.721
T_SGRWO-1,SGRWO-1,2026-09-08,31,2026-09-08T14:30:00Z,II,Generation,14.724
T_SGRWO-1,SGRWO-1,2026-09-08,32,2026-09-08T15:00:00Z,II,Generation,14.719
T_SGRWO-1,SGRWO-1,2026-09-08,33,2026-09-08T15:30:00Z,II,Generation,14.725
T_SGRWO-1,SGRWO-1,2026-09-08,34,2026-09-08T16:00:00Z,II,Generation,14.719
T_SGRWO-1,SGRWO-1,2026-09-08,35,2026-09-08T16:30:00Z,II,Generation,14.722
T_SGRWO-1,SGRWO-1,2026-09-08,36,2026-09-08T17:00:00Z,II,Generation,14.724
T_SGRWO-1,SGRWO-1,2026-09-08,37,2026-09-08T17:30:00Z,II,Generation,14.719
T_SGRWO-1,SGRWO-1,2026-09-08,38,2026-09-08T18:00:00Z,II,Generation,14.723
T_SGRWO-1,SGRWO-1,2026-09-08,39,2026-09-08T18:30:00Z,II,Generation,14.723
T_SGRWO-1,SGRWO-1,2026-09-08,40,2026-09-08T19:00:00Z,II,Generation,14.722
T_SGRWO-1,SGRWO-1,2026-09-08,41,2026-09-08T19:30:00Z,II,Generation,14.723
T_SGRWO-1,SGRWO-1,2026-09-08,42,2026-09-08T20:00:00Z,II,Generation,14.724
T_SGRWO-1,SGRWO-1,2026-09-08,43,2026-09-08T20:30:00Z,II,Generation,14.723
T_SGRWO-1,SGRWO-1,2026-09-08,44,2026-09-08T21:00:00Z,II,Generation,14.723
T_SGRWO-1,SGRWO-1,2026-09-08,45,2026-09-08T21:30:00Z,II,Generation,14.726
T_SGRWO-1,SGRWO-1,2026-09-08,46,2026-09-08T22:00:00Z,II,Generation,14.725
T_SGRWO-1,SGRWO-1,2026-09-08,47,2026-09-08T22:30:00Z,II,Generation,14.725
T_SGRWO-1,SGRWO-1,2026-09-08,48,2026-09-08T23:00:00Z,II,Generation,14.728
T_SGRWO-2,SGRWO-2,2026-09-08,1,2026-09-07T23:30:00Z,II,Generation,3.917
T_SGRWO-2,SGRWO-2,2026-09-08,2,2026-09-08T00:00:00Z,II,Generation,3.920
T_SGRWO-2,SGRWO-2,2026-09-08,3,2026-09-08T00:30:00Z,II,Generation,3.919
T_SGRWO-2,SGRWO-2,2026-09-08,4,2026-09-08T01:00:00Z,II,Generation,3.920
T_SGRWO-2,SGRWO-2,2026-09-08,5,2026-09-08T01:30:00Z,II,Generation,3.920
T_SGRWO-2,SGRWO-2,2026-09-08,6,2026-09-08T02:00:00Z,II,Generation,3.920
T_SGRWO-2,SGRWO-2,2026-09-08,7,2026-09-08T02:30:00Z,II,Generation,3.921
T_SGRWO-2,SGRWO-2,2026-09-08,8,2026-09-08T03:00:00Z,II,Generation,3.919
T_SGRWO-2,SGRWO-2,2026-09-08,9,2026-09-08T03:30:00Z,II,Generation,3.921
T_SGRWO-2,SGRWO-2,2026-09-08,10,2026-09-08T04:00:00Z,II,Generation,3.918
T_SGRWO-2,SGRWO-2,2026-09-08,11,2026-09-08T04:30:00Z,II,Generation,3.921
T_SGRWO-2,SGRWO-2,2026-09-08,12,2026-09-08T05:00:00Z,II,Generation,3.920
T_SGRWO-2,SGRWO-2,2026-09-08,13,2026-09-08T05:30:00Z,II,Generation,3.920
T_SGRWO-2,SGRWO-2,2026-09-08,14,2026-09-08T06:00:00Z,II,Generation,3.921
T_SGRWO-2,SGRWO-2,2026-09-08,15,2026-09-08T06:30:00Z,II,Generation,3.919
T_SGRWO-2,SGRWO-2,2026-09-08,16,2026-09-08T07:00:00Z,II,Generation,3.921
T_SGRWO-2,SGRWO-2,2026-09-08,17,2026-09-08T07:30:00Z,II,Generation,3.921
T_SGRWO-2,SGRWO-2,2026-09-08,18,2026-09-08T08:00:00Z,II,Generation,3.921
T_SGRWO-2,SGRWO-2,2026-09-08,19,2026-09-08T08:30:00Z,II,Generation,3.920
T_SGRWO-2,SGRWO-2,2026-09-08,20,2026-09-08T09:00:00Z,II,Generation,3.921
T_SGRWO-2,SGRWO-2,2026-09-08,21,2026-09-08T09:30:00Z,II,Generation,3.915
T_SGRWO-2,SGRWO-2,2026-09-08,22,2026-09-08T10:00:00Z,II,Generation,3.918
T_SGRWO-2,SGRWO-2,2026-09-08,23,2026-09-08T10:30:00Z,II,Generation,3.917
T_SGRWO-2,SGRWO-2,2026-09-08,24,2026-09-08T11:00:00Z,II,Generation,3.920
T_SGRWO-2,SGRWO-2,2026-09-08,25,2026-09-08T11:30:00Z,II,Generation,3.919
T_SGRWO-2,SGRWO-2,2026-09-08,26,2026-09-08T12:00:00Z,II,Generation,3.920
T_SGRWO-2,SGRWO-2,2026-09-08,27,2026-09-08T12:30:00Z,II,Generation,3.918
T_SGRWO-2,SGRWO-2,2026-09-08,28,2026-09-08T13:00:00Z,II,Generation,3.920
T_SGRWO-2,SGRWO-2,2026-09-08,29,2026-09-08T13:30:00Z,II,Generation,3.919
T_SGRWO-2,SGRWO-2,2026-09-08,30,2026-09-08T14:00:00Z,II,Generation,3.921
T_SGRWO-2,SGRWO-2,2026-09-08,31,2026-09-08T14:30:00Z,II,Generation,3.920
T_SGRWO-2,SGRWO-2,2026-09-08,32,2026-09-08T15:00:00Z,II,Generation,3.917
T_SGRWO-2,SGRWO-2,2026-09-08,33,2026-09-08T15:30:00Z,II,Generation,3.920
T_SGRWO-2,SGRWO-2,2026-09-08,34,2026-09-08T16:00:00Z,II,Generation,3.921
T_SGRWO-2,SGRWO-2,2026-09-08,35,2026-09-08T16:30:00Z,II,Generation,3.919
T_SGRWO-2,SGRWO-2,2026-09-08,36,2026-09-08T17:00:00Z,II,Generation,3.918
T_SGRWO-2,SGRWO-2,2026-09-08,37,2026-09-08T17:30:00Z,II,Generation,3.919
T_SGRWO-2,SGRWO-2,2026-09-08,38,2026-09-08T18:00:00Z,II,Generation,3.920
T_SGRWO-2,SGRWO-2,2026-09-08,39,2026-09-08T18:30:00Z,II,Generation,3.918
T_SGRWO-2,SGRWO-2,2026-09-08,40,2026-09-08T19:00:00Z,II,Generation,3.921
T_SGRWO-2,SGRWO-2,2026-09-08,41,2026-09-08T19:30:00Z,II,Generation,3.920
T_SGRWO-2,SGRWO-2,2026-09-08,42,2026-09-08T20:00:00Z,II,Generation,3.920
T_SGRWO-2,SGRWO-2,2026-09-08,43,2026-09-08T20:30:00Z,II,Generation,3.920
T_SGRWO-2,SGRWO-2,2026-09-08,44,2026-09-08T21:00:00Z,II,Generation,3.919
T_SGRWO-2,SGRWO-2,2026-09-08,45,2026-09-08T21:30:00Z,II,Generation,3.919
T_SGRWO-2,SGRWO-2,2026-09-08,46,2026-09-08T22:00:00Z,II,Generation,3.920
T_SGRWO-2,SGRWO-2,2026-09-08,47,2026-09-08T22:30:00Z,II,Generation,3.920
T_SGRWO-2,SGRWO-2,2026-09-08,48,2026-09-08T23:00:00Z,II,Generation,3.922
T_SGRWO-3,SGRWO-3,2026-09-08,1,2026-09-07T23:30:00Z,II,Generation,7.803
T_SGRWO-3,SGRWO-3,2026-09-08,2,2026-09-08T00:00:00Z,II,Generation,7.802
T_SGRWO-3,SGRWO-3,2026-09-08,3,2026-09-08T00:30:00Z,II,Generation,7.801
T_SGRWO-3,SGRWO-3,2026-09-08,4,2026-09-08T01:00:00Z,II,Generation,7.803
T_SGRWO-3,SGRWO-3,2026-09-08,5,2026-09-08T01:30:00Z,II,Generation,7.801
T_SGRWO-3,SGRWO-3,2026-09-08,6,2026-09-08T02:00:00Z,II,Generation,7.800
T_SGRWO-3,SGRWO-3,2026-09-08,7,2026-09-08T02:30:00Z,II,Generation,7.802
T_SGRWO-3,SGRWO-3,2026-09-08,8,2026-09-08T03:00:00Z,II,Generation,7.802
T_SGRWO-3,SGRWO-3,2026-09-08,9,2026-09-08T03:30:00Z,II,Generation,7.800
T_SGRWO-3,SGRWO-3,2026-09-08,10,2026-09-08T04:00:00Z,II,Generation,7.802
T_SGRWO-3,SGRWO-3,2026-09-08,11,2026-09-08T04:30:00Z,II,Generation,7.802
T_SGRWO-3,SGRWO-3,2026-09-08,12,2026-09-08T05:00:00Z,II,Generation,7.804
T_SGRWO-3,SGRWO-3,2026-09-08,13,2026-09-08T05:30:00Z,II,Generation,7.801
T_SGRWO-3,SGRWO-3,2026-09-08,14,2026-09-08T06:00:00Z,II,Generation,7.802
T_SGRWO-3,SGRWO-3,2026-09-08,15,2026-09-08T06:30:00Z,II,Generation,7.802
T_SGRWO-3,SGRWO-3,2026-09-08,16,2026-09-08T07:00:00Z,II,Generation,7.803
T_SGRWO-3,SGRWO-3,2026-09-08,17,2026-09-08T07:30:00Z,II,Generation,7.802
T_SGRWO-3,SGRWO-3,2026-09-08,18,2026-09-08T08:00:00Z,II,Generation,7.804
T_SGRWO-3,SGRWO-3,2026-09-08,19,2026-09-08T08:30:00Z,II,Generation,7.800
T_SGRWO-3,SGRWO-3,2026-09-08,20,2026-09-08T09:00:00Z,II,Generation,7.802
T_SGRWO-3,SGRWO-3,2026-09-08,21,2026-09-08T09:30:00Z,II,Generation,7.801
T_SGRWO-3,SGRWO-3,2026-09-08,22,2026-09-08T10:00:00Z,II,Generation,7.801
T_SGRWO-3,SGRWO-3,2026-09-08,23,2026-09-08T10:30:00Z,II,Generation,7.805
T_SGRWO-3,SGRWO-3,2026-09-08,24,2026-09-08T11:00:00Z,II,Generation,7.801
T_SGRWO-3,SGRWO-3,2026-09-08,25,2026-09-08T11:30:00Z,II,Generation,7.803
T_SGRWO-3,SGRWO-3,2026-09-08,26,2026-09-08T12:00:00Z,II,Generation,7.798
T_SGRWO-3,SGRWO-3,2026-09-08,27,2026-09-08T12:30:00Z,II,Generation,7.803
T_SGRWO-3,SGRWO-3,2026-09-08,28,2026-09-08T13:00:00Z,II,Generation,7.801
T_SGRWO-3,SGRWO-3,2026-09-08,29,2026-09-08T13:30:00Z,II,Generation,7.802
T_SGRWO-3,SGRWO-3,2026-09-08,30,2026-09-08T14:00:00Z,II,Generation,7.801
T_SGRWO-3,SGRWO-3,2026-09-08,31,2026-09-08T14:30:00Z,II,Generation,7.800
T_SGRWO-3,SGRWO-3,2026-09-08,32,2026-09-08T15:00:00Z,II,Generation,7.800
T_SGRWO-3,SGRWO-3,2026-09-08,33,2026-09-08T15:30:00Z,II,Generation,7.801
T_SGRWO-3,SGRWO-3,2026-09-08,34,2026-09-08T16:00:00Z,II,Generation,7.801
T_SGRWO-3,SGRWO-3,2026-09-08,35,2026-09-08T16:30:00Z,II,Generation,7.800
T_SGRWO-3,SGRWO-3,2026-09-08,36,2026-09-08T17:00:00Z,II,Generation,7.798
T_SGRWO-3,SGRWO-3,2026-09-08,37,2026-09-08T17:30:00Z,II,Generation,7.801
T_SGRWO-3,SGRWO-3,2026-09-08,38,2026-09-08T18:00:00Z,II,Generation,7.799
T_SGRWO-3,SGRWO-3,2026-09-08,39,2026-09-08T18:30:00Z,II,Generation,7.798
T_SGRWO-3,SGRWO-3,2026-09-08,40,2026-09-08T19:00:00Z,II,Generation,7.799
T_SGRWO-3,SGRWO-3,2026-09-08,41,2026-09-08T19:30:00Z,II,Generation,7.798
T_SGRWO-3,SGRWO-3,2026-09-08,42,2026-09-08T20:00:00Z,II,Generation,7.799
T_SGRWO-3,SGRWO-3,2026-09-08,43,2026-09-08T20:30:00Z,II,Generation,7.799
T_SGRWO-3,SGRWO-3,2026-09-08,44,2026-09-08T21:00:00Z,II,Generation,7.802
T_SGRWO-3,SGRWO-3,2026-09-08,45,2026-09-08T21:30:00Z,II,Generation,7.800
T_SGRWO-3,SGRWO-3,2026-09-08,46,2026-09-08T22:00:00Z,II,Generation,7.798
T_SGRWO-3,SGRWO-3,2026-09-08,47,2026-09-08T22:30:00Z,II,Generation,7.805
T_SGRWO-3,SGRWO-3,2026-09-08,48,2026-09-08T23:00:00Z,II,Generation,7.802
T_SGRWO-4,SGRWO-4,2026-09-08,1,2026-09-07T23:30:00Z,II,Generation,-0.808
T_SGRWO-4,SGRWO-4,2026-09-08,2,2026-09-08T00:00:00Z,II,Generation,-0.808
T_SGRWO-4,SGRWO-4,2026-09-08,3,2026-09-08T00:30:00Z,II,Generation,-0.805
T_SGRWO-4,SGRWO-4,2026-09-08,4,2026-09-08T01:00:00Z,II,Generation,-0.808
T_SGRWO-4,SGRWO-4,2026-09-08,5,2026-09-08T01:30:00Z,II,Generation,-0.809
T_SGRWO-4,SGRWO-4,2026-09-08,6,2026-09-08T02:00:00Z,II,Generation,-0.808
T_SGRWO-4,SGRWO-4,2026-09-08,7,2026-09-08T02:30:00Z,II,Generation,-0.810
T_SGRWO-4,SGRWO-4,2026-09-08,8,2026-09-08T03:00:00Z,II,Generation,-0.807
T_SGRWO-4,SGRWO-4,2026-09-08,9,2026-09-08T03:30:00Z,II,Generation,-0.808
T_SGRWO-4,SGRWO-4,2026-09-08,10,2026-09-08T04:00:00Z,II,Generation,-0.807
T_SGRWO-4,SGRWO-4,2026-09-08,11,2026-09-08T04:30:00Z,II,Generation,-0.808
T_SGRWO-4,SGRWO-4,2026-09-08,12,2026-09-08T05:00:00Z,II,Generation,-0.806
T_SGRWO-4,SGRWO-4,2026-09-08,13,2026-09-08T05:30:00Z,II,Generation,-0.806
T_SGRWO-4,SGRWO-4,2026-09-08,14,2026-09-08T06:00:00Z,II,Generation,-0.805
T_SGRWO-4,SGRWO-4,2026-09-08,15,2026-09-08T06:30:00Z,II,Generation,-0.803
T_SGRWO-4,SGRWO-4,2026-09-08,16,2026-09-08T07:00:00Z,II,Generation,-0.805
T_SGRWO-4,SGRWO-4,2026-09-08,17,2026-09-08T07:30:00Z,II,Generation,-0.805
T_SGRWO-4,SGRWO-4,2026-09-08,18,2026-09-08T08:00:00Z,II,Generation,-0.806
T_SGRWO-4,SGRWO-4,2026-09-08,19,2026-09-08T08:30:00Z,II,Generation,-0.806
T_SGRWO-4,SGRWO-4,2026-09-08,20,2026-09-08T09:00:00Z,II,Generation,-0.807
T_SGRWO-4,SGRWO-4,2026-09-08,21,2026-09-08T09:30:00Z,II,Generation,-0.806
T_SGRWO-4,SGRWO-4,2026-09-08,22,2026-09-08T10:00:00Z,II,Generation,-0.804
T_SGRWO-4,SGRWO-4,2026-09-08,23,2026-09-08T10:30:00Z,II,Generation,-0.803
T_SGRWO-4,SGRWO-4,2026-09-08,24,2026-09-08T11:00:00Z,II,Generation,-0.804
T_SGRWO-4,SGRWO-4,2026-09-08,25,2026-09-08T11:30:00Z,II,Generation,-0.805
T_SGRWO-4,SGRWO-4,2026-09-08,26,2026-09-08T12:00:00Z,II,Generation,-0.804
T_SGRWO-4,SGRWO-4,2026-09-08,27,2026-09-08T12:30:00Z,II,Generation,-0.803
T_SGRWO-4,SGRWO-4,2026-09-08,28,2026-09-08T13:00:00Z,II,Generation,-0.806
T_SGRWO-4,SGRWO-4,2026-09-08,29,2026-09-08T13:30:00Z,II,Generation,-0.809
T_SGRWO-4,SGRWO-4,2026-09-08,30,2026-09-08T14:00:00Z,II,Generation,-0.811
T_SGRWO-4,SGRWO-4,2026-09-08,31,2026-09-08T14:30:00Z,II,Generation,-0.807
T_SGRWO-4,SGRWO-4,2026-09-08,32,2026-09-08T15:00:00Z,II,Generation,-0.807
T_SGRWO-4,SGRWO-4,2026-09-08,33,2026-09-08T15:30:00Z,II,Generation,-0.812
T_SGRWO-4,SGRWO-4,2026-09-08,34,2026-09-08T16:00:00Z,II,Generation,-0.807
T_SGRWO-4,SGRWO-4,2026-09-08,35,2026-09-08T16:30:00Z,II,Generation,-0.813
T_SGRWO-4,SGRWO-4,2026-09-08,36,2026-09-08T17:00:00Z,II,Generation,-0.815
T_SGRWO-4,SGRWO-4,2026-09-08,37,2026-09-08T17:30:00Z,II,Generation,-0.809
T_SGRWO-4,SGRWO-4,2026-09-08,38,2026-09-08T18:00:00Z,II,Generation,-0.807
T_SGRWO-4,SGRWO-4,2026-09-08,39,2026-09-08T18:30:00Z,II,Generation,-0.808
T_SGRWO-4,SGRWO-4,2026-09-08,40,2026-09-08T19:00:00Z,II,Generation,-0.811
T_SGRWO-4,SGRWO-4,2026-09-08,41,2026-09-08T19:30:00Z,II,Generation,-0.804
T_SGRWO-4,SGRWO-4,2026-09-08,42,2026-09-08T20:00:00Z,II,Generation,-0.802
T_SGRWO-4,SGRWO-4,2026-09-08,43,2026-09-08T20:30:00Z,II,Generation,-0.802
T_SGRWO-4,SGRWO-4,2026-09-08,44,2026-09-08T21:00:00Z,II,Generation,-0.803
T_SGRWO-4,SGRWO-4,2026-09-08,45,2026-09-08T21:30:00Z,II,Generation,-0.803
T_SGRWO-4,SGRWO-4,2026-09-08,46,2026-09-08T22:00:00Z,II,Generation,-0.805
T_SGRWO-4,SGRWO-4,2026-09-08,47,2026-09-08T22:30:00Z,II,Generation,-0.805
T_SGRWO-4,SGRWO-4,2026-09-08,48,2026-09-08T23:00:00Z,II,Generation,-0.803
T_SGRWO-5,SGRWO-5,2026-09-08,1,2026-09-07T23:30:00Z,II,Generation,3.926
T_SGRWO-5,SGRWO-5,2026-09-08,2,2026-09-08T00:00:00Z,II,Generation,3.928
T_SGRWO-5,SGRWO-5,2026-09-08,3,2026-09-08T00:30:00Z,II,Generation,3.923
T_SGRWO-5,SGRWO-5,2026-09-08,4,2026-09-08T01:00:00Z,II,Generation,3.928
T_SGRWO-5,SGRWO-5,2026-09-08,5,2026-09-08T01:30:00Z,II,Generation,3.925
T_SGRWO-5,SGRWO-5,2026-09-08,6,2026-09-08T02:00:00Z,II,Generation,3.927
T_SGRWO-5,SGRWO-5,2026-09-08,7,2026-09-08T02:30:00Z,II,Generation,3.927
T_SGRWO-5,SGRWO-5,2026-09-08,8,2026-09-08T03:00:00Z,II,Generation,3.926
T_SGRWO-5,SGRWO-5,2026-09-08,9,2026-09-08T03:30:00Z,II,Generation,3.926
T_SGRWO-5,SGRWO-5,2026-09-08,10,2026-09-08T04:00:00Z,II,Generation,3.926
T_SGRWO-5,SGRWO-5,2026-09-08,11,2026-09-08T04:30:00Z,II,Generation,3.926
T_SGRWO-5,SGRWO-5,2026-09-08,12,2026-09-08T05:00:00Z,II,Generation,3.928
T_SGRWO-5,SGRWO-5,2026-09-08,13,2026-09-08T05:30:00Z,II,Generation,3.927
T_SGRWO-5,SGRWO-5,2026-09-08,14,2026-09-08T06:00:00Z,II,Generation,3.927
T_SGRWO-5,SGRWO-5,2026-09-08,15,2026-09-08T06:30:00Z,II,Generation,3.927
T_SGRWO-5,SGRWO-5,2026-09-08,16,2026-09-08T07:00:00Z,II,Generation,3.927
T_SGRWO-5,SGRWO-5,2026-09-08,17,2026-09-08T07:30:00Z,II,Generation,3.927
T_SGRWO-5,SGRWO-5,2026-09-08,18,2026-09-08T08:00:00Z,II,Generation,3.928
T_SGRWO-5,SGRWO-5,2026-09-08,19,2026-09-08T08:30:00Z,II,Generation,3.927
T_SGRWO-5,SGRWO-5,2026-09-08,20,2026-09-08T09:00:00Z,II,Generation,3.926
T_SGRWO-5,SGRWO-5,2026-09-08,21,2026-09-08T09:30:00Z,II,Generation,3.928
T_SGRWO-5,SGRWO-5,2026-09-08,22,2026-09-08T10:00:00Z,II,Generation,3.927
T_SGRWO-5,SGRWO-5,2026-09-08,23,2026-09-08T10:30:00Z,II,Generation,3.927
T_SGRWO-5,SGRWO-5,2026-09-08,24,2026-09-08T11:00:00Z,II,Generation,3.925
T_SGRWO-5,SGRWO-5,2026-09-08,25,2026-09-08T11:30:00Z,II,Generation,3.928
T_SGRWO-5,SGRWO-5,2026-09-08,26,2026-09-08T12:00:00Z,II,Generation,3.925
T_SGRWO-5,SGRWO-5,2026-09-08,27,2026-09-08T12:30:00Z,II,Generation,3.927
T_SGRWO-5,SGRWO-5,2026-09-08,28,2026-09-08T13:00:00Z,II,Generation,3.926
T_SGRWO-5,SGRWO-5,2026-09-08,29,2026-09-08T13:30:00Z,II,Generation,3.928
T_SGRWO-5,SGRWO-5,2026-09-08,30,2026-09-08T14:00:00Z,II,Generation,3.925
T_SGRWO-5,SGRWO-5,2026-09-08,31,2026-09-08T14:30:00Z,II,Generation,3.925
T_SGRWO-5,SGRWO-5,2026-09-08,32,2026-09-08T15:00:00Z,II,Generation,3.927
T_SGRWO-5,SGRWO-5,2026-09-08,33,2026-09-08T15:30:00Z,II,Generation,3.925
T_SGRWO-5,SGRWO-5,2026-09-08,34,2026-09-08T16:00:00Z,II,Generation,3.926
T_SGRWO-5,SGRWO-5,2026-09-08,35,2026-09-08T16:30:00Z,II,Generation,3.926
T_SGRWO-5,SGRWO-5,2026-09-08,36,2026-09-08T17:00:00Z,II,Generation,3.926
T_SGRWO-5,SGRWO-5,2026-09-08,37,2026-09-08T17:30:00Z,II,Generation,3.926
T_SGRWO-5,SGRWO-5,2026-09-08,38,2026-09-08T18:00:00Z,II,Generation,3.925
T_SGRWO-5,SGRWO-5,2026-09-08,39,2026-09-08T18:30:00Z,II,Generation,3.925
T_SGRWO-5,SGRWO-5,2026-09-08,40,2026-09-08T19:00:00Z,II,Generation,3.927
T_SGRWO-5,SGRWO-5,2026-09-08,41,2026-09-08T19:30:00Z,II,Generation,3.927
T_SGRWO-5,SGRWO-5,2026-09-08,42,2026-09-08T20:00:00Z,II,Generation,3.924
T_SGRWO-5,SGRWO-5,2026-09-08,43,2026-09-08T20:30:00Z,II,Generation,3.929
T_SGRWO-5,SGRWO-5,2026-09-08,44,2026-09-08T21:00:00Z,II,Generation,3.926
T_SGRWO-5,SGRWO-5,2026-09-08,45,2026-09-08T21:30:00Z,II,Generation,3.926
T_SGRWO-5,SGRWO-5,2026-09-08,46,2026-09-08T22:00:00Z,II,Generation,3.927
T_SGRWO-5,SGRWO-5,2026-09-08,47,2026-09-08T22:30:00Z,II,Generation,3.926
T_SGRWO-5,SGRWO-5,2026-09-08,48,2026-09-08T23:00:00Z,II,Generation,3.928
T_SGRWO-6,SGRWO-6,2026-09-08,1,2026-09-07T23:30:00Z,II,Generation,-1.950
T_SGRWO-6,SGRWO-6,2026-09-08,2,2026-09-08T00:00:00Z,II,Generation,-1.951
T_SGRWO-6,SGRWO-6,2026-09-08,3,2026-09-08T00:30:00Z,II,Generation,-1.947
T_SGRWO-6,SGRWO-6,2026-09-08,4,2026-09-08T01:00:00Z,II,Generation,-1.951
T_SGRWO-6,SGRWO-6,2026-09-08,5,2026-09-08T01:30:00Z,II,Generation,-1.951
T_SGRWO-6,SGRWO-6,2026-09-08,6,2026-09-08T02:00:00Z,II,Generation,-1.954
T_SGRWO-6,SGRWO-6,2026-09-08,7,2026-09-08T02:30:00Z,II,Generation,-1.949
T_SGRWO-6,SGRWO-6,2026-09-08,8,2026-09-08T03:00:00Z,II,Generation,-1.940
T_SGRWO-6,SGRWO-6,2026-09-08,9,2026-09-08T03:30:00Z,II,Generation,-1.945
T_SGRWO-6,SGRWO-6,2026-09-08,10,2026-09-08T04:00:00Z,II,Generation,-1.950
T_SGRWO-6,SGRWO-6,2026-09-08,11,2026-09-08T04:30:00Z,II,Generation,-1.949
T_SGRWO-6,SGRWO-6,2026-09-08,12,2026-09-08T05:00:00Z,II,Generation,-1.952
T_SGRWO-6,SGRWO-6,2026-09-08,13,2026-09-08T05:30:00Z,II,Generation,-1.945
T_SGRWO-6,SGRWO-6,2026-09-08,14,2026-09-08T06:00:00Z,II,Generation,-1.943
T_SGRWO-6,SGRWO-6,2026-09-08,15,2026-09-08T06:30:00Z,II,Generation,-1.942
T_SGRWO-6,SGRWO-6,2026-09-08,16,2026-09-08T07:00:00Z,II,Generation,-1.937
T_SGRWO-6,SGRWO-6,2026-09-08,17,2026-09-08T07:30:00Z,II,Generation,-1.937
T_SGRWO-6,SGRWO-6,2026-09-08,18,2026-09-08T08:00:00Z,II,Generation,-1.928
T_SGRWO-6,SGRWO-6,2026-09-08,19,2026-09-08T08:30:00Z,II,Generation,-1.929
T_SGRWO-6,SGRWO-6,2026-09-08,20,2026-09-08T09:00:00Z,II,Generation,-1.929
T_SGRWO-6,SGRWO-6,2026-09-08,21,2026-09-08T09:30:00Z,II,Generation,-1.939
T_SGRWO-6,SGRWO-6,2026-09-08,22,2026-09-08T10:00:00Z,II,Generation,-1.923
T_SGRWO-6,SGRWO-6,2026-09-08,23,2026-09-08T10:30:00Z,II,Generation,-1.922
T_SGRWO-6,SGRWO-6,2026-09-08,24,2026-09-08T11:00:00Z,II,Generation,-1.921
T_SGRWO-6,SGRWO-6,2026-09-08,25,2026-09-08T11:30:00Z,II,Generation,-1.917
T_SGRWO-6,SGRWO-6,2026-09-08,26,2026-09-08T12:00:00Z,II,Generation,-1.922
T_SGRWO-6,SGRWO-6,2026-09-08,27,2026-09-08T12:30:00Z,II,Generation,-1.931
T_SGRWO-6,SGRWO-6,2026-09-08,28,2026-09-08T13:00:00Z,II,Generation,-1.926
T_SGRWO-6,SGRWO-6,2026-09-08,29,2026-09-08T13:30:00Z,II,Generation,-1.928
T_SGRWO-6,SGRWO-6,2026-09-08,30,2026-09-08T14:00:00Z,II,Generation,-1.929
T_SGRWO-6,SGRWO-6,2026-09-08,31,2026-09-08T14:30:00Z,II,Generation,-1.931
T_SGRWO-6,SGRWO-6,2026-09-08,32,2026-09-08T15:00:00Z,II,Generation,-1.913
T_SGRWO-6,SGRWO-6,2026-09-08,33,2026-09-08T15:30:00Z,II,Generation,-1.942
T_SGRWO-6,SGRWO-6,2026-09-08,34,2026-09-08T16:00:00Z,II,Generation,-1.928
T_SGRWO-6,SGRWO-6,2026-09-08,35,2026-09-08T16:30:00Z,II,Generation,-1.957
T_SGRWO-6,SGRWO-6,2026-09-08,36,2026-09-08T17:00:00Z,II,Generation,-1.969
T_SGRWO-6,SGRWO-6,2026-09-08,37,2026-09-08T17:30:00Z,II,Generation,-1.964
T_SGRWO-6,SGRWO-6,2026-09-08,38,2026-09-08T18:00:00Z,II,Generation,-1.951
T_SGRWO-6,SGRWO-6,2026-09-08,39,2026-09-08T18:30:00Z,II,Generation,-1.946
T_SGRWO-6,SGRWO-6,2026-09-08,40,2026-09-08T19:00:00Z,II,Generation,-1.951
T_SGRWO-6,SGRWO-6,2026-09-08,41,2026-09-08T19:30:00Z,II,Generation,-1.946
T_SGRWO-6,SGRWO-6,2026-09-08,42,2026-09-08T20:00:00Z,II,Generation,-1.949
T_SGRWO-6,SGRWO-6,2026-09-08,43,2026-09-08T20:30:00Z,II,Generation,-1.938
T_SGRWO-6,SGRWO-6,2026-09-08,44,2026-09-08T21:00:00Z,II,Generation,-1.935
T_SGRWO-6,SGRWO-6,2026-09-08,45,2026-09-08T21:30:00Z,II,Generation,-1.944
T_SGRWO-6,SGRWO-6,2026-09-08,46,2026-09-08T22:00:00Z,II,Generation,-1.941
T_SGRWO-6,SGRWO-6,2026-09-08,47,2026-09-08T22:30:00Z,II,Generation,-1.938
T_SGRWO-6,SGRWO-6,2026-09-08,48,2026-09-08T23:00:00Z,II,Generation,-1.938
T_SHRSW-1,SHRSO-1,2026-09-08,1,2026-09-07T23:30:00Z,II,Generation,30.341
T_SHRSW-1,SHRSO-1,2026-09-08,2,2026-09-08T00:00:00Z,II,Generation,27.802
T_SHRSW-1,SHRSO-1,2026-09-08,3,2026-09-08T00:30:00Z,II,Generation,19.455
T_SHRSW-1,SHRSO-1,2026-09-08,4,2026-09-08T01:00:00Z,II,Generation,47.830
T_SHRSW-1,SHRSO-1,2026-09-08,5,2026-09-08T01:30:00Z,II,Generation,60.230
T_SHRSW-1,SHRSO-1,2026-09-08,6,2026-09-08T02:00:00Z,II,Generation,60.161
T_SHRSW-1,SHRSO-1,2026-09-08,7,2026-09-08T02:30:00Z,II,Generation,56.482
T_SHRSW-1,SHRSO-1,2026-09-08,8,2026-09-08T03:00:00Z,II,Generation,58.801
T_SHRSW-1,SHRSO-1,2026-09-08,9,2026-09-08T03:30:00Z,II,Generation,60.461
T_SHRSW-1,SHRSO-1,2026-09-08,10,2026-09-08T04:00:00Z,II,Generation,63.243
T_SHRSW-1,SHRSO-1,2026-09-08,11,2026-09-08T04:30:00Z,II,Generation,62.526
T_SHRSW-1,SHRSO-1,2026-09-08,12,2026-09-08T05:00:00Z,II,Generation,62.585
T_SHRSW-1,SHRSO-1,2026-09-08,13,2026-09-08T05:30:00Z,II,Generation,59.487
T_SHRSW-1,SHRSO-1,2026-09-08,14,2026-09-08T06:00:00Z,II,Generation,57.576
T_SHRSW-1,SHRSO-1,2026-09-08,15,2026-09-08T06:30:00Z,II,Generation,59.922
T_SHRSW-1,SHRSO-1,2026-09-08,16,2026-09-08T07:00:00Z,II,Generation,56.661
T_SHRSW-1,SHRSO-1,2026-09-08,17,2026-09-08T07:30:00Z,II,Generation,58.841
T_SHRSW-1,SHRSO-1,2026-09-08,18,2026-09-08T08:00:00Z,II,Generation,55.290
T_SHRSW-1,SHRSO-1,2026-09-08,19,2026-09-08T08:30:00Z,II,Generation,52.983
T_SHRSW-1,SHRSO-1,2026-09-08,20,2026-09-08T09:00:00Z,II,Generation,46.988
T_SHRSW-1,SHRSO-1,2026-09-08,21,2026-09-08T09:30:00Z,II,Generation,25.655
T_SHRSW-1,SHRSO-1,2026-09-08,22,2026-09-08T10:00:00Z,II,Generation,10.403
T_SHRSW-1,SHRSO-1,2026-09-08,23,2026-09-08T10:30:00Z,II,Generation,8.295
T_SHRSW-1,SHRSO-1,2026-09-08,24,2026-09-08T11:00:00Z,II,Generation,6.998
T_SHRSW-1,SHRSO-1,2026-09-08,25,2026-09-08T11:30:00Z,II,Generation,12.247
T_SHRSW-1,SHRSO-1,2026-09-08,26,2026-09-08T12:00:00Z,II,Generation,11.312
T_SHRSW-1,SHRSO-1,2026-09-08,27,2026-09-08T12:30:00Z,II,Generation,10.900
T_SHRSW-1,SHRSO-1,2026-09-08,28,2026-09-08T13:00:00Z,II,Generation,7.021
T_SHRSW-1,SHRSO-1,2026-09-08,29,2026-09-08T13:30:00Z,II,Generation,8.718
T_SHRSW-1,SHRSO-1,2026-09-08,30,2026-09-08T14:00:00Z,II,Generation,10.887
T_SHRSW-1,SHRSO-1,2026-09-08,31,2026-09-08T14:30:00Z,II,Generation,17.758
T_SHRSW-1,SHRSO-1,2026-09-08,32,2026-09-08T15:00:00Z,II,Generation,25.483
T_SHRSW-1,SHRSO-1,2026-09-08,33,2026-09-08T15:30:00Z,II,Generation,19.714
T_SHRSW-1,SHRSO-1,2026-09-08,34,2026-09-08T16:00:00Z,II,Generation,25.717
T_SHRSW-1,SHRSO-1,2026-09-08,35,2026-09-08T16:30:00Z,II,Generation,28.623
T_SHRSW-1,SHRSO-1,2026-09-08,36,2026-09-08T17:00:00Z,II,Generation,34.309
T_SHRSW-1,SHRSO-1,2026-09-08,37,2026-09-08T17:30:00Z,II,Generation,45.024
T_SHRSW-1,SHRSO-1,2026-09-08,38,2026-09-08T18:00:00Z,II,Generation,63.129
T_SHRSW-1,SHRSO-1,2026-09-08,39,2026-09-08T18:30:00Z,II,Generation,68.454
T_SHRSW-1,SHRSO-1,2026-09-08,40,2026-09-08T19:00:00Z,II,Generation,69.069
T_SHRSW-1,SHRSO-1,2026-09-08,41,2026-09-08T19:30:00Z,II,Generation,67.428
T_SHRSW-1,SHRSO-1,2026-09-08,42,2026-09-08T20:00:00Z,II,Generation,69.929
T_SHRSW-1,SHRSO-1,2026-09-08,43,2026-09-08T20:30:00Z,II,Generation,70.253
T_SHRSW-1,SHRSO-1,2026-09-08,44,2026-09-08T21:00:00Z,II,Generation,69.074
T_SHRSW-1,SHRSO-1,2026-09-08,45,2026-09-08T21:30:00Z,II,Generation,69.075
T_SHRSW-1,SHRSO-1,2026-09-08,46,2026-09-08T22:00:00Z,II,Generation,69.088
T_SHRSW-1,SHRSO-1,2026-09-08,47,2026-09-08T22:30:00Z,II,Generation,69.070
T_SHRSW-1,SHRSO-1,2026-09-08,48,2026-09-08T23:00:00Z,II,Generation,69.080
T_SHRSW-2,SHRSO-2,2026-09-08,1,2026-09-07T23:30:00Z,II,Generation,28.699
T_SHRSW-2,SHRSO-2,2026-09-08,2,2026-09-08T00:00:00Z,II,Generation,19.192
T_SHRSW-2,SHRSO-2,2026-09-08,3,2026-09-08T00:30:00Z,II,Generation,16.239
T_SHRSW-2,SHRSO-2,2026-09-08,4,2026-09-08T01:00:00Z,II,Generation,40.790
T_SHRSW-2,SHRSO-2,2026-09-08,5,2026-09-08T01:30:00Z,II,Generation,53.052
T_SHRSW-2,SHRSO-2,2026-09-08,6,2026-09-08T02:00:00Z,II,Generation,61.459
T_SHRSW-2,SHRSO-2,2026-09-08,7,2026-09-08T02:30:00Z,II,Generation,56.960
T_SHRSW-2,SHRSO-2,2026-09-08,8,2026-09-08T03:00:00Z,II,Generation,54.816
T_SHRSW-2,SHRSO-2,2026-09-08,9,2026-09-08T03:30:00Z,II,Generation,59.705
T_SHRSW-2,SHRSO-2,2026-09-08,10,2026-09-08T04:00:00Z,II,Generation,60.374
T_SHRSW-2,SHRSO-2,2026-09-08,11,2026-09-08T04:30:00Z,II,Generation,59.397
T_SHRSW-2,SHRSO-2,2026-09-08,12,2026-09-08T05:00:00Z,II,Generation,61.906
T_SHRSW-2,SHRSO-2,2026-09-08,13,2026-09-08T05:30:00Z,II,Generation,61.912
T_SHRSW-2,SHRSO-2,2026-09-08,14,2026-09-08T06:00:00Z,II,Generation,60.188
T_SHRSW-2,SHRSO-2,2026-09-08,15,2026-09-08T06:30:00Z,II,Generation,63.439
T_SHRSW-2,SHRSO-2,2026-09-08,16,2026-09-08T07:00:00Z,II,Generation,58.024
T_SHRSW-2,SHRSO-2,2026-09-08,17,2026-09-08T07:30:00Z,II,Generation,61.252
T_SHRSW-2,SHRSO-2,2026-09-08,18,2026-09-08T08:00:00Z,II,Generation,55.853
T_SHRSW-2,SHRSO-2,2026-09-08,19,2026-09-08T08:30:00Z,II,Generation,51.762
T_SHRSW-2,SHRSO-2,2026-09-08,20,2026-09-08T09:00:00Z,II,Generation,46.161
T_SHRSW-2,SHRSO-2,2026-09-08,21,2026-09-08T09:30:00Z,II,Generation,40.387
T_SHRSW-2,SHRSO-2,2026-09-08,22,2026-09-08T10:00:00Z,II,Generation,10.994
T_SHRSW-2,SHRSO-2,2026-09-08,23,2026-09-08T10:30:00Z,II,Generation,8.273
T_SHRSW-2,SHRSO-2,2026-09-08,24,2026-09-08T11:00:00Z,II,Generation,5.536
T_SHRSW-2,SHRSO-2,2026-09-08,25,2026-09-08T11:30:00Z,II,Generation,9.375
T_SHRSW-2,SHRSO-2,2026-09-08,26,2026-09-08T12:00:00Z,II,Generation,10.970
T_SHRSW-2,SHRSO-2,2026-09-08,27,2026-09-08T12:30:00Z,II,Generation,9.116
T_SHRSW-2,SHRSO-2,2026-09-08,28,2026-09-08T13:00:00Z,II,Generation,7.411
T_SHRSW-2,SHRSO-2,2026-09-08,29,2026-09-08T13:30:00Z,II,Generation,7.285
T_SHRSW-2,SHRSO-2,2026-09-08,30,2026-09-08T14:00:00Z,II,Generation,9.487
T_SHRSW-2,SHRSO-2,2026-09-08,31,2026-09-08T14:30:00Z,II,Generation,11.633
T_SHRSW-2,SHRSO-2,2026-09-08,32,2026-09-08T15:00:00Z,II,Generation,22.730
T_SHRSW-2,SHRSO-2,2026-09-08,33,2026-09-08T15:30:00Z,II,Generation,21.277
T_SHRSW-2,SHRSO-2,2026-09-08,34,2026-09-08T16:00:00Z,II,Generation,25.468
T_SHRSW-2,SHRSO-2,2026-09-08,35,2026-09-08T16:30:00Z,II,Generation,29.521
T_SHRSW-2,SHRSO-2,2026-09-08,36,2026-09-08T17:00:00Z,II,Generation,31.624
T_SHRSW-2,SHRSO-2,2026-09-08,37,2026-09-08T17:30:00Z,II,Generation,45.490
T_SHRSW-2,SHRSO-2,2026-09-08,38,2026-09-08T18:00:00Z,II,Generation,60.730
T_SHRSW-2,SHRSO-2,2026-09-08,39,2026-09-08T18:30:00Z,II,Generation,72.787
T_SHRSW-2,SHRSO-2,2026-09-08,40,2026-09-08T19:00:00Z,II,Generation,73.554
T_SHRSW-2,SHRSO-2,2026-09-08,41,2026-09-08T19:30:00Z,II,Generation,70.763
T_SHRSW-2,SHRSO-2,2026-09-08,42,2026-09-08T20:00:00Z,II,Generation,73.546
T_SHRSW-2,SHRSO-2,2026-09-08,43,2026-09-08T20:30:00Z,II,Generation,73.636
T_SHRSW-2,SHRSO-2,2026-09-08,44,2026-09-08T21:00:00Z,II,Generation,73.625
T_SHRSW-2,SHRSO-2,2026-09-08,45,2026-09-08T21:30:00Z,II,Generation,73.621
T_SHRSW-2,SHRSO-2,2026-09-08,46,2026-09-08T22:00:00Z,II,Generation,73.615
T_SHRSW-2,SHRSO-2,2026-09-08,47,2026-09-08T22:30:00Z,II,Generation,73.654
T_SHRSW-2,SHRSO-2,2026-09-08,48,2026-09-08T23:00:00Z,II,Generation,73.616
T_SOFOW-11,SOFWO-11,2026-09-08,1,2026-09-07T23:30:00Z,II,Generation,62.064
T_SOFOW-11,SOFWO-11,2026-09-08,2,2026-09-08T00:00:00Z,II,Generation,62.028
T_SOFOW-11,SOFWO-11,2026-09-08,3,2026-09-08T00:30:00Z,II,Generation,59.381
T_SOFOW-11,SOFWO-11,2026-09-08,4,2026-09-08T01:00:00Z,II,Generation,59.176
T_SOFOW-11,SOFWO-11,2026-09-08,5,2026-09-08T01:30:00Z,II,Generation,61.566
T_SOFOW-11,SOFWO-11,2026-09-08,6,2026-09-08T02:00:00Z,II,Generation,61.454
T_SOFOW-11,SOFWO-11,2026-09-08,7,2026-09-08T02:30:00Z,II,Generation,62.002
T_SOFOW-11,SOFWO-11,2026-09-08,8,2026-09-08T03:00:00Z,II,Generation,61.838
T_SOFOW-11,SOFWO-11,2026-09-08,9,2026-09-08T03:30:00Z,II,Generation,62.078
T_SOFOW-11,SOFWO-11,2026-09-08,10,2026-09-08T04:00:00Z,II,Generation,61.993
T_SOFOW-11,SOFWO-11,2026-09-08,11,2026-09-08T04:30:00Z,II,Generation,61.540
T_SOFOW-11,SOFWO-11,2026-09-08,12,2026-09-08T05:00:00Z,II,Generation,61.468
T_SOFOW-11,SOFWO-11,2026-09-08,13,2026-09-08T05:30:00Z,II,Generation,61.508
T_SOFOW-11,SOFWO-11,2026-09-08,14,2026-09-08T06:00:00Z,II,Generation,50.526
T_SOFOW-11,SOFWO-11,2026-09-08,15,2026-09-08T06:30:00Z,II,Generation,38.031
T_SOFOW-11,SOFWO-11,2026-09-08,16,2026-09-08T07:00:00Z,II,Generation,35.071
T_SOFOW-11,SOFWO-11,2026-09-08,17,2026-09-08T07:30:00Z,II,Generation,35.455
T_SOFOW-11,SOFWO-11,2026-09-08,18,2026-09-08T08:00:00Z,II,Generation,55.621
T_SOFOW-11,SOFWO-11,2026-09-08,19,2026-09-08T08:30:00Z,II,Generation,53.370
T_SOFOW-11,SOFWO-11,2026-09-08,20,2026-09-08T09:00:00Z,II,Generation,34.691
T_SOFOW-11,SOFWO-11,2026-09-08,21,2026-09-08T09:30:00Z,II,Generation,32.983
T_SOFOW-11,SOFWO-11,2026-09-08,22,2026-09-08T10:00:00Z,II,Generation,34.254
T_SOFOW-11,SOFWO-11,2026-09-08,23,2026-09-08T10:30:00Z,II,Generation,34.187
T_SOFOW-11,SOFWO-11,2026-09-08,24,2026-09-08T11:00:00Z,II,Generation,34.100
T_SOFOW-11,SOFWO-11,2026-09-08,25,2026-09-08T11:30:00Z,II,Generation,34.276
T_SOFOW-11,SOFWO-11,2026-09-08,26,2026-09-08T12:00:00Z,II,Generation,34.230
T_SOFOW-11,SOFWO-11,2026-09-08,27,2026-09-08T12:30:00Z,II,Generation,33.891
T_SOFOW-11,SOFWO-11,2026-09-08,28,2026-09-08T13:00:00Z,II,Generation,33.954
T_SOFOW-11,SOFWO-11,2026-09-08,29,2026-09-08T13:30:00Z,II,Generation,33.916
T_SOFOW-11,SOFWO-11,2026-09-08,30,2026-09-08T14:00:00Z,II,Generation,34.151
T_SOFOW-11,SOFWO-11,2026-09-08,31,2026-09-08T14:30:00Z,II,Generation,34.054
T_SOFOW-11,SOFWO-11,2026-09-08,32,2026-09-08T15:00:00Z,II,Generation,33.207
T_SOFOW-11,SOFWO-11,2026-09-08,33,2026-09-08T15:30:00Z,II,Generation,32.201
T_SOFOW-11,SOFWO-11,2026-09-08,34,2026-09-08T16:00:00Z,II,Generation,33.283
T_SOFOW-11,SOFWO-11,2026-09-08,35,2026-09-08T16:30:00Z,II,Generation,33.217
T_SOFOW-11,SOFWO-11,2026-09-08,36,2026-09-08T17:00:00Z,II,Generation,34.039
T_SOFOW-11,SOFWO-11,2026-09-08,37,2026-09-08T17:30:00Z,II,Generation,34.263
T_SOFOW-11,SOFWO-11,2026-09-08,38,2026-09-08T18:00:00Z,II,Generation,34.084
T_SOFOW-11,SOFWO-11,2026-09-08,39,2026-09-08T18:30:00Z,II,Generation,34.076
T_SOFOW-11,SOFWO-11,2026-09-08,40,2026-09-08T19:00:00Z,II,Generation,34.106
T_SOFOW-11,SOFWO-11,2026-09-08,41,2026-09-08T19:30:00Z,II,Generation,33.450
T_SOFOW-11,SOFWO-11,2026-09-08,42,2026-09-08T20:00:00Z,II,Generation,33.299
T_SOFOW-11,SOFWO-11,2026-09-08,43,2026-09-08T20:30:00Z,II,Generation,27.301
T_SOFOW-11,SOFWO-11,2026-09-08,44,2026-09-08T21:00:00Z,II,Generation,32.283
T_SOFOW-11,SOFWO-11,2026-09-08,45,2026-09-08T21:30:00Z,II,Generation,32.170
T_SOFOW-11,SOFWO-11,2026-09-08,46,2026-09-08T22:00:00Z,II,Generation,27.217
T_SOFOW-11,SOFWO-11,2026-09-08,47,2026-09-08T22:30:00Z,II,Generation,27.271
T_SOFOW-11,SOFWO-11,2026-09-08,48,2026-09-08T23:00:00Z,II,Generation,28.473
T_SOFOW-12,SOFWO-12,2026-09-08,1,2026-09-07T23:30:00Z,II,Generation,27.307
T_SOFOW-12,SOFWO-12,2026-09-08,2,2026-09-08T00:00:00Z,II,Generation,27.335
T_SOFOW-12,SOFWO-12,2026-09-08,3,2026-09-08T00:30:00Z,II,Generation,27.173
T_SOFOW-12,SOFWO-12,2026-09-08,4,2026-09-08T01:00:00Z,II,Generation,27.082
T_SOFOW-12,SOFWO-12,2026-09-08,5,2026-09-08T01:30:00Z,II,Generation,27.327
T_SOFOW-12,SOFWO-12,2026-09-08,6,2026-09-08T02:00:00Z,II,Generation,27.367
T_SOFOW-12,SOFWO-12,2026-09-08,7,2026-09-08T02:30:00Z,II,Generation,27.345
T_SOFOW-12,SOFWO-12,2026-09-08,8,2026-09-08T03:00:00Z,II,Generation,27.348
T_SOFOW-12,SOFWO-12,2026-09-08,9,2026-09-08T03:30:00Z,II,Generation,27.350
T_SOFOW-12,SOFWO-12,2026-09-08,10,2026-09-08T04:00:00Z,II,Generation,27.349
T_SOFOW-12,SOFWO-12,2026-09-08,11,2026-09-08T04:30:00Z,II,Generation,27.304
T_SOFOW-12,SOFWO-12,2026-09-08,12,2026-09-08T05:00:00Z,II,Generation,26.790
T_SOFOW-12,SOFWO-12,2026-09-08,13,2026-09-08T05:30:00Z,II,Generation,26.052
T_SOFOW-12,SOFWO-12,2026-09-08,14,2026-09-08T06:00:00Z,II,Generation,21.008
T_SOFOW-12,SOFWO-12,2026-09-08,15,2026-09-08T06:30:00Z,II,Generation,15.884
T_SOFOW-12,SOFWO-12,2026-09-08,16,2026-09-08T07:00:00Z,II,Generation,19.773
T_SOFOW-12,SOFWO-12,2026-09-08,17,2026-09-08T07:30:00Z,II,Generation,25.474
T_SOFOW-12,SOFWO-12,2026-09-08,18,2026-09-08T08:00:00Z,II,Generation,26.848
T_SOFOW-12,SOFWO-12,2026-09-08,19,2026-09-08T08:30:00Z,II,Generation,26.919
T_SOFOW-12,SOFWO-12,2026-09-08,20,2026-09-08T09:00:00Z,II,Generation,26.808
T_SOFOW-12,SOFWO-12,2026-09-08,21,2026-09-08T09:30:00Z,II,Generation,29.611
T_SOFOW-12,SOFWO-12,2026-09-08,22,2026-09-08T10:00:00Z,II,Generation,34.256
T_SOFOW-12,SOFWO-12,2026-09-08,23,2026-09-08T10:30:00Z,II,Generation,34.273
T_SOFOW-12,SOFWO-12,2026-09-08,24,2026-09-08T11:00:00Z,II,Generation,34.211
T_SOFOW-12,SOFWO-12,2026-09-08,25,2026-09-08T11:30:00Z,II,Generation,34.209
T_SOFOW-12,SOFWO-12,2026-09-08,26,2026-09-08T12:00:00Z,II,Generation,33.826
T_SOFOW-12,SOFWO-12,2026-09-08,27,2026-09-08T12:30:00Z,II,Generation,33.747
T_SOFOW-12,SOFWO-12,2026-09-08,28,2026-09-08T13:00:00Z,II,Generation,34.255
T_SOFOW-12,SOFWO-12,2026-09-08,29,2026-09-08T13:30:00Z,II,Generation,34.236
T_SOFOW-12,SOFWO-12,2026-09-08,30,2026-09-08T14:00:00Z,II,Generation,34.230
T_SOFOW-12,SOFWO-12,2026-09-08,31,2026-09-08T14:30:00Z,II,Generation,34.010
T_SOFOW-12,SOFWO-12,2026-09-08,32,2026-09-08T15:00:00Z,II,Generation,34.056
T_SOFOW-12,SOFWO-12,2026-09-08,33,2026-09-08T15:30:00Z,II,Generation,33.545
T_SOFOW-12,SOFWO-12,2026-09-08,34,2026-09-08T16:00:00Z,II,Generation,33.550
T_SOFOW-12,SOFWO-12,2026-09-08,35,2026-09-08T16:30:00Z,II,Generation,33.539
T_SOFOW-12,SOFWO-12,2026-09-08,36,2026-09-08T17:00:00Z,II,Generation,33.614
T_SOFOW-12,SOFWO-12,2026-09-08,37,2026-09-08T17:30:00Z,II,Generation,33.073
T_SOFOW-12,SOFWO-12,2026-09-08,38,2026-09-08T18:00:00Z,II,Generation,34.247
T_SOFOW-12,SOFWO-12,2026-09-08,39,2026-09-08T18:30:00Z,II,Generation,34.148
T_SOFOW-12,SOFWO-12,2026-09-08,40,2026-09-08T19:00:00Z,II,Generation,33.380
T_SOFOW-12,SOFWO-12,2026-09-08,41,2026-09-08T19:30:00Z,II,Generation,33.513
T_SOFOW-12,SOFWO-12,2026-09-08,42,2026-09-08T20:00:00Z,II,Generation,34.116
T_SOFOW-12,SOFWO-12,2026-09-08,43,2026-09-08T20:30:00Z,II,Generation,34.165
T_SOFOW-12,SOFWO-12,2026-09-08,44,2026-09-08T21:00:00Z,II,Generation,34.065
T_SOFOW-12,SOFWO-12,2026-09-08,45,2026-09-08T21:30:00Z,II,Generation,34.199
T_SOFOW-12,SOFWO-12,2026-09-08,46,2026-09-08T22:00:00Z,II,Generation,33.076
T_SOFOW-12,SOFWO-12,2026-09-08,47,2026-09-08T22:30:00Z,II,Generation,34.264
T_SOFOW-12,SOFWO-12,2026-09-08,48,2026-09-08T23:00:00Z,II,Generation,34.304
T_SOFOW-21,SOFWO-21,2026-09-08,1,2026-09-07T23:30:00Z,II,Generation,20.496
T_SOFOW-21,SOFWO-21,2026-09-08,2,2026-09-08T00:00:00Z,II,Generation,20.506
T_SOFOW-21,SOFWO-21,2026-09-08,3,2026-09-08T00:30:00Z,II,Generation,20.223
T_SOFOW-21,SOFWO-21,2026-09-08,4,2026-09-08T01:00:00Z,II,Generation,19.350
T_SOFOW-21,SOFWO-21,2026-09-08,5,2026-09-08T01:30:00Z,II,Generation,20.491
T_SOFOW-21,SOFWO-21,2026-09-08,6,2026-09-08T02:00:00Z,II,Generation,20.377
T_SOFOW-21,SOFWO-21,2026-09-08,7,2026-09-08T02:30:00Z,II,Generation,20.474
T_SOFOW-21,SOFWO-21,2026-09-08,8,2026-09-08T03:00:00Z,II,Generation,20.496
T_SOFOW-21,SOFWO-21,2026-09-08,9,2026-09-08T03:30:00Z,II,Generation,20.505
T_SOFOW-21,SOFWO-21,2026-09-08,10,2026-09-08T04:00:00Z,II,Generation,20.505
T_SOFOW-21,SOFWO-21,2026-09-08,11,2026-09-08T04:30:00Z,II,Generation,20.474
T_SOFOW-21,SOFWO-21,2026-09-08,12,2026-09-08T05:00:00Z,II,Generation,20.213
T_SOFOW-21,SOFWO-21,2026-09-08,13,2026-09-08T05:30:00Z,II,Generation,20.457
T_SOFOW-21,SOFWO-21,2026-09-08,14,2026-09-08T06:00:00Z,II,Generation,18.777
T_SOFOW-21,SOFWO-21,2026-09-08,15,2026-09-08T06:30:00Z,II,Generation,13.280
T_SOFOW-21,SOFWO-21,2026-09-08,16,2026-09-08T07:00:00Z,II,Generation,11.576
T_SOFOW-21,SOFWO-21,2026-09-08,17,2026-09-08T07:30:00Z,II,Generation,12.231
T_SOFOW-21,SOFWO-21,2026-09-08,18,2026-09-08T08:00:00Z,II,Generation,16.392
T_SOFOW-21,SOFWO-21,2026-09-08,19,2026-09-08T08:30:00Z,II,Generation,26.646
T_SOFOW-21,SOFWO-21,2026-09-08,20,2026-09-08T09:00:00Z,II,Generation,37.681
T_SOFOW-21,SOFWO-21,2026-09-08,21,2026-09-08T09:30:00Z,II,Generation,52.335
T_SOFOW-21,SOFWO-21,2026-09-08,22,2026-09-08T10:00:00Z,II,Generation,58.861
T_SOFOW-21,SOFWO-21,2026-09-08,23,2026-09-08T10:30:00Z,II,Generation,55.300
T_SOFOW-21,SOFWO-21,2026-09-08,24,2026-09-08T11:00:00Z,II,Generation,55.031
T_SOFOW-21,SOFWO-21,2026-09-08,25,2026-09-08T11:30:00Z,II,Generation,55.249
T_SOFOW-21,SOFWO-21,2026-09-08,26,2026-09-08T12:00:00Z,II,Generation,55.129
T_SOFOW-21,SOFWO-21,2026-09-08,27,2026-09-08T12:30:00Z,II,Generation,61.272
T_SOFOW-21,SOFWO-21,2026-09-08,28,2026-09-08T13:00:00Z,II,Generation,61.746
T_SOFOW-21,SOFWO-21,2026-09-08,29,2026-09-08T13:30:00Z,II,Generation,61.931
T_SOFOW-21,SOFWO-21,2026-09-08,30,2026-09-08T14:00:00Z,II,Generation,61.921
T_SOFOW-21,SOFWO-21,2026-09-08,31,2026-09-08T14:30:00Z,II,Generation,62.088
T_SOFOW-21,SOFWO-21,2026-09-08,32,2026-09-08T15:00:00Z,II,Generation,61.640
T_SOFOW-21,SOFWO-21,2026-09-08,33,2026-09-08T15:30:00Z,II,Generation,59.307
T_SOFOW-21,SOFWO-21,2026-09-08,34,2026-09-08T16:00:00Z,II,Generation,59.466
T_SOFOW-21,SOFWO-21,2026-09-08,35,2026-09-08T16:30:00Z,II,Generation,60.546
T_SOFOW-21,SOFWO-21,2026-09-08,36,2026-09-08T17:00:00Z,II,Generation,61.653
T_SOFOW-21,SOFWO-21,2026-09-08,37,2026-09-08T17:30:00Z,II,Generation,61.649
T_SOFOW-21,SOFWO-21,2026-09-08,38,2026-09-08T18:00:00Z,II,Generation,60.769
T_SOFOW-21,SOFWO-21,2026-09-08,39,2026-09-08T18:30:00Z,II,Generation,61.451
T_SOFOW-21,SOFWO-21,2026-09-08,40,2026-09-08T19:00:00Z,II,Generation,60.953
T_SOFOW-21,SOFWO-21,2026-09-08,41,2026-09-08T19:30:00Z,II,Generation,59.773
T_SOFOW-21,SOFWO-21,2026-09-08,42,2026-09-08T20:00:00Z,II,Generation,59.718
T_SOFOW-21,SOFWO-21,2026-09-08,43,2026-09-08T20:30:00Z,II,Generation,54.612
T_SOFOW-21,SOFWO-21,2026-09-08,44,2026-09-08T21:00:00Z,II,Generation,60.753
T_SOFOW-21,SOFWO-21,2026-09-08,45,2026-09-08T21:30:00Z,II,Generation,59.858
T_SOFOW-21,SOFWO-21,2026-09-08,46,2026-09-08T22:00:00Z,II,Generation,60.749
T_SOFOW-21,SOFWO-21,2026-09-08,47,2026-09-08T22:30:00Z,II,Generation,61.699
T_SOFOW-21,SOFWO-21,2026-09-08,48,2026-09-08T23:00:00Z,II,Generation,62.031
T_SOFOW-22,SOFWO-22,2026-09-08,1,2026-09-07T23:30:00Z,II,Generation,27.663
T_SOFOW-22,SOFWO-22,2026-09-08,2,2026-09-08T00:00:00Z,II,Generation,27.649
T_SOFOW-22,SOFWO-22,2026-09-08,3,2026-09-08T00:30:00Z,II,Generation,27.603
T_SOFOW-22,SOFWO-22,2026-09-08,4,2026-09-08T01:00:00Z,II,Generation,27.456
T_SOFOW-22,SOFWO-22,2026-09-08,5,2026-09-08T01:30:00Z,II,Generation,27.641
T_SOFOW-22,SOFWO-22,2026-09-08,6,2026-09-08T02:00:00Z,II,Generation,27.645
T_SOFOW-22,SOFWO-22,2026-09-08,7,2026-09-08T02:30:00Z,II,Generation,27.650
T_SOFOW-22,SOFWO-22,2026-09-08,8,2026-09-08T03:00:00Z,II,Generation,27.650
T_SOFOW-22,SOFWO-22,2026-09-08,9,2026-09-08T03:30:00Z,II,Generation,27.664
T_SOFOW-22,SOFWO-22,2026-09-08,10,2026-09-08T04:00:00Z,II,Generation,27.654
T_SOFOW-22,SOFWO-22,2026-09-08,11,2026-09-08T04:30:00Z,II,Generation,27.648
T_SOFOW-22,SOFWO-22,2026-09-08,12,2026-09-08T05:00:00Z,II,Generation,27.631
T_SOFOW-22,SOFWO-22,2026-09-08,13,2026-09-08T05:30:00Z,II,Generation,25.205
T_SOFOW-22,SOFWO-22,2026-09-08,14,2026-09-08T06:00:00Z,II,Generation,24.731
T_SOFOW-22,SOFWO-22,2026-09-08,15,2026-09-08T06:30:00Z,II,Generation,17.171
T_SOFOW-22,SOFWO-22,2026-09-08,16,2026-09-08T07:00:00Z,II,Generation,21.412
T_SOFOW-22,SOFWO-22,2026-09-08,17,2026-09-08T07:30:00Z,II,Generation,24.838
T_SOFOW-22,SOFWO-22,2026-09-08,18,2026-09-08T08:00:00Z,II,Generation,27.052
T_SOFOW-22,SOFWO-22,2026-09-08,19,2026-09-08T08:30:00Z,II,Generation,26.733
T_SOFOW-22,SOFWO-22,2026-09-08,20,2026-09-08T09:00:00Z,II,Generation,26.581
T_SOFOW-22,SOFWO-22,2026-09-08,21,2026-09-08T09:30:00Z,II,Generation,27.247
T_SOFOW-22,SOFWO-22,2026-09-08,22,2026-09-08T10:00:00Z,II,Generation,27.588
T_SOFOW-22,SOFWO-22,2026-09-08,23,2026-09-08T10:30:00Z,II,Generation,27.634
T_SOFOW-22,SOFWO-22,2026-09-08,24,2026-09-08T11:00:00Z,II,Generation,27.628
T_SOFOW-22,SOFWO-22,2026-09-08,25,2026-09-08T11:30:00Z,II,Generation,27.562
T_SOFOW-22,SOFWO-22,2026-09-08,26,2026-09-08T12:00:00Z,II,Generation,27.441
T_SOFOW-22,SOFWO-22,2026-09-08,27,2026-09-08T12:30:00Z,II,Generation,27.112
T_SOFOW-22,SOFWO-22,2026-09-08,28,2026-09-08T13:00:00Z,II,Generation,27.469
T_SOFOW-22,SOFWO-22,2026-09-08,29,2026-09-08T13:30:00Z,II,Generation,27.655
T_SOFOW-22,SOFWO-22,2026-09-08,30,2026-09-08T14:00:00Z,II,Generation,27.623
T_SOFOW-22,SOFWO-22,2026-09-08,31,2026-09-08T14:30:00Z,II,Generation,27.588
T_SOFOW-22,SOFWO-22,2026-09-08,32,2026-09-08T15:00:00Z,II,Generation,27.263
T_SOFOW-22,SOFWO-22,2026-09-08,33,2026-09-08T15:30:00Z,II,Generation,26.789
T_SOFOW-22,SOFWO-22,2026-09-08,34,2026-09-08T16:00:00Z,II,Generation,27.332
T_SOFOW-22,SOFWO-22,2026-09-08,35,2026-09-08T16:30:00Z,II,Generation,27.217
T_SOFOW-22,SOFWO-22,2026-09-08,36,2026-09-08T17:00:00Z,II,Generation,27.299
T_SOFOW-22,SOFWO-22,2026-09-08,37,2026-09-08T17:30:00Z,II,Generation,24.705
T_SOFOW-22,SOFWO-22,2026-09-08,38,2026-09-08T18:00:00Z,II,Generation,27.459
T_SOFOW-22,SOFWO-22,2026-09-08,39,2026-09-08T18:30:00Z,II,Generation,27.619
T_SOFOW-22,SOFWO-22,2026-09-08,40,2026-09-08T19:00:00Z,II,Generation,27.362
T_SOFOW-22,SOFWO-22,2026-09-08,41,2026-09-08T19:30:00Z,II,Generation,26.291
T_SOFOW-22,SOFWO-22,2026-09-08,42,2026-09-08T20:00:00Z,II,Generation,26.880
T_SOFOW-22,SOFWO-22,2026-09-08,43,2026-09-08T20:30:00Z,II,Generation,26.702
T_SOFOW-22,SOFWO-22,2026-09-08,44,2026-09-08T21:00:00Z,II,Generation,27.428
T_SOFOW-22,SOFWO-22,2026-09-08,45,2026-09-08T21:30:00Z,II,Generation,25.082
T_SOFOW-22,SOFWO-22,2026-09-08,46,2026-09-08T22:00:00Z,II,Generation,23.535
T_SOFOW-22,SOFWO-22,2026-09-08,47,2026-09-08T22:30:00Z,II,Generation,20.340
T_SOFOW-22,SOFWO-22,2026-09-08,48,2026-09-08T23:00:00Z,II,Generation,27.653
T_SOKYW-1,SOKYW-1,2026-09-08,1,2026-09-07T23:30:00Z,II,Generation,-0.325
T_SOKYW-1,SOKYW-1,2026-09-08,2,2026-09-08T00:00:00Z,II,Generation,-0.324
T_SOKYW-1,SOKYW-1,2026-09-08,3,2026-09-08T00:30:00Z,II,Generation,-0.327
T_SOKYW-1,SOKYW-1,2026-09-08,4,2026-09-08T01:00:00Z,II,Generation,-0.328
T_SOKYW-1,SOKYW-1,2026-09-08,5,2026-09-08T01:30:00Z,II,Generation,-0.328
T_SOKYW-1,SOKYW-1,2026-09-08,6,2026-09-08T02:00:00Z,II,Generation,-0.331
T_SOKYW-1,SOKYW-1,2026-09-08,7,2026-09-08T02:30:00Z,II,Generation,57.585
T_SOKYW-1,SOKYW-1,2026-09-08,8,2026-09-08T03:00:00Z,II,Generation,71.960
T_SOKYW-1,SOKYW-1,2026-09-08,9,2026-09-08T03:30:00Z,II,Generation,86.030
T_SOKYW-1,SOKYW-1,2026-09-08,10,2026-09-08T04:00:00Z,II,Generation,86.460
T_SOKYW-1,SOKYW-1,2026-09-08,11,2026-09-08T04:30:00Z,II,Generation,81.190
T_SOKYW-1,SOKYW-1,2026-09-08,12,2026-09-08T05:00:00Z,II,Generation,80.340
T_SOKYW-1,SOKYW-1,2026-09-08,13,2026-09-08T05:30:00Z,II,Generation,0.186
T_SOKYW-1,SOKYW-1,2026-09-08,14,2026-09-08T06:00:00Z,II,Generation,-0.352
T_SOKYW-1,SOKYW-1,2026-09-08,15,2026-09-08T06:30:00Z,II,Generation,-0.348
T_SOKYW-1,SOKYW-1,2026-09-08,16,2026-09-08T07:00:00Z,II,Generation,-0.347
T_SOKYW-1,SOKYW-1,2026-09-08,17,2026-09-08T07:30:00Z,II,Generation,-0.337
T_SOKYW-1,SOKYW-1,2026-09-08,18,2026-09-08T08:00:00Z,II,Generation,-0.329
T_SOKYW-1,SOKYW-1,2026-09-08,19,2026-09-08T08:30:00Z,II,Generation,-0.328
T_SOKYW-1,SOKYW-1,2026-09-08,20,2026-09-08T09:00:00Z,II,Generation,68.920
T_SOKYW-1,SOKYW-1,2026-09-08,21,2026-09-08T09:30:00Z,II,Generation,76.330
T_SOKYW-1,SOKYW-1,2026-09-08,22,2026-09-08T10:00:00Z,II,Generation,75.380
T_SOKYW-1,SOKYW-1,2026-09-08,23,2026-09-08T10:30:00Z,II,Generation,77.530
T_SOKYW-1,SOKYW-1,2026-09-08,24,2026-09-08T11:00:00Z,II,Generation,97.340
T_SOKYW-1,SOKYW-1,2026-09-08,25,2026-09-08T11:30:00Z,II,Generation,60.710
T_SOKYW-1,SOKYW-1,2026-09-08,26,2026-09-08T12:00:00Z,II,Generation,-0.364
T_SOKYW-1,SOKYW-1,2026-09-08,27,2026-09-08T12:30:00Z,II,Generation,-0.368
T_SOKYW-1,SOKYW-1,2026-09-08,28,2026-09-08T13:00:00Z,II,Generation,-0.349
T_SOKYW-1,SOKYW-1,2026-09-08,29,2026-09-08T13:30:00Z,II,Generation,-0.337
T_SOKYW-1,SOKYW-1,2026-09-08,30,2026-09-08T14:00:00Z,II,Generation,-0.324
T_SOKYW-1,SOKYW-1,2026-09-08,31,2026-09-08T14:30:00Z,II,Generation,-0.319
T_SOKYW-1,SOKYW-1,2026-09-08,32,2026-09-08T15:00:00Z,II,Generation,-0.321
T_SOKYW-1,SOKYW-1,2026-09-08,33,2026-09-08T15:30:00Z,II,Generation,-0.321
T_SOKYW-1,SOKYW-1,2026-09-08,34,2026-09-08T16:00:00Z,II,Generation,-0.327
T_SOKYW-1,SOKYW-1,2026-09-08,35,2026-09-08T16:30:00Z,II,Generation,-0.328
T_SOKYW-1,SOKYW-1,2026-09-08,36,2026-09-08T17:00:00Z,II,Generation,-0.331
T_SOKYW-1,SOKYW-1,2026-09-08,37,2026-09-08T17:30:00Z,II,Generation,-0.333
T_SOKYW-1,SOKYW-1,2026-09-08,38,2026-09-08T18:00:00Z,II,Generation,-0.333
T_SOKYW-1,SOKYW-1,2026-09-08,39,2026-09-08T18:30:00Z,II,Generation,-0.332
T_SOKYW-1,SOKYW-1,2026-09-08,40,2026-09-08T19:00:00Z,II,Generation,-0.335
T_SOKYW-1,SOKYW-1,2026-09-08,41,2026-09-08T19:30:00Z,II,Generation,-0.337
T_SOKYW-1,SOKYW-1,2026-09-08,42,2026-09-08T20:00:00Z,II,Generation,-0.336
T_SOKYW-1,SOKYW-1,2026-09-08,43,2026-09-08T20:30:00Z,II,Generation,-0.336
T_SOKYW-1,SOKYW-1,2026-09-08,44,2026-09-08T21:00:00Z,II,Generation,-0.336
T_SOKYW-1,SOKYW-1,2026-09-08,45,2026-09-08T21:30:00Z,II,Generation,60.556
T_SOKYW-1,SOKYW-1,2026-09-08,46,2026-09-08T22:00:00Z,II,Generation,65.990
T_SOKYW-1,SOKYW-1,2026-09-08,47,2026-09-08T22:30:00Z,II,Generation,48.550
T_SOKYW-1,SOKYW-1,2026-09-08,48,2026-09-08T23:00:00Z,II,Generation,63.440
T_STLGW-1,STLGW-1,2026-09-08,1,2026-09-07T23:30:00Z,II,Generation,4.017
T_STLGW-1,STLGW-1,2026-09-08,2,2026-09-08T00:00:00Z,II,Generation,4.017
T_STLGW-1,STLGW-1,2026-09-08,3,2026-09-08T00:30:00Z,II,Generation,4.017
T_STLGW-1,STLGW-1,2026-09-08,4,2026-09-08T01:00:00Z,II,Generation,4.019
T_STLGW-1,STLGW-1,2026-09-08,5,2026-09-08T01:30:00Z,II,Generation,4.020
T_STLGW-1,STLGW-1,2026-09-08,6,2026-09-08T02:00:00Z,II,Generation,4.016
T_STLGW-1,STLGW-1,2026-09-08,7,2026-09-08T02:30:00Z,II,Generation,4.017
T_STLGW-1,STLGW-1,2026-09-08,8,2026-09-08T03:00:00Z,II,Generation,4.019
T_STLGW-1,STLGW-1,2026-09-08,9,2026-09-08T03:30:00Z,II,Generation,4.017
T_STLGW-1,STLGW-1,2026-09-08,10,2026-09-08T04:00:00Z,II,Generation,4.011
T_STLGW-1,STLGW-1,2026-09-08,11,2026-09-08T04:30:00Z,II,Generation,4.007
T_STLGW-1,STLGW-1,2026-09-08,12,2026-09-08T05:00:00Z,II,Generation,4.007
T_STLGW-1,STLGW-1,2026-09-08,13,2026-09-08T05:30:00Z,II,Generation,4.009
T_STLGW-1,STLGW-1,2026-09-08,14,2026-09-08T06:00:00Z,II,Generation,4.011
T_STLGW-1,STLGW-1,2026-09-08,15,2026-09-08T06:30:00Z,II,Generation,4.010
T_STLGW-1,STLGW-1,2026-09-08,16,2026-09-08T07:00:00Z,II,Generation,4.010
T_STLGW-1,STLGW-1,2026-09-08,17,2026-09-08T07:30:00Z,II,Generation,4.012
T_STLGW-1,STLGW-1,2026-09-08,18,2026-09-08T08:00:00Z,II,Generation,4.010
T_STLGW-1,STLGW-1,2026-09-08,19,2026-09-08T08:30:00Z,II,Generation,4.007
T_STLGW-1,STLGW-1,2026-09-08,20,2026-09-08T09:00:00Z,II,Generation,4.007
T_STLGW-1,STLGW-1,2026-09-08,21,2026-09-08T09:30:00Z,II,Generation,4.006
T_STLGW-1,STLGW-1,2026-09-08,22,2026-09-08T10:00:00Z,II,Generation,4.010
T_STLGW-1,STLGW-1,2026-09-08,23,2026-09-08T10:30:00Z,II,Generation,4.007
T_STLGW-1,STLGW-1,2026-09-08,24,2026-09-08T11:00:00Z,II,Generation,4.008
T_STLGW-1,STLGW-1,2026-09-08,25,2026-09-08T11:30:00Z,II,Generation,4.006
T_STLGW-1,STLGW-1,2026-09-08,26,2026-09-08T12:00:00Z,II,Generation,4.008
T_STLGW-1,STLGW-1,2026-09-08,27,2026-09-08T12:30:00Z,II,Generation,4.008
T_STLGW-1,STLGW-1,2026-09-08,28,2026-09-08T13:00:00Z,II,Generation,4.007
T_STLGW-1,STLGW-1,2026-09-08,29,2026-09-08T13:30:00Z,II,Generation,4.009
T_STLGW-1,STLGW-1,2026-09-08,30,2026-09-08T14:00:00Z,II,Generation,4.008
T_STLGW-1,STLGW-1,2026-09-08,31,2026-09-08T14:30:00Z,II,Generation,0.462
T_STLGW-1,STLGW-1,2026-09-08,32,2026-09-08T15:00:00Z,II,Generation,-0.342
T_STLGW-1,STLGW-1,2026-09-08,33,2026-09-08T15:30:00Z,II,Generation,-0.340
T_STLGW-1,STLGW-1,2026-09-08,34,2026-09-08T16:00:00Z,II,Generation,-0.343
T_STLGW-1,STLGW-1,2026-09-08,35,2026-09-08T16:30:00Z,II,Generation,-0.314
T_STLGW-1,STLGW-1,2026-09-08,36,2026-09-08T17:00:00Z,II,Generation,-0.308
T_STLGW-1,STLGW-1,2026-09-08,37,2026-09-08T17:30:00Z,II,Generation,-0.305
T_STLGW-1,STLGW-1,2026-09-08,38,2026-09-08T18:00:00Z,II,Generation,-0.306
T_STLGW-1,STLGW-1,2026-09-08,39,2026-09-08T18:30:00Z,II,Generation,-0.304
T_STLGW-1,STLGW-1,2026-09-08,40,2026-09-08T19:00:00Z,II,Generation,-0.307
T_STLGW-1,STLGW-1,2026-09-08,41,2026-09-08T19:30:00Z,II,Generation,-0.305
T_STLGW-1,STLGW-1,2026-09-08,42,2026-09-08T20:00:00Z,II,Generation,-0.307
T_STLGW-1,STLGW-1,2026-09-08,43,2026-09-08T20:30:00Z,II,Generation,-0.302
T_STLGW-1,STLGW-1,2026-09-08,44,2026-09-08T21:00:00Z,II,Generation,-0.303
T_STLGW-1,STLGW-1,2026-09-08,45,2026-09-08T21:30:00Z,II,Generation,-0.307
T_STLGW-1,STLGW-1,2026-09-08,46,2026-09-08T22:00:00Z,II,Generation,3.625
T_STLGW-1,STLGW-1,2026-09-08,47,2026-09-08T22:30:00Z,II,Generation,8.281
T_STLGW-1,STLGW-1,2026-09-08,48,2026-09-08T23:00:00Z,II,Generation,7.829
T_STLGW-2,STLGW-2,2026-09-08,1,2026-09-07T23:30:00Z,II,Generation,4.044
T_STLGW-2,STLGW-2,2026-09-08,2,2026-09-08T00:00:00Z,II,Generation,4.046
T_STLGW-2,STLGW-2,2026-09-08,3,2026-09-08T00:30:00Z,II,Generation,4.042
T_STLGW-2,STLGW-2,2026-09-08,4,2026-09-08T01:00:00Z,II,Generation,4.047
T_STLGW-2,STLGW-2,2026-09-08,5,2026-09-08T01:30:00Z,II,Generation,4.055
T_STLGW-2,STLGW-2,2026-09-08,6,2026-09-08T02:00:00Z,II,Generation,4.045
T_STLGW-2,STLGW-2,2026-09-08,7,2026-09-08T02:30:00Z,II,Generation,4.051
T_STLGW-2,STLGW-2,2026-09-08,8,2026-09-08T03:00:00Z,II,Generation,4.053
T_STLGW-2,STLGW-2,2026-09-08,9,2026-09-08T03:30:00Z,II,Generation,4.042
T_STLGW-2,STLGW-2,2026-09-08,10,2026-09-08T04:00:00Z,II,Generation,4.028
T_STLGW-2,STLGW-2,2026-09-08,11,2026-09-08T04:30:00Z,II,Generation,4.014
T_STLGW-2,STLGW-2,2026-09-08,12,2026-09-08T05:00:00Z,II,Generation,4.022
T_STLGW-2,STLGW-2,2026-09-08,13,2026-09-08T05:30:00Z,II,Generation,4.023
T_STLGW-2,STLGW-2,2026-09-08,14,2026-09-08T06:00:00Z,II,Generation,4.029
T_STLGW-2,STLGW-2,2026-09-08,15,2026-09-08T06:30:00Z,II,Generation,4.031
T_STLGW-2,STLGW-2,2026-09-08,16,2026-09-08T07:00:00Z,II,Generation,4.029
T_STLGW-2,STLGW-2,2026-09-08,17,2026-09-08T07:30:00Z,II,Generation,4.033
T_STLGW-2,STLGW-2,2026-09-08,18,2026-09-08T08:00:00Z,II,Generation,4.029
T_STLGW-2,STLGW-2,2026-09-08,19,2026-09-08T08:30:00Z,II,Generation,4.031
T_STLGW-2,STLGW-2,2026-09-08,20,2026-09-08T09:00:00Z,II,Generation,4.031
T_STLGW-2,STLGW-2,2026-09-08,21,2026-09-08T09:30:00Z,II,Generation,4.024
T_STLGW-2,STLGW-2,2026-09-08,22,2026-09-08T10:00:00Z,II,Generation,4.024
T_STLGW-2,STLGW-2,2026-09-08,23,2026-09-08T10:30:00Z,II,Generation,4.026
T_STLGW-2,STLGW-2,2026-09-08,24,2026-09-08T11:00:00Z,II,Generation,4.009
T_STLGW-2,STLGW-2,2026-09-08,25,2026-09-08T11:30:00Z,II,Generation,4.001
T_STLGW-2,STLGW-2,2026-09-08,26,2026-09-08T12:00:00Z,II,Generation,4.004
T_STLGW-2,STLGW-2,2026-09-08,27,2026-09-08T12:30:00Z,II,Generation,4.000
T_STLGW-2,STLGW-2,2026-09-08,28,2026-09-08T13:00:00Z,II,Generation,4.001
T_STLGW-2,STLGW-2,2026-09-08,29,2026-09-08T13:30:00Z,II,Generation,4.000
T_STLGW-2,STLGW-2,2026-09-08,30,2026-09-08T14:00:00Z,II,Generation,4.019
T_STLGW-2,STLGW-2,2026-09-08,31,2026-09-08T14:30:00Z,II,Generation,0.479
T_STLGW-2,STLGW-2,2026-09-08,32,2026-09-08T15:00:00Z,II,Generation,-0.376
T_STLGW-2,STLGW-2,2026-09-08,33,2026-09-08T15:30:00Z,II,Generation,-0.371
T_STLGW-2,STLGW-2,2026-09-08,34,2026-09-08T16:00:00Z,II,Generation,-0.373
T_STLGW-2,STLGW-2,2026-09-08,35,2026-09-08T16:30:00Z,II,Generation,-0.341
T_STLGW-2,STLGW-2,2026-09-08,36,2026-09-08T17:00:00Z,II,Generation,-0.336
T_STLGW-2,STLGW-2,2026-09-08,37,2026-09-08T17:30:00Z,II,Generation,-0.332
T_STLGW-2,STLGW-2,2026-09-08,38,2026-09-08T18:00:00Z,II,Generation,-0.330
T_STLGW-2,STLGW-2,2026-09-08,39,2026-09-08T18:30:00Z,II,Generation,-0.328
T_STLGW-2,STLGW-2,2026-09-08,40,2026-09-08T19:00:00Z,II,Generation,-0.330
T_STLGW-2,STLGW-2,2026-09-08,41,2026-09-08T19:30:00Z,II,Generation,-0.329
T_STLGW-2,STLGW-2,2026-09-08,42,2026-09-08T20:00:00Z,II,Generation,-0.329
T_STLGW-2,STLGW-2,2026-09-08,43,2026-09-08T20:30:00Z,II,Generation,-0.326
T_STLGW-2,STLGW-2,2026-09-08,44,2026-09-08T21:00:00Z,II,Generation,-0.325
T_STLGW-2,STLGW-2,2026-09-08,45,2026-09-08T21:30:00Z,II,Generation,-0.328
T_STLGW-2,STLGW-2,2026-09-08,46,2026-09-08T22:00:00Z,II,Generation,5.366
T_STLGW-2,STLGW-2,2026-09-08,47,2026-09-08T22:30:00Z,II,Generation,12.650
T_STLGW-2,STLGW-2,2026-09-08,48,2026-09-08T23:00:00Z,II,Generation,10.251
T_STLGW-3,STLGW-3,2026-09-08,1,2026-09-07T23:30:00Z,II,Generation,4.015
T_STLGW-3,STLGW-3,2026-09-08,2,2026-09-08T00:00:00Z,II,Generation,4.013
T_STLGW-3,STLGW-3,2026-09-08,3,2026-09-08T00:30:00Z,II,Generation,4.015
T_STLGW-3,STLGW-3,2026-09-08,4,2026-09-08T01:00:00Z,II,Generation,9.101
T_STLGW-3,STLGW-3,2026-09-08,5,2026-09-08T01:30:00Z,II,Generation,35.626
T_STLGW-3,STLGW-3,2026-09-08,6,2026-09-08T02:00:00Z,II,Generation,35.841
T_STLGW-3,STLGW-3,2026-09-08,7,2026-09-08T02:30:00Z,II,Generation,11.141
T_STLGW-3,STLGW-3,2026-09-08,8,2026-09-08T03:00:00Z,II,Generation,4.017
T_STLGW-3,STLGW-3,2026-09-08,9,2026-09-08T03:30:00Z,II,Generation,4.016
T_STLGW-3,STLGW-3,2026-09-08,10,2026-09-08T04:00:00Z,II,Generation,4.012
T_STLGW-3,STLGW-3,2026-09-08,11,2026-09-08T04:30:00Z,II,Generation,4.007
T_STLGW-3,STLGW-3,2026-09-08,12,2026-09-08T05:00:00Z,II,Generation,4.009
T_STLGW-3,STLGW-3,2026-09-08,13,2026-09-08T05:30:00Z,II,Generation,4.009
T_STLGW-3,STLGW-3,2026-09-08,14,2026-09-08T06:00:00Z,II,Generation,4.012
T_STLGW-3,STLGW-3,2026-09-08,15,2026-09-08T06:30:00Z,II,Generation,4.010
T_STLGW-3,STLGW-3,2026-09-08,16,2026-09-08T07:00:00Z,II,Generation,4.012
T_STLGW-3,STLGW-3,2026-09-08,17,2026-09-08T07:30:00Z,II,Generation,4.013
T_STLGW-3,STLGW-3,2026-09-08,18,2026-09-08T08:00:00Z,II,Generation,4.010
T_STLGW-3,STLGW-3,2026-09-08,19,2026-09-08T08:30:00Z,II,Generation,4.010
T_STLGW-3,STLGW-3,2026-09-08,20,2026-09-08T09:00:00Z,II,Generation,4.014
T_STLGW-3,STLGW-3,2026-09-08,21,2026-09-08T09:30:00Z,II,Generation,4.009
T_STLGW-3,STLGW-3,2026-09-08,22,2026-09-08T10:00:00Z,II,Generation,4.010
T_STLGW-3,STLGW-3,2026-09-08,23,2026-09-08T10:30:00Z,II,Generation,4.011
T_STLGW-3,STLGW-3,2026-09-08,24,2026-09-08T11:00:00Z,II,Generation,4.003
T_STLGW-3,STLGW-3,2026-09-08,25,2026-09-08T11:30:00Z,II,Generation,4.002
T_STLGW-3,STLGW-3,2026-09-08,26,2026-09-08T12:00:00Z,II,Generation,4.000
T_STLGW-3,STLGW-3,2026-09-08,27,2026-09-08T12:30:00Z,II,Generation,4.000
T_STLGW-3,STLGW-3,2026-09-08,28,2026-09-08T13:00:00Z,II,Generation,4.001
T_STLGW-3,STLGW-3,2026-09-08,29,2026-09-08T13:30:00Z,II,Generation,3.999
T_STLGW-3,STLGW-3,2026-09-08,30,2026-09-08T14:00:00Z,II,Generation,4.001
T_STLGW-3,STLGW-3,2026-09-08,31,2026-09-08T14:30:00Z,II,Generation,0.508
T_STLGW-3,STLGW-3,2026-09-08,32,2026-09-08T15:00:00Z,II,Generation,-0.345
T_STLGW-3,STLGW-3,2026-09-08,33,2026-09-08T15:30:00Z,II,Generation,-0.338
T_STLGW-3,STLGW-3,2026-09-08,34,2026-09-08T16:00:00Z,II,Generation,-0.343
T_STLGW-3,STLGW-3,2026-09-08,35,2026-09-08T16:30:00Z,II,Generation,-0.289
T_STLGW-3,STLGW-3,2026-09-08,36,2026-09-08T17:00:00Z,II,Generation,-0.316
T_STLGW-3,STLGW-3,2026-09-08,37,2026-09-08T17:30:00Z,II,Generation,-0.317
T_STLGW-3,STLGW-3,2026-09-08,38,2026-09-08T18:00:00Z,II,Generation,-0.313
T_STLGW-3,STLGW-3,2026-09-08,39,2026-09-08T18:30:00Z,II,Generation,-0.311
T_STLGW-3,STLGW-3,2026-09-08,40,2026-09-08T19:00:00Z,II,Generation,-0.312
T_STLGW-3,STLGW-3,2026-09-08,41,2026-09-08T19:30:00Z,II,Generation,-0.308
T_STLGW-3,STLGW-3,2026-09-08,42,2026-09-08T20:00:00Z,II,Generation,-0.309
T_STLGW-3,STLGW-3,2026-09-08,43,2026-09-08T20:30:00Z,II,Generation,-0.308
T_STLGW-3,STLGW-3,2026-09-08,44,2026-09-08T21:00:00Z,II,Generation,-0.306
T_STLGW-3,STLGW-3,2026-09-08,45,2026-09-08T21:30:00Z,II,Generation,-0.310
T_STLGW-3,STLGW-3,2026-09-08,46,2026-09-08T22:00:00Z,II,Generation,-0.312
T_STLGW-3,STLGW-3,2026-09-08,47,2026-09-08T22:30:00Z,II,Generation,-0.312
T_STLGW-3,STLGW-3,2026-09-08,48,2026-09-08T23:00:00Z,II,Generation,-0.308
T_STRNW-1,STRNW-1,2026-09-08,1,2026-09-07T23:30:00Z,II,Generation,6.477
T_STRNW-1,STRNW-1,2026-09-08,2,2026-09-08T00:00:00Z,II,Generation,6.487
T_STRNW-1,STRNW-1,2026-09-08,3,2026-09-08T00:30:00Z,II,Generation,6.487
T_STRNW-1,STRNW-1,2026-09-08,4,2026-09-08T01:00:00Z,II,Generation,6.477
T_STRNW-1,STRNW-1,2026-09-08,5,2026-09-08T01:30:00Z,II,Generation,19.857
T_STRNW-1,STRNW-1,2026-09-08,6,2026-09-08T02:00:00Z,II,Generation,26.687
T_STRNW-1,STRNW-1,2026-09-08,7,2026-09-08T02:30:00Z,II,Generation,24.377
T_STRNW-1,STRNW-1,2026-09-08,8,2026-09-08T03:00:00Z,II,Generation,25.057
T_STRNW-1,STRNW-1,2026-09-08,9,2026-09-08T03:30:00Z,II,Generation,23.817
T_STRNW-1,STRNW-1,2026-09-08,10,2026-09-08T04:00:00Z,II,Generation,22.067
T_STRNW-1,STRNW-1,2026-09-08,11,2026-09-08T04:30:00Z,II,Generation,23.347
T_STRNW-1,STRNW-1,2026-09-08,12,2026-09-08T05:00:00Z,II,Generation,27.157
T_STRNW-1,STRNW-1,2026-09-08,13,2026-09-08T05:30:00Z,II,Generation,5.182
T_STRNW-1,STRNW-1,2026-09-08,14,2026-09-08T06:00:00Z,II,Generation,-0.168
T_STRNW-1,STRNW-1,2026-09-08,15,2026-09-08T06:30:00Z,II,Generation,-0.158
T_STRNW-1,STRNW-1,2026-09-08,16,2026-09-08T07:00:00Z,II,Generation,-0.153
T_STRNW-1,STRNW-1,2026-09-08,17,2026-09-08T07:30:00Z,II,Generation,9.292
T_STRNW-1,STRNW-1,2026-09-08,18,2026-09-08T08:00:00Z,II,Generation,29.736
T_STRNW-1,STRNW-1,2026-09-08,19,2026-09-08T08:30:00Z,II,Generation,30.746
T_STRNW-1,STRNW-1,2026-09-08,20,2026-09-08T09:00:00Z,II,Generation,30.076
T_STRNW-1,STRNW-1,2026-09-08,21,2026-09-08T09:30:00Z,II,Generation,30.566
T_STRNW-1,STRNW-1,2026-09-08,22,2026-09-08T10:00:00Z,II,Generation,6.076
T_STRNW-1,STRNW-1,2026-09-08,23,2026-09-08T10:30:00Z,II,Generation,-0.172
T_STRNW-1,STRNW-1,2026-09-08,24,2026-09-08T11:00:00Z,II,Generation,-0.166
T_STRNW-1,STRNW-1,2026-09-08,25,2026-09-08T11:30:00Z,II,Generation,-0.166
T_STRNW-1,STRNW-1,2026-09-08,26,2026-09-08T12:00:00Z,II,Generation,-0.154
T_STRNW-1,STRNW-1,2026-09-08,27,2026-09-08T12:30:00Z,II,Generation,-0.139
T_STRNW-1,STRNW-1,2026-09-08,28,2026-09-08T13:00:00Z,II,Generation,-0.139
T_STRNW-1,STRNW-1,2026-09-08,29,2026-09-08T13:30:00Z,II,Generation,-0.140
T_STRNW-1,STRNW-1,2026-09-08,30,2026-09-08T14:00:00Z,II,Generation,-0.143
T_STRNW-1,STRNW-1,2026-09-08,31,2026-09-08T14:30:00Z,II,Generation,-0.147
T_STRNW-1,STRNW-1,2026-09-08,32,2026-09-08T15:00:00Z,II,Generation,-0.141
T_STRNW-1,STRNW-1,2026-09-08,33,2026-09-08T15:30:00Z,II,Generation,-0.140
T_STRNW-1,STRNW-1,2026-09-08,34,2026-09-08T16:00:00Z,II,Generation,-0.138
T_STRNW-1,STRNW-1,2026-09-08,35,2026-09-08T16:30:00Z,II,Generation,-0.140
T_STRNW-1,STRNW-1,2026-09-08,36,2026-09-08T17:00:00Z,II,Generation,-0.139
T_STRNW-1,STRNW-1,2026-09-08,37,2026-09-08T17:30:00Z,II,Generation,-0.139
T_STRNW-1,STRNW-1,2026-09-08,38,2026-09-08T18:00:00Z,II,Generation,-0.139
T_STRNW-1,STRNW-1,2026-09-08,39,2026-09-08T18:30:00Z,II,Generation,-0.140
T_STRNW-1,STRNW-1,2026-09-08,40,2026-09-08T19:00:00Z,II,Generation,-0.139
T_STRNW-1,STRNW-1,2026-09-08,41,2026-09-08T19:30:00Z,II,Generation,-0.140
T_STRNW-1,STRNW-1,2026-09-08,42,2026-09-08T20:00:00Z,II,Generation,-0.140
T_STRNW-1,STRNW-1,2026-09-08,43,2026-09-08T20:30:00Z,II,Generation,-0.139
T_STRNW-1,STRNW-1,2026-09-08,44,2026-09-08T21:00:00Z,II,Generation,-0.138
T_STRNW-1,STRNW-1,2026-09-08,45,2026-09-08T21:30:00Z,II,Generation,-0.138
T_STRNW-1,STRNW-1,2026-09-08,46,2026-09-08T22:00:00Z,II,Generation,-0.136
T_STRNW-1,STRNW-1,2026-09-08,47,2026-09-08T22:30:00Z,II,Generation,-0.136
T_STRNW-1,STRNW-1,2026-09-08,48,2026-09-08T23:00:00Z,II,Generation,-0.138
T_TDBNW-1,TDBNW-1,2026-09-08,1,2026-09-07T23:30:00Z,II,Generation,8.587
T_TDBNW-1,TDBNW-1,2026-09-08,2,2026-09-08T00:00:00Z,II,Generation,8.922
T_TDBNW-1,TDBNW-1,2026-09-08,3,2026-09-08T00:30:00Z,II,Generation,10.839
T_TDBNW-1,TDBNW-1,2026-09-08,4,2026-09-08T01:00:00Z,II,Generation,11.418
T_TDBNW-1,TDBNW-1,2026-09-08,5,2026-09-08T01:30:00Z,II,Generation,11.232
T_TDBNW-1,TDBNW-1,2026-09-08,6,2026-09-08T02:00:00Z,II,Generation,10.189
T_TDBNW-1,TDBNW-1,2026-09-08,7,2026-09-08T02:30:00Z,II,Generation,11.057
T_TDBNW-1,TDBNW-1,2026-09-08,8,2026-09-08T03:00:00Z,II,Generation,11.080
T_TDBNW-1,TDBNW-1,2026-09-08,9,2026-09-08T03:30:00Z,II,Generation,11.243
T_TDBNW-1,TDBNW-1,2026-09-08,10,2026-09-08T04:00:00Z,II,Generation,10.691
T_TDBNW-1,TDBNW-1,2026-09-08,11,2026-09-08T04:30:00Z,II,Generation,9.936
T_TDBNW-1,TDBNW-1,2026-09-08,12,2026-09-08T05:00:00Z,II,Generation,10.391
T_TDBNW-1,TDBNW-1,2026-09-08,13,2026-09-08T05:30:00Z,II,Generation,9.853
T_TDBNW-1,TDBNW-1,2026-09-08,14,2026-09-08T06:00:00Z,II,Generation,8.817
T_TDBNW-1,TDBNW-1,2026-09-08,15,2026-09-08T06:30:00Z,II,Generation,8.570
T_TDBNW-1,TDBNW-1,2026-09-08,16,2026-09-08T07:00:00Z,II,Generation,9.892
T_TDBNW-1,TDBNW-1,2026-09-08,17,2026-09-08T07:30:00Z,II,Generation,10.736
T_TDBNW-1,TDBNW-1,2026-09-08,18,2026-09-08T08:00:00Z,II,Generation,10.119
T_TDBNW-1,TDBNW-1,2026-09-08,19,2026-09-08T08:30:00Z,II,Generation,10.457
T_TDBNW-1,TDBNW-1,2026-09-08,20,2026-09-08T09:00:00Z,II,Generation,9.904
T_TDBNW-1,TDBNW-1,2026-09-08,21,2026-09-08T09:30:00Z,II,Generation,9.216
T_TDBNW-1,TDBNW-1,2026-09-08,22,2026-09-08T10:00:00Z,II,Generation,7.549
T_TDBNW-1,TDBNW-1,2026-09-08,23,2026-09-08T10:30:00Z,II,Generation,8.931
T_TDBNW-1,TDBNW-1,2026-09-08,24,2026-09-08T11:00:00Z,II,Generation,9.574
T_TDBNW-1,TDBNW-1,2026-09-08,25,2026-09-08T11:30:00Z,II,Generation,8.954
T_TDBNW-1,TDBNW-1,2026-09-08,26,2026-09-08T12:00:00Z,II,Generation,10.112
T_TDBNW-1,TDBNW-1,2026-09-08,27,2026-09-08T12:30:00Z,II,Generation,10.168
T_TDBNW-1,TDBNW-1,2026-09-08,28,2026-09-08T13:00:00Z,II,Generation,10.013
T_TDBNW-1,TDBNW-1,2026-09-08,29,2026-09-08T13:30:00Z,II,Generation,10.094
T_TDBNW-1,TDBNW-1,2026-09-08,30,2026-09-08T14:00:00Z,II,Generation,11.024
T_TDBNW-1,TDBNW-1,2026-09-08,31,2026-09-08T14:30:00Z,II,Generation,11.005
T_TDBNW-1,TDBNW-1,2026-09-08,32,2026-09-08T15:00:00Z,II,Generation,11.181
T_TDBNW-1,TDBNW-1,2026-09-08,33,2026-09-08T15:30:00Z,II,Generation,11.382
T_TDBNW-1,TDBNW-1,2026-09-08,34,2026-09-08T16:00:00Z,II,Generation,11.387
T_TDBNW-1,TDBNW-1,2026-09-08,35,2026-09-08T16:30:00Z,II,Generation,11.263
T_TDBNW-1,TDBNW-1,2026-09-08,36,2026-09-08T17:00:00Z,II,Generation,10.949
T_TDBNW-1,TDBNW-1,2026-09-08,37,2026-09-08T17:30:00Z,II,Generation,11.018
T_TDBNW-1,TDBNW-1,2026-09-08,38,2026-09-08T18:00:00Z,II,Generation,11.236
T_TDBNW-1,TDBNW-1,2026-09-08,39,2026-09-08T18:30:00Z,II,Generation,11.138
T_TDBNW-1,TDBNW-1,2026-09-08,40,2026-09-08T19:00:00Z,II,Generation,10.949
T_TDBNW-1,TDBNW-1,2026-09-08,41,2026-09-08T19:30:00Z,II,Generation,11.013
T_TDBNW-1,TDBNW-1,2026-09-08,42,2026-09-08T20:00:00Z,II,Generation,10.683
T_TDBNW-1,TDBNW-1,2026-09-08,43,2026-09-08T20:30:00Z,II,Generation,10.162
T_TDBNW-1,TDBNW-1,2026-09-08,44,2026-09-08T21:00:00Z,II,Generation,10.198
T_TDBNW-1,TDBNW-1,2026-09-08,45,2026-09-08T21:30:00Z,II,Generation,9.303
T_TDBNW-1,TDBNW-1,2026-09-08,46,2026-09-08T22:00:00Z,II,Generation,8.381
T_TDBNW-1,TDBNW-1,2026-09-08,47,2026-09-08T22:30:00Z,II,Generation,8.740
T_TDBNW-1,TDBNW-1,2026-09-08,48,2026-09-08T23:00:00Z,II,Generation,6.627
T_THNTO-1,THNTO-1,2026-09-08,1,2026-09-07T23:30:00Z,II,Generation,29.885
T_THNTO-1,THNTO-1,2026-09-08,2,2026-09-08T00:00:00Z,II,Generation,34.697
T_THNTO-1,THNTO-1,2026-09-08,3,2026-09-08T00:30:00Z,II,Generation,23.697
T_THNTO-1,THNTO-1,2026-09-08,4,2026-09-08T01:00:00Z,II,Generation,21.216
T_THNTO-1,THNTO-1,2026-09-08,5,2026-09-08T01:30:00Z,II,Generation,21.871
T_THNTO-1,THNTO-1,2026-09-08,6,2026-09-08T02:00:00Z,II,Generation,22.746
T_THNTO-1,THNTO-1,2026-09-08,7,2026-09-08T02:30:00Z,II,Generation,19.587
T_THNTO-1,THNTO-1,2026-09-08,8,2026-09-08T03:00:00Z,II,Generation,20.873
T_THNTO-1,THNTO-1,2026-09-08,9,2026-09-08T03:30:00Z,II,Generation,25.733
T_THNTO-1,THNTO-1,2026-09-08,10,2026-09-08T04:00:00Z,II,Generation,22.361
T_THNTO-1,THNTO-1,2026-09-08,11,2026-09-08T04:30:00Z,II,Generation,15.661
T_THNTO-1,THNTO-1,2026-09-08,12,2026-09-08T05:00:00Z,II,Generation,12.075
T_THNTO-1,THNTO-1,2026-09-08,13,2026-09-08T05:30:00Z,II,Generation,12.195
T_THNTO-1,THNTO-1,2026-09-08,14,2026-09-08T06:00:00Z,II,Generation,9.998
T_THNTO-1,THNTO-1,2026-09-08,15,2026-09-08T06:30:00Z,II,Generation,6.884
T_THNTO-1,THNTO-1,2026-09-08,16,2026-09-08T07:00:00Z,II,Generation,7.327
T_THNTO-1,THNTO-1,2026-09-08,17,2026-09-08T07:30:00Z,II,Generation,23.550
T_THNTO-1,THNTO-1,2026-09-08,18,2026-09-08T08:00:00Z,II,Generation,27.869
T_THNTO-1,THNTO-1,2026-09-08,19,2026-09-08T08:30:00Z,II,Generation,15.579
T_THNTO-1,THNTO-1,2026-09-08,20,2026-09-08T09:00:00Z,II,Generation,10.208
T_THNTO-1,THNTO-1,2026-09-08,21,2026-09-08T09:30:00Z,II,Generation,8.414
T_THNTO-1,THNTO-1,2026-09-08,22,2026-09-08T10:00:00Z,II,Generation,11.037
T_THNTO-1,THNTO-1,2026-09-08,23,2026-09-08T10:30:00Z,II,Generation,8.729
T_THNTO-1,THNTO-1,2026-09-08,24,2026-09-08T11:00:00Z,II,Generation,4.309
T_THNTO-1,THNTO-1,2026-09-08,25,2026-09-08T11:30:00Z,II,Generation,2.300
T_THNTO-1,THNTO-1,2026-09-08,26,2026-09-08T12:00:00Z,II,Generation,0.718
T_THNTO-1,THNTO-1,2026-09-08,27,2026-09-08T12:30:00Z,II,Generation,-0.180
T_THNTO-1,THNTO-1,2026-09-08,28,2026-09-08T13:00:00Z,II,Generation,-0.118
T_THNTO-1,THNTO-1,2026-09-08,29,2026-09-08T13:30:00Z,II,Generation,-0.233
T_THNTO-1,THNTO-1,2026-09-08,30,2026-09-08T14:00:00Z,II,Generation,-0.421
T_THNTO-1,THNTO-1,2026-09-08,31,2026-09-08T14:30:00Z,II,Generation,2.527
T_THNTO-1,THNTO-1,2026-09-08,32,2026-09-08T15:00:00Z,II,Generation,11.489
T_THNTO-1,THNTO-1,2026-09-08,33,2026-09-08T15:30:00Z,II,Generation,20.297
T_THNTO-1,THNTO-1,2026-09-08,34,2026-09-08T16:00:00Z,II,Generation,34.201
T_THNTO-1,THNTO-1,2026-09-08,35,2026-09-08T16:30:00Z,II,Generation,66.761
T_THNTO-1,THNTO-1,2026-09-08,36,2026-09-08T17:00:00Z,II,Generation,57.522
T_THNTO-1,THNTO-1,2026-09-08,37,2026-09-08T17:30:00Z,II,Generation,49.193
T_THNTO-1,THNTO-1,2026-09-08,38,2026-09-08T18:00:00Z,II,Generation,56.540
T_THNTO-1,THNTO-1,2026-09-08,39,2026-09-08T18:30:00Z,II,Generation,62.499
T_THNTO-1,THNTO-1,2026-09-08,40,2026-09-08T19:00:00Z,II,Generation,60.513
T_THNTO-1,THNTO-1,2026-09-08,41,2026-09-08T19:30:00Z,II,Generation,57.402
T_THNTO-1,THNTO-1,2026-09-08,42,2026-09-08T20:00:00Z,II,Generation,37.508
T_THNTO-1,THNTO-1,2026-09-08,43,2026-09-08T20:30:00Z,II,Generation,36.192
T_THNTO-1,THNTO-1,2026-09-08,44,2026-09-08T21:00:00Z,II,Generation,41.366
T_THNTO-1,THNTO-1,2026-09-08,45,2026-09-08T21:30:00Z,II,Generation,45.389
T_THNTO-1,THNTO-1,2026-09-08,46,2026-09-08T22:00:00Z,II,Generation,63.878
T_THNTO-1,THNTO-1,2026-09-08,47,2026-09-08T22:30:00Z,II,Generation,70.298
T_THNTO-1,THNTO-1,2026-09-08,48,2026-09-08T23:00:00Z,II,Generation,69.184
T_THNTO-2,THNTO-2,2026-09-08,1,2026-09-07T23:30:00Z,II,Generation,28.314
T_THNTO-2,THNTO-2,2026-09-08,2,2026-09-08T00:00:00Z,II,Generation,33.664
T_THNTO-2,THNTO-2,2026-09-08,3,2026-09-08T00:30:00Z,II,Generation,23.669
T_THNTO-2,THNTO-2,2026-09-08,4,2026-09-08T01:00:00Z,II,Generation,21.712
T_THNTO-2,THNTO-2,2026-09-08,5,2026-09-08T01:30:00Z,II,Generation,22.477
T_THNTO-2,THNTO-2,2026-09-08,6,2026-09-08T02:00:00Z,II,Generation,21.896
T_THNTO-2,THNTO-2,2026-09-08,7,2026-09-08T02:30:00Z,II,Generation,18.266
T_THNTO-2,THNTO-2,2026-09-08,8,2026-09-08T03:00:00Z,II,Generation,20.329
T_THNTO-2,THNTO-2,2026-09-08,9,2026-09-08T03:30:00Z,II,Generation,23.921
T_THNTO-2,THNTO-2,2026-09-08,10,2026-09-08T04:00:00Z,II,Generation,21.815
T_THNTO-2,THNTO-2,2026-09-08,11,2026-09-08T04:30:00Z,II,Generation,15.771
T_THNTO-2,THNTO-2,2026-09-08,12,2026-09-08T05:00:00Z,II,Generation,12.084
T_THNTO-2,THNTO-2,2026-09-08,13,2026-09-08T05:30:00Z,II,Generation,12.444
T_THNTO-2,THNTO-2,2026-09-08,14,2026-09-08T06:00:00Z,II,Generation,10.109
T_THNTO-2,THNTO-2,2026-09-08,15,2026-09-08T06:30:00Z,II,Generation,7.304
T_THNTO-2,THNTO-2,2026-09-08,16,2026-09-08T07:00:00Z,II,Generation,6.303
T_THNTO-2,THNTO-2,2026-09-08,17,2026-09-08T07:30:00Z,II,Generation,21.114
T_THNTO-2,THNTO-2,2026-09-08,18,2026-09-08T08:00:00Z,II,Generation,25.417
T_THNTO-2,THNTO-2,2026-09-08,19,2026-09-08T08:30:00Z,II,Generation,14.625
T_THNTO-2,THNTO-2,2026-09-08,20,2026-09-08T09:00:00Z,II,Generation,9.477
T_THNTO-2,THNTO-2,2026-09-08,21,2026-09-08T09:30:00Z,II,Generation,7.894
T_THNTO-2,THNTO-2,2026-09-08,22,2026-09-08T10:00:00Z,II,Generation,10.418
T_THNTO-2,THNTO-2,2026-09-08,23,2026-09-08T10:30:00Z,II,Generation,7.898
T_THNTO-2,THNTO-2,2026-09-08,24,2026-09-08T11:00:00Z,II,Generation,4.428
T_THNTO-2,THNTO-2,2026-09-08,25,2026-09-08T11:30:00Z,II,Generation,2.208
T_THNTO-2,THNTO-2,2026-09-08,26,2026-09-08T12:00:00Z,II,Generation,0.816
T_THNTO-2,THNTO-2,2026-09-08,27,2026-09-08T12:30:00Z,II,Generation,-0.223
T_THNTO-2,THNTO-2,2026-09-08,28,2026-09-08T13:00:00Z,II,Generation,-0.239
T_THNTO-2,THNTO-2,2026-09-08,29,2026-09-08T13:30:00Z,II,Generation,-0.229
T_THNTO-2,THNTO-2,2026-09-08,30,2026-09-08T14:00:00Z,II,Generation,-0.353
T_THNTO-2,THNTO-2,2026-09-08,31,2026-09-08T14:30:00Z,II,Generation,2.554
T_THNTO-2,THNTO-2,2026-09-08,32,2026-09-08T15:00:00Z,II,Generation,11.469
T_THNTO-2,THNTO-2,2026-09-08,33,2026-09-08T15:30:00Z,II,Generation,21.658
T_THNTO-2,THNTO-2,2026-09-08,34,2026-09-08T16:00:00Z,II,Generation,36.045
T_THNTO-2,THNTO-2,2026-09-08,35,2026-09-08T16:30:00Z,II,Generation,68.636
T_THNTO-2,THNTO-2,2026-09-08,36,2026-09-08T17:00:00Z,II,Generation,58.696
T_THNTO-2,THNTO-2,2026-09-08,37,2026-09-08T17:30:00Z,II,Generation,50.950
T_THNTO-2,THNTO-2,2026-09-08,38,2026-09-08T18:00:00Z,II,Generation,58.951
T_THNTO-2,THNTO-2,2026-09-08,39,2026-09-08T18:30:00Z,II,Generation,64.072
T_THNTO-2,THNTO-2,2026-09-08,40,2026-09-08T19:00:00Z,II,Generation,63.223
T_THNTO-2,THNTO-2,2026-09-08,41,2026-09-08T19:30:00Z,II,Generation,60.551
T_THNTO-2,THNTO-2,2026-09-08,42,2026-09-08T20:00:00Z,II,Generation,39.509
T_THNTO-2,THNTO-2,2026-09-08,43,2026-09-08T20:30:00Z,II,Generation,34.007
T_THNTO-2,THNTO-2,2026-09-08,44,2026-09-08T21:00:00Z,II,Generation,40.012
T_THNTO-2,THNTO-2,2026-09-08,45,2026-09-08T21:30:00Z,II,Generation,50.993
T_THNTO-2,THNTO-2,2026-09-08,46,2026-09-08T22:00:00Z,II,Generation,67.478
T_THNTO-2,THNTO-2,2026-09-08,47,2026-09-08T22:30:00Z,II,Generation,72.093
T_THNTO-2,THNTO-2,2026-09-08,48,2026-09-08T23:00:00Z,II,Generation,71.074
T_TKNEW-1,TKNEW-1,2026-09-08,1,2026-09-07T23:30:00Z,II,Generation,90.410
T_TKNEW-1,TKNEW-1,2026-09-08,2,2026-09-08T00:00:00Z,II,Generation,88.570
T_TKNEW-1,TKNEW-1,2026-09-08,3,2026-09-08T00:30:00Z,II,Generation,90.910
T_TKNEW-1,TKNEW-1,2026-09-08,4,2026-09-08T01:00:00Z,II,Generation,99.010
T_TKNEW-1,TKNEW-1,2026-09-08,5,2026-09-08T01:30:00Z,II,Generation,171.980
T_TKNEW-1,TKNEW-1,2026-09-08,6,2026-09-08T02:00:00Z,II,Generation,181.730
T_TKNEW-1,TKNEW-1,2026-09-08,7,2026-09-08T02:30:00Z,II,Generation,159.640
T_TKNEW-1,TKNEW-1,2026-09-08,8,2026-09-08T03:00:00Z,II,Generation,149.580
T_TKNEW-1,TKNEW-1,2026-09-08,9,2026-09-08T03:30:00Z,II,Generation,161.510
T_TKNEW-1,TKNEW-1,2026-09-08,10,2026-09-08T04:00:00Z,II,Generation,173.970
T_TKNEW-1,TKNEW-1,2026-09-08,11,2026-09-08T04:30:00Z,II,Generation,179.120
T_TKNEW-1,TKNEW-1,2026-09-08,12,2026-09-08T05:00:00Z,II,Generation,180.810
T_TKNEW-1,TKNEW-1,2026-09-08,13,2026-09-08T05:30:00Z,II,Generation,181.320
T_TKNEW-1,TKNEW-1,2026-09-08,14,2026-09-08T06:00:00Z,II,Generation,176.760
T_TKNEW-1,TKNEW-1,2026-09-08,15,2026-09-08T06:30:00Z,II,Generation,175.500
T_TKNEW-1,TKNEW-1,2026-09-08,16,2026-09-08T07:00:00Z,II,Generation,123.380
T_TKNEW-1,TKNEW-1,2026-09-08,17,2026-09-08T07:30:00Z,II,Generation,102.920
T_TKNEW-1,TKNEW-1,2026-09-08,18,2026-09-08T08:00:00Z,II,Generation,63.420
T_TKNEW-1,TKNEW-1,2026-09-08,19,2026-09-08T08:30:00Z,II,Generation,41.960
T_TKNEW-1,TKNEW-1,2026-09-08,20,2026-09-08T09:00:00Z,II,Generation,43.850
T_TKNEW-1,TKNEW-1,2026-09-08,21,2026-09-08T09:30:00Z,II,Generation,47.160
T_TKNEW-1,TKNEW-1,2026-09-08,22,2026-09-08T10:00:00Z,II,Generation,41.930
T_TKNEW-1,TKNEW-1,2026-09-08,23,2026-09-08T10:30:00Z,II,Generation,42.660
T_TKNEW-1,TKNEW-1,2026-09-08,24,2026-09-08T11:00:00Z,II,Generation,46.890
T_TKNEW-1,TKNEW-1,2026-09-08,25,2026-09-08T11:30:00Z,II,Generation,42.620
T_TKNEW-1,TKNEW-1,2026-09-08,26,2026-09-08T12:00:00Z,II,Generation,43.830
T_TKNEW-1,TKNEW-1,2026-09-08,27,2026-09-08T12:30:00Z,II,Generation,41.800
T_TKNEW-1,TKNEW-1,2026-09-08,28,2026-09-08T13:00:00Z,II,Generation,36.780
T_TKNEW-1,TKNEW-1,2026-09-08,29,2026-09-08T13:30:00Z,II,Generation,44.890
T_TKNEW-1,TKNEW-1,2026-09-08,30,2026-09-08T14:00:00Z,II,Generation,45.440
T_TKNEW-1,TKNEW-1,2026-09-08,31,2026-09-08T14:30:00Z,II,Generation,44.270
T_TKNEW-1,TKNEW-1,2026-09-08,32,2026-09-08T15:00:00Z,II,Generation,46.070
T_TKNEW-1,TKNEW-1,2026-09-08,33,2026-09-08T15:30:00Z,II,Generation,61.400
T_TKNEW-1,TKNEW-1,2026-09-08,34,2026-09-08T16:00:00Z,II,Generation,78.280
T_TKNEW-1,TKNEW-1,2026-09-08,35,2026-09-08T16:30:00Z,II,Generation,67.260
T_TKNEW-1,TKNEW-1,2026-09-08,36,2026-09-08T17:00:00Z,II,Generation,106.370
T_TKNEW-1,TKNEW-1,2026-09-08,37,2026-09-08T17:30:00Z,II,Generation,147.490
T_TKNEW-1,TKNEW-1,2026-09-08,38,2026-09-08T18:00:00Z,II,Generation,179.130
T_TKNEW-1,TKNEW-1,2026-09-08,39,2026-09-08T18:30:00Z,II,Generation,176.850
T_TKNEW-1,TKNEW-1,2026-09-08,40,2026-09-08T19:00:00Z,II,Generation,188.510
T_TKNEW-1,TKNEW-1,2026-09-08,41,2026-09-08T19:30:00Z,II,Generation,192.220
T_TKNEW-1,TKNEW-1,2026-09-08,42,2026-09-08T20:00:00Z,II,Generation,193.730
T_TKNEW-1,TKNEW-1,2026-09-08,43,2026-09-08T20:30:00Z,II,Generation,193.750
T_TKNEW-1,TKNEW-1,2026-09-08,44,2026-09-08T21:00:00Z,II,Generation,193.680
T_TKNEW-1,TKNEW-1,2026-09-08,45,2026-09-08T21:30:00Z,II,Generation,193.630
T_TKNEW-1,TKNEW-1,2026-09-08,46,2026-09-08T22:00:00Z,II,Generation,193.760
T_TKNEW-1,TKNEW-1,2026-09-08,47,2026-09-08T22:30:00Z,II,Generation,193.670
T_TKNEW-1,TKNEW-1,2026-09-08,48,2026-09-08T23:00:00Z,II,Generation,193.670
T_TKNWW-1,TKNWW-1,2026-09-08,1,2026-09-07T23:30:00Z,II,Generation,107.900
T_TKNWW-1,TKNWW-1,2026-09-08,2,2026-09-08T00:00:00Z,II,Generation,103.650
T_TKNWW-1,TKNWW-1,2026-09-08,3,2026-09-08T00:30:00Z,II,Generation,97.040
T_TKNWW-1,TKNWW-1,2026-09-08,4,2026-09-08T01:00:00Z,II,Generation,110.810
T_TKNWW-1,TKNWW-1,2026-09-08,5,2026-09-08T01:30:00Z,II,Generation,173.600
T_TKNWW-1,TKNWW-1,2026-09-08,6,2026-09-08T02:00:00Z,II,Generation,184.840
T_TKNWW-1,TKNWW-1,2026-09-08,7,2026-09-08T02:30:00Z,II,Generation,175.980
T_TKNWW-1,TKNWW-1,2026-09-08,8,2026-09-08T03:00:00Z,II,Generation,168.420
T_TKNWW-1,TKNWW-1,2026-09-08,9,2026-09-08T03:30:00Z,II,Generation,183.240
T_TKNWW-1,TKNWW-1,2026-09-08,10,2026-09-08T04:00:00Z,II,Generation,187.420
T_TKNWW-1,TKNWW-1,2026-09-08,11,2026-09-08T04:30:00Z,II,Generation,187.110
T_TKNWW-1,TKNWW-1,2026-09-08,12,2026-09-08T05:00:00Z,II,Generation,188.030
T_TKNWW-1,TKNWW-1,2026-09-08,13,2026-09-08T05:30:00Z,II,Generation,177.450
T_TKNWW-1,TKNWW-1,2026-09-08,14,2026-09-08T06:00:00Z,II,Generation,163.070
T_TKNWW-1,TKNWW-1,2026-09-08,15,2026-09-08T06:30:00Z,II,Generation,149.700
T_TKNWW-1,TKNWW-1,2026-09-08,16,2026-09-08T07:00:00Z,II,Generation,109.530
T_TKNWW-1,TKNWW-1,2026-09-08,17,2026-09-08T07:30:00Z,II,Generation,81.780
T_TKNWW-1,TKNWW-1,2026-09-08,18,2026-09-08T08:00:00Z,II,Generation,42.450
T_TKNWW-1,TKNWW-1,2026-09-08,19,2026-09-08T08:30:00Z,II,Generation,49.790
T_TKNWW-1,TKNWW-1,2026-09-08,20,2026-09-08T09:00:00Z,II,Generation,55.170
T_TKNWW-1,TKNWW-1,2026-09-08,21,2026-09-08T09:30:00Z,II,Generation,49.560
T_TKNWW-1,TKNWW-1,2026-09-08,22,2026-09-08T10:00:00Z,II,Generation,41.820
T_TKNWW-1,TKNWW-1,2026-09-08,23,2026-09-08T10:30:00Z,II,Generation,50.150
T_TKNWW-1,TKNWW-1,2026-09-08,24,2026-09-08T11:00:00Z,II,Generation,43.600
T_TKNWW-1,TKNWW-1,2026-09-08,25,2026-09-08T11:30:00Z,II,Generation,39.380
T_TKNWW-1,TKNWW-1,2026-09-08,26,2026-09-08T12:00:00Z,II,Generation,45.880
T_TKNWW-1,TKNWW-1,2026-09-08,27,2026-09-08T12:30:00Z,II,Generation,42.370
T_TKNWW-1,TKNWW-1,2026-09-08,28,2026-09-08T13:00:00Z,II,Generation,39.690
T_TKNWW-1,TKNWW-1,2026-09-08,29,2026-09-08T13:30:00Z,II,Generation,47.580
T_TKNWW-1,TKNWW-1,2026-09-08,30,2026-09-08T14:00:00Z,II,Generation,45.390
T_TKNWW-1,TKNWW-1,2026-09-08,31,2026-09-08T14:30:00Z,II,Generation,49.230
T_TKNWW-1,TKNWW-1,2026-09-08,32,2026-09-08T15:00:00Z,II,Generation,56.760
T_TKNWW-1,TKNWW-1,2026-09-08,33,2026-09-08T15:30:00Z,II,Generation,93.380
T_TKNWW-1,TKNWW-1,2026-09-08,34,2026-09-08T16:00:00Z,II,Generation,87.680
T_TKNWW-1,TKNWW-1,2026-09-08,35,2026-09-08T16:30:00Z,II,Generation,100.720
T_TKNWW-1,TKNWW-1,2026-09-08,36,2026-09-08T17:00:00Z,II,Generation,137.060
T_TKNWW-1,TKNWW-1,2026-09-08,37,2026-09-08T17:30:00Z,II,Generation,172.090
T_TKNWW-1,TKNWW-1,2026-09-08,38,2026-09-08T18:00:00Z,II,Generation,188.830
T_TKNWW-1,TKNWW-1,2026-09-08,39,2026-09-08T18:30:00Z,II,Generation,179.630
T_TKNWW-1,TKNWW-1,2026-09-08,40,2026-09-08T19:00:00Z,II,Generation,186.770
T_TKNWW-1,TKNWW-1,2026-09-08,41,2026-09-08T19:30:00Z,II,Generation,184.740
T_TKNWW-1,TKNWW-1,2026-09-08,42,2026-09-08T20:00:00Z,II,Generation,184.940
T_TKNWW-1,TKNWW-1,2026-09-08,43,2026-09-08T20:30:00Z,II,Generation,189.080
T_TKNWW-1,TKNWW-1,2026-09-08,44,2026-09-08T21:00:00Z,II,Generation,190.120
T_TKNWW-1,TKNWW-1,2026-09-08,45,2026-09-08T21:30:00Z,II,Generation,188.790
T_TKNWW-1,TKNWW-1,2026-09-08,46,2026-09-08T22:00:00Z,II,Generation,191.320
T_TKNWW-1,TKNWW-1,2026-09-08,47,2026-09-08T22:30:00Z,II,Generation,191.830
T_TKNWW-1,TKNWW-1,2026-09-08,48,2026-09-08T23:00:00Z,II,Generation,191.970
T_TRLGW-1,TRLGW-1,2026-09-08,1,2026-09-07T23:30:00Z,II,Generation,7.038
T_TRLGW-1,TRLGW-1,2026-09-08,2,2026-09-08T00:00:00Z,II,Generation,6.981
T_TRLGW-1,TRLGW-1,2026-09-08,3,2026-09-08T00:30:00Z,II,Generation,6.605
T_TRLGW-1,TRLGW-1,2026-09-08,4,2026-09-08T01:00:00Z,II,Generation,6.887
T_TRLGW-1,TRLGW-1,2026-09-08,5,2026-09-08T01:30:00Z,II,Generation,6.732
T_TRLGW-1,TRLGW-1,2026-09-08,6,2026-09-08T02:00:00Z,II,Generation,7.221
T_TRLGW-1,TRLGW-1,2026-09-08,7,2026-09-08T02:30:00Z,II,Generation,7.069
T_TRLGW-1,TRLGW-1,2026-09-08,8,2026-09-08T03:00:00Z,II,Generation,6.172
T_TRLGW-1,TRLGW-1,2026-09-08,9,2026-09-08T03:30:00Z,II,Generation,6.211
T_TRLGW-1,TRLGW-1,2026-09-08,10,2026-09-08T04:00:00Z,II,Generation,7.083
T_TRLGW-1,TRLGW-1,2026-09-08,11,2026-09-08T04:30:00Z,II,Generation,7.780
T_TRLGW-1,TRLGW-1,2026-09-08,12,2026-09-08T05:00:00Z,II,Generation,7.688
T_TRLGW-1,TRLGW-1,2026-09-08,13,2026-09-08T05:30:00Z,II,Generation,7.489
T_TRLGW-1,TRLGW-1,2026-09-08,14,2026-09-08T06:00:00Z,II,Generation,7.729
T_TRLGW-1,TRLGW-1,2026-09-08,15,2026-09-08T06:30:00Z,II,Generation,8.012
T_TRLGW-1,TRLGW-1,2026-09-08,16,2026-09-08T07:00:00Z,II,Generation,7.959
T_TRLGW-1,TRLGW-1,2026-09-08,17,2026-09-08T07:30:00Z,II,Generation,7.875
T_TRLGW-1,TRLGW-1,2026-09-08,18,2026-09-08T08:00:00Z,II,Generation,7.977
T_TRLGW-1,TRLGW-1,2026-09-08,19,2026-09-08T08:30:00Z,II,Generation,7.879
T_TRLGW-1,TRLGW-1,2026-09-08,20,2026-09-08T09:00:00Z,II,Generation,7.506
T_TRLGW-1,TRLGW-1,2026-09-08,21,2026-09-08T09:30:00Z,II,Generation,5.720
T_TRLGW-1,TRLGW-1,2026-09-08,22,2026-09-08T10:00:00Z,II,Generation,7.193
T_TRLGW-1,TRLGW-1,2026-09-08,23,2026-09-08T10:30:00Z,II,Generation,7.860
T_TRLGW-1,TRLGW-1,2026-09-08,24,2026-09-08T11:00:00Z,II,Generation,7.459
T_TRLGW-1,TRLGW-1,2026-09-08,25,2026-09-08T11:30:00Z,II,Generation,7.923
T_TRLGW-1,TRLGW-1,2026-09-08,26,2026-09-08T12:00:00Z,II,Generation,8.052
T_TRLGW-1,TRLGW-1,2026-09-08,27,2026-09-08T12:30:00Z,II,Generation,8.017
T_TRLGW-1,TRLGW-1,2026-09-08,28,2026-09-08T13:00:00Z,II,Generation,7.962
T_TRLGW-1,TRLGW-1,2026-09-08,29,2026-09-08T13:30:00Z,II,Generation,7.952
T_TRLGW-1,TRLGW-1,2026-09-08,30,2026-09-08T14:00:00Z,II,Generation,8.010
T_TRLGW-1,TRLGW-1,2026-09-08,31,2026-09-08T14:30:00Z,II,Generation,8.058
T_TRLGW-1,TRLGW-1,2026-09-08,32,2026-09-08T15:00:00Z,II,Generation,8.098
T_TRLGW-1,TRLGW-1,2026-09-08,33,2026-09-08T15:30:00Z,II,Generation,8.083
T_TRLGW-1,TRLGW-1,2026-09-08,34,2026-09-08T16:00:00Z,II,Generation,8.093
T_TRLGW-1,TRLGW-1,2026-09-08,35,2026-09-08T16:30:00Z,II,Generation,8.113
T_TRLGW-1,TRLGW-1,2026-09-08,36,2026-09-08T17:00:00Z,II,Generation,8.069
T_TRLGW-1,TRLGW-1,2026-09-08,37,2026-09-08T17:30:00Z,II,Generation,8.085
T_TRLGW-1,TRLGW-1,2026-09-08,38,2026-09-08T18:00:00Z,II,Generation,8.126
T_TRLGW-1,TRLGW-1,2026-09-08,39,2026-09-08T18:30:00Z,II,Generation,8.116
T_TRLGW-1,TRLGW-1,2026-09-08,40,2026-09-08T19:00:00Z,II,Generation,7.849
T_TRLGW-1,TRLGW-1,2026-09-08,41,2026-09-08T19:30:00Z,II,Generation,7.266
T_TRLGW-1,TRLGW-1,2026-09-08,42,2026-09-08T20:00:00Z,II,Generation,7.500
T_TRLGW-1,TRLGW-1,2026-09-08,43,2026-09-08T20:30:00Z,II,Generation,7.344
T_TRLGW-1,TRLGW-1,2026-09-08,44,2026-09-08T21:00:00Z,II,Generation,7.760
T_TRLGW-1,TRLGW-1,2026-09-08,45,2026-09-08T21:30:00Z,II,Generation,7.107
T_TRLGW-1,TRLGW-1,2026-09-08,46,2026-09-08T22:00:00Z,II,Generation,5.483
T_TRLGW-1,TRLGW-1,2026-09-08,47,2026-09-08T22:30:00Z,II,Generation,5.139
T_TRLGW-1,TRLGW-1,2026-09-08,48,2026-09-08T23:00:00Z,II,Generation,4.505
T_TWSHW-1,TWSHW-1,2026-09-08,1,2026-09-07T23:30:00Z,II,Generation,10.654
T_TWSHW-1,TWSHW-1,2026-09-08,2,2026-09-08T00:00:00Z,II,Generation,11.561
T_TWSHW-1,TWSHW-1,2026-09-08,3,2026-09-08T00:30:00Z,II,Generation,15.496
T_TWSHW-1,TWSHW-1,2026-09-08,4,2026-09-08T01:00:00Z,II,Generation,15.832
T_TWSHW-1,TWSHW-1,2026-09-08,5,2026-09-08T01:30:00Z,II,Generation,14.481
T_TWSHW-1,TWSHW-1,2026-09-08,6,2026-09-08T02:00:00Z,II,Generation,15.129
T_TWSHW-1,TWSHW-1,2026-09-08,7,2026-09-08T02:30:00Z,II,Generation,15.724
T_TWSHW-1,TWSHW-1,2026-09-08,8,2026-09-08T03:00:00Z,II,Generation,13.957
T_TWSHW-1,TWSHW-1,2026-09-08,9,2026-09-08T03:30:00Z,II,Generation,14.337
T_TWSHW-1,TWSHW-1,2026-09-08,10,2026-09-08T04:00:00Z,II,Generation,15.500
T_TWSHW-1,TWSHW-1,2026-09-08,11,2026-09-08T04:30:00Z,II,Generation,16.409
T_TWSHW-1,TWSHW-1,2026-09-08,12,2026-09-08T05:00:00Z,II,Generation,15.681
T_TWSHW-1,TWSHW-1,2026-09-08,13,2026-09-08T05:30:00Z,II,Generation,15.051
T_TWSHW-1,TWSHW-1,2026-09-08,14,2026-09-08T06:00:00Z,II,Generation,14.118
T_TWSHW-1,TWSHW-1,2026-09-08,15,2026-09-08T06:30:00Z,II,Generation,13.867
T_TWSHW-1,TWSHW-1,2026-09-08,16,2026-09-08T07:00:00Z,II,Generation,17.075
T_TWSHW-1,TWSHW-1,2026-09-08,17,2026-09-08T07:30:00Z,II,Generation,17.121
T_TWSHW-1,TWSHW-1,2026-09-08,18,2026-09-08T08:00:00Z,II,Generation,16.812
T_TWSHW-1,TWSHW-1,2026-09-08,19,2026-09-08T08:30:00Z,II,Generation,14.366
T_TWSHW-1,TWSHW-1,2026-09-08,20,2026-09-08T09:00:00Z,II,Generation,13.021
T_TWSHW-1,TWSHW-1,2026-09-08,21,2026-09-08T09:30:00Z,II,Generation,11.512
T_TWSHW-1,TWSHW-1,2026-09-08,22,2026-09-08T10:00:00Z,II,Generation,11.048
T_TWSHW-1,TWSHW-1,2026-09-08,23,2026-09-08T10:30:00Z,II,Generation,10.998
T_TWSHW-1,TWSHW-1,2026-09-08,24,2026-09-08T11:00:00Z,II,Generation,12.525
T_TWSHW-1,TWSHW-1,2026-09-08,25,2026-09-08T11:30:00Z,II,Generation,13.477
T_TWSHW-1,TWSHW-1,2026-09-08,26,2026-09-08T12:00:00Z,II,Generation,14.321
T_TWSHW-1,TWSHW-1,2026-09-08,27,2026-09-08T12:30:00Z,II,Generation,14.349
T_TWSHW-1,TWSHW-1,2026-09-08,28,2026-09-08T13:00:00Z,II,Generation,14.407
T_TWSHW-1,TWSHW-1,2026-09-08,29,2026-09-08T13:30:00Z,II,Generation,16.244
T_TWSHW-1,TWSHW-1,2026-09-08,30,2026-09-08T14:00:00Z,II,Generation,17.915
T_TWSHW-1,TWSHW-1,2026-09-08,31,2026-09-08T14:30:00Z,II,Generation,16.263
T_TWSHW-1,TWSHW-1,2026-09-08,32,2026-09-08T15:00:00Z,II,Generation,17.841
T_TWSHW-1,TWSHW-1,2026-09-08,33,2026-09-08T15:30:00Z,II,Generation,18.172
T_TWSHW-1,TWSHW-1,2026-09-08,34,2026-09-08T16:00:00Z,II,Generation,18.078
T_TWSHW-1,TWSHW-1,2026-09-08,35,2026-09-08T16:30:00Z,II,Generation,17.892
T_TWSHW-1,TWSHW-1,2026-09-08,36,2026-09-08T17:00:00Z,II,Generation,18.404
T_TWSHW-1,TWSHW-1,2026-09-08,37,2026-09-08T17:30:00Z,II,Generation,18.408
T_TWSHW-1,TWSHW-1,2026-09-08,38,2026-09-08T18:00:00Z,II,Generation,18.416
T_TWSHW-1,TWSHW-1,2026-09-08,39,2026-09-08T18:30:00Z,II,Generation,18.466
T_TWSHW-1,TWSHW-1,2026-09-08,40,2026-09-08T19:00:00Z,II,Generation,18.439
T_TWSHW-1,TWSHW-1,2026-09-08,41,2026-09-08T19:30:00Z,II,Generation,17.804
T_TWSHW-1,TWSHW-1,2026-09-08,42,2026-09-08T20:00:00Z,II,Generation,18.474
T_TWSHW-1,TWSHW-1,2026-09-08,43,2026-09-08T20:30:00Z,II,Generation,18.490
T_TWSHW-1,TWSHW-1,2026-09-08,44,2026-09-08T21:00:00Z,II,Generation,18.490
T_TWSHW-1,TWSHW-1,2026-09-08,45,2026-09-08T21:30:00Z,II,Generation,18.441
T_TWSHW-1,TWSHW-1,2026-09-08,46,2026-09-08T22:00:00Z,II,Generation,18.422
T_TWSHW-1,TWSHW-1,2026-09-08,47,2026-09-08T22:30:00Z,II,Generation,18.309
T_TWSHW-1,TWSHW-1,2026-09-08,48,2026-09-08T23:00:00Z,II,Generation,18.308
T_VKNGW-1,VKNGW-1,2026-09-08,1,2026-09-07T23:30:00Z,II,Generation,-0.484
T_VKNGW-1,VKNGW-1,2026-09-08,2,2026-09-08T00:00:00Z,II,Generation,-0.483
T_VKNGW-1,VKNGW-1,2026-09-08,3,2026-09-08T00:30:00Z,II,Generation,-0.480
T_VKNGW-1,VKNGW-1,2026-09-08,4,2026-09-08T01:00:00Z,II,Generation,-0.481
T_VKNGW-1,VKNGW-1,2026-09-08,5,2026-09-08T01:30:00Z,II,Generation,-0.482
T_VKNGW-1,VKNGW-1,2026-09-08,6,2026-09-08T02:00:00Z,II,Generation,-0.486
T_VKNGW-1,VKNGW-1,2026-09-08,7,2026-09-08T02:30:00Z,II,Generation,-0.484
T_VKNGW-1,VKNGW-1,2026-09-08,8,2026-09-08T03:00:00Z,II,Generation,-0.485
T_VKNGW-1,VKNGW-1,2026-09-08,9,2026-09-08T03:30:00Z,II,Generation,-0.482
T_VKNGW-1,VKNGW-1,2026-09-08,10,2026-09-08T04:00:00Z,II,Generation,-0.485
T_VKNGW-1,VKNGW-1,2026-09-08,11,2026-09-08T04:30:00Z,II,Generation,-0.482
T_VKNGW-1,VKNGW-1,2026-09-08,12,2026-09-08T05:00:00Z,II,Generation,-0.475
T_VKNGW-1,VKNGW-1,2026-09-08,13,2026-09-08T05:30:00Z,II,Generation,-0.472
T_VKNGW-1,VKNGW-1,2026-09-08,14,2026-09-08T06:00:00Z,II,Generation,-0.473
T_VKNGW-1,VKNGW-1,2026-09-08,15,2026-09-08T06:30:00Z,II,Generation,-0.470
T_VKNGW-1,VKNGW-1,2026-09-08,16,2026-09-08T07:00:00Z,II,Generation,-0.469
T_VKNGW-1,VKNGW-1,2026-09-08,17,2026-09-08T07:30:00Z,II,Generation,-0.465
T_VKNGW-1,VKNGW-1,2026-09-08,18,2026-09-08T08:00:00Z,II,Generation,-0.453
T_VKNGW-1,VKNGW-1,2026-09-08,19,2026-09-08T08:30:00Z,II,Generation,-0.450
T_VKNGW-1,VKNGW-1,2026-09-08,20,2026-09-08T09:00:00Z,II,Generation,0.571
T_VKNGW-1,VKNGW-1,2026-09-08,21,2026-09-08T09:30:00Z,II,Generation,0.025
T_VKNGW-1,VKNGW-1,2026-09-08,22,2026-09-08T10:00:00Z,II,Generation,-0.492
T_VKNGW-1,VKNGW-1,2026-09-08,23,2026-09-08T10:30:00Z,II,Generation,-0.482
T_VKNGW-1,VKNGW-1,2026-09-08,24,2026-09-08T11:00:00Z,II,Generation,-0.475
T_VKNGW-1,VKNGW-1,2026-09-08,25,2026-09-08T11:30:00Z,II,Generation,-0.447
T_VKNGW-1,VKNGW-1,2026-09-08,26,2026-09-08T12:00:00Z,II,Generation,-0.443
T_VKNGW-1,VKNGW-1,2026-09-08,27,2026-09-08T12:30:00Z,II,Generation,-0.458
T_VKNGW-1,VKNGW-1,2026-09-08,28,2026-09-08T13:00:00Z,II,Generation,-0.455
T_VKNGW-1,VKNGW-1,2026-09-08,29,2026-09-08T13:30:00Z,II,Generation,-0.450
T_VKNGW-1,VKNGW-1,2026-09-08,30,2026-09-08T14:00:00Z,II,Generation,-0.451
T_VKNGW-1,VKNGW-1,2026-09-08,31,2026-09-08T14:30:00Z,II,Generation,-0.445
T_VKNGW-1,VKNGW-1,2026-09-08,32,2026-09-08T15:00:00Z,II,Generation,-0.458
T_VKNGW-1,VKNGW-1,2026-09-08,33,2026-09-08T15:30:00Z,II,Generation,-0.470
T_VKNGW-1,VKNGW-1,2026-09-08,34,2026-09-08T16:00:00Z,II,Generation,-0.474
T_VKNGW-1,VKNGW-1,2026-09-08,35,2026-09-08T16:30:00Z,II,Generation,-0.493
T_VKNGW-1,VKNGW-1,2026-09-08,36,2026-09-08T17:00:00Z,II,Generation,-0.514
T_VKNGW-1,VKNGW-1,2026-09-08,37,2026-09-08T17:30:00Z,II,Generation,-0.500
T_VKNGW-1,VKNGW-1,2026-09-08,38,2026-09-08T18:00:00Z,II,Generation,-0.502
T_VKNGW-1,VKNGW-1,2026-09-08,39,2026-09-08T18:30:00Z,II,Generation,-0.498
T_VKNGW-1,VKNGW-1,2026-09-08,40,2026-09-08T19:00:00Z,II,Generation,-0.497
T_VKNGW-1,VKNGW-1,2026-09-08,41,2026-09-08T19:30:00Z,II,Generation,-0.503
T_VKNGW-1,VKNGW-1,2026-09-08,42,2026-09-08T20:00:00Z,II,Generation,-0.504
T_VKNGW-1,VKNGW-1,2026-09-08,43,2026-09-08T20:30:00Z,II,Generation,-0.507
T_VKNGW-1,VKNGW-1,2026-09-08,44,2026-09-08T21:00:00Z,II,Generation,-0.508
T_VKNGW-1,VKNGW-1,2026-09-08,45,2026-09-08T21:30:00Z,II,Generation,-0.506
T_VKNGW-1,VKNGW-1,2026-09-08,46,2026-09-08T22:00:00Z,II,Generation,-0.506
T_VKNGW-1,VKNGW-1,2026-09-08,47,2026-09-08T22:30:00Z,II,Generation,-0.504
T_VKNGW-1,VKNGW-1,2026-09-08,48,2026-09-08T23:00:00Z,II,Generation,-0.501
T_VKNGW-2,VKNGW-2,2026-09-08,1,2026-09-07T23:30:00Z,II,Generation,-0.466
T_VKNGW-2,VKNGW-2,2026-09-08,2,2026-09-08T00:00:00Z,II,Generation,-0.464
T_VKNGW-2,VKNGW-2,2026-09-08,3,2026-09-08T00:30:00Z,II,Generation,-0.465
T_VKNGW-2,VKNGW-2,2026-09-08,4,2026-09-08T01:00:00Z,II,Generation,-0.465
T_VKNGW-2,VKNGW-2,2026-09-08,5,2026-09-08T01:30:00Z,II,Generation,-0.462
T_VKNGW-2,VKNGW-2,2026-09-08,6,2026-09-08T02:00:00Z,II,Generation,-0.471
T_VKNGW-2,VKNGW-2,2026-09-08,7,2026-09-08T02:30:00Z,II,Generation,-0.469
T_VKNGW-2,VKNGW-2,2026-09-08,8,2026-09-08T03:00:00Z,II,Generation,-0.468
T_VKNGW-2,VKNGW-2,2026-09-08,9,2026-09-08T03:30:00Z,II,Generation,-0.468
T_VKNGW-2,VKNGW-2,2026-09-08,10,2026-09-08T04:00:00Z,II,Generation,-0.464
T_VKNGW-2,VKNGW-2,2026-09-08,11,2026-09-08T04:30:00Z,II,Generation,-0.460
T_VKNGW-2,VKNGW-2,2026-09-08,12,2026-09-08T05:00:00Z,II,Generation,-0.457
T_VKNGW-2,VKNGW-2,2026-09-08,13,2026-09-08T05:30:00Z,II,Generation,-0.452
T_VKNGW-2,VKNGW-2,2026-09-08,14,2026-09-08T06:00:00Z,II,Generation,-0.453
T_VKNGW-2,VKNGW-2,2026-09-08,15,2026-09-08T06:30:00Z,II,Generation,-0.452
T_VKNGW-2,VKNGW-2,2026-09-08,16,2026-09-08T07:00:00Z,II,Generation,-0.449
T_VKNGW-2,VKNGW-2,2026-09-08,17,2026-09-08T07:30:00Z,II,Generation,-0.445
T_VKNGW-2,VKNGW-2,2026-09-08,18,2026-09-08T08:00:00Z,II,Generation,-0.434
T_VKNGW-2,VKNGW-2,2026-09-08,19,2026-09-08T08:30:00Z,II,Generation,-0.432
T_VKNGW-2,VKNGW-2,2026-09-08,20,2026-09-08T09:00:00Z,II,Generation,-0.426
T_VKNGW-2,VKNGW-2,2026-09-08,21,2026-09-08T09:30:00Z,II,Generation,-0.425
T_VKNGW-2,VKNGW-2,2026-09-08,22,2026-09-08T10:00:00Z,II,Generation,-0.452
T_VKNGW-2,VKNGW-2,2026-09-08,23,2026-09-08T10:30:00Z,II,Generation,-0.445
T_VKNGW-2,VKNGW-2,2026-09-08,24,2026-09-08T11:00:00Z,II,Generation,-0.442
T_VKNGW-2,VKNGW-2,2026-09-08,25,2026-09-08T11:30:00Z,II,Generation,-0.475
T_VKNGW-2,VKNGW-2,2026-09-08,26,2026-09-08T12:00:00Z,II,Generation,-0.472
T_VKNGW-2,VKNGW-2,2026-09-08,27,2026-09-08T12:30:00Z,II,Generation,-0.469
T_VKNGW-2,VKNGW-2,2026-09-08,28,2026-09-08T13:00:00Z,II,Generation,-0.467
T_VKNGW-2,VKNGW-2,2026-09-08,29,2026-09-08T13:30:00Z,II,Generation,-0.467
T_VKNGW-2,VKNGW-2,2026-09-08,30,2026-09-08T14:00:00Z,II,Generation,-0.453
T_VKNGW-2,VKNGW-2,2026-09-08,31,2026-09-08T14:30:00Z,II,Generation,-0.458
T_VKNGW-2,VKNGW-2,2026-09-08,32,2026-09-08T15:00:00Z,II,Generation,-0.490
T_VKNGW-2,VKNGW-2,2026-09-08,33,2026-09-08T15:30:00Z,II,Generation,-0.496
T_VKNGW-2,VKNGW-2,2026-09-08,34,2026-09-08T16:00:00Z,II,Generation,-0.500
T_VKNGW-2,VKNGW-2,2026-09-08,35,2026-09-08T16:30:00Z,II,Generation,-0.504
T_VKNGW-2,VKNGW-2,2026-09-08,36,2026-09-08T17:00:00Z,II,Generation,-0.502
T_VKNGW-2,VKNGW-2,2026-09-08,37,2026-09-08T17:30:00Z,II,Generation,-0.486
T_VKNGW-2,VKNGW-2,2026-09-08,38,2026-09-08T18:00:00Z,II,Generation,-0.486
T_VKNGW-2,VKNGW-2,2026-09-08,39,2026-09-08T18:30:00Z,II,Generation,-0.503
T_VKNGW-2,VKNGW-2,2026-09-08,40,2026-09-08T19:00:00Z,II,Generation,-0.504
T_VKNGW-2,VKNGW-2,2026-09-08,41,2026-09-08T19:30:00Z,II,Generation,-0.494
T_VKNGW-2,VKNGW-2,2026-09-08,42,2026-09-08T20:00:00Z,II,Generation,-0.500
T_VKNGW-2,VKNGW-2,2026-09-08,43,2026-09-08T20:30:00Z,II,Generation,-0.497
T_VKNGW-2,VKNGW-2,2026-09-08,44,2026-09-08T21:00:00Z,II,Generation,-0.496
T_VKNGW-2,VKNGW-2,2026-09-08,45,2026-09-08T21:30:00Z,II,Generation,-0.512
T_VKNGW-2,VKNGW-2,2026-09-08,46,2026-09-08T22:00:00Z,II,Generation,-0.507
T_VKNGW-2,VKNGW-2,2026-09-08,47,2026-09-08T22:30:00Z,II,Generation,-0.543
T_VKNGW-2,VKNGW-2,2026-09-08,48,2026-09-08T23:00:00Z,II,Generation,-0.579
T_VKNGW-3,VKNGW-3,2026-09-08,1,2026-09-07T23:30:00Z,II,Generation,-0.462
T_VKNGW-3,VKNGW-3,2026-09-08,2,2026-09-08T00:00:00Z,II,Generation,-0.461
T_VKNGW-3,VKNGW-3,2026-09-08,3,2026-09-08T00:30:00Z,II,Generation,-0.460
T_VKNGW-3,VKNGW-3,2026-09-08,4,2026-09-08T01:00:00Z,II,Generation,-0.461
T_VKNGW-3,VKNGW-3,2026-09-08,5,2026-09-08T01:30:00Z,II,Generation,-0.460
T_VKNGW-3,VKNGW-3,2026-09-08,6,2026-09-08T02:00:00Z,II,Generation,-0.463
T_VKNGW-3,VKNGW-3,2026-09-08,7,2026-09-08T02:30:00Z,II,Generation,-0.461
T_VKNGW-3,VKNGW-3,2026-09-08,8,2026-09-08T03:00:00Z,II,Generation,-0.461
T_VKNGW-3,VKNGW-3,2026-09-08,9,2026-09-08T03:30:00Z,II,Generation,-0.459
T_VKNGW-3,VKNGW-3,2026-09-08,10,2026-09-08T04:00:00Z,II,Generation,-0.462
T_VKNGW-3,VKNGW-3,2026-09-08,11,2026-09-08T04:30:00Z,II,Generation,-0.456
T_VKNGW-3,VKNGW-3,2026-09-08,12,2026-09-08T05:00:00Z,II,Generation,-0.446
T_VKNGW-3,VKNGW-3,2026-09-08,13,2026-09-08T05:30:00Z,II,Generation,-0.446
T_VKNGW-3,VKNGW-3,2026-09-08,14,2026-09-08T06:00:00Z,II,Generation,-0.444
T_VKNGW-3,VKNGW-3,2026-09-08,15,2026-09-08T06:30:00Z,II,Generation,-0.442
T_VKNGW-3,VKNGW-3,2026-09-08,16,2026-09-08T07:00:00Z,II,Generation,-0.438
T_VKNGW-3,VKNGW-3,2026-09-08,17,2026-09-08T07:30:00Z,II,Generation,-0.431
T_VKNGW-3,VKNGW-3,2026-09-08,18,2026-09-08T08:00:00Z,II,Generation,-0.429
T_VKNGW-3,VKNGW-3,2026-09-08,19,2026-09-08T08:30:00Z,II,Generation,-0.450
T_VKNGW-3,VKNGW-3,2026-09-08,20,2026-09-08T09:00:00Z,II,Generation,-0.468
T_VKNGW-3,VKNGW-3,2026-09-08,21,2026-09-08T09:30:00Z,II,Generation,-0.496
T_VKNGW-3,VKNGW-3,2026-09-08,22,2026-09-08T10:00:00Z,II,Generation,-0.481
T_VKNGW-3,VKNGW-3,2026-09-08,23,2026-09-08T10:30:00Z,II,Generation,-0.461
T_VKNGW-3,VKNGW-3,2026-09-08,24,2026-09-08T11:00:00Z,II,Generation,-0.474
T_VKNGW-3,VKNGW-3,2026-09-08,25,2026-09-08T11:30:00Z,II,Generation,-0.474
T_VKNGW-3,VKNGW-3,2026-09-08,26,2026-09-08T12:00:00Z,II,Generation,-0.484
T_VKNGW-3,VKNGW-3,2026-09-08,27,2026-09-08T12:30:00Z,II,Generation,-0.485
T_VKNGW-3,VKNGW-3,2026-09-08,28,2026-09-08T13:00:00Z,II,Generation,-0.494
T_VKNGW-3,VKNGW-3,2026-09-08,29,2026-09-08T13:30:00Z,II,Generation,-0.512
T_VKNGW-3,VKNGW-3,2026-09-08,30,2026-09-08T14:00:00Z,II,Generation,-0.491
T_VKNGW-3,VKNGW-3,2026-09-08,31,2026-09-08T14:30:00Z,II,Generation,-0.467
T_VKNGW-3,VKNGW-3,2026-09-08,32,2026-09-08T15:00:00Z,II,Generation,-0.509
T_VKNGW-3,VKNGW-3,2026-09-08,33,2026-09-08T15:30:00Z,II,Generation,-0.485
T_VKNGW-3,VKNGW-3,2026-09-08,34,2026-09-08T16:00:00Z,II,Generation,-0.479
T_VKNGW-3,VKNGW-3,2026-09-08,35,2026-09-08T16:30:00Z,II,Generation,-0.506
T_VKNGW-3,VKNGW-3,2026-09-08,36,2026-09-08T17:00:00Z,II,Generation,-0.518
T_VKNGW-3,VKNGW-3,2026-09-08,37,2026-09-08T17:30:00Z,II,Generation,-0.504
T_VKNGW-3,VKNGW-3,2026-09-08,38,2026-09-08T18:00:00Z,II,Generation,-0.504
T_VKNGW-3,VKNGW-3,2026-09-08,39,2026-09-08T18:30:00Z,II,Generation,-0.507
T_VKNGW-3,VKNGW-3,2026-09-08,40,2026-09-08T19:00:00Z,II,Generation,-0.511
T_VKNGW-3,VKNGW-3,2026-09-08,41,2026-09-08T19:30:00Z,II,Generation,-0.516
T_VKNGW-3,VKNGW-3,2026-09-08,42,2026-09-08T20:00:00Z,II,Generation,-0.520
T_VKNGW-3,VKNGW-3,2026-09-08,43,2026-09-08T20:30:00Z,II,Generation,-0.527
T_VKNGW-3,VKNGW-3,2026-09-08,44,2026-09-08T21:00:00Z,II,Generation,-0.548
T_VKNGW-3,VKNGW-3,2026-09-08,45,2026-09-08T21:30:00Z,II,Generation,-0.594
T_VKNGW-3,VKNGW-3,2026-09-08,46,2026-09-08T22:00:00Z,II,Generation,-0.595
T_VKNGW-3,VKNGW-3,2026-09-08,47,2026-09-08T22:30:00Z,II,Generation,-0.572
T_VKNGW-3,VKNGW-3,2026-09-08,48,2026-09-08T23:00:00Z,II,Generation,-0.537
T_VKNGW-4,VKNGW-4,2026-09-08,1,2026-09-07T23:30:00Z,II,Generation,-0.501
T_VKNGW-4,VKNGW-4,2026-09-08,2,2026-09-08T00:00:00Z,II,Generation,-0.498
T_VKNGW-4,VKNGW-4,2026-09-08,3,2026-09-08T00:30:00Z,II,Generation,-0.498
T_VKNGW-4,VKNGW-4,2026-09-08,4,2026-09-08T01:00:00Z,II,Generation,-0.497
T_VKNGW-4,VKNGW-4,2026-09-08,5,2026-09-08T01:30:00Z,II,Generation,-0.499
T_VKNGW-4,VKNGW-4,2026-09-08,6,2026-09-08T02:00:00Z,II,Generation,-0.507
T_VKNGW-4,VKNGW-4,2026-09-08,7,2026-09-08T02:30:00Z,II,Generation,-0.505
T_VKNGW-4,VKNGW-4,2026-09-08,8,2026-09-08T03:00:00Z,II,Generation,-0.502
T_VKNGW-4,VKNGW-4,2026-09-08,9,2026-09-08T03:30:00Z,II,Generation,-0.506
T_VKNGW-4,VKNGW-4,2026-09-08,10,2026-09-08T04:00:00Z,II,Generation,-0.502
T_VKNGW-4,VKNGW-4,2026-09-08,11,2026-09-08T04:30:00Z,II,Generation,-0.501
T_VKNGW-4,VKNGW-4,2026-09-08,12,2026-09-08T05:00:00Z,II,Generation,-0.500
T_VKNGW-4,VKNGW-4,2026-09-08,13,2026-09-08T05:30:00Z,II,Generation,-0.492
T_VKNGW-4,VKNGW-4,2026-09-08,14,2026-09-08T06:00:00Z,II,Generation,-0.495
T_VKNGW-4,VKNGW-4,2026-09-08,15,2026-09-08T06:30:00Z,II,Generation,-0.487
T_VKNGW-4,VKNGW-4,2026-09-08,16,2026-09-08T07:00:00Z,II,Generation,-0.487
T_VKNGW-4,VKNGW-4,2026-09-08,17,2026-09-08T07:30:00Z,II,Generation,-0.475
T_VKNGW-4,VKNGW-4,2026-09-08,18,2026-09-08T08:00:00Z,II,Generation,-0.457
T_VKNGW-4,VKNGW-4,2026-09-08,19,2026-09-08T08:30:00Z,II,Generation,-0.460
T_VKNGW-4,VKNGW-4,2026-09-08,20,2026-09-08T09:00:00Z,II,Generation,-0.459
T_VKNGW-4,VKNGW-4,2026-09-08,21,2026-09-08T09:30:00Z,II,Generation,-0.436
T_VKNGW-4,VKNGW-4,2026-09-08,22,2026-09-08T10:00:00Z,II,Generation,-0.458
T_VKNGW-4,VKNGW-4,2026-09-08,23,2026-09-08T10:30:00Z,II,Generation,-0.444
T_VKNGW-4,VKNGW-4,2026-09-08,24,2026-09-08T11:00:00Z,II,Generation,-0.432
T_VKNGW-4,VKNGW-4,2026-09-08,25,2026-09-08T11:30:00Z,II,Generation,-0.494
T_VKNGW-4,VKNGW-4,2026-09-08,26,2026-09-08T12:00:00Z,II,Generation,-0.528
T_VKNGW-4,VKNGW-4,2026-09-08,27,2026-09-08T12:30:00Z,II,Generation,-0.567
T_VKNGW-4,VKNGW-4,2026-09-08,28,2026-09-08T13:00:00Z,II,Generation,-0.498
T_VKNGW-4,VKNGW-4,2026-09-08,29,2026-09-08T13:30:00Z,II,Generation,-0.488
T_VKNGW-4,VKNGW-4,2026-09-08,30,2026-09-08T14:00:00Z,II,Generation,-0.495
T_VKNGW-4,VKNGW-4,2026-09-08,31,2026-09-08T14:30:00Z,II,Generation,-0.486
T_VKNGW-4,VKNGW-4,2026-09-08,32,2026-09-08T15:00:00Z,II,Generation,-0.507
T_VKNGW-4,VKNGW-4,2026-09-08,33,2026-09-08T15:30:00Z,II,Generation,-0.510
T_VKNGW-4,VKNGW-4,2026-09-08,34,2026-09-08T16:00:00Z,II,Generation,-0.500
T_VKNGW-4,VKNGW-4,2026-09-08,35,2026-09-08T16:30:00Z,II,Generation,-0.505
T_VKNGW-4,VKNGW-4,2026-09-08,36,2026-09-08T17:00:00Z,II,Generation,-0.524
T_VKNGW-4,VKNGW-4,2026-09-08,37,2026-09-08T17:30:00Z,II,Generation,-0.505
T_VKNGW-4,VKNGW-4,2026-09-08,38,2026-09-08T18:00:00Z,II,Generation,-0.497
T_VKNGW-4,VKNGW-4,2026-09-08,39,2026-09-08T18:30:00Z,II,Generation,-0.501
T_VKNGW-4,VKNGW-4,2026-09-08,40,2026-09-08T19:00:00Z,II,Generation,-0.520
T_VKNGW-4,VKNGW-4,2026-09-08,41,2026-09-08T19:30:00Z,II,Generation,-0.515
T_VKNGW-4,VKNGW-4,2026-09-08,42,2026-09-08T20:00:00Z,II,Generation,-0.531
T_VKNGW-4,VKNGW-4,2026-09-08,43,2026-09-08T20:30:00Z,II,Generation,-0.528
T_VKNGW-4,VKNGW-4,2026-09-08,44,2026-09-08T21:00:00Z,II,Generation,-0.528
T_VKNGW-4,VKNGW-4,2026-09-08,45,2026-09-08T21:30:00Z,II,Generation,-0.555
T_VKNGW-4,VKNGW-4,2026-09-08,46,2026-09-08T22:00:00Z,II,Generation,-0.566
T_VKNGW-4,VKNGW-4,2026-09-08,47,2026-09-08T22:30:00Z,II,Generation,-0.562
T_VKNGW-4,VKNGW-4,2026-09-08,48,2026-09-08T23:00:00Z,II,Generation,-0.560
T_WDNSO-1,WDNSO-1,2026-09-08,1,2026-09-07T23:30:00Z,II,Generation,-0.006
T_WDNSO-1,WDNSO-1,2026-09-08,2,2026-09-08T00:00:00Z,II,Generation,-0.006
T_WDNSO-1,WDNSO-1,2026-09-08,3,2026-09-08T00:30:00Z,II,Generation,-0.006
T_WDNSO-1,WDNSO-1,2026-09-08,4,2026-09-08T01:00:00Z,II,Generation,-0.006
T_WDNSO-1,WDNSO-1,2026-09-08,5,2026-09-08T01:30:00Z,II,Generation,-0.006
T_WDNSO-1,WDNSO-1,2026-09-08,6,2026-09-08T02:00:00Z,II,Generation,-0.006
T_WDNSO-1,WDNSO-1,2026-09-08,7,2026-09-08T02:30:00Z,II,Generation,-0.006
T_WDNSO-1,WDNSO-1,2026-09-08,8,2026-09-08T03:00:00Z,II,Generation,-0.006
T_WDNSO-1,WDNSO-1,2026-09-08,9,2026-09-08T03:30:00Z,II,Generation,-0.006
T_WDNSO-1,WDNSO-1,2026-09-08,10,2026-09-08T04:00:00Z,II,Generation,-0.006
T_WDNSO-1,WDNSO-1,2026-09-08,11,2026-09-08T04:30:00Z,II,Generation,-0.006
T_WDNSO-1,WDNSO-1,2026-09-08,12,2026-09-08T05:00:00Z,II,Generation,-0.006
T_WDNSO-1,WDNSO-1,2026-09-08,13,2026-09-08T05:30:00Z,II,Generation,-0.006
T_WDNSO-1,WDNSO-1,2026-09-08,14,2026-09-08T06:00:00Z,II,Generation,-0.006
T_WDNSO-1,WDNSO-1,2026-09-08,15,2026-09-08T06:30:00Z,II,Generation,-0.006
T_WDNSO-1,WDNSO-1,2026-09-08,16,2026-09-08T07:00:00Z,II,Generation,-0.006
T_WDNSO-1,WDNSO-1,2026-09-08,17,2026-09-08T07:30:00Z,II,Generation,-0.006
T_WDNSO-1,WDNSO-1,2026-09-08,18,2026-09-08T08:00:00Z,II,Generation,-0.006
T_WDNSO-1,WDNSO-1,2026-09-08,19,2026-09-08T08:30:00Z,II,Generation,-0.006
T_WDNSO-1,WDNSO-1,2026-09-08,20,2026-09-08T09:00:00Z,II,Generation,-0.006
T_WDNSO-1,WDNSO-1,2026-09-08,21,2026-09-08T09:30:00Z,II,Generation,-0.006
T_WDNSO-1,WDNSO-1,2026-09-08,22,2026-09-08T10:00:00Z,II,Generation,-0.006
T_WDNSO-1,WDNSO-1,2026-09-08,23,2026-09-08T10:30:00Z,II,Generation,-0.006
T_WDNSO-1,WDNSO-1,2026-09-08,24,2026-09-08T11:00:00Z,II,Generation,-0.006
T_WDNSO-1,WDNSO-1,2026-09-08,25,2026-09-08T11:30:00Z,II,Generation,-0.006
T_WDNSO-1,WDNSO-1,2026-09-08,26,2026-09-08T12:00:00Z,II,Generation,-0.006
T_WDNSO-1,WDNSO-1,2026-09-08,27,2026-09-08T12:30:00Z,II,Generation,-0.006
T_WDNSO-1,WDNSO-1,2026-09-08,28,2026-09-08T13:00:00Z,II,Generation,-0.006
T_WDNSO-1,WDNSO-1,2026-09-08,29,2026-09-08T13:30:00Z,II,Generation,-0.006
T_WDNSO-1,WDNSO-1,2026-09-08,30,2026-09-08T14:00:00Z,II,Generation,-0.006
T_WDNSO-1,WDNSO-1,2026-09-08,31,2026-09-08T14:30:00Z,II,Generation,-0.006
T_WDNSO-1,WDNSO-1,2026-09-08,32,2026-09-08T15:00:00Z,II,Generation,-0.006
T_WDNSO-1,WDNSO-1,2026-09-08,33,2026-09-08T15:30:00Z,II,Generation,-0.006
T_WDNSO-1,WDNSO-1,2026-09-08,34,2026-09-08T16:00:00Z,II,Generation,-0.006
T_WDNSO-1,WDNSO-1,2026-09-08,35,2026-09-08T16:30:00Z,II,Generation,-0.006
T_WDNSO-1,WDNSO-1,2026-09-08,36,2026-09-08T17:00:00Z,II,Generation,-0.006
T_WDNSO-1,WDNSO-1,2026-09-08,37,2026-09-08T17:30:00Z,II,Generation,-0.006
T_WDNSO-1,WDNSO-1,2026-09-08,38,2026-09-08T18:00:00Z,II,Generation,-0.006
T_WDNSO-1,WDNSO-1,2026-09-08,39,2026-09-08T18:30:00Z,II,Generation,-0.006
T_WDNSO-1,WDNSO-1,2026-09-08,40,2026-09-08T19:00:00Z,II,Generation,-0.006
T_WDNSO-1,WDNSO-1,2026-09-08,41,2026-09-08T19:30:00Z,II,Generation,-0.006
T_WDNSO-1,WDNSO-1,2026-09-08,42,2026-09-08T20:00:00Z,II,Generation,-0.006
T_WDNSO-1,WDNSO-1,2026-09-08,43,2026-09-08T20:30:00Z,II,Generation,-0.006
T_WDNSO-1,WDNSO-1,2026-09-08,44,2026-09-08T21:00:00Z,II,Generation,-0.006
T_WDNSO-1,WDNSO-1,2026-09-08,45,2026-09-08T21:30:00Z,II,Generation,-0.006
T_WDNSO-1,WDNSO-1,2026-09-08,46,2026-09-08T22:00:00Z,II,Generation,-0.006
T_WDNSO-1,WDNSO-1,2026-09-08,47,2026-09-08T22:30:00Z,II,Generation,-0.006
T_WDNSO-1,WDNSO-1,2026-09-08,48,2026-09-08T23:00:00Z,II,Generation,-0.006
T_WDNSO-2,WDNSO-2,2026-09-08,1,2026-09-07T23:30:00Z,II,Generation,-0.006
T_WDNSO-2,WDNSO-2,2026-09-08,2,2026-09-08T00:00:00Z,II,Generation,-0.006
T_WDNSO-2,WDNSO-2,2026-09-08,3,2026-09-08T00:30:00Z,II,Generation,-0.006
T_WDNSO-2,WDNSO-2,2026-09-08,4,2026-09-08T01:00:00Z,II,Generation,-0.006
T_WDNSO-2,WDNSO-2,2026-09-08,5,2026-09-08T01:30:00Z,II,Generation,-0.006
T_WDNSO-2,WDNSO-2,2026-09-08,6,2026-09-08T02:00:00Z,II,Generation,-0.006
T_WDNSO-2,WDNSO-2,2026-09-08,7,2026-09-08T02:30:00Z,II,Generation,-0.006
T_WDNSO-2,WDNSO-2,2026-09-08,8,2026-09-08T03:00:00Z,II,Generation,-0.006
T_WDNSO-2,WDNSO-2,2026-09-08,9,2026-09-08T03:30:00Z,II,Generation,-0.006
T_WDNSO-2,WDNSO-2,2026-09-08,10,2026-09-08T04:00:00Z,II,Generation,-0.006
T_WDNSO-2,WDNSO-2,2026-09-08,11,2026-09-08T04:30:00Z,II,Generation,-0.006
T_WDNSO-2,WDNSO-2,2026-09-08,12,2026-09-08T05:00:00Z,II,Generation,-0.006
T_WDNSO-2,WDNSO-2,2026-09-08,13,2026-09-08T05:30:00Z,II,Generation,-0.006
T_WDNSO-2,WDNSO-2,2026-09-08,14,2026-09-08T06:00:00Z,II,Generation,-0.006
T_WDNSO-2,WDNSO-2,2026-09-08,15,2026-09-08T06:30:00Z,II,Generation,-0.006
T_WDNSO-2,WDNSO-2,2026-09-08,16,2026-09-08T07:00:00Z,II,Generation,-0.006
T_WDNSO-2,WDNSO-2,2026-09-08,17,2026-09-08T07:30:00Z,II,Generation,-0.006
T_WDNSO-2,WDNSO-2,2026-09-08,18,2026-09-08T08:00:00Z,II,Generation,-0.006
T_WDNSO-2,WDNSO-2,2026-09-08,19,2026-09-08T08:30:00Z,II,Generation,-0.006
T_WDNSO-2,WDNSO-2,2026-09-08,20,2026-09-08T09:00:00Z,II,Generation,-0.006
T_WDNSO-2,WDNSO-2,2026-09-08,21,2026-09-08T09:30:00Z,II,Generation,-0.006
T_WDNSO-2,WDNSO-2,2026-09-08,22,2026-09-08T10:00:00Z,II,Generation,-0.006
T_WDNSO-2,WDNSO-2,2026-09-08,23,2026-09-08T10:30:00Z,II,Generation,-0.006
T_WDNSO-2,WDNSO-2,2026-09-08,24,2026-09-08T11:00:00Z,II,Generation,-0.006
T_WDNSO-2,WDNSO-2,2026-09-08,25,2026-09-08T11:30:00Z,II,Generation,-0.006
T_WDNSO-2,WDNSO-2,2026-09-08,26,2026-09-08T12:00:00Z,II,Generation,-0.006
T_WDNSO-2,WDNSO-2,2026-09-08,27,2026-09-08T12:30:00Z,II,Generation,-0.006
T_WDNSO-2,WDNSO-2,2026-09-08,28,2026-09-08T13:00:00Z,II,Generation,-0.006
T_WDNSO-2,WDNSO-2,2026-09-08,29,2026-09-08T13:30:00Z,II,Generation,-0.006
T_WDNSO-2,WDNSO-2,2026-09-08,30,2026-09-08T14:00:00Z,II,Generation,-0.006
T_WDNSO-2,WDNSO-2,2026-09-08,31,2026-09-08T14:30:00Z,II,Generation,-0.006
T_WDNSO-2,WDNSO-2,2026-09-08,32,2026-09-08T15:00:00Z,II,Generation,-0.006
T_WDNSO-2,WDNSO-2,2026-09-08,33,2026-09-08T15:30:00Z,II,Generation,-0.006
T_WDNSO-2,WDNSO-2,2026-09-08,34,2026-09-08T16:00:00Z,II,Generation,-0.006
T_WDNSO-2,WDNSO-2,2026-09-08,35,2026-09-08T16:30:00Z,II,Generation,-0.006
T_WDNSO-2,WDNSO-2,2026-09-08,36,2026-09-08T17:00:00Z,II,Generation,-0.006
T_WDNSO-2,WDNSO-2,2026-09-08,37,2026-09-08T17:30:00Z,II,Generation,-0.006
T_WDNSO-2,WDNSO-2,2026-09-08,38,2026-09-08T18:00:00Z,II,Generation,-0.006
T_WDNSO-2,WDNSO-2,2026-09-08,39,2026-09-08T18:30:00Z,II,Generation,-0.006
T_WDNSO-2,WDNSO-2,2026-09-08,40,2026-09-08T19:00:00Z,II,Generation,-0.006
T_WDNSO-2,WDNSO-2,2026-09-08,41,2026-09-08T19:30:00Z,II,Generation,-0.006
T_WDNSO-2,WDNSO-2,2026-09-08,42,2026-09-08T20:00:00Z,II,Generation,-0.006
T_WDNSO-2,WDNSO-2,2026-09-08,43,2026-09-08T20:30:00Z,II,Generation,-0.006
T_WDNSO-2,WDNSO-2,2026-09-08,44,2026-09-08T21:00:00Z,II,Generation,-0.006
T_WDNSO-2,WDNSO-2,2026-09-08,45,2026-09-08T21:30:00Z,II,Generation,-0.006
T_WDNSO-2,WDNSO-2,2026-09-08,46,2026-09-08T22:00:00Z,II,Generation,-0.006
T_WDNSO-2,WDNSO-2,2026-09-08,47,2026-09-08T22:30:00Z,II,Generation,-0.006
T_WDNSO-2,WDNSO-2,2026-09-08,48,2026-09-08T23:00:00Z,II,Generation,-0.006
T_WDRGW-1,WDRGW-1,2026-09-08,1,2026-09-07T23:30:00Z,II,Generation,0.000
T_WDRGW-1,WDRGW-1,2026-09-08,2,2026-09-08T00:00:00Z,II,Generation,0.000
T_WDRGW-1,WDRGW-1,2026-09-08,3,2026-09-08T00:30:00Z,II,Generation,0.000
T_WDRGW-1,WDRGW-1,2026-09-08,4,2026-09-08T01:00:00Z,II,Generation,0.000
T_WDRGW-1,WDRGW-1,2026-09-08,5,2026-09-08T01:30:00Z,II,Generation,0.000
T_WDRGW-1,WDRGW-1,2026-09-08,6,2026-09-08T02:00:00Z,II,Generation,0.000
T_WDRGW-1,WDRGW-1,2026-09-08,7,2026-09-08T02:30:00Z,II,Generation,0.000
T_WDRGW-1,WDRGW-1,2026-09-08,8,2026-09-08T03:00:00Z,II,Generation,0.000
T_WDRGW-1,WDRGW-1,2026-09-08,9,2026-09-08T03:30:00Z,II,Generation,0.000
T_WDRGW-1,WDRGW-1,2026-09-08,10,2026-09-08T04:00:00Z,II,Generation,0.000
T_WDRGW-1,WDRGW-1,2026-09-08,11,2026-09-08T04:30:00Z,II,Generation,0.000
T_WDRGW-1,WDRGW-1,2026-09-08,12,2026-09-08T05:00:00Z,II,Generation,0.000
T_WDRGW-1,WDRGW-1,2026-09-08,13,2026-09-08T05:30:00Z,II,Generation,0.000
T_WDRGW-1,WDRGW-1,2026-09-08,14,2026-09-08T06:00:00Z,II,Generation,0.000
T_WDRGW-1,WDRGW-1,2026-09-08,15,2026-09-08T06:30:00Z,II,Generation,0.000
T_WDRGW-1,WDRGW-1,2026-09-08,16,2026-09-08T07:00:00Z,II,Generation,0.000
T_WDRGW-1,WDRGW-1,2026-09-08,17,2026-09-08T07:30:00Z,II,Generation,0.000
T_WDRGW-1,WDRGW-1,2026-09-08,18,2026-09-08T08:00:00Z,II,Generation,0.000
T_WDRGW-1,WDRGW-1,2026-09-08,19,2026-09-08T08:30:00Z,II,Generation,0.000
T_WDRGW-1,WDRGW-1,2026-09-08,20,2026-09-08T09:00:00Z,II,Generation,0.000
T_WDRGW-1,WDRGW-1,2026-09-08,21,2026-09-08T09:30:00Z,II,Generation,0.000
T_WDRGW-1,WDRGW-1,2026-09-08,22,2026-09-08T10:00:00Z,II,Generation,0.000
T_WDRGW-1,WDRGW-1,2026-09-08,23,2026-09-08T10:30:00Z,II,Generation,0.000
T_WDRGW-1,WDRGW-1,2026-09-08,24,2026-09-08T11:00:00Z,II,Generation,0.000
T_WDRGW-1,WDRGW-1,2026-09-08,25,2026-09-08T11:30:00Z,II,Generation,0.000
T_WDRGW-1,WDRGW-1,2026-09-08,26,2026-09-08T12:00:00Z,II,Generation,0.000
T_WDRGW-1,WDRGW-1,2026-09-08,27,2026-09-08T12:30:00Z,II,Generation,0.000
T_WDRGW-1,WDRGW-1,2026-09-08,28,2026-09-08T13:00:00Z,II,Generation,0.000
T_WDRGW-1,WDRGW-1,2026-09-08,29,2026-09-08T13:30:00Z,II,Generation,0.000
T_WDRGW-1,WDRGW-1,2026-09-08,30,2026-09-08T14:00:00Z,II,Generation,0.000
T_WDRGW-1,WDRGW-1,2026-09-08,31,2026-09-08T14:30:00Z,II,Generation,0.000
T_WDRGW-1,WDRGW-1,2026-09-08,32,2026-09-08T15:00:00Z,II,Generation,0.000
T_WDRGW-1,WDRGW-1,2026-09-08,33,2026-09-08T15:30:00Z,II,Generation,0.000
T_WDRGW-1,WDRGW-1,2026-09-08,34,2026-09-08T16:00:00Z,II,Generation,0.000
T_WDRGW-1,WDRGW-1,2026-09-08,35,2026-09-08T16:30:00Z,II,Generation,0.000
T_WDRGW-1,WDRGW-1,2026-09-08,36,2026-09-08T17:00:00Z,II,Generation,0.000
T_WDRGW-1,WDRGW-1,2026-09-08,37,2026-09-08T17:30:00Z,II,Generation,0.000
T_WDRGW-1,WDRGW-1,2026-09-08,38,2026-09-08T18:00:00Z,II,Generation,0.000
T_WDRGW-1,WDRGW-1,2026-09-08,39,2026-09-08T18:30:00Z,II,Generation,0.000
T_WDRGW-1,WDRGW-1,2026-09-08,40,2026-09-08T19:00:00Z,II,Generation,0.000
T_WDRGW-1,WDRGW-1,2026-09-08,41,2026-09-08T19:30:00Z,II,Generation,0.000
T_WDRGW-1,WDRGW-1,2026-09-08,42,2026-09-08T20:00:00Z,II,Generation,0.000
T_WDRGW-1,WDRGW-1,2026-09-08,43,2026-09-08T20:30:00Z,II,Generation,0.000
T_WDRGW-1,WDRGW-1,2026-09-08,44,2026-09-08T21:00:00Z,II,Generation,0.000
T_WDRGW-1,WDRGW-1,2026-09-08,45,2026-09-08T21:30:00Z,II,Generation,0.000
T_WDRGW-1,WDRGW-1,2026-09-08,46,2026-09-08T22:00:00Z,II,Generation,0.000
T_WDRGW-1,WDRGW-1,2026-09-08,47,2026-09-08T22:30:00Z,II,Generation,0.000
T_WDRGW-1,WDRGW-1,2026-09-08,48,2026-09-08T23:00:00Z,II,Generation,0.000
T_WHIHW-1,WHIHW-1,2026-09-08,1,2026-09-07T23:30:00Z,II,Generation,10.039
T_WHIHW-1,WHIHW-1,2026-09-08,2,2026-09-08T00:00:00Z,II,Generation,10.836
T_WHIHW-1,WHIHW-1,2026-09-08,3,2026-09-08T00:30:00Z,II,Generation,11.010
T_WHIHW-1,WHIHW-1,2026-09-08,4,2026-09-08T01:00:00Z,II,Generation,10.669
T_WHIHW-1,WHIHW-1,2026-09-08,5,2026-09-08T01:30:00Z,II,Generation,11.760
T_WHIHW-1,WHIHW-1,2026-09-08,6,2026-09-08T02:00:00Z,II,Generation,11.867
T_WHIHW-1,WHIHW-1,2026-09-08,7,2026-09-08T02:30:00Z,II,Generation,11.467
T_WHIHW-1,WHIHW-1,2026-09-08,8,2026-09-08T03:00:00Z,II,Generation,10.950
T_WHIHW-1,WHIHW-1,2026-09-08,9,2026-09-08T03:30:00Z,II,Generation,11.393
T_WHIHW-1,WHIHW-1,2026-09-08,10,2026-09-08T04:00:00Z,II,Generation,12.013
T_WHIHW-1,WHIHW-1,2026-09-08,11,2026-09-08T04:30:00Z,II,Generation,11.901
T_WHIHW-1,WHIHW-1,2026-09-08,12,2026-09-08T05:00:00Z,II,Generation,11.972
T_WHIHW-1,WHIHW-1,2026-09-08,13,2026-09-08T05:30:00Z,II,Generation,12.077
T_WHIHW-1,WHIHW-1,2026-09-08,14,2026-09-08T06:00:00Z,II,Generation,11.873
T_WHIHW-1,WHIHW-1,2026-09-08,15,2026-09-08T06:30:00Z,II,Generation,11.719
T_WHIHW-1,WHIHW-1,2026-09-08,16,2026-09-08T07:00:00Z,II,Generation,11.824
T_WHIHW-1,WHIHW-1,2026-09-08,17,2026-09-08T07:30:00Z,II,Generation,11.354
T_WHIHW-1,WHIHW-1,2026-09-08,18,2026-09-08T08:00:00Z,II,Generation,11.707
T_WHIHW-1,WHIHW-1,2026-09-08,19,2026-09-08T08:30:00Z,II,Generation,11.727
T_WHIHW-1,WHIHW-1,2026-09-08,20,2026-09-08T09:00:00Z,II,Generation,11.436
T_WHIHW-1,WHIHW-1,2026-09-08,21,2026-09-08T09:30:00Z,II,Generation,10.519
T_WHIHW-1,WHIHW-1,2026-09-08,22,2026-09-08T10:00:00Z,II,Generation,11.752
T_WHIHW-1,WHIHW-1,2026-09-08,23,2026-09-08T10:30:00Z,II,Generation,11.647
T_WHIHW-1,WHIHW-1,2026-09-08,24,2026-09-08T11:00:00Z,II,Generation,11.742
T_WHIHW-1,WHIHW-1,2026-09-08,25,2026-09-08T11:30:00Z,II,Generation,11.416
T_WHIHW-1,WHIHW-1,2026-09-08,26,2026-09-08T12:00:00Z,II,Generation,11.157
T_WHIHW-1,WHIHW-1,2026-09-08,27,2026-09-08T12:30:00Z,II,Generation,11.278
T_WHIHW-1,WHIHW-1,2026-09-08,28,2026-09-08T13:00:00Z,II,Generation,11.712
T_WHIHW-1,WHIHW-1,2026-09-08,29,2026-09-08T13:30:00Z,II,Generation,11.533
T_WHIHW-1,WHIHW-1,2026-09-08,30,2026-09-08T14:00:00Z,II,Generation,11.666
T_WHIHW-1,WHIHW-1,2026-09-08,31,2026-09-08T14:30:00Z,II,Generation,11.696
T_WHIHW-1,WHIHW-1,2026-09-08,32,2026-09-08T15:00:00Z,II,Generation,11.923
T_WHIHW-1,WHIHW-1,2026-09-08,33,2026-09-08T15:30:00Z,II,Generation,11.850
T_WHIHW-1,WHIHW-1,2026-09-08,34,2026-09-08T16:00:00Z,II,Generation,11.751
T_WHIHW-1,WHIHW-1,2026-09-08,35,2026-09-08T16:30:00Z,II,Generation,11.779
T_WHIHW-1,WHIHW-1,2026-09-08,36,2026-09-08T17:00:00Z,II,Generation,12.037
T_WHIHW-1,WHIHW-1,2026-09-08,37,2026-09-08T17:30:00Z,II,Generation,12.061
T_WHIHW-1,WHIHW-1,2026-09-08,38,2026-09-08T18:00:00Z,II,Generation,11.873
T_WHIHW-1,WHIHW-1,2026-09-08,39,2026-09-08T18:30:00Z,II,Generation,12.057
T_WHIHW-1,WHIHW-1,2026-09-08,40,2026-09-08T19:00:00Z,II,Generation,11.520
T_WHIHW-1,WHIHW-1,2026-09-08,41,2026-09-08T19:30:00Z,II,Generation,11.339
T_WHIHW-1,WHIHW-1,2026-09-08,42,2026-09-08T20:00:00Z,II,Generation,11.348
T_WHIHW-1,WHIHW-1,2026-09-08,43,2026-09-08T20:30:00Z,II,Generation,11.345
T_WHIHW-1,WHIHW-1,2026-09-08,44,2026-09-08T21:00:00Z,II,Generation,11.345
T_WHIHW-1,WHIHW-1,2026-09-08,45,2026-09-08T21:30:00Z,II,Generation,11.320
T_WHIHW-1,WHIHW-1,2026-09-08,46,2026-09-08T22:00:00Z,II,Generation,11.317
T_WHIHW-1,WHIHW-1,2026-09-08,47,2026-09-08T22:30:00Z,II,Generation,11.285
T_WHIHW-1,WHIHW-1,2026-09-08,48,2026-09-08T23:00:00Z,II,Generation,11.314
T_WHILW-1,WHILW-1,2026-09-08,1,2026-09-07T23:30:00Z,II,Generation,30.514
T_WHILW-1,WHILW-1,2026-09-08,2,2026-09-08T00:00:00Z,II,Generation,104.141
T_WHILW-1,WHILW-1,2026-09-08,3,2026-09-08T00:30:00Z,II,Generation,49.980
T_WHILW-1,WHILW-1,2026-09-08,4,2026-09-08T01:00:00Z,II,Generation,75.412
T_WHILW-1,WHILW-1,2026-09-08,5,2026-09-08T01:30:00Z,II,Generation,124.871
T_WHILW-1,WHILW-1,2026-09-08,6,2026-09-08T02:00:00Z,II,Generation,121.155
T_WHILW-1,WHILW-1,2026-09-08,7,2026-09-08T02:30:00Z,II,Generation,114.402
T_WHILW-1,WHILW-1,2026-09-08,8,2026-09-08T03:00:00Z,II,Generation,113.197
T_WHILW-1,WHILW-1,2026-09-08,9,2026-09-08T03:30:00Z,II,Generation,108.949
T_WHILW-1,WHILW-1,2026-09-08,10,2026-09-08T04:00:00Z,II,Generation,107.533
T_WHILW-1,WHILW-1,2026-09-08,11,2026-09-08T04:30:00Z,II,Generation,107.871
T_WHILW-1,WHILW-1,2026-09-08,12,2026-09-08T05:00:00Z,II,Generation,107.736
T_WHILW-1,WHILW-1,2026-09-08,13,2026-09-08T05:30:00Z,II,Generation,62.592
T_WHILW-1,WHILW-1,2026-09-08,14,2026-09-08T06:00:00Z,II,Generation,37.215
T_WHILW-1,WHILW-1,2026-09-08,15,2026-09-08T06:30:00Z,II,Generation,25.322
T_WHILW-1,WHILW-1,2026-09-08,16,2026-09-08T07:00:00Z,II,Generation,25.212
T_WHILW-1,WHILW-1,2026-09-08,17,2026-09-08T07:30:00Z,II,Generation,25.187
T_WHILW-1,WHILW-1,2026-09-08,18,2026-09-08T08:00:00Z,II,Generation,46.638
T_WHILW-1,WHILW-1,2026-09-08,19,2026-09-08T08:30:00Z,II,Generation,71.364
T_WHILW-1,WHILW-1,2026-09-08,20,2026-09-08T09:00:00Z,II,Generation,84.860
T_WHILW-1,WHILW-1,2026-09-08,21,2026-09-08T09:30:00Z,II,Generation,83.349
T_WHILW-1,WHILW-1,2026-09-08,22,2026-09-08T10:00:00Z,II,Generation,96.376
T_WHILW-1,WHILW-1,2026-09-08,23,2026-09-08T10:30:00Z,II,Generation,131.336
T_WHILW-1,WHILW-1,2026-09-08,24,2026-09-08T11:00:00Z,II,Generation,120.967
T_WHILW-1,WHILW-1,2026-09-08,25,2026-09-08T11:30:00Z,II,Generation,134.584
T_WHILW-1,WHILW-1,2026-09-08,26,2026-09-08T12:00:00Z,II,Generation,133.024
T_WHILW-1,WHILW-1,2026-09-08,27,2026-09-08T12:30:00Z,II,Generation,128.229
T_WHILW-1,WHILW-1,2026-09-08,28,2026-09-08T13:00:00Z,II,Generation,130.582
T_WHILW-1,WHILW-1,2026-09-08,29,2026-09-08T13:30:00Z,II,Generation,132.128
T_WHILW-1,WHILW-1,2026-09-08,30,2026-09-08T14:00:00Z,II,Generation,124.914
T_WHILW-1,WHILW-1,2026-09-08,31,2026-09-08T14:30:00Z,II,Generation,114.728
T_WHILW-1,WHILW-1,2026-09-08,32,2026-09-08T15:00:00Z,II,Generation,111.778
T_WHILW-1,WHILW-1,2026-09-08,33,2026-09-08T15:30:00Z,II,Generation,104.896
T_WHILW-1,WHILW-1,2026-09-08,34,2026-09-08T16:00:00Z,II,Generation,88.552
T_WHILW-1,WHILW-1,2026-09-08,35,2026-09-08T16:30:00Z,II,Generation,77.342
T_WHILW-1,WHILW-1,2026-09-08,36,2026-09-08T17:00:00Z,II,Generation,87.931
T_WHILW-1,WHILW-1,2026-09-08,37,2026-09-08T17:30:00Z,II,Generation,60.253
T_WHILW-1,WHILW-1,2026-09-08,38,2026-09-08T18:00:00Z,II,Generation,54.284
T_WHILW-1,WHILW-1,2026-09-08,39,2026-09-08T18:30:00Z,II,Generation,69.048
T_WHILW-1,WHILW-1,2026-09-08,40,2026-09-08T19:00:00Z,II,Generation,62.636
T_WHILW-1,WHILW-1,2026-09-08,41,2026-09-08T19:30:00Z,II,Generation,52.319
T_WHILW-1,WHILW-1,2026-09-08,42,2026-09-08T20:00:00Z,II,Generation,36.695
T_WHILW-1,WHILW-1,2026-09-08,43,2026-09-08T20:30:00Z,II,Generation,29.655
T_WHILW-1,WHILW-1,2026-09-08,44,2026-09-08T21:00:00Z,II,Generation,26.162
T_WHILW-1,WHILW-1,2026-09-08,45,2026-09-08T21:30:00Z,II,Generation,19.931
T_WHILW-1,WHILW-1,2026-09-08,46,2026-09-08T22:00:00Z,II,Generation,21.058
T_WHILW-1,WHILW-1,2026-09-08,47,2026-09-08T22:30:00Z,II,Generation,21.405
T_WHILW-1,WHILW-1,2026-09-08,48,2026-09-08T23:00:00Z,II,Generation,22.908
T_WHILW-2,WHILW-2,2026-09-08,1,2026-09-07T23:30:00Z,II,Generation,83.730
T_WHILW-2,WHILW-2,2026-09-08,2,2026-09-08T00:00:00Z,II,Generation,84.660
T_WHILW-2,WHILW-2,2026-09-08,3,2026-09-08T00:30:00Z,II,Generation,82.450
T_WHILW-2,WHILW-2,2026-09-08,4,2026-09-08T01:00:00Z,II,Generation,78.650
T_WHILW-2,WHILW-2,2026-09-08,5,2026-09-08T01:30:00Z,II,Generation,74.600
T_WHILW-2,WHILW-2,2026-09-08,6,2026-09-08T02:00:00Z,II,Generation,67.380
T_WHILW-2,WHILW-2,2026-09-08,7,2026-09-08T02:30:00Z,II,Generation,72.190
T_WHILW-2,WHILW-2,2026-09-08,8,2026-09-08T03:00:00Z,II,Generation,73.350
T_WHILW-2,WHILW-2,2026-09-08,9,2026-09-08T03:30:00Z,II,Generation,67.880
T_WHILW-2,WHILW-2,2026-09-08,10,2026-09-08T04:00:00Z,II,Generation,65.070
T_WHILW-2,WHILW-2,2026-09-08,11,2026-09-08T04:30:00Z,II,Generation,75.300
T_WHILW-2,WHILW-2,2026-09-08,12,2026-09-08T05:00:00Z,II,Generation,75.120
T_WHILW-2,WHILW-2,2026-09-08,13,2026-09-08T05:30:00Z,II,Generation,75.210
T_WHILW-2,WHILW-2,2026-09-08,14,2026-09-08T06:00:00Z,II,Generation,64.820
T_WHILW-2,WHILW-2,2026-09-08,15,2026-09-08T06:30:00Z,II,Generation,68.830
T_WHILW-2,WHILW-2,2026-09-08,16,2026-09-08T07:00:00Z,II,Generation,71.110
T_WHILW-2,WHILW-2,2026-09-08,17,2026-09-08T07:30:00Z,II,Generation,69.120
T_WHILW-2,WHILW-2,2026-09-08,18,2026-09-08T08:00:00Z,II,Generation,56.300
T_WHILW-2,WHILW-2,2026-09-08,19,2026-09-08T08:30:00Z,II,Generation,35.310
T_WHILW-2,WHILW-2,2026-09-08,20,2026-09-08T09:00:00Z,II,Generation,41.540
T_WHILW-2,WHILW-2,2026-09-08,21,2026-09-08T09:30:00Z,II,Generation,47.260
T_WHILW-2,WHILW-2,2026-09-08,22,2026-09-08T10:00:00Z,II,Generation,55.230
T_WHILW-2,WHILW-2,2026-09-08,23,2026-09-08T10:30:00Z,II,Generation,76.680
T_WHILW-2,WHILW-2,2026-09-08,24,2026-09-08T11:00:00Z,II,Generation,68.250
T_WHILW-2,WHILW-2,2026-09-08,25,2026-09-08T11:30:00Z,II,Generation,82.640
T_WHILW-2,WHILW-2,2026-09-08,26,2026-09-08T12:00:00Z,II,Generation,72.050
T_WHILW-2,WHILW-2,2026-09-08,27,2026-09-08T12:30:00Z,II,Generation,77.500
T_WHILW-2,WHILW-2,2026-09-08,28,2026-09-08T13:00:00Z,II,Generation,71.040
T_WHILW-2,WHILW-2,2026-09-08,29,2026-09-08T13:30:00Z,II,Generation,78.700
T_WHILW-2,WHILW-2,2026-09-08,30,2026-09-08T14:00:00Z,II,Generation,78.030
T_WHILW-2,WHILW-2,2026-09-08,31,2026-09-08T14:30:00Z,II,Generation,67.840
T_WHILW-2,WHILW-2,2026-09-08,32,2026-09-08T15:00:00Z,II,Generation,68.500
T_WHILW-2,WHILW-2,2026-09-08,33,2026-09-08T15:30:00Z,II,Generation,55.690
T_WHILW-2,WHILW-2,2026-09-08,34,2026-09-08T16:00:00Z,II,Generation,49.250
T_WHILW-2,WHILW-2,2026-09-08,35,2026-09-08T16:30:00Z,II,Generation,43.040
T_WHILW-2,WHILW-2,2026-09-08,36,2026-09-08T17:00:00Z,II,Generation,56.190
T_WHILW-2,WHILW-2,2026-09-08,37,2026-09-08T17:30:00Z,II,Generation,34.440
T_WHILW-2,WHILW-2,2026-09-08,38,2026-09-08T18:00:00Z,II,Generation,23.230
T_WHILW-2,WHILW-2,2026-09-08,39,2026-09-08T18:30:00Z,II,Generation,36.040
T_WHILW-2,WHILW-2,2026-09-08,40,2026-09-08T19:00:00Z,II,Generation,35.920
T_WHILW-2,WHILW-2,2026-09-08,41,2026-09-08T19:30:00Z,II,Generation,24.360
T_WHILW-2,WHILW-2,2026-09-08,42,2026-09-08T20:00:00Z,II,Generation,26.380
T_WHILW-2,WHILW-2,2026-09-08,43,2026-09-08T20:30:00Z,II,Generation,16.750
T_WHILW-2,WHILW-2,2026-09-08,44,2026-09-08T21:00:00Z,II,Generation,18.100
T_WHILW-2,WHILW-2,2026-09-08,45,2026-09-08T21:30:00Z,II,Generation,13.750
T_WHILW-2,WHILW-2,2026-09-08,46,2026-09-08T22:00:00Z,II,Generation,9.540
T_WHILW-2,WHILW-2,2026-09-08,47,2026-09-08T22:30:00Z,II,Generation,11.310
T_WHILW-2,WHILW-2,2026-09-08,48,2026-09-08T23:00:00Z,II,Generation,12.230
T_WISTW-2,WISTW-2,2026-09-08,1,2026-09-07T23:30:00Z,II,Generation,-0.094
T_WISTW-2,WISTW-2,2026-09-08,2,2026-09-08T00:00:00Z,II,Generation,-0.091
T_WISTW-2,WISTW-2,2026-09-08,3,2026-09-08T00:30:00Z,II,Generation,-0.089
T_WISTW-2,WISTW-2,2026-09-08,4,2026-09-08T01:00:00Z,II,Generation,-0.090
T_WISTW-2,WISTW-2,2026-09-08,5,2026-09-08T01:30:00Z,II,Generation,-0.090
T_WISTW-2,WISTW-2,2026-09-08,6,2026-09-08T02:00:00Z,II,Generation,-0.090
T_WISTW-2,WISTW-2,2026-09-08,7,2026-09-08T02:30:00Z,II,Generation,-0.091
T_WISTW-2,WISTW-2,2026-09-08,8,2026-09-08T03:00:00Z,II,Generation,-0.091
T_WISTW-2,WISTW-2,2026-09-08,9,2026-09-08T03:30:00Z,II,Generation,-0.092
T_WISTW-2,WISTW-2,2026-09-08,10,2026-09-08T04:00:00Z,II,Generation,-0.092
T_WISTW-2,WISTW-2,2026-09-08,11,2026-09-08T04:30:00Z,II,Generation,-0.094
T_WISTW-2,WISTW-2,2026-09-08,12,2026-09-08T05:00:00Z,II,Generation,-0.092
T_WISTW-2,WISTW-2,2026-09-08,13,2026-09-08T05:30:00Z,II,Generation,-0.092
T_WISTW-2,WISTW-2,2026-09-08,14,2026-09-08T06:00:00Z,II,Generation,-0.093
T_WISTW-2,WISTW-2,2026-09-08,15,2026-09-08T06:30:00Z,II,Generation,-0.093
T_WISTW-2,WISTW-2,2026-09-08,16,2026-09-08T07:00:00Z,II,Generation,-0.095
T_WISTW-2,WISTW-2,2026-09-08,17,2026-09-08T07:30:00Z,II,Generation,-0.095
T_WISTW-2,WISTW-2,2026-09-08,18,2026-09-08T08:00:00Z,II,Generation,-0.095
T_WISTW-2,WISTW-2,2026-09-08,19,2026-09-08T08:30:00Z,II,Generation,-0.095
T_WISTW-2,WISTW-2,2026-09-08,20,2026-09-08T09:00:00Z,II,Generation,-0.097
T_WISTW-2,WISTW-2,2026-09-08,21,2026-09-08T09:30:00Z,II,Generation,-0.097
T_WISTW-2,WISTW-2,2026-09-08,22,2026-09-08T10:00:00Z,II,Generation,-0.095
T_WISTW-2,WISTW-2,2026-09-08,23,2026-09-08T10:30:00Z,II,Generation,-0.094
T_WISTW-2,WISTW-2,2026-09-08,24,2026-09-08T11:00:00Z,II,Generation,-0.096
T_WISTW-2,WISTW-2,2026-09-08,25,2026-09-08T11:30:00Z,II,Generation,-0.095
T_WISTW-2,WISTW-2,2026-09-08,26,2026-09-08T12:00:00Z,II,Generation,-0.098
T_WISTW-2,WISTW-2,2026-09-08,27,2026-09-08T12:30:00Z,II,Generation,-0.098
T_WISTW-2,WISTW-2,2026-09-08,28,2026-09-08T13:00:00Z,II,Generation,-0.095
T_WISTW-2,WISTW-2,2026-09-08,29,2026-09-08T13:30:00Z,II,Generation,-0.094
T_WISTW-2,WISTW-2,2026-09-08,30,2026-09-08T14:00:00Z,II,Generation,-0.095
T_WISTW-2,WISTW-2,2026-09-08,31,2026-09-08T14:30:00Z,II,Generation,-0.094
T_WISTW-2,WISTW-2,2026-09-08,32,2026-09-08T15:00:00Z,II,Generation,-0.095
T_WISTW-2,WISTW-2,2026-09-08,33,2026-09-08T15:30:00Z,II,Generation,-0.096
T_WISTW-2,WISTW-2,2026-09-08,34,2026-09-08T16:00:00Z,II,Generation,-0.096
T_WISTW-2,WISTW-2,2026-09-08,35,2026-09-08T16:30:00Z,II,Generation,-0.096
T_WISTW-2,WISTW-2,2026-09-08,36,2026-09-08T17:00:00Z,II,Generation,-0.096
T_WISTW-2,WISTW-2,2026-09-08,37,2026-09-08T17:30:00Z,II,Generation,-0.098
T_WISTW-2,WISTW-2,2026-09-08,38,2026-09-08T18:00:00Z,II,Generation,-0.095
T_WISTW-2,WISTW-2,2026-09-08,39,2026-09-08T18:30:00Z,II,Generation,-0.097
T_WISTW-2,WISTW-2,2026-09-08,40,2026-09-08T19:00:00Z,II,Generation,-0.096
T_WISTW-2,WISTW-2,2026-09-08,41,2026-09-08T19:30:00Z,II,Generation,-0.097
T_WISTW-2,WISTW-2,2026-09-08,42,2026-09-08T20:00:00Z,II,Generation,-0.094
T_WISTW-2,WISTW-2,2026-09-08,43,2026-09-08T20:30:00Z,II,Generation,-0.096
T_WISTW-2,WISTW-2,2026-09-08,44,2026-09-08T21:00:00Z,II,Generation,-0.094
T_WISTW-2,WISTW-2,2026-09-08,45,2026-09-08T21:30:00Z,II,Generation,17.305
T_WISTW-2,WISTW-2,2026-09-08,46,2026-09-08T22:00:00Z,II,Generation,18.348
T_WISTW-2,WISTW-2,2026-09-08,47,2026-09-08T22:30:00Z,II,Generation,18.857
T_WISTW-2,WISTW-2,2026-09-08,48,2026-09-08T23:00:00Z,II,Generation,19.604
T_WLNYO-2,WLNYO-2,2026-09-08,1,2026-09-07T23:30:00Z,II,Generation,80.880
T_WLNYO-2,WLNYO-2,2026-09-08,2,2026-09-08T00:00:00Z,II,Generation,83.290
T_WLNYO-2,WLNYO-2,2026-09-08,3,2026-09-08T00:30:00Z,II,Generation,82.850
T_WLNYO-2,WLNYO-2,2026-09-08,4,2026-09-08T01:00:00Z,II,Generation,76.730
T_WLNYO-2,WLNYO-2,2026-09-08,5,2026-09-08T01:30:00Z,II,Generation,79.640
T_WLNYO-2,WLNYO-2,2026-09-08,6,2026-09-08T02:00:00Z,II,Generation,81.300
T_WLNYO-2,WLNYO-2,2026-09-08,7,2026-09-08T02:30:00Z,II,Generation,83.190
T_WLNYO-2,WLNYO-2,2026-09-08,8,2026-09-08T03:00:00Z,II,Generation,83.100
T_WLNYO-2,WLNYO-2,2026-09-08,9,2026-09-08T03:30:00Z,II,Generation,82.440
T_WLNYO-2,WLNYO-2,2026-09-08,10,2026-09-08T04:00:00Z,II,Generation,82.900
T_WLNYO-2,WLNYO-2,2026-09-08,11,2026-09-08T04:30:00Z,II,Generation,82.340
T_WLNYO-2,WLNYO-2,2026-09-08,12,2026-09-08T05:00:00Z,II,Generation,82.880
T_WLNYO-2,WLNYO-2,2026-09-08,13,2026-09-08T05:30:00Z,II,Generation,83.090
T_WLNYO-2,WLNYO-2,2026-09-08,14,2026-09-08T06:00:00Z,II,Generation,82.870
T_WLNYO-2,WLNYO-2,2026-09-08,15,2026-09-08T06:30:00Z,II,Generation,83.160
T_WLNYO-2,WLNYO-2,2026-09-08,16,2026-09-08T07:00:00Z,II,Generation,83.750
T_WLNYO-2,WLNYO-2,2026-09-08,17,2026-09-08T07:30:00Z,II,Generation,83.250
T_WLNYO-2,WLNYO-2,2026-09-08,18,2026-09-08T08:00:00Z,II,Generation,81.900
T_WLNYO-2,WLNYO-2,2026-09-08,19,2026-09-08T08:30:00Z,II,Generation,84.020
T_WLNYO-2,WLNYO-2,2026-09-08,20,2026-09-08T09:00:00Z,II,Generation,83.690
T_WLNYO-2,WLNYO-2,2026-09-08,21,2026-09-08T09:30:00Z,II,Generation,84.370
T_WLNYO-2,WLNYO-2,2026-09-08,22,2026-09-08T10:00:00Z,II,Generation,83.690
T_WLNYO-2,WLNYO-2,2026-09-08,23,2026-09-08T10:30:00Z,II,Generation,85.300
T_WLNYO-2,WLNYO-2,2026-09-08,24,2026-09-08T11:00:00Z,II,Generation,85.960
T_WLNYO-2,WLNYO-2,2026-09-08,25,2026-09-08T11:30:00Z,II,Generation,85.960
T_WLNYO-2,WLNYO-2,2026-09-08,26,2026-09-08T12:00:00Z,II,Generation,85.960
T_WLNYO-2,WLNYO-2,2026-09-08,27,2026-09-08T12:30:00Z,II,Generation,85.880
T_WLNYO-2,WLNYO-2,2026-09-08,28,2026-09-08T13:00:00Z,II,Generation,70.700
T_WLNYO-2,WLNYO-2,2026-09-08,29,2026-09-08T13:30:00Z,II,Generation,71.800
T_WLNYO-2,WLNYO-2,2026-09-08,30,2026-09-08T14:00:00Z,II,Generation,75.430
T_WLNYO-2,WLNYO-2,2026-09-08,31,2026-09-08T14:30:00Z,II,Generation,73.180
T_WLNYO-2,WLNYO-2,2026-09-08,32,2026-09-08T15:00:00Z,II,Generation,71.200
T_WLNYO-2,WLNYO-2,2026-09-08,33,2026-09-08T15:30:00Z,II,Generation,77.830
T_WLNYO-2,WLNYO-2,2026-09-08,34,2026-09-08T16:00:00Z,II,Generation,84.520
T_WLNYO-2,WLNYO-2,2026-09-08,35,2026-09-08T16:30:00Z,II,Generation,83.740
T_WLNYO-2,WLNYO-2,2026-09-08,36,2026-09-08T17:00:00Z,II,Generation,84.430
T_WLNYO-2,WLNYO-2,2026-09-08,37,2026-09-08T17:30:00Z,II,Generation,85.920
T_WLNYO-2,WLNYO-2,2026-09-08,38,2026-09-08T18:00:00Z,II,Generation,85.890
T_WLNYO-2,WLNYO-2,2026-09-08,39,2026-09-08T18:30:00Z,II,Generation,84.560
T_WLNYO-2,WLNYO-2,2026-09-08,40,2026-09-08T19:00:00Z,II,Generation,84.330
T_WLNYO-2,WLNYO-2,2026-09-08,41,2026-09-08T19:30:00Z,II,Generation,84.120
T_WLNYO-2,WLNYO-2,2026-09-08,42,2026-09-08T20:00:00Z,II,Generation,85.680
T_WLNYO-2,WLNYO-2,2026-09-08,43,2026-09-08T20:30:00Z,II,Generation,85.580
T_WLNYO-2,WLNYO-2,2026-09-08,44,2026-09-08T21:00:00Z,II,Generation,85.630
T_WLNYO-2,WLNYO-2,2026-09-08,45,2026-09-08T21:30:00Z,II,Generation,85.380
T_WLNYO-2,WLNYO-2,2026-09-08,46,2026-09-08T22:00:00Z,II,Generation,85.890
T_WLNYO-2,WLNYO-2,2026-09-08,47,2026-09-08T22:30:00Z,II,Generation,85.950
T_WLNYO-2,WLNYO-2,2026-09-08,48,2026-09-08T23:00:00Z,II,Generation,85.240
T_WLNYO-3,WLNYO-3,2026-09-08,1,2026-09-07T23:30:00Z,II,Generation,124.140
T_WLNYO-3,WLNYO-3,2026-09-08,2,2026-09-08T00:00:00Z,II,Generation,153.240
T_WLNYO-3,WLNYO-3,2026-09-08,3,2026-09-08T00:30:00Z,II,Generation,154.690
T_WLNYO-3,WLNYO-3,2026-09-08,4,2026-09-08T01:00:00Z,II,Generation,152.030
T_WLNYO-3,WLNYO-3,2026-09-08,5,2026-09-08T01:30:00Z,II,Generation,156.440
T_WLNYO-3,WLNYO-3,2026-09-08,6,2026-09-08T02:00:00Z,II,Generation,157.830
T_WLNYO-3,WLNYO-3,2026-09-08,7,2026-09-08T02:30:00Z,II,Generation,159.040
T_WLNYO-3,WLNYO-3,2026-09-08,8,2026-09-08T03:00:00Z,II,Generation,157.890
T_WLNYO-3,WLNYO-3,2026-09-08,9,2026-09-08T03:30:00Z,II,Generation,157.970
T_WLNYO-3,WLNYO-3,2026-09-08,10,2026-09-08T04:00:00Z,II,Generation,156.560
T_WLNYO-3,WLNYO-3,2026-09-08,11,2026-09-08T04:30:00Z,II,Generation,155.280
T_WLNYO-3,WLNYO-3,2026-09-08,12,2026-09-08T05:00:00Z,II,Generation,156.970
T_WLNYO-3,WLNYO-3,2026-09-08,13,2026-09-08T05:30:00Z,II,Generation,158.370
T_WLNYO-3,WLNYO-3,2026-09-08,14,2026-09-08T06:00:00Z,II,Generation,159.180
T_WLNYO-3,WLNYO-3,2026-09-08,15,2026-09-08T06:30:00Z,II,Generation,158.440
T_WLNYO-3,WLNYO-3,2026-09-08,16,2026-09-08T07:00:00Z,II,Generation,157.570
T_WLNYO-3,WLNYO-3,2026-09-08,17,2026-09-08T07:30:00Z,II,Generation,144.830
T_WLNYO-3,WLNYO-3,2026-09-08,18,2026-09-08T08:00:00Z,II,Generation,153.280
T_WLNYO-3,WLNYO-3,2026-09-08,19,2026-09-08T08:30:00Z,II,Generation,158.060
T_WLNYO-3,WLNYO-3,2026-09-08,20,2026-09-08T09:00:00Z,II,Generation,153.530
T_WLNYO-3,WLNYO-3,2026-09-08,21,2026-09-08T09:30:00Z,II,Generation,152.670
T_WLNYO-3,WLNYO-3,2026-09-08,22,2026-09-08T10:00:00Z,II,Generation,154.560
T_WLNYO-3,WLNYO-3,2026-09-08,23,2026-09-08T10:30:00Z,II,Generation,156.140
T_WLNYO-3,WLNYO-3,2026-09-08,24,2026-09-08T11:00:00Z,II,Generation,155.460
T_WLNYO-3,WLNYO-3,2026-09-08,25,2026-09-08T11:30:00Z,II,Generation,154.840
T_WLNYO-3,WLNYO-3,2026-09-08,26,2026-09-08T12:00:00Z,II,Generation,154.970
T_WLNYO-3,WLNYO-3,2026-09-08,27,2026-09-08T12:30:00Z,II,Generation,146.180
T_WLNYO-3,WLNYO-3,2026-09-08,28,2026-09-08T13:00:00Z,II,Generation,131.060
T_WLNYO-3,WLNYO-3,2026-09-08,29,2026-09-08T13:30:00Z,II,Generation,146.920
T_WLNYO-3,WLNYO-3,2026-09-08,30,2026-09-08T14:00:00Z,II,Generation,137.180
T_WLNYO-3,WLNYO-3,2026-09-08,31,2026-09-08T14:30:00Z,II,Generation,125.520
T_WLNYO-3,WLNYO-3,2026-09-08,32,2026-09-08T15:00:00Z,II,Generation,131.450
T_WLNYO-3,WLNYO-3,2026-09-08,33,2026-09-08T15:30:00Z,II,Generation,138.180
T_WLNYO-3,WLNYO-3,2026-09-08,34,2026-09-08T16:00:00Z,II,Generation,133.230
T_WLNYO-3,WLNYO-3,2026-09-08,35,2026-09-08T16:30:00Z,II,Generation,154.930
T_WLNYO-3,WLNYO-3,2026-09-08,36,2026-09-08T17:00:00Z,II,Generation,151.890
T_WLNYO-3,WLNYO-3,2026-09-08,37,2026-09-08T17:30:00Z,II,Generation,73.350
T_WLNYO-3,WLNYO-3,2026-09-08,38,2026-09-08T18:00:00Z,II,Generation,64.300
T_WLNYO-3,WLNYO-3,2026-09-08,39,2026-09-08T18:30:00Z,II,Generation,70.980
T_WLNYO-3,WLNYO-3,2026-09-08,40,2026-09-08T19:00:00Z,II,Generation,70.950
T_WLNYO-3,WLNYO-3,2026-09-08,41,2026-09-08T19:30:00Z,II,Generation,70.970
T_WLNYO-3,WLNYO-3,2026-09-08,42,2026-09-08T20:00:00Z,II,Generation,70.970
T_WLNYO-3,WLNYO-3,2026-09-08,43,2026-09-08T20:30:00Z,II,Generation,70.980
T_WLNYO-3,WLNYO-3,2026-09-08,44,2026-09-08T21:00:00Z,II,Generation,153.990
T_WLNYO-3,WLNYO-3,2026-09-08,45,2026-09-08T21:30:00Z,II,Generation,159.630
T_WLNYO-3,WLNYO-3,2026-09-08,46,2026-09-08T22:00:00Z,II,Generation,160.090
T_WLNYO-3,WLNYO-3,2026-09-08,47,2026-09-08T22:30:00Z,II,Generation,160.140
T_WLNYO-3,WLNYO-3,2026-09-08,48,2026-09-08T23:00:00Z,II,Generation,160.080
T_WLNYO-4,WLNYO-4,2026-09-08,1,2026-09-07T23:30:00Z,II,Generation,67.100
T_WLNYO-4,WLNYO-4,2026-09-08,2,2026-09-08T00:00:00Z,II,Generation,109.490
T_WLNYO-4,WLNYO-4,2026-09-08,3,2026-09-08T00:30:00Z,II,Generation,107.790
T_WLNYO-4,WLNYO-4,2026-09-08,4,2026-09-08T01:00:00Z,II,Generation,98.510
T_WLNYO-4,WLNYO-4,2026-09-08,5,2026-09-08T01:30:00Z,II,Generation,108.430
T_WLNYO-4,WLNYO-4,2026-09-08,6,2026-09-08T02:00:00Z,II,Generation,104.200
T_WLNYO-4,WLNYO-4,2026-09-08,7,2026-09-08T02:30:00Z,II,Generation,108.330
T_WLNYO-4,WLNYO-4,2026-09-08,8,2026-09-08T03:00:00Z,II,Generation,110.210
T_WLNYO-4,WLNYO-4,2026-09-08,9,2026-09-08T03:30:00Z,II,Generation,108.080
T_WLNYO-4,WLNYO-4,2026-09-08,10,2026-09-08T04:00:00Z,II,Generation,107.710
T_WLNYO-4,WLNYO-4,2026-09-08,11,2026-09-08T04:30:00Z,II,Generation,106.230
T_WLNYO-4,WLNYO-4,2026-09-08,12,2026-09-08T05:00:00Z,II,Generation,106.920
T_WLNYO-4,WLNYO-4,2026-09-08,13,2026-09-08T05:30:00Z,II,Generation,108.250
T_WLNYO-4,WLNYO-4,2026-09-08,14,2026-09-08T06:00:00Z,II,Generation,108.290
T_WLNYO-4,WLNYO-4,2026-09-08,15,2026-09-08T06:30:00Z,II,Generation,110.930
T_WLNYO-4,WLNYO-4,2026-09-08,16,2026-09-08T07:00:00Z,II,Generation,111.680
T_WLNYO-4,WLNYO-4,2026-09-08,17,2026-09-08T07:30:00Z,II,Generation,109.720
T_WLNYO-4,WLNYO-4,2026-09-08,18,2026-09-08T08:00:00Z,II,Generation,108.430
T_WLNYO-4,WLNYO-4,2026-09-08,19,2026-09-08T08:30:00Z,II,Generation,113.000
T_WLNYO-4,WLNYO-4,2026-09-08,20,2026-09-08T09:00:00Z,II,Generation,111.100
T_WLNYO-4,WLNYO-4,2026-09-08,21,2026-09-08T09:30:00Z,II,Generation,108.780
T_WLNYO-4,WLNYO-4,2026-09-08,22,2026-09-08T10:00:00Z,II,Generation,110.230
T_WLNYO-4,WLNYO-4,2026-09-08,23,2026-09-08T10:30:00Z,II,Generation,110.000
T_WLNYO-4,WLNYO-4,2026-09-08,24,2026-09-08T11:00:00Z,II,Generation,113.160
T_WLNYO-4,WLNYO-4,2026-09-08,25,2026-09-08T11:30:00Z,II,Generation,113.560
T_WLNYO-4,WLNYO-4,2026-09-08,26,2026-09-08T12:00:00Z,II,Generation,113.300
T_WLNYO-4,WLNYO-4,2026-09-08,27,2026-09-08T12:30:00Z,II,Generation,112.610
T_WLNYO-4,WLNYO-4,2026-09-08,28,2026-09-08T13:00:00Z,II,Generation,105.370
T_WLNYO-4,WLNYO-4,2026-09-08,29,2026-09-08T13:30:00Z,II,Generation,109.110
T_WLNYO-4,WLNYO-4,2026-09-08,30,2026-09-08T14:00:00Z,II,Generation,92.240
T_WLNYO-4,WLNYO-4,2026-09-08,31,2026-09-08T14:30:00Z,II,Generation,86.890
T_WLNYO-4,WLNYO-4,2026-09-08,32,2026-09-08T15:00:00Z,II,Generation,79.890
T_WLNYO-4,WLNYO-4,2026-09-08,33,2026-09-08T15:30:00Z,II,Generation,86.130
T_WLNYO-4,WLNYO-4,2026-09-08,34,2026-09-08T16:00:00Z,II,Generation,95.080
T_WLNYO-4,WLNYO-4,2026-09-08,35,2026-09-08T16:30:00Z,II,Generation,100.210
T_WLNYO-4,WLNYO-4,2026-09-08,36,2026-09-08T17:00:00Z,II,Generation,111.700
T_WLNYO-4,WLNYO-4,2026-09-08,37,2026-09-08T17:30:00Z,II,Generation,112.230
T_WLNYO-4,WLNYO-4,2026-09-08,38,2026-09-08T18:00:00Z,II,Generation,113.630
T_WLNYO-4,WLNYO-4,2026-09-08,39,2026-09-08T18:30:00Z,II,Generation,113.890
T_WLNYO-4,WLNYO-4,2026-09-08,40,2026-09-08T19:00:00Z,II,Generation,113.900
T_WLNYO-4,WLNYO-4,2026-09-08,41,2026-09-08T19:30:00Z,II,Generation,113.640
T_WLNYO-4,WLNYO-4,2026-09-08,42,2026-09-08T20:00:00Z,II,Generation,113.690
T_WLNYO-4,WLNYO-4,2026-09-08,43,2026-09-08T20:30:00Z,II,Generation,113.630
T_WLNYO-4,WLNYO-4,2026-09-08,44,2026-09-08T21:00:00Z,II,Generation,113.660
T_WLNYO-4,WLNYO-4,2026-09-08,45,2026-09-08T21:30:00Z,II,Generation,113.850
T_WLNYO-4,WLNYO-4,2026-09-08,46,2026-09-08T22:00:00Z,II,Generation,113.820
T_WLNYO-4,WLNYO-4,2026-09-08,47,2026-09-08T22:30:00Z,II,Generation,113.310
T_WLNYO-4,WLNYO-4,2026-09-08,48,2026-09-08T23:00:00Z,II,Generation,113.010
T_WLNYW-1,WLNYW-1,2026-09-08,1,2026-09-07T23:30:00Z,II,Generation,59.430
T_WLNYW-1,WLNYW-1,2026-09-08,2,2026-09-08T00:00:00Z,II,Generation,71.630
T_WLNYW-1,WLNYW-1,2026-09-08,3,2026-09-08T00:30:00Z,II,Generation,73.170
T_WLNYW-1,WLNYW-1,2026-09-08,4,2026-09-08T01:00:00Z,II,Generation,57.090
T_WLNYW-1,WLNYW-1,2026-09-08,5,2026-09-08T01:30:00Z,II,Generation,64.380
T_WLNYW-1,WLNYW-1,2026-09-08,6,2026-09-08T02:00:00Z,II,Generation,65.810
T_WLNYW-1,WLNYW-1,2026-09-08,7,2026-09-08T02:30:00Z,II,Generation,73.400
T_WLNYW-1,WLNYW-1,2026-09-08,8,2026-09-08T03:00:00Z,II,Generation,70.380
T_WLNYW-1,WLNYW-1,2026-09-08,9,2026-09-08T03:30:00Z,II,Generation,72.580
T_WLNYW-1,WLNYW-1,2026-09-08,10,2026-09-08T04:00:00Z,II,Generation,69.020
T_WLNYW-1,WLNYW-1,2026-09-08,11,2026-09-08T04:30:00Z,II,Generation,68.960
T_WLNYW-1,WLNYW-1,2026-09-08,12,2026-09-08T05:00:00Z,II,Generation,70.240
T_WLNYW-1,WLNYW-1,2026-09-08,13,2026-09-08T05:30:00Z,II,Generation,72.130
T_WLNYW-1,WLNYW-1,2026-09-08,14,2026-09-08T06:00:00Z,II,Generation,72.970
T_WLNYW-1,WLNYW-1,2026-09-08,15,2026-09-08T06:30:00Z,II,Generation,74.090
T_WLNYW-1,WLNYW-1,2026-09-08,16,2026-09-08T07:00:00Z,II,Generation,77.920
T_WLNYW-1,WLNYW-1,2026-09-08,17,2026-09-08T07:30:00Z,II,Generation,79.050
T_WLNYW-1,WLNYW-1,2026-09-08,18,2026-09-08T08:00:00Z,II,Generation,71.310
T_WLNYW-1,WLNYW-1,2026-09-08,19,2026-09-08T08:30:00Z,II,Generation,80.920
T_WLNYW-1,WLNYW-1,2026-09-08,20,2026-09-08T09:00:00Z,II,Generation,80.710
T_WLNYW-1,WLNYW-1,2026-09-08,21,2026-09-08T09:30:00Z,II,Generation,73.370
T_WLNYW-1,WLNYW-1,2026-09-08,22,2026-09-08T10:00:00Z,II,Generation,77.480
T_WLNYW-1,WLNYW-1,2026-09-08,23,2026-09-08T10:30:00Z,II,Generation,78.450
T_WLNYW-1,WLNYW-1,2026-09-08,24,2026-09-08T11:00:00Z,II,Generation,83.140
T_WLNYW-1,WLNYW-1,2026-09-08,25,2026-09-08T11:30:00Z,II,Generation,84.080
T_WLNYW-1,WLNYW-1,2026-09-08,26,2026-09-08T12:00:00Z,II,Generation,82.400
T_WLNYW-1,WLNYW-1,2026-09-08,27,2026-09-08T12:30:00Z,II,Generation,82.640
T_WLNYW-1,WLNYW-1,2026-09-08,28,2026-09-08T13:00:00Z,II,Generation,69.000
T_WLNYW-1,WLNYW-1,2026-09-08,29,2026-09-08T13:30:00Z,II,Generation,61.130
T_WLNYW-1,WLNYW-1,2026-09-08,30,2026-09-08T14:00:00Z,II,Generation,61.340
T_WLNYW-1,WLNYW-1,2026-09-08,31,2026-09-08T14:30:00Z,II,Generation,50.740
T_WLNYW-1,WLNYW-1,2026-09-08,32,2026-09-08T15:00:00Z,II,Generation,45.560
T_WLNYW-1,WLNYW-1,2026-09-08,33,2026-09-08T15:30:00Z,II,Generation,54.320
T_WLNYW-1,WLNYW-1,2026-09-08,34,2026-09-08T16:00:00Z,II,Generation,73.750
T_WLNYW-1,WLNYW-1,2026-09-08,35,2026-09-08T16:30:00Z,II,Generation,75.800
T_WLNYW-1,WLNYW-1,2026-09-08,36,2026-09-08T17:00:00Z,II,Generation,82.890
T_WLNYW-1,WLNYW-1,2026-09-08,37,2026-09-08T17:30:00Z,II,Generation,84.800
T_WLNYW-1,WLNYW-1,2026-09-08,38,2026-09-08T18:00:00Z,II,Generation,85.310
T_WLNYW-1,WLNYW-1,2026-09-08,39,2026-09-08T18:30:00Z,II,Generation,85.360
T_WLNYW-1,WLNYW-1,2026-09-08,40,2026-09-08T19:00:00Z,II,Generation,85.290
T_WLNYW-1,WLNYW-1,2026-09-08,41,2026-09-08T19:30:00Z,II,Generation,85.200
T_WLNYW-1,WLNYW-1,2026-09-08,42,2026-09-08T20:00:00Z,II,Generation,85.260
T_WLNYW-1,WLNYW-1,2026-09-08,43,2026-09-08T20:30:00Z,II,Generation,85.260
T_WLNYW-1,WLNYW-1,2026-09-08,44,2026-09-08T21:00:00Z,II,Generation,85.240
T_WLNYW-1,WLNYW-1,2026-09-08,45,2026-09-08T21:30:00Z,II,Generation,85.250
T_WLNYW-1,WLNYW-1,2026-09-08,46,2026-09-08T22:00:00Z,II,Generation,85.220
T_WLNYW-1,WLNYW-1,2026-09-08,47,2026-09-08T22:30:00Z,II,Generation,84.480
T_WLNYW-1,WLNYW-1,2026-09-08,48,2026-09-08T23:00:00Z,II,Generation,84.610
T_WTMSO-1,WTMSO-1,2026-09-08,1,2026-09-07T23:30:00Z,II,Generation,-0.009
T_WTMSO-1,WTMSO-1,2026-09-08,2,2026-09-08T00:00:00Z,II,Generation,-0.009
T_WTMSO-1,WTMSO-1,2026-09-08,3,2026-09-08T00:30:00Z,II,Generation,-0.009
T_WTMSO-1,WTMSO-1,2026-09-08,4,2026-09-08T01:00:00Z,II,Generation,-0.009
T_WTMSO-1,WTMSO-1,2026-09-08,5,2026-09-08T01:30:00Z,II,Generation,-0.009
T_WTMSO-1,WTMSO-1,2026-09-08,6,2026-09-08T02:00:00Z,II,Generation,-0.009
T_WTMSO-1,WTMSO-1,2026-09-08,7,2026-09-08T02:30:00Z,II,Generation,-0.009
T_WTMSO-1,WTMSO-1,2026-09-08,8,2026-09-08T03:00:00Z,II,Generation,-0.009
T_WTMSO-1,WTMSO-1,2026-09-08,9,2026-09-08T03:30:00Z,II,Generation,-0.009
T_WTMSO-1,WTMSO-1,2026-09-08,10,2026-09-08T04:00:00Z,II,Generation,-0.009
T_WTMSO-1,WTMSO-1,2026-09-08,11,2026-09-08T04:30:00Z,II,Generation,-0.009
T_WTMSO-1,WTMSO-1,2026-09-08,12,2026-09-08T05:00:00Z,II,Generation,-0.009
T_WTMSO-1,WTMSO-1,2026-09-08,13,2026-09-08T05:30:00Z,II,Generation,-0.009
T_WTMSO-1,WTMSO-1,2026-09-08,14,2026-09-08T06:00:00Z,II,Generation,-0.009
T_WTMSO-1,WTMSO-1,2026-09-08,15,2026-09-08T06:30:00Z,II,Generation,-0.009
T_WTMSO-1,WTMSO-1,2026-09-08,16,2026-09-08T07:00:00Z,II,Generation,-0.009
T_WTMSO-1,WTMSO-1,2026-09-08,17,2026-09-08T07:30:00Z,II,Generation,-0.009
T_WTMSO-1,WTMSO-1,2026-09-08,18,2026-09-08T08:00:00Z,II,Generation,-0.009
T_WTMSO-1,WTMSO-1,2026-09-08,19,2026-09-08T08:30:00Z,II,Generation,-0.009
T_WTMSO-1,WTMSO-1,2026-09-08,20,2026-09-08T09:00:00Z,II,Generation,-0.009
T_WTMSO-1,WTMSO-1,2026-09-08,21,2026-09-08T09:30:00Z,II,Generation,-0.009
T_WTMSO-1,WTMSO-1,2026-09-08,22,2026-09-08T10:00:00Z,II,Generation,-0.009
T_WTMSO-1,WTMSO-1,2026-09-08,23,2026-09-08T10:30:00Z,II,Generation,-0.009
T_WTMSO-1,WTMSO-1,2026-09-08,24,2026-09-08T11:00:00Z,II,Generation,-0.009
T_WTMSO-1,WTMSO-1,2026-09-08,25,2026-09-08T11:30:00Z,II,Generation,-0.009
T_WTMSO-1,WTMSO-1,2026-09-08,26,2026-09-08T12:00:00Z,II,Generation,-0.009
T_WTMSO-1,WTMSO-1,2026-09-08,27,2026-09-08T12:30:00Z,II,Generation,-0.009
T_WTMSO-1,WTMSO-1,2026-09-08,28,2026-09-08T13:00:00Z,II,Generation,-0.009
T_WTMSO-1,WTMSO-1,2026-09-08,29,2026-09-08T13:30:00Z,II,Generation,-0.009
T_WTMSO-1,WTMSO-1,2026-09-08,30,2026-09-08T14:00:00Z,II,Generation,-0.009
T_WTMSO-1,WTMSO-1,2026-09-08,31,2026-09-08T14:30:00Z,II,Generation,-0.009
T_WTMSO-1,WTMSO-1,2026-09-08,32,2026-09-08T15:00:00Z,II,Generation,-0.009
T_WTMSO-1,WTMSO-1,2026-09-08,33,2026-09-08T15:30:00Z,II,Generation,-0.009
T_WTMSO-1,WTMSO-1,2026-09-08,34,2026-09-08T16:00:00Z,II,Generation,-0.009
T_WTMSO-1,WTMSO-1,2026-09-08,35,2026-09-08T16:30:00Z,II,Generation,-0.009
T_WTMSO-1,WTMSO-1,2026-09-08,36,2026-09-08T17:00:00Z,II,Generation,-0.009
T_WTMSO-1,WTMSO-1,2026-09-08,37,2026-09-08T17:30:00Z,II,Generation,-0.009
T_WTMSO-1,WTMSO-1,2026-09-08,38,2026-09-08T18:00:00Z,II,Generation,-0.009
T_WTMSO-1,WTMSO-1,2026-09-08,39,2026-09-08T18:30:00Z,II,Generation,-0.009
T_WTMSO-1,WTMSO-1,2026-09-08,40,2026-09-08T19:00:00Z,II,Generation,-0.009
T_WTMSO-1,WTMSO-1,2026-09-08,41,2026-09-08T19:30:00Z,II,Generation,-0.009
T_WTMSO-1,WTMSO-1,2026-09-08,42,2026-09-08T20:00:00Z,II,Generation,-0.009
T_WTMSO-1,WTMSO-1,2026-09-08,43,2026-09-08T20:30:00Z,II,Generation,-0.009
T_WTMSO-1,WTMSO-1,2026-09-08,44,2026-09-08T21:00:00Z,II,Generation,-0.009
T_WTMSO-1,WTMSO-1,2026-09-08,45,2026-09-08T21:30:00Z,II,Generation,-0.009
T_WTMSO-1,WTMSO-1,2026-09-08,46,2026-09-08T22:00:00Z,II,Generation,-0.009
T_WTMSO-1,WTMSO-1,2026-09-08,47,2026-09-08T22:30:00Z,II,Generation,-0.009
T_WTMSO-1,WTMSO-1,2026-09-08,48,2026-09-08T23:00:00Z,II,Generation,-0.009
