bm_unit,national_grid_bm_unit,settlement_date,settlement_period,time_from_utc,time_to_utc,level_from_mw,level_to_mw
2__BLOND003,AG-BEDF03,2026-09-08,1,2026-09-07T23:00:00Z,2026-09-07T23:30:00Z,4,4
2__BLOND003,AG-BEDF03,2026-09-08,2,2026-09-07T23:30:00Z,2026-09-08T00:00:00Z,6,6
2__BLOND003,AG-BEDF03,2026-09-08,3,2026-09-08T00:00:00Z,2026-09-08T00:30:00Z,1,1
2__BLOND003,AG-BEDF03,2026-09-08,4,2026-09-08T00:30:00Z,2026-09-08T01:00:00Z,3,3
2__BLOND003,AG-BEDF03,2026-09-08,5,2026-09-08T01:00:00Z,2026-09-08T01:30:00Z,5,5
2__BLOND003,AG-BEDF03,2026-09-08,6,2026-09-08T01:30:00Z,2026-09-08T02:00:00Z,5,5
2__BLOND003,AG-BEDF03,2026-09-08,7,2026-09-08T02:00:00Z,2026-09-08T02:30:00Z,4,4
2__BLOND003,AG-BEDF03,2026-09-08,8,2026-09-08T02:30:00Z,2026-09-08T03:00:00Z,5,5
2__BLOND003,AG-BEDF03,2026-09-08,9,2026-09-08T03:00:00Z,2026-09-08T03:30:00Z,5,5
2__BLOND003,AG-BEDF03,2026-09-08,10,2026-09-08T03:30:00Z,2026-09-08T04:00:00Z,6,6
2__BLOND003,AG-BEDF03,2026-09-08,11,2026-09-08T04:00:00Z,2026-09-08T04:30:00Z,7,7
2__BLOND003,AG-BEDF03,2026-09-08,12,2026-09-08T04:30:00Z,2026-09-08T05:00:00Z,7,7
2__BLOND003,AG-BEDF03,2026-09-08,13,2026-09-08T05:00:00Z,2026-09-08T05:30:00Z,7,7
2__BLOND003,AG-BEDF03,2026-09-08,14,2026-09-08T05:30:00Z,2026-09-08T06:00:00Z,6,6
2__BLOND003,AG-BEDF03,2026-09-08,15,2026-09-08T06:00:00Z,2026-09-08T06:30:00Z,4,4
2__BLOND003,AG-BEDF03,2026-09-08,16,2026-09-08T06:30:00Z,2026-09-08T07:00:00Z,3,3
2__BLOND003,AG-BEDF03,2026-09-08,17,2026-09-08T07:00:00Z,2026-09-08T07:30:00Z,3,3
2__BLOND003,AG-BEDF03,2026-09-08,18,2026-09-08T07:30:00Z,2026-09-08T08:00:00Z,2,2
2__BLOND003,AG-BEDF03,2026-09-08,19,2026-09-08T08:00:00Z,2026-09-08T08:30:00Z,2,2
2__BLOND003,AG-BEDF03,2026-09-08,20,2026-09-08T08:30:00Z,2026-09-08T09:00:00Z,1,1
2__BLOND003,AG-BEDF03,2026-09-08,21,2026-09-08T09:00:00Z,2026-09-08T09:30:00Z,0,0
2__BLOND003,AG-BEDF03,2026-09-08,22,2026-09-08T09:30:00Z,2026-09-08T10:00:00Z,0,0
2__BLOND003,AG-BEDF03,2026-09-08,23,2026-09-08T10:00:00Z,2026-09-08T10:30:00Z,0,0
2__BLOND003,AG-BEDF03,2026-09-08,24,2026-09-08T10:30:00Z,2026-09-08T11:00:00Z,0,0
2__BLOND003,AG-BEDF03,2026-09-08,25,2026-09-08T11:00:00Z,2026-09-08T11:30:00Z,0,0
2__BLOND003,AG-BEDF03,2026-09-08,26,2026-09-08T11:30:00Z,2026-09-08T12:00:00Z,0,0
2__BLOND003,AG-BEDF03,2026-09-08,27,2026-09-08T12:00:00Z,2026-09-08T12:30:00Z,0,0
2__BLOND003,AG-BEDF03,2026-09-08,28,2026-09-08T12:30:00Z,2026-09-08T13:00:00Z,0,0
2__BLOND003,AG-BEDF03,2026-09-08,29,2026-09-08T13:00:00Z,2026-09-08T13:30:00Z,0,0
2__BLOND003,AG-BEDF03,2026-09-08,30,2026-09-08T13:30:00Z,2026-09-08T14:00:00Z,0,0
2__BLOND003,AG-BEDF03,2026-09-08,31,2026-09-08T14:00:00Z,2026-09-08T14:30:00Z,0,0
2__BLOND003,AG-BEDF03,2026-09-08,32,2026-09-08T14:30:00Z,2026-09-08T15:00:00Z,2,2
2__BLOND003,AG-BEDF03,2026-09-08,33,2026-09-08T15:00:00Z,2026-09-08T15:30:00Z,1,1
2__BLOND003,AG-BEDF03,2026-09-08,34,2026-09-08T15:30:00Z,2026-09-08T16:00:00Z,3,3
2__BLOND003,AG-BEDF03,2026-09-08,35,2026-09-08T16:00:00Z,2026-09-08T16:30:00Z,3,3
2__BLOND003,AG-BEDF03,2026-09-08,36,2026-09-08T16:30:00Z,2026-09-08T17:00:00Z,4,4
2__BLOND003,AG-BEDF03,2026-09-08,37,2026-09-08T17:00:00Z,2026-09-08T17:30:00Z,5,5
2__BLOND003,AG-BEDF03,2026-09-08,38,2026-09-08T17:30:00Z,2026-09-08T18:00:00Z,6,6
2__BLOND003,AG-BEDF03,2026-09-08,39,2026-09-08T18:00:00Z,2026-09-08T18:30:00Z,9,9
2__BLOND003,AG-BEDF03,2026-09-08,40,2026-09-08T18:30:00Z,2026-09-08T19:00:00Z,9,9
2__BLOND003,AG-BEDF03,2026-09-08,41,2026-09-08T19:00:00Z,2026-09-08T19:30:00Z,9,9
2__BLOND003,AG-BEDF03,2026-09-08,42,2026-09-08T19:30:00Z,2026-09-08T20:00:00Z,7,7
2__BLOND003,AG-BEDF03,2026-09-08,43,2026-09-08T20:00:00Z,2026-09-08T20:30:00Z,6,6
2__BLOND003,AG-BEDF03,2026-09-08,44,2026-09-08T20:30:00Z,2026-09-08T21:00:00Z,4,4
2__BLOND003,AG-BEDF03,2026-09-08,45,2026-09-08T21:00:00Z,2026-09-08T21:30:00Z,9,9
2__BLOND003,AG-BEDF03,2026-09-08,46,2026-09-08T21:30:00Z,2026-09-08T22:00:00Z,6,6
2__BLOND003,AG-BEDF03,2026-09-08,47,2026-09-08T22:00:00Z,2026-09-08T22:30:00Z,4,4
2__BLOND003,AG-BEDF03,2026-09-08,48,2026-09-08T22:30:00Z,2026-09-08T23:00:00Z,5,5
2__PEDGE003,CMSTW-1,2026-09-08,1,2026-09-07T23:00:00Z,2026-09-07T23:30:00Z,24,24
2__PEDGE003,CMSTW-1,2026-09-08,2,2026-09-07T23:30:00Z,2026-09-08T00:00:00Z,24,24
2__PEDGE003,CMSTW-1,2026-09-08,3,2026-09-08T00:00:00Z,2026-09-08T00:30:00Z,24,24
2__PEDGE003,CMSTW-1,2026-09-08,4,2026-09-08T00:30:00Z,2026-09-08T01:00:00Z,23,23
2__PEDGE003,CMSTW-1,2026-09-08,5,2026-09-08T01:00:00Z,2026-09-08T01:30:00Z,23,23
2__PEDGE003,CMSTW-1,2026-09-08,6,2026-09-08T01:30:00Z,2026-09-08T02:00:00Z,23,23
2__PEDGE003,CMSTW-1,2026-09-08,7,2026-09-08T02:00:00Z,2026-09-08T02:30:00Z,24,24
2__PEDGE003,CMSTW-1,2026-09-08,8,2026-09-08T02:30:00Z,2026-09-08T03:00:00Z,23,23
2__PEDGE003,CMSTW-1,2026-09-08,9,2026-09-08T03:00:00Z,2026-09-08T03:30:00Z,24,24
2__PEDGE003,CMSTW-1,2026-09-08,10,2026-09-08T03:30:00Z,2026-09-08T04:00:00Z,24,24
2__PEDGE003,CMSTW-1,2026-09-08,11,2026-09-08T04:00:00Z,2026-09-08T04:30:00Z,24,24
2__PEDGE003,CMSTW-1,2026-09-08,12,2026-09-08T04:30:00Z,2026-09-08T05:00:00Z,24,24
2__PEDGE003,CMSTW-1,2026-09-08,13,2026-09-08T05:00:00Z,2026-09-08T05:30:00Z,24,24
2__PEDGE003,CMSTW-1,2026-09-08,14,2026-09-08T05:30:00Z,2026-09-08T06:00:00Z,24,24
2__PEDGE003,CMSTW-1,2026-09-08,15,2026-09-08T06:00:00Z,2026-09-08T06:30:00Z,24,24
2__PEDGE003,CMSTW-1,2026-09-08,16,2026-09-08T06:30:00Z,2026-09-08T07:00:00Z,24,24
2__PEDGE003,CMSTW-1,2026-09-08,17,2026-09-08T07:00:00Z,2026-09-08T07:30:00Z,24,24
2__PEDGE003,CMSTW-1,2026-09-08,18,2026-09-08T07:30:00Z,2026-09-08T08:00:00Z,24,24
2__PEDGE003,CMSTW-1,2026-09-08,19,2026-09-08T08:00:00Z,2026-09-08T08:30:00Z,24,24
2__PEDGE003,CMSTW-1,2026-09-08,20,2026-09-08T08:30:00Z,2026-09-08T09:00:00Z,23,23
2__PEDGE003,CMSTW-1,2026-09-08,21,2026-09-08T09:00:00Z,2026-09-08T09:30:00Z,23,23
2__PEDGE003,CMSTW-1,2026-09-08,22,2026-09-08T09:30:00Z,2026-09-08T10:00:00Z,24,24
2__PEDGE003,CMSTW-1,2026-09-08,23,2026-09-08T10:00:00Z,2026-09-08T10:30:00Z,23,23
2__PEDGE003,CMSTW-1,2026-09-08,24,2026-09-08T10:30:00Z,2026-09-08T11:00:00Z,17,17
2__PEDGE003,CMSTW-1,2026-09-08,25,2026-09-08T11:00:00Z,2026-09-08T11:30:00Z,14,14
2__PEDGE003,CMSTW-1,2026-09-08,26,2026-09-08T11:30:00Z,2026-09-08T12:00:00Z,16,16
2__PEDGE003,CMSTW-1,2026-09-08,27,2026-09-08T12:00:00Z,2026-09-08T12:30:00Z,20,20
2__PEDGE003,CMSTW-1,2026-09-08,28,2026-09-08T12:30:00Z,2026-09-08T13:00:00Z,24,24
2__PEDGE003,CMSTW-1,2026-09-08,29,2026-09-08T13:00:00Z,2026-09-08T13:30:00Z,24,24
2__PEDGE003,CMSTW-1,2026-09-08,30,2026-09-08T13:30:00Z,2026-09-08T14:00:00Z,24,24
2__PEDGE003,CMSTW-1,2026-09-08,31,2026-09-08T14:00:00Z,2026-09-08T14:30:00Z,24,24
2__PEDGE003,CMSTW-1,2026-09-08,32,2026-09-08T14:30:00Z,2026-09-08T15:00:00Z,24,24
2__PEDGE003,CMSTW-1,2026-09-08,33,2026-09-08T15:00:00Z,2026-09-08T15:30:00Z,24,24
2__PEDGE003,CMSTW-1,2026-09-08,34,2026-09-08T15:30:00Z,2026-09-08T16:00:00Z,24,24
2__PEDGE003,CMSTW-1,2026-09-08,35,2026-09-08T16:00:00Z,2026-09-08T16:30:00Z,24,24
2__PEDGE003,CMSTW-1,2026-09-08,36,2026-09-08T16:30:00Z,2026-09-08T17:00:00Z,24,24
2__PEDGE003,CMSTW-1,2026-09-08,37,2026-09-08T17:00:00Z,2026-09-08T17:30:00Z,31,31
2__PEDGE003,CMSTW-1,2026-09-08,38,2026-09-08T17:30:00Z,2026-09-08T18:00:00Z,31,31
2__PEDGE003,CMSTW-1,2026-09-08,39,2026-09-08T18:00:00Z,2026-09-08T18:30:00Z,30,30
2__PEDGE003,CMSTW-1,2026-09-08,40,2026-09-08T18:30:00Z,2026-09-08T19:00:00Z,30,30
2__PEDGE003,CMSTW-1,2026-09-08,41,2026-09-08T19:00:00Z,2026-09-08T19:30:00Z,30,30
2__PEDGE003,CMSTW-1,2026-09-08,42,2026-09-08T19:30:00Z,2026-09-08T20:00:00Z,30,30
2__PEDGE003,CMSTW-1,2026-09-08,43,2026-09-08T20:00:00Z,2026-09-08T20:30:00Z,30,30
2__PEDGE003,CMSTW-1,2026-09-08,44,2026-09-08T20:30:00Z,2026-09-08T21:00:00Z,30,30
2__PEDGE003,CMSTW-1,2026-09-08,45,2026-09-08T21:00:00Z,2026-09-08T21:30:00Z,29,29
2__PEDGE003,CMSTW-1,2026-09-08,46,2026-09-08T21:30:00Z,2026-09-08T22:00:00Z,29,29
2__PEDGE003,CMSTW-1,2026-09-08,47,2026-09-08T22:00:00Z,2026-09-08T22:30:00Z,28,28
2__PEDGE003,CMSTW-1,2026-09-08,48,2026-09-08T22:30:00Z,2026-09-08T23:00:00Z,27,27
2__PEDGE004,RSHLW-1,2026-09-08,1,2026-09-07T23:00:00Z,2026-09-07T23:30:00Z,16,16
2__PEDGE004,RSHLW-1,2026-09-08,2,2026-09-07T23:30:00Z,2026-09-08T00:00:00Z,15,15
2__PEDGE004,RSHLW-1,2026-09-08,3,2026-09-08T00:00:00Z,2026-09-08T00:30:00Z,15,15
2__PEDGE004,RSHLW-1,2026-09-08,4,2026-09-08T00:30:00Z,2026-09-08T01:00:00Z,15,15
2__PEDGE004,RSHLW-1,2026-09-08,5,2026-09-08T01:00:00Z,2026-09-08T01:30:00Z,16,16
2__PEDGE004,RSHLW-1,2026-09-08,6,2026-09-08T01:30:00Z,2026-09-08T02:00:00Z,16,16
2__PEDGE004,RSHLW-1,2026-09-08,7,2026-09-08T02:00:00Z,2026-09-08T02:30:00Z,16,16
2__PEDGE004,RSHLW-1,2026-09-08,8,2026-09-08T02:30:00Z,2026-09-08T03:00:00Z,16,16
2__PEDGE004,RSHLW-1,2026-09-08,9,2026-09-08T03:00:00Z,2026-09-08T03:30:00Z,16,16
2__PEDGE004,RSHLW-1,2026-09-08,10,2026-09-08T03:30:00Z,2026-09-08T04:00:00Z,16,16
2__PEDGE004,RSHLW-1,2026-09-08,11,2026-09-08T04:00:00Z,2026-09-08T04:30:00Z,17,17
2__PEDGE004,RSHLW-1,2026-09-08,12,2026-09-08T04:30:00Z,2026-09-08T05:00:00Z,17,17
2__PEDGE004,RSHLW-1,2026-09-08,13,2026-09-08T05:00:00Z,2026-09-08T05:30:00Z,18,18
2__PEDGE004,RSHLW-1,2026-09-08,14,2026-09-08T05:30:00Z,2026-09-08T06:00:00Z,19,19
2__PEDGE004,RSHLW-1,2026-09-08,15,2026-09-08T06:00:00Z,2026-09-08T06:30:00Z,19,19
2__PEDGE004,RSHLW-1,2026-09-08,16,2026-09-08T06:30:00Z,2026-09-08T07:00:00Z,20,20
2__PEDGE004,RSHLW-1,2026-09-08,17,2026-09-08T07:00:00Z,2026-09-08T07:30:00Z,19,19
2__PEDGE004,RSHLW-1,2026-09-08,18,2026-09-08T07:30:00Z,2026-09-08T08:00:00Z,19,19
2__PEDGE004,RSHLW-1,2026-09-08,19,2026-09-08T08:00:00Z,2026-09-08T08:30:00Z,19,19
2__PEDGE004,RSHLW-1,2026-09-08,20,2026-09-08T08:30:00Z,2026-09-08T09:00:00Z,19,19
2__PEDGE004,RSHLW-1,2026-09-08,21,2026-09-08T09:00:00Z,2026-09-08T09:30:00Z,19,19
2__PEDGE004,RSHLW-1,2026-09-08,22,2026-09-08T09:30:00Z,2026-09-08T10:00:00Z,19,19
2__PEDGE004,RSHLW-1,2026-09-08,23,2026-09-08T10:00:00Z,2026-09-08T10:30:00Z,19,19
2__PEDGE004,RSHLW-1,2026-09-08,24,2026-09-08T10:30:00Z,2026-09-08T11:00:00Z,18,18
2__PEDGE004,RSHLW-1,2026-09-08,25,2026-09-08T11:00:00Z,2026-09-08T11:30:00Z,20,20
2__PEDGE004,RSHLW-1,2026-09-08,26,2026-09-08T11:30:00Z,2026-09-08T12:00:00Z,21,21
2__PEDGE004,RSHLW-1,2026-09-08,27,2026-09-08T12:00:00Z,2026-09-08T12:30:00Z,21,21
2__PEDGE004,RSHLW-1,2026-09-08,28,2026-09-08T12:30:00Z,2026-09-08T13:00:00Z,21,21
2__PEDGE004,RSHLW-1,2026-09-08,29,2026-09-08T13:00:00Z,2026-09-08T13:30:00Z,20,20
2__PEDGE004,RSHLW-1,2026-09-08,30,2026-09-08T13:30:00Z,2026-09-08T14:00:00Z,20,20
2__PEDGE004,RSHLW-1,2026-09-08,31,2026-09-08T14:00:00Z,2026-09-08T14:30:00Z,19,19
2__PEDGE004,RSHLW-1,2026-09-08,32,2026-09-08T14:30:00Z,2026-09-08T15:00:00Z,18,18
2__PEDGE004,RSHLW-1,2026-09-08,33,2026-09-08T15:00:00Z,2026-09-08T15:30:00Z,18,18
2__PEDGE004,RSHLW-1,2026-09-08,34,2026-09-08T15:30:00Z,2026-09-08T16:00:00Z,18,18
2__PEDGE004,RSHLW-1,2026-09-08,35,2026-09-08T16:00:00Z,2026-09-08T16:30:00Z,18,18
2__PEDGE004,RSHLW-1,2026-09-08,36,2026-09-08T16:30:00Z,2026-09-08T17:00:00Z,17,17
2__PEDGE004,RSHLW-1,2026-09-08,37,2026-09-08T17:00:00Z,2026-09-08T17:30:00Z,16,16
2__PEDGE004,RSHLW-1,2026-09-08,38,2026-09-08T17:30:00Z,2026-09-08T18:00:00Z,14,14
2__PEDGE004,RSHLW-1,2026-09-08,39,2026-09-08T18:00:00Z,2026-09-08T18:30:00Z,13,13
2__PEDGE004,RSHLW-1,2026-09-08,40,2026-09-08T18:30:00Z,2026-09-08T19:00:00Z,12,12
2__PEDGE004,RSHLW-1,2026-09-08,41,2026-09-08T19:00:00Z,2026-09-08T19:30:00Z,11,11
2__PEDGE004,RSHLW-1,2026-09-08,42,2026-09-08T19:30:00Z,2026-09-08T20:00:00Z,9,9
2__PEDGE004,RSHLW-1,2026-09-08,43,2026-09-08T20:00:00Z,2026-09-08T20:30:00Z,9,9
2__PEDGE004,RSHLW-1,2026-09-08,44,2026-09-08T20:30:00Z,2026-09-08T21:00:00Z,8,8
2__PEDGE004,RSHLW-1,2026-09-08,45,2026-09-08T21:00:00Z,2026-09-08T21:30:00Z,7,7
2__PEDGE004,RSHLW-1,2026-09-08,46,2026-09-08T21:30:00Z,2026-09-08T22:00:00Z,6,6
2__PEDGE004,RSHLW-1,2026-09-08,47,2026-09-08T22:00:00Z,2026-09-08T22:30:00Z,5,5
2__PEDGE004,RSHLW-1,2026-09-08,48,2026-09-08T22:30:00Z,2026-09-08T23:00:00Z,5,5
2__PENEC001,ROTHW-1,2026-09-08,1,2026-09-07T23:00:00Z,2026-09-07T23:30:00Z,27,26
2__PENEC001,ROTHW-1,2026-09-08,2,2026-09-07T23:30:00Z,2026-09-08T00:00:00Z,27,26
2__PENEC001,ROTHW-1,2026-09-08,3,2026-09-08T00:00:00Z,2026-09-08T00:30:00Z,20,19
2__PENEC001,ROTHW-1,2026-09-08,4,2026-09-08T00:30:00Z,2026-09-08T01:00:00Z,25,24
2__PENEC001,ROTHW-1,2026-09-08,5,2026-09-08T01:00:00Z,2026-09-08T01:30:00Z,22,22
2__PENEC001,ROTHW-1,2026-09-08,6,2026-09-08T01:30:00Z,2026-09-08T02:00:00Z,18,21
2__PENEC001,ROTHW-1,2026-09-08,7,2026-09-08T02:00:00Z,2026-09-08T02:30:00Z,23,24
2__PENEC001,ROTHW-1,2026-09-08,8,2026-09-08T02:30:00Z,2026-09-08T03:00:00Z,28,29
2__PENEC001,ROTHW-1,2026-09-08,9,2026-09-08T03:00:00Z,2026-09-08T03:30:00Z,23,23
2__PENEC001,ROTHW-1,2026-09-08,10,2026-09-08T03:30:00Z,2026-09-08T04:00:00Z,28,28
2__PENEC001,ROTHW-1,2026-09-08,11,2026-09-08T04:00:00Z,2026-09-08T04:30:00Z,33,31
2__PENEC001,ROTHW-1,2026-09-08,12,2026-09-08T04:30:00Z,2026-09-08T05:00:00Z,32,30
2__PENEC001,ROTHW-1,2026-09-08,13,2026-09-08T05:00:00Z,2026-09-08T05:30:00Z,33,34
2__PENEC001,ROTHW-1,2026-09-08,14,2026-09-08T05:30:00Z,2026-09-08T06:00:00Z,30,30
2__PENEC001,ROTHW-1,2026-09-08,15,2026-09-08T06:00:00Z,2026-09-08T06:30:00Z,33,33
2__PENEC001,ROTHW-1,2026-09-08,16,2026-09-08T06:30:00Z,2026-09-08T07:00:00Z,37,38
2__PENEC001,ROTHW-1,2026-09-08,17,2026-09-08T07:00:00Z,2026-09-08T07:30:00Z,33,32
2__PENEC001,ROTHW-1,2026-09-08,18,2026-09-08T07:30:00Z,2026-09-08T08:00:00Z,28,27
2__PENEC001,ROTHW-1,2026-09-08,19,2026-09-08T08:00:00Z,2026-09-08T08:30:00Z,24,27
2__PENEC001,ROTHW-1,2026-09-08,20,2026-09-08T08:30:00Z,2026-09-08T09:00:00Z,31,35
2__PENEC001,ROTHW-1,2026-09-08,21,2026-09-08T09:00:00Z,2026-09-08T09:30:00Z,36,36
2__PENEC001,ROTHW-1,2026-09-08,22,2026-09-08T09:30:00Z,2026-09-08T10:00:00Z,39,40
2__PENEC001,ROTHW-1,2026-09-08,23,2026-09-08T10:00:00Z,2026-09-08T10:30:00Z,45,45
2__PENEC001,ROTHW-1,2026-09-08,24,2026-09-08T10:30:00Z,2026-09-08T11:00:00Z,46,46
2__PENEC001,ROTHW-1,2026-09-08,25,2026-09-08T11:00:00Z,2026-09-08T11:30:00Z,47,47
2__PENEC001,ROTHW-1,2026-09-08,26,2026-09-08T11:30:00Z,2026-09-08T12:00:00Z,48,49
2__PENEC001,ROTHW-1,2026-09-08,27,2026-09-08T12:00:00Z,2026-09-08T12:30:00Z,46,46
2__PENEC001,ROTHW-1,2026-09-08,28,2026-09-08T12:30:00Z,2026-09-08T13:00:00Z,49,49
2__PENEC001,ROTHW-1,2026-09-08,29,2026-09-08T13:00:00Z,2026-09-08T13:30:00Z,45,44
2__PENEC001,ROTHW-1,2026-09-08,30,2026-09-08T13:30:00Z,2026-09-08T14:00:00Z,47,46
2__PENEC001,ROTHW-1,2026-09-08,31,2026-09-08T14:00:00Z,2026-09-08T14:30:00Z,46,46
2__PENEC001,ROTHW-1,2026-09-08,32,2026-09-08T14:30:00Z,2026-09-08T15:00:00Z,45,44
2__PENEC001,ROTHW-1,2026-09-08,33,2026-09-08T15:00:00Z,2026-09-08T15:30:00Z,44,44
2__PENEC001,ROTHW-1,2026-09-08,34,2026-09-08T15:30:00Z,2026-09-08T16:00:00Z,46,46
2__PENEC001,ROTHW-1,2026-09-08,35,2026-09-08T16:00:00Z,2026-09-08T16:30:00Z,46,44
2__PENEC001,ROTHW-1,2026-09-08,36,2026-09-08T16:30:00Z,2026-09-08T17:00:00Z,49,48
2__PENEC001,ROTHW-1,2026-09-08,37,2026-09-08T17:00:00Z,2026-09-08T17:30:00Z,47,46
2__PENEC001,ROTHW-1,2026-09-08,38,2026-09-08T17:30:00Z,2026-09-08T18:00:00Z,45,43
2__PENEC001,ROTHW-1,2026-09-08,39,2026-09-08T18:00:00Z,2026-09-08T18:30:00Z,43,42
2__PENEC001,ROTHW-1,2026-09-08,40,2026-09-08T18:30:00Z,2026-09-08T19:00:00Z,41,40
2__PENEC001,ROTHW-1,2026-09-08,41,2026-09-08T19:00:00Z,2026-09-08T19:30:00Z,35,34
2__PENEC001,ROTHW-1,2026-09-08,42,2026-09-08T19:30:00Z,2026-09-08T20:00:00Z,39,38
2__PENEC001,ROTHW-1,2026-09-08,43,2026-09-08T20:00:00Z,2026-09-08T20:30:00Z,36,35
2__PENEC001,ROTHW-1,2026-09-08,44,2026-09-08T20:30:00Z,2026-09-08T21:00:00Z,36,35
2__PENEC001,ROTHW-1,2026-09-08,45,2026-09-08T21:00:00Z,2026-09-08T21:30:00Z,32,31
2__PENEC001,ROTHW-1,2026-09-08,46,2026-09-08T21:30:00Z,2026-09-08T22:00:00Z,32,30
2__PENEC001,ROTHW-1,2026-09-08,47,2026-09-08T22:00:00Z,2026-09-08T22:30:00Z,23,22
2__PENEC001,ROTHW-1,2026-09-08,48,2026-09-08T22:30:00Z,2026-09-08T23:00:00Z,20,19
2__PENEC002,PAUHW-1,2026-09-08,1,2026-09-07T23:00:00Z,2026-09-07T23:30:00Z,61,60
2__PENEC002,PAUHW-1,2026-09-08,2,2026-09-07T23:30:00Z,2026-09-08T00:00:00Z,61,61
2__PENEC002,PAUHW-1,2026-09-08,3,2026-09-08T00:00:00Z,2026-09-08T00:30:00Z,62,62
2__PENEC002,PAUHW-1,2026-09-08,4,2026-09-08T00:30:00Z,2026-09-08T01:00:00Z,63,63
2__PENEC002,PAUHW-1,2026-09-08,5,2026-09-08T01:00:00Z,2026-09-08T01:30:00Z,63,63
2__PENEC002,PAUHW-1,2026-09-08,6,2026-09-08T01:30:00Z,2026-09-08T02:00:00Z,64,64
2__PENEC002,PAUHW-1,2026-09-08,7,2026-09-08T02:00:00Z,2026-09-08T02:30:00Z,62,62
2__PENEC002,PAUHW-1,2026-09-08,8,2026-09-08T02:30:00Z,2026-09-08T03:00:00Z,64,64
2__PENEC002,PAUHW-1,2026-09-08,9,2026-09-08T03:00:00Z,2026-09-08T03:30:00Z,63,63
2__PENEC002,PAUHW-1,2026-09-08,10,2026-09-08T03:30:00Z,2026-09-08T04:00:00Z,64,64
2__PENEC002,PAUHW-1,2026-09-08,11,2026-09-08T04:00:00Z,2026-09-08T04:30:00Z,64,64
2__PENEC002,PAUHW-1,2026-09-08,12,2026-09-08T04:30:00Z,2026-09-08T05:00:00Z,64,64
2__PENEC002,PAUHW-1,2026-09-08,13,2026-09-08T05:00:00Z,2026-09-08T05:30:00Z,60,60
2__PENEC002,PAUHW-1,2026-09-08,14,2026-09-08T05:30:00Z,2026-09-08T06:00:00Z,64,64
2__PENEC002,PAUHW-1,2026-09-08,15,2026-09-08T06:00:00Z,2026-09-08T06:30:00Z,58,58
2__PENEC002,PAUHW-1,2026-09-08,16,2026-09-08T06:30:00Z,2026-09-08T07:00:00Z,49,49
2__PENEC002,PAUHW-1,2026-09-08,17,2026-09-08T07:00:00Z,2026-09-08T07:30:00Z,55,54
2__PENEC002,PAUHW-1,2026-09-08,18,2026-09-08T07:30:00Z,2026-09-08T08:00:00Z,56,55
2__PENEC002,PAUHW-1,2026-09-08,19,2026-09-08T08:00:00Z,2026-09-08T08:30:00Z,54,56
2__PENEC002,PAUHW-1,2026-09-08,20,2026-09-08T08:30:00Z,2026-09-08T09:00:00Z,62,64
2__PENEC002,PAUHW-1,2026-09-08,21,2026-09-08T09:00:00Z,2026-09-08T09:30:00Z,64,64
2__PENEC002,PAUHW-1,2026-09-08,22,2026-09-08T09:30:00Z,2026-09-08T10:00:00Z,64,64
2__PENEC002,PAUHW-1,2026-09-08,23,2026-09-08T10:00:00Z,2026-09-08T10:30:00Z,62,62
2__PENEC002,PAUHW-1,2026-09-08,24,2026-09-08T10:30:00Z,2026-09-08T11:00:00Z,62,62
2__PENEC002,PAUHW-1,2026-09-08,25,2026-09-08T11:00:00Z,2026-09-08T11:30:00Z,63,63
2__PENEC002,PAUHW-1,2026-09-08,26,2026-09-08T11:30:00Z,2026-09-08T12:00:00Z,64,64
2__PENEC002,PAUHW-1,2026-09-08,27,2026-09-08T12:00:00Z,2026-09-08T12:30:00Z,64,64
2__PENEC002,PAUHW-1,2026-09-08,28,2026-09-08T12:30:00Z,2026-09-08T13:00:00Z,64,64
2__PENEC002,PAUHW-1,2026-09-08,29,2026-09-08T13:00:00Z,2026-09-08T13:30:00Z,64,64
2__PENEC002,PAUHW-1,2026-09-08,30,2026-09-08T13:30:00Z,2026-09-08T14:00:00Z,63,63
2__PENEC002,PAUHW-1,2026-09-08,31,2026-09-08T14:00:00Z,2026-09-08T14:30:00Z,64,64
2__PENEC002,PAUHW-1,2026-09-08,32,2026-09-08T14:30:00Z,2026-09-08T15:00:00Z,63,63
2__PENEC002,PAUHW-1,2026-09-08,33,2026-09-08T15:00:00Z,2026-09-08T15:30:00Z,62,62
2__PENEC002,PAUHW-1,2026-09-08,34,2026-09-08T15:30:00Z,2026-09-08T16:00:00Z,62,62
2__PENEC002,PAUHW-1,2026-09-08,35,2026-09-08T16:00:00Z,2026-09-08T16:30:00Z,64,64
2__PENEC002,PAUHW-1,2026-09-08,36,2026-09-08T16:30:00Z,2026-09-08T17:00:00Z,64,64
2__PENEC002,PAUHW-1,2026-09-08,37,2026-09-08T17:00:00Z,2026-09-08T17:30:00Z,64,64
2__PENEC002,PAUHW-1,2026-09-08,38,2026-09-08T17:30:00Z,2026-09-08T18:00:00Z,64,64
2__PENEC002,PAUHW-1,2026-09-08,39,2026-09-08T18:00:00Z,2026-09-08T18:30:00Z,64,63
2__PENEC002,PAUHW-1,2026-09-08,40,2026-09-08T18:30:00Z,2026-09-08T19:00:00Z,63,62
2__PENEC002,PAUHW-1,2026-09-08,41,2026-09-08T19:00:00Z,2026-09-08T19:30:00Z,63,62
2__PENEC002,PAUHW-1,2026-09-08,42,2026-09-08T19:30:00Z,2026-09-08T20:00:00Z,62,61
2__PENEC002,PAUHW-1,2026-09-08,43,2026-09-08T20:00:00Z,2026-09-08T20:30:00Z,61,61
2__PENEC002,PAUHW-1,2026-09-08,44,2026-09-08T20:30:00Z,2026-09-08T21:00:00Z,59,59
2__PENEC002,PAUHW-1,2026-09-08,45,2026-09-08T21:00:00Z,2026-09-08T21:30:00Z,55,53
2__PENEC002,PAUHW-1,2026-09-08,46,2026-09-08T21:30:00Z,2026-09-08T22:00:00Z,54,52
2__PENEC002,PAUHW-1,2026-09-08,47,2026-09-08T22:00:00Z,2026-09-08T22:30:00Z,43,41
2__PENEC002,PAUHW-1,2026-09-08,48,2026-09-08T22:30:00Z,2026-09-08T23:00:00Z,39,37
2__PSMAE001,CAUSW-1,2026-09-08,1,2026-09-07T23:00:00Z,2026-09-07T23:30:00Z,9,5
2__PSMAE001,CAUSW-1,2026-09-08,2,2026-09-07T23:30:00Z,2026-09-08T00:00:00Z,5,5
2__PSMAE001,CAUSW-1,2026-09-08,3,2026-09-08T00:00:00Z,2026-09-08T00:30:00Z,5,5
2__PSMAE001,CAUSW-1,2026-09-08,4,2026-09-08T00:30:00Z,2026-09-08T01:00:00Z,5,5
2__PSMAE001,CAUSW-1,2026-09-08,5,2026-09-08T01:00:00Z,2026-09-08T01:30:00Z,5,5
2__PSMAE001,CAUSW-1,2026-09-08,6,2026-09-08T01:30:00Z,2026-09-08T02:00:00Z,5,5
2__PSMAE001,CAUSW-1,2026-09-08,7,2026-09-08T02:00:00Z,2026-09-08T02:30:00Z,6,6
2__PSMAE001,CAUSW-1,2026-09-08,8,2026-09-08T02:30:00Z,2026-09-08T03:00:00Z,6,6
2__PSMAE001,CAUSW-1,2026-09-08,9,2026-09-08T03:00:00Z,2026-09-08T03:30:00Z,6,6
2__PSMAE001,CAUSW-1,2026-09-08,10,2026-09-08T03:30:00Z,2026-09-08T04:00:00Z,6,6
2__PSMAE001,CAUSW-1,2026-09-08,11,2026-09-08T04:00:00Z,2026-09-08T04:30:00Z,8,8
2__PSMAE001,CAUSW-1,2026-09-08,12,2026-09-08T04:30:00Z,2026-09-08T05:00:00Z,8,8
2__PSMAE001,CAUSW-1,2026-09-08,13,2026-09-08T05:00:00Z,2026-09-08T05:30:00Z,8,8
2__PSMAE001,CAUSW-1,2026-09-08,14,2026-09-08T05:30:00Z,2026-09-08T06:00:00Z,8,8
2__PSMAE001,CAUSW-1,2026-09-08,15,2026-09-08T06:00:00Z,2026-09-08T06:30:00Z,8,8
2__PSMAE001,CAUSW-1,2026-09-08,16,2026-09-08T06:30:00Z,2026-09-08T07:00:00Z,8,8
2__PSMAE001,CAUSW-1,2026-09-08,17,2026-09-08T07:00:00Z,2026-09-08T07:30:00Z,8,7
2__PSMAE001,CAUSW-1,2026-09-08,18,2026-09-08T07:30:00Z,2026-09-08T08:00:00Z,7,7
2__PSMAE001,CAUSW-1,2026-09-08,19,2026-09-08T08:00:00Z,2026-09-08T08:30:00Z,7,7
2__PSMAE001,CAUSW-1,2026-09-08,20,2026-09-08T08:30:00Z,2026-09-08T09:00:00Z,7,7
2__PSMAE001,CAUSW-1,2026-09-08,21,2026-09-08T09:00:00Z,2026-09-08T09:30:00Z,7,7
2__PSMAE001,CAUSW-1,2026-09-08,22,2026-09-08T09:30:00Z,2026-09-08T10:00:00Z,7,6
2__PSMAE001,CAUSW-1,2026-09-08,23,2026-09-08T10:00:00Z,2026-09-08T10:30:00Z,9,9
2__PSMAE001,CAUSW-1,2026-09-08,24,2026-09-08T10:30:00Z,2026-09-08T11:00:00Z,9,8
2__PSMAE001,CAUSW-1,2026-09-08,25,2026-09-08T11:00:00Z,2026-09-08T11:30:00Z,10,9
2__PSMAE001,CAUSW-1,2026-09-08,26,2026-09-08T11:30:00Z,2026-09-08T12:00:00Z,9,9
2__PSMAE001,CAUSW-1,2026-09-08,27,2026-09-08T12:00:00Z,2026-09-08T12:30:00Z,9,9
2__PSMAE001,CAUSW-1,2026-09-08,28,2026-09-08T12:30:00Z,2026-09-08T13:00:00Z,9,9
2__PSMAE001,CAUSW-1,2026-09-08,29,2026-09-08T13:00:00Z,2026-09-08T13:30:00Z,9,9
2__PSMAE001,CAUSW-1,2026-09-08,30,2026-09-08T13:30:00Z,2026-09-08T14:00:00Z,9,9
2__PSMAE001,CAUSW-1,2026-09-08,31,2026-09-08T14:00:00Z,2026-09-08T14:30:00Z,6,7
2__PSMAE001,CAUSW-1,2026-09-08,32,2026-09-08T14:30:00Z,2026-09-08T15:00:00Z,7,7
2__PSMAE001,CAUSW-1,2026-09-08,33,2026-09-08T15:00:00Z,2026-09-08T15:30:00Z,8,8
2__PSMAE001,CAUSW-1,2026-09-08,34,2026-09-08T15:30:00Z,2026-09-08T16:00:00Z,9,9
2__PSMAE001,CAUSW-1,2026-09-08,35,2026-09-08T16:00:00Z,2026-09-08T16:30:00Z,9,8
2__PSMAE001,CAUSW-1,2026-09-08,36,2026-09-08T16:30:00Z,2026-09-08T17:00:00Z,8,7
2__PSMAE001,CAUSW-1,2026-09-08,37,2026-09-08T17:00:00Z,2026-09-08T17:30:00Z,8,8
2__PSMAE001,CAUSW-1,2026-09-08,38,2026-09-08T17:30:00Z,2026-09-08T18:00:00Z,8,26
2__PSMAE001,CAUSW-1,2026-09-08,39,2026-09-08T18:00:00Z,2026-09-08T18:30:00Z,28,26
2__PSMAE001,CAUSW-1,2026-09-08,40,2026-09-08T18:30:00Z,2026-09-08T19:00:00Z,26,24
2__PSMAE001,CAUSW-1,2026-09-08,41,2026-09-08T19:00:00Z,2026-09-08T19:30:00Z,24,23
2__PSMAE001,CAUSW-1,2026-09-08,42,2026-09-08T19:30:00Z,2026-09-08T20:00:00Z,12,11
2__PSMAE001,CAUSW-1,2026-09-08,43,2026-09-08T20:00:00Z,2026-09-08T20:30:00Z,7,7
2__PSMAE001,CAUSW-1,2026-09-08,44,2026-09-08T20:30:00Z,2026-09-08T21:00:00Z,7,6
2__PSMAE001,CAUSW-1,2026-09-08,45,2026-09-08T21:00:00Z,2026-09-08T21:30:00Z,5,5
2__PSMAE001,CAUSW-1,2026-09-08,46,2026-09-08T21:30:00Z,2026-09-08T22:00:00Z,5,5
2__PSMAE001,CAUSW-1,2026-09-08,47,2026-09-08T22:00:00Z,2026-09-08T22:30:00Z,4,4
2__PSMAE001,CAUSW-1,2026-09-08,48,2026-09-08T22:30:00Z,2026-09-08T23:00:00Z,4,4
2__PSMAE003,TACHW-1,2026-09-08,1,2026-09-07T23:00:00Z,2026-09-07T23:30:00Z,0,0
2__PSMAE003,TACHW-1,2026-09-08,2,2026-09-07T23:30:00Z,2026-09-08T00:00:00Z,0,0
2__PSMAE003,TACHW-1,2026-09-08,3,2026-09-08T00:00:00Z,2026-09-08T00:30:00Z,0,0
2__PSMAE003,TACHW-1,2026-09-08,4,2026-09-08T00:30:00Z,2026-09-08T01:00:00Z,0,0
2__PSMAE003,TACHW-1,2026-09-08,5,2026-09-08T01:00:00Z,2026-09-08T01:30:00Z,0,0
2__PSMAE003,TACHW-1,2026-09-08,6,2026-09-08T01:30:00Z,2026-09-08T02:00:00Z,0,0
2__PSMAE003,TACHW-1,2026-09-08,7,2026-09-08T02:00:00Z,2026-09-08T02:30:00Z,0,0
2__PSMAE003,TACHW-1,2026-09-08,8,2026-09-08T02:30:00Z,2026-09-08T03:00:00Z,0,0
2__PSMAE003,TACHW-1,2026-09-08,9,2026-09-08T03:00:00Z,2026-09-08T03:30:00Z,0,0
2__PSMAE003,TACHW-1,2026-09-08,10,2026-09-08T03:30:00Z,2026-09-08T04:00:00Z,0,0
2__PSMAE003,TACHW-1,2026-09-08,11,2026-09-08T04:00:00Z,2026-09-08T04:30:00Z,0,0
2__PSMAE003,TACHW-1,2026-09-08,12,2026-09-08T04:30:00Z,2026-09-08T05:00:00Z,0,0
2__PSMAE003,TACHW-1,2026-09-08,13,2026-09-08T05:00:00Z,2026-09-08T05:30:00Z,0,0
2__PSMAE003,TACHW-1,2026-09-08,14,2026-09-08T05:30:00Z,2026-09-08T06:00:00Z,0,0
2__PSMAE003,TACHW-1,2026-09-08,15,2026-09-08T06:00:00Z,2026-09-08T06:30:00Z,0,0
2__PSMAE003,TACHW-1,2026-09-08,16,2026-09-08T06:30:00Z,2026-09-08T07:00:00Z,0,0
2__PSMAE003,TACHW-1,2026-09-08,17,2026-09-08T07:00:00Z,2026-09-08T07:30:00Z,0,0
2__PSMAE003,TACHW-1,2026-09-08,18,2026-09-08T07:30:00Z,2026-09-08T08:00:00Z,0,0
2__PSMAE003,TACHW-1,2026-09-08,19,2026-09-08T08:00:00Z,2026-09-08T08:30:00Z,0,0
2__PSMAE003,TACHW-1,2026-09-08,20,2026-09-08T08:30:00Z,2026-09-08T09:00:00Z,0,0
2__PSMAE003,TACHW-1,2026-09-08,21,2026-09-08T09:00:00Z,2026-09-08T09:30:00Z,0,0
2__PSMAE003,TACHW-1,2026-09-08,22,2026-09-08T09:30:00Z,2026-09-08T10:00:00Z,0,0
2__PSMAE003,TACHW-1,2026-09-08,23,2026-09-08T10:00:00Z,2026-09-08T10:30:00Z,0,0
2__PSMAE003,TACHW-1,2026-09-08,24,2026-09-08T10:30:00Z,2026-09-08T11:00:00Z,0,0
2__PSMAE003,TACHW-1,2026-09-08,25,2026-09-08T11:00:00Z,2026-09-08T11:30:00Z,0,0
2__PSMAE003,TACHW-1,2026-09-08,26,2026-09-08T11:30:00Z,2026-09-08T12:00:00Z,0,0
2__PSMAE003,TACHW-1,2026-09-08,27,2026-09-08T12:00:00Z,2026-09-08T12:30:00Z,0,0
2__PSMAE003,TACHW-1,2026-09-08,28,2026-09-08T12:30:00Z,2026-09-08T13:00:00Z,0,0
2__PSMAE003,TACHW-1,2026-09-08,29,2026-09-08T13:00:00Z,2026-09-08T13:30:00Z,0,0
2__PSMAE003,TACHW-1,2026-09-08,30,2026-09-08T13:30:00Z,2026-09-08T14:00:00Z,0,0
2__PSMAE003,TACHW-1,2026-09-08,31,2026-09-08T14:00:00Z,2026-09-08T14:30:00Z,0,0
2__PSMAE003,TACHW-1,2026-09-08,32,2026-09-08T14:30:00Z,2026-09-08T15:00:00Z,0,0
2__PSMAE003,TACHW-1,2026-09-08,33,2026-09-08T15:00:00Z,2026-09-08T15:30:00Z,0,0
2__PSMAE003,TACHW-1,2026-09-08,34,2026-09-08T15:30:00Z,2026-09-08T16:00:00Z,0,0
2__PSMAE003,TACHW-1,2026-09-08,35,2026-09-08T16:00:00Z,2026-09-08T16:30:00Z,0,0
2__PSMAE003,TACHW-1,2026-09-08,36,2026-09-08T16:30:00Z,2026-09-08T17:00:00Z,0,0
2__PSMAE003,TACHW-1,2026-09-08,37,2026-09-08T17:00:00Z,2026-09-08T17:30:00Z,0,0
2__PSMAE003,TACHW-1,2026-09-08,38,2026-09-08T17:30:00Z,2026-09-08T18:00:00Z,0,0
2__PSMAE003,TACHW-1,2026-09-08,39,2026-09-08T18:00:00Z,2026-09-08T18:30:00Z,0,0
2__PSMAE003,TACHW-1,2026-09-08,40,2026-09-08T18:30:00Z,2026-09-08T19:00:00Z,0,0
2__PSMAE003,TACHW-1,2026-09-08,41,2026-09-08T19:00:00Z,2026-09-08T19:30:00Z,0,0
2__PSMAE003,TACHW-1,2026-09-08,42,2026-09-08T19:30:00Z,2026-09-08T20:00:00Z,0,0
2__PSMAE003,TACHW-1,2026-09-08,43,2026-09-08T20:00:00Z,2026-09-08T20:30:00Z,0,0
2__PSMAE003,TACHW-1,2026-09-08,44,2026-09-08T20:30:00Z,2026-09-08T21:00:00Z,0,0
2__PSMAE003,TACHW-1,2026-09-08,45,2026-09-08T21:00:00Z,2026-09-08T21:30:00Z,0,0
2__PSMAE003,TACHW-1,2026-09-08,46,2026-09-08T21:30:00Z,2026-09-08T22:00:00Z,0,0
2__PSMAE003,TACHW-1,2026-09-08,47,2026-09-08T22:00:00Z,2026-09-08T22:30:00Z,0,0
2__PSMAE003,TACHW-1,2026-09-08,48,2026-09-08T22:30:00Z,2026-09-08T23:00:00Z,0,0
2__PSTAT001,CAIRW-2,2026-09-08,1,2026-09-07T23:00:00Z,2026-09-07T23:30:00Z,37,36
2__PSTAT001,CAIRW-2,2026-09-08,2,2026-09-07T23:30:00Z,2026-09-08T00:00:00Z,32,31
2__PSTAT001,CAIRW-2,2026-09-08,3,2026-09-08T00:00:00Z,2026-09-08T00:30:00Z,27,26
2__PSTAT001,CAIRW-2,2026-09-08,4,2026-09-08T00:30:00Z,2026-09-08T01:00:00Z,33,32
2__PSTAT001,CAIRW-2,2026-09-08,5,2026-09-08T01:00:00Z,2026-09-08T01:30:00Z,32,32
2__PSTAT001,CAIRW-2,2026-09-08,6,2026-09-08T01:30:00Z,2026-09-08T02:00:00Z,28,31
2__PSTAT001,CAIRW-2,2026-09-08,7,2026-09-08T02:00:00Z,2026-09-08T02:30:00Z,26,26
2__PSTAT001,CAIRW-2,2026-09-08,8,2026-09-08T02:30:00Z,2026-09-08T03:00:00Z,38,38
2__PSTAT001,CAIRW-2,2026-09-08,9,2026-09-08T03:00:00Z,2026-09-08T03:30:00Z,34,34
2__PSTAT001,CAIRW-2,2026-09-08,10,2026-09-08T03:30:00Z,2026-09-08T04:00:00Z,34,34
2__PSTAT001,CAIRW-2,2026-09-08,11,2026-09-08T04:00:00Z,2026-09-08T04:30:00Z,40,38
2__PSTAT001,CAIRW-2,2026-09-08,12,2026-09-08T04:30:00Z,2026-09-08T05:00:00Z,39,37
2__PSTAT001,CAIRW-2,2026-09-08,13,2026-09-08T05:00:00Z,2026-09-08T05:30:00Z,40,40
2__PSTAT001,CAIRW-2,2026-09-08,14,2026-09-08T05:30:00Z,2026-09-08T06:00:00Z,40,40
2__PSTAT001,CAIRW-2,2026-09-08,15,2026-09-08T06:00:00Z,2026-09-08T06:30:00Z,40,40
2__PSTAT001,CAIRW-2,2026-09-08,16,2026-09-08T06:30:00Z,2026-09-08T07:00:00Z,41,41
2__PSTAT001,CAIRW-2,2026-09-08,17,2026-09-08T07:00:00Z,2026-09-08T07:30:00Z,40,40
2__PSTAT001,CAIRW-2,2026-09-08,18,2026-09-08T07:30:00Z,2026-09-08T08:00:00Z,38,38
2__PSTAT001,CAIRW-2,2026-09-08,19,2026-09-08T08:00:00Z,2026-09-08T08:30:00Z,35,36
2__PSTAT001,CAIRW-2,2026-09-08,20,2026-09-08T08:30:00Z,2026-09-08T09:00:00Z,39,40
2__PSTAT001,CAIRW-2,2026-09-08,21,2026-09-08T09:00:00Z,2026-09-08T09:30:00Z,40,40
2__PSTAT001,CAIRW-2,2026-09-08,22,2026-09-08T09:30:00Z,2026-09-08T10:00:00Z,39,39
2__PSTAT001,CAIRW-2,2026-09-08,23,2026-09-08T10:00:00Z,2026-09-08T10:30:00Z,40,40
2__PSTAT001,CAIRW-2,2026-09-08,24,2026-09-08T10:30:00Z,2026-09-08T11:00:00Z,40,40
2__PSTAT001,CAIRW-2,2026-09-08,25,2026-09-08T11:00:00Z,2026-09-08T11:30:00Z,40,40
2__PSTAT001,CAIRW-2,2026-09-08,26,2026-09-08T11:30:00Z,2026-09-08T12:00:00Z,40,40
2__PSTAT001,CAIRW-2,2026-09-08,27,2026-09-08T12:00:00Z,2026-09-08T12:30:00Z,39,39
2__PSTAT001,CAIRW-2,2026-09-08,28,2026-09-08T12:30:00Z,2026-09-08T13:00:00Z,39,39
2__PSTAT001,CAIRW-2,2026-09-08,29,2026-09-08T13:00:00Z,2026-09-08T13:30:00Z,39,39
2__PSTAT001,CAIRW-2,2026-09-08,30,2026-09-08T13:30:00Z,2026-09-08T14:00:00Z,40,40
2__PSTAT001,CAIRW-2,2026-09-08,31,2026-09-08T14:00:00Z,2026-09-08T14:30:00Z,40,40
2__PSTAT001,CAIRW-2,2026-09-08,32,2026-09-08T14:30:00Z,2026-09-08T15:00:00Z,39,39
2__PSTAT001,CAIRW-2,2026-09-08,33,2026-09-08T15:00:00Z,2026-09-08T15:30:00Z,40,40
2__PSTAT001,CAIRW-2,2026-09-08,34,2026-09-08T15:30:00Z,2026-09-08T16:00:00Z,39,39
2__PSTAT001,CAIRW-2,2026-09-08,35,2026-09-08T16:00:00Z,2026-09-08T16:30:00Z,41,41
2__PSTAT001,CAIRW-2,2026-09-08,36,2026-09-08T16:30:00Z,2026-09-08T17:00:00Z,41,41
2__PSTAT001,CAIRW-2,2026-09-08,37,2026-09-08T17:00:00Z,2026-09-08T17:30:00Z,41,40
2__PSTAT001,CAIRW-2,2026-09-08,38,2026-09-08T17:30:00Z,2026-09-08T18:00:00Z,40,40
2__PSTAT001,CAIRW-2,2026-09-08,39,2026-09-08T18:00:00Z,2026-09-08T18:30:00Z,41,40
2__PSTAT001,CAIRW-2,2026-09-08,40,2026-09-08T18:30:00Z,2026-09-08T19:00:00Z,40,40
2__PSTAT001,CAIRW-2,2026-09-08,41,2026-09-08T19:00:00Z,2026-09-08T19:30:00Z,39,38
2__PSTAT001,CAIRW-2,2026-09-08,42,2026-09-08T19:30:00Z,2026-09-08T20:00:00Z,40,40
2__PSTAT001,CAIRW-2,2026-09-08,43,2026-09-08T20:00:00Z,2026-09-08T20:30:00Z,39,38
2__PSTAT001,CAIRW-2,2026-09-08,44,2026-09-08T20:30:00Z,2026-09-08T21:00:00Z,38,38
2__PSTAT001,CAIRW-2,2026-09-08,45,2026-09-08T21:00:00Z,2026-09-08T21:30:00Z,38,36
2__PSTAT001,CAIRW-2,2026-09-08,46,2026-09-08T21:30:00Z,2026-09-08T22:00:00Z,33,32
2__PSTAT001,CAIRW-2,2026-09-08,47,2026-09-08T22:00:00Z,2026-09-08T22:30:00Z,28,26
2__PSTAT001,CAIRW-2,2026-09-08,48,2026-09-08T22:30:00Z,2026-09-08T23:00:00Z,24,23
2__PSTAT002,MDHLW-1,2026-09-08,1,2026-09-07T23:00:00Z,2026-09-07T23:30:00Z,0,0
2__PSTAT002,MDHLW-1,2026-09-08,2,2026-09-07T23:30:00Z,2026-09-08T00:00:00Z,0,0
2__PSTAT002,MDHLW-1,2026-09-08,3,2026-09-08T00:00:00Z,2026-09-08T00:30:00Z,0,0
2__PSTAT002,MDHLW-1,2026-09-08,4,2026-09-08T00:30:00Z,2026-09-08T01:00:00Z,0,0
2__PSTAT002,MDHLW-1,2026-09-08,5,2026-09-08T01:00:00Z,2026-09-08T01:30:00Z,0,0
2__PSTAT002,MDHLW-1,2026-09-08,6,2026-09-08T01:30:00Z,2026-09-08T02:00:00Z,0,0
2__PSTAT002,MDHLW-1,2026-09-08,7,2026-09-08T02:00:00Z,2026-09-08T02:30:00Z,0,0
2__PSTAT002,MDHLW-1,2026-09-08,8,2026-09-08T02:30:00Z,2026-09-08T03:00:00Z,0,0
2__PSTAT002,MDHLW-1,2026-09-08,9,2026-09-08T03:00:00Z,2026-09-08T03:30:00Z,0,0
2__PSTAT002,MDHLW-1,2026-09-08,10,2026-09-08T03:30:00Z,2026-09-08T04:00:00Z,0,0
2__PSTAT002,MDHLW-1,2026-09-08,11,2026-09-08T04:00:00Z,2026-09-08T04:30:00Z,0,0
2__PSTAT002,MDHLW-1,2026-09-08,12,2026-09-08T04:30:00Z,2026-09-08T05:00:00Z,0,0
2__PSTAT002,MDHLW-1,2026-09-08,13,2026-09-08T05:00:00Z,2026-09-08T05:30:00Z,0,0
2__PSTAT002,MDHLW-1,2026-09-08,14,2026-09-08T05:30:00Z,2026-09-08T06:00:00Z,0,0
2__PSTAT002,MDHLW-1,2026-09-08,15,2026-09-08T06:00:00Z,2026-09-08T06:30:00Z,0,0
2__PSTAT002,MDHLW-1,2026-09-08,16,2026-09-08T06:30:00Z,2026-09-08T07:00:00Z,0,0
2__PSTAT002,MDHLW-1,2026-09-08,17,2026-09-08T07:00:00Z,2026-09-08T07:30:00Z,0,0
2__PSTAT002,MDHLW-1,2026-09-08,18,2026-09-08T07:30:00Z,2026-09-08T08:00:00Z,0,0
2__PSTAT002,MDHLW-1,2026-09-08,19,2026-09-08T08:00:00Z,2026-09-08T08:30:00Z,0,0
2__PSTAT002,MDHLW-1,2026-09-08,20,2026-09-08T08:30:00Z,2026-09-08T09:00:00Z,0,0
2__PSTAT002,MDHLW-1,2026-09-08,21,2026-09-08T09:00:00Z,2026-09-08T09:30:00Z,0,0
2__PSTAT002,MDHLW-1,2026-09-08,22,2026-09-08T09:30:00Z,2026-09-08T10:00:00Z,0,0
2__PSTAT002,MDHLW-1,2026-09-08,23,2026-09-08T10:00:00Z,2026-09-08T10:30:00Z,0,0
2__PSTAT002,MDHLW-1,2026-09-08,24,2026-09-08T10:30:00Z,2026-09-08T11:00:00Z,0,0
2__PSTAT002,MDHLW-1,2026-09-08,25,2026-09-08T11:00:00Z,2026-09-08T11:30:00Z,0,0
2__PSTAT002,MDHLW-1,2026-09-08,26,2026-09-08T11:30:00Z,2026-09-08T12:00:00Z,0,0
2__PSTAT002,MDHLW-1,2026-09-08,27,2026-09-08T12:00:00Z,2026-09-08T12:30:00Z,0,0
2__PSTAT002,MDHLW-1,2026-09-08,28,2026-09-08T12:30:00Z,2026-09-08T13:00:00Z,0,0
2__PSTAT002,MDHLW-1,2026-09-08,29,2026-09-08T13:00:00Z,2026-09-08T13:30:00Z,0,0
2__PSTAT002,MDHLW-1,2026-09-08,30,2026-09-08T13:30:00Z,2026-09-08T14:00:00Z,0,0
2__PSTAT002,MDHLW-1,2026-09-08,31,2026-09-08T14:00:00Z,2026-09-08T14:30:00Z,0,0
2__PSTAT002,MDHLW-1,2026-09-08,32,2026-09-08T14:30:00Z,2026-09-08T15:00:00Z,0,0
2__PSTAT002,MDHLW-1,2026-09-08,33,2026-09-08T15:00:00Z,2026-09-08T15:30:00Z,0,0
2__PSTAT002,MDHLW-1,2026-09-08,34,2026-09-08T15:30:00Z,2026-09-08T16:00:00Z,0,0
2__PSTAT002,MDHLW-1,2026-09-08,35,2026-09-08T16:00:00Z,2026-09-08T16:30:00Z,0,0
2__PSTAT002,MDHLW-1,2026-09-08,36,2026-09-08T16:30:00Z,2026-09-08T17:00:00Z,0,0
2__PSTAT002,MDHLW-1,2026-09-08,37,2026-09-08T17:00:00Z,2026-09-08T17:30:00Z,0,0
2__PSTAT002,MDHLW-1,2026-09-08,38,2026-09-08T17:30:00Z,2026-09-08T18:00:00Z,0,0
2__PSTAT002,MDHLW-1,2026-09-08,39,2026-09-08T18:00:00Z,2026-09-08T18:30:00Z,0,0
2__PSTAT002,MDHLW-1,2026-09-08,40,2026-09-08T18:30:00Z,2026-09-08T19:00:00Z,0,0
2__PSTAT002,MDHLW-1,2026-09-08,41,2026-09-08T19:00:00Z,2026-09-08T19:30:00Z,0,0
2__PSTAT002,MDHLW-1,2026-09-08,42,2026-09-08T19:30:00Z,2026-09-08T20:00:00Z,0,0
2__PSTAT002,MDHLW-1,2026-09-08,43,2026-09-08T20:00:00Z,2026-09-08T20:30:00Z,0,0
2__PSTAT002,MDHLW-1,2026-09-08,44,2026-09-08T20:30:00Z,2026-09-08T21:00:00Z,0,0
2__PSTAT002,MDHLW-1,2026-09-08,45,2026-09-08T21:00:00Z,2026-09-08T21:30:00Z,0,0
2__PSTAT002,MDHLW-1,2026-09-08,46,2026-09-08T21:30:00Z,2026-09-08T22:00:00Z,0,0
2__PSTAT002,MDHLW-1,2026-09-08,47,2026-09-08T22:00:00Z,2026-09-08T22:30:00Z,0,0
2__PSTAT002,MDHLW-1,2026-09-08,48,2026-09-08T22:30:00Z,2026-09-08T23:00:00Z,0,0
C__PSTAT011,TMNCW-1,2026-09-08,1,2026-09-07T23:00:00Z,2026-09-07T23:30:00Z,41,41
C__PSTAT011,TMNCW-1,2026-09-08,2,2026-09-07T23:30:00Z,2026-09-08T00:00:00Z,41,41
C__PSTAT011,TMNCW-1,2026-09-08,3,2026-09-08T00:00:00Z,2026-09-08T00:30:00Z,41,41
C__PSTAT011,TMNCW-1,2026-09-08,4,2026-09-08T00:30:00Z,2026-09-08T01:00:00Z,41,41
C__PSTAT011,TMNCW-1,2026-09-08,5,2026-09-08T01:00:00Z,2026-09-08T01:30:00Z,41,41
C__PSTAT011,TMNCW-1,2026-09-08,6,2026-09-08T01:30:00Z,2026-09-08T02:00:00Z,41,41
C__PSTAT011,TMNCW-1,2026-09-08,7,2026-09-08T02:00:00Z,2026-09-08T02:30:00Z,41,41
C__PSTAT011,TMNCW-1,2026-09-08,8,2026-09-08T02:30:00Z,2026-09-08T03:00:00Z,41,41
C__PSTAT011,TMNCW-1,2026-09-08,9,2026-09-08T03:00:00Z,2026-09-08T03:30:00Z,41,41
C__PSTAT011,TMNCW-1,2026-09-08,10,2026-09-08T03:30:00Z,2026-09-08T04:00:00Z,41,41
C__PSTAT011,TMNCW-1,2026-09-08,11,2026-09-08T04:00:00Z,2026-09-08T04:30:00Z,41,41
C__PSTAT011,TMNCW-1,2026-09-08,12,2026-09-08T04:30:00Z,2026-09-08T05:00:00Z,41,41
C__PSTAT011,TMNCW-1,2026-09-08,13,2026-09-08T05:00:00Z,2026-09-08T05:30:00Z,41,41
C__PSTAT011,TMNCW-1,2026-09-08,14,2026-09-08T05:30:00Z,2026-09-08T06:00:00Z,41,41
C__PSTAT011,TMNCW-1,2026-09-08,15,2026-09-08T06:00:00Z,2026-09-08T06:30:00Z,41,41
C__PSTAT011,TMNCW-1,2026-09-08,16,2026-09-08T06:30:00Z,2026-09-08T07:00:00Z,41,41
C__PSTAT011,TMNCW-1,2026-09-08,17,2026-09-08T07:00:00Z,2026-09-08T07:30:00Z,41,41
C__PSTAT011,TMNCW-1,2026-09-08,18,2026-09-08T07:30:00Z,2026-09-08T08:00:00Z,41,41
C__PSTAT011,TMNCW-1,2026-09-08,19,2026-09-08T08:00:00Z,2026-09-08T08:30:00Z,41,41
C__PSTAT011,TMNCW-1,2026-09-08,20,2026-09-08T08:30:00Z,2026-09-08T09:00:00Z,41,41
C__PSTAT011,TMNCW-1,2026-09-08,21,2026-09-08T09:00:00Z,2026-09-08T09:30:00Z,41,41
C__PSTAT011,TMNCW-1,2026-09-08,22,2026-09-08T09:30:00Z,2026-09-08T10:00:00Z,41,41
C__PSTAT011,TMNCW-1,2026-09-08,23,2026-09-08T10:00:00Z,2026-09-08T10:30:00Z,41,41
C__PSTAT011,TMNCW-1,2026-09-08,24,2026-09-08T10:30:00Z,2026-09-08T11:00:00Z,41,41
C__PSTAT011,TMNCW-1,2026-09-08,25,2026-09-08T11:00:00Z,2026-09-08T11:30:00Z,41,41
C__PSTAT011,TMNCW-1,2026-09-08,26,2026-09-08T11:30:00Z,2026-09-08T12:00:00Z,41,41
C__PSTAT011,TMNCW-1,2026-09-08,27,2026-09-08T12:00:00Z,2026-09-08T12:30:00Z,41,41
C__PSTAT011,TMNCW-1,2026-09-08,28,2026-09-08T12:30:00Z,2026-09-08T13:00:00Z,41,41
C__PSTAT011,TMNCW-1,2026-09-08,29,2026-09-08T13:00:00Z,2026-09-08T13:30:00Z,41,41
C__PSTAT011,TMNCW-1,2026-09-08,30,2026-09-08T13:30:00Z,2026-09-08T14:00:00Z,41,41
C__PSTAT011,TMNCW-1,2026-09-08,31,2026-09-08T14:00:00Z,2026-09-08T14:30:00Z,41,41
C__PSTAT011,TMNCW-1,2026-09-08,32,2026-09-08T14:30:00Z,2026-09-08T15:00:00Z,41,41
C__PSTAT011,TMNCW-1,2026-09-08,33,2026-09-08T15:00:00Z,2026-09-08T15:30:00Z,41,41
C__PSTAT011,TMNCW-1,2026-09-08,34,2026-09-08T15:30:00Z,2026-09-08T16:00:00Z,41,41
C__PSTAT011,TMNCW-1,2026-09-08,35,2026-09-08T16:00:00Z,2026-09-08T16:30:00Z,41,41
C__PSTAT011,TMNCW-1,2026-09-08,36,2026-09-08T16:30:00Z,2026-09-08T17:00:00Z,41,41
C__PSTAT011,TMNCW-1,2026-09-08,37,2026-09-08T17:00:00Z,2026-09-08T17:30:00Z,41,41
C__PSTAT011,TMNCW-1,2026-09-08,38,2026-09-08T17:30:00Z,2026-09-08T18:00:00Z,41,41
C__PSTAT011,TMNCW-1,2026-09-08,39,2026-09-08T18:00:00Z,2026-09-08T18:30:00Z,41,41
C__PSTAT011,TMNCW-1,2026-09-08,40,2026-09-08T18:30:00Z,2026-09-08T19:00:00Z,41,41
C__PSTAT011,TMNCW-1,2026-09-08,41,2026-09-08T19:00:00Z,2026-09-08T19:30:00Z,41,41
C__PSTAT011,TMNCW-1,2026-09-08,42,2026-09-08T19:30:00Z,2026-09-08T20:00:00Z,41,41
C__PSTAT011,TMNCW-1,2026-09-08,43,2026-09-08T20:00:00Z,2026-09-08T20:30:00Z,41,41
C__PSTAT011,TMNCW-1,2026-09-08,44,2026-09-08T20:30:00Z,2026-09-08T21:00:00Z,41,41
C__PSTAT011,TMNCW-1,2026-09-08,45,2026-09-08T21:00:00Z,2026-09-08T21:30:00Z,41,39
C__PSTAT011,TMNCW-1,2026-09-08,46,2026-09-08T21:30:00Z,2026-09-08T22:00:00Z,39,37
C__PSTAT011,TMNCW-1,2026-09-08,47,2026-09-08T22:00:00Z,2026-09-08T22:30:00Z,36,32
C__PSTAT011,TMNCW-1,2026-09-08,48,2026-09-08T22:30:00Z,2026-09-08T23:00:00Z,30,26
E_ABRTW-1,ABRTW-1,2026-09-08,1,2026-09-07T23:00:00Z,2026-09-07T23:30:00Z,26,26
E_ABRTW-1,ABRTW-1,2026-09-08,2,2026-09-07T23:30:00Z,2026-09-08T00:00:00Z,26,27
E_ABRTW-1,ABRTW-1,2026-09-08,3,2026-09-08T00:00:00Z,2026-09-08T00:30:00Z,27,27
E_ABRTW-1,ABRTW-1,2026-09-08,4,2026-09-08T00:30:00Z,2026-09-08T01:00:00Z,27,28
E_ABRTW-1,ABRTW-1,2026-09-08,5,2026-09-08T01:00:00Z,2026-09-08T01:30:00Z,28,27
E_ABRTW-1,ABRTW-1,2026-09-08,6,2026-09-08T01:30:00Z,2026-09-08T02:00:00Z,27,28
E_ABRTW-1,ABRTW-1,2026-09-08,7,2026-09-08T02:00:00Z,2026-09-08T02:30:00Z,28,27
E_ABRTW-1,ABRTW-1,2026-09-08,8,2026-09-08T02:30:00Z,2026-09-08T03:00:00Z,27,28
E_ABRTW-1,ABRTW-1,2026-09-08,9,2026-09-08T03:00:00Z,2026-09-08T03:30:00Z,28,27
E_ABRTW-1,ABRTW-1,2026-09-08,10,2026-09-08T03:30:00Z,2026-09-08T04:00:00Z,27,28
E_ABRTW-1,ABRTW-1,2026-09-08,11,2026-09-08T04:00:00Z,2026-09-08T04:30:00Z,28,28
E_ABRTW-1,ABRTW-1,2026-09-08,12,2026-09-08T04:30:00Z,2026-09-08T05:00:00Z,28,28
E_ABRTW-1,ABRTW-1,2026-09-08,13,2026-09-08T05:00:00Z,2026-09-08T05:30:00Z,28,28
E_ABRTW-1,ABRTW-1,2026-09-08,14,2026-09-08T05:30:00Z,2026-09-08T06:00:00Z,28,28
E_ABRTW-1,ABRTW-1,2026-09-08,15,2026-09-08T06:00:00Z,2026-09-08T06:30:00Z,28,28
E_ABRTW-1,ABRTW-1,2026-09-08,16,2026-09-08T06:30:00Z,2026-09-08T07:00:00Z,28,27
E_ABRTW-1,ABRTW-1,2026-09-08,17,2026-09-08T07:00:00Z,2026-09-08T07:30:00Z,27,28
E_ABRTW-1,ABRTW-1,2026-09-08,18,2026-09-08T07:30:00Z,2026-09-08T08:00:00Z,28,25
E_ABRTW-1,ABRTW-1,2026-09-08,19,2026-09-08T08:00:00Z,2026-09-08T08:30:00Z,25,27
E_ABRTW-1,ABRTW-1,2026-09-08,20,2026-09-08T08:30:00Z,2026-09-08T09:00:00Z,27,25
E_ABRTW-1,ABRTW-1,2026-09-08,21,2026-09-08T09:00:00Z,2026-09-08T09:30:00Z,25,26
E_ABRTW-1,ABRTW-1,2026-09-08,22,2026-09-08T09:30:00Z,2026-09-08T10:00:00Z,26,23
E_ABRTW-1,ABRTW-1,2026-09-08,23,2026-09-08T10:00:00Z,2026-09-08T10:30:00Z,23,22
E_ABRTW-1,ABRTW-1,2026-09-08,24,2026-09-08T10:30:00Z,2026-09-08T11:00:00Z,22,18
E_ABRTW-1,ABRTW-1,2026-09-08,25,2026-09-08T11:00:00Z,2026-09-08T11:30:00Z,18,21
E_ABRTW-1,ABRTW-1,2026-09-08,26,2026-09-08T11:30:00Z,2026-09-08T12:00:00Z,21,20
E_ABRTW-1,ABRTW-1,2026-09-08,27,2026-09-08T12:00:00Z,2026-09-08T12:30:00Z,20,23
E_ABRTW-1,ABRTW-1,2026-09-08,28,2026-09-08T12:30:00Z,2026-09-08T13:00:00Z,23,23
E_ABRTW-1,ABRTW-1,2026-09-08,29,2026-09-08T13:00:00Z,2026-09-08T13:30:00Z,23,27
E_ABRTW-1,ABRTW-1,2026-09-08,30,2026-09-08T13:30:00Z,2026-09-08T14:00:00Z,27,27
E_ABRTW-1,ABRTW-1,2026-09-08,31,2026-09-08T14:00:00Z,2026-09-08T14:30:00Z,27,29
E_ABRTW-1,ABRTW-1,2026-09-08,32,2026-09-08T14:30:00Z,2026-09-08T15:00:00Z,29,27
E_ABRTW-1,ABRTW-1,2026-09-08,33,2026-09-08T15:00:00Z,2026-09-08T15:30:00Z,27,28
E_ABRTW-1,ABRTW-1,2026-09-08,34,2026-09-08T15:30:00Z,2026-09-08T16:00:00Z,28,26
E_ABRTW-1,ABRTW-1,2026-09-08,35,2026-09-08T16:00:00Z,2026-09-08T16:30:00Z,26,28
E_ABRTW-1,ABRTW-1,2026-09-08,36,2026-09-08T16:30:00Z,2026-09-08T17:00:00Z,28,25
E_ABRTW-1,ABRTW-1,2026-09-08,37,2026-09-08T17:00:00Z,2026-09-08T17:30:00Z,25,27
E_ABRTW-1,ABRTW-1,2026-09-08,38,2026-09-08T17:30:00Z,2026-09-08T18:00:00Z,27,24
E_ABRTW-1,ABRTW-1,2026-09-08,39,2026-09-08T18:00:00Z,2026-09-08T18:30:00Z,24,25
E_ABRTW-1,ABRTW-1,2026-09-08,40,2026-09-08T18:30:00Z,2026-09-08T19:00:00Z,25,22
E_ABRTW-1,ABRTW-1,2026-09-08,41,2026-09-08T19:00:00Z,2026-09-08T19:30:00Z,22,23
E_ABRTW-1,ABRTW-1,2026-09-08,42,2026-09-08T19:30:00Z,2026-09-08T20:00:00Z,23,20
E_ABRTW-1,ABRTW-1,2026-09-08,43,2026-09-08T20:00:00Z,2026-09-08T20:30:00Z,20,21
E_ABRTW-1,ABRTW-1,2026-09-08,44,2026-09-08T20:30:00Z,2026-09-08T21:00:00Z,21,18
E_ABRTW-1,ABRTW-1,2026-09-08,45,2026-09-08T21:00:00Z,2026-09-08T21:30:00Z,18,18
E_ABRTW-1,ABRTW-1,2026-09-08,46,2026-09-08T21:30:00Z,2026-09-08T22:00:00Z,18,16
E_ABRTW-1,ABRTW-1,2026-09-08,47,2026-09-08T22:00:00Z,2026-09-08T22:30:00Z,16,16
E_ABRTW-1,ABRTW-1,2026-09-08,48,2026-09-08T22:30:00Z,2026-09-08T23:00:00Z,16,13
E_AIRSW-1,AIRSW-1,2026-09-08,1,2026-09-07T23:00:00Z,2026-09-07T23:30:00Z,10,10
E_AIRSW-1,AIRSW-1,2026-09-08,2,2026-09-07T23:30:00Z,2026-09-08T00:00:00Z,11,11
E_AIRSW-1,AIRSW-1,2026-09-08,3,2026-09-08T00:00:00Z,2026-09-08T00:30:00Z,12,12
E_AIRSW-1,AIRSW-1,2026-09-08,4,2026-09-08T00:30:00Z,2026-09-08T01:00:00Z,10,10
E_AIRSW-1,AIRSW-1,2026-09-08,5,2026-09-08T01:00:00Z,2026-09-08T01:30:00Z,12,12
E_AIRSW-1,AIRSW-1,2026-09-08,6,2026-09-08T01:30:00Z,2026-09-08T02:00:00Z,13,13
E_AIRSW-1,AIRSW-1,2026-09-08,7,2026-09-08T02:00:00Z,2026-09-08T02:30:00Z,13,13
E_AIRSW-1,AIRSW-1,2026-09-08,8,2026-09-08T02:30:00Z,2026-09-08T03:00:00Z,20,20
E_AIRSW-1,AIRSW-1,2026-09-08,9,2026-09-08T03:00:00Z,2026-09-08T03:30:00Z,20,20
E_AIRSW-1,AIRSW-1,2026-09-08,10,2026-09-08T03:30:00Z,2026-09-08T04:00:00Z,19,19
E_AIRSW-1,AIRSW-1,2026-09-08,11,2026-09-08T04:00:00Z,2026-09-08T04:30:00Z,18,18
E_AIRSW-1,AIRSW-1,2026-09-08,12,2026-09-08T04:30:00Z,2026-09-08T05:00:00Z,18,18
E_AIRSW-1,AIRSW-1,2026-09-08,13,2026-09-08T05:00:00Z,2026-09-08T05:30:00Z,18,18
E_AIRSW-1,AIRSW-1,2026-09-08,14,2026-09-08T05:30:00Z,2026-09-08T06:00:00Z,18,18
E_AIRSW-1,AIRSW-1,2026-09-08,15,2026-09-08T06:00:00Z,2026-09-08T06:30:00Z,18,18
E_AIRSW-1,AIRSW-1,2026-09-08,16,2026-09-08T06:30:00Z,2026-09-08T07:00:00Z,18,18
E_AIRSW-1,AIRSW-1,2026-09-08,17,2026-09-08T07:00:00Z,2026-09-08T07:30:00Z,18,18
E_AIRSW-1,AIRSW-1,2026-09-08,18,2026-09-08T07:30:00Z,2026-09-08T08:00:00Z,18,18
E_AIRSW-1,AIRSW-1,2026-09-08,19,2026-09-08T08:00:00Z,2026-09-08T08:30:00Z,18,18
E_AIRSW-1,AIRSW-1,2026-09-08,20,2026-09-08T08:30:00Z,2026-09-08T09:00:00Z,19,19
E_AIRSW-1,AIRSW-1,2026-09-08,21,2026-09-08T09:00:00Z,2026-09-08T09:30:00Z,20,20
E_AIRSW-1,AIRSW-1,2026-09-08,22,2026-09-08T09:30:00Z,2026-09-08T10:00:00Z,21,21
E_AIRSW-1,AIRSW-1,2026-09-08,23,2026-09-08T10:00:00Z,2026-09-08T10:30:00Z,22,22
E_AIRSW-1,AIRSW-1,2026-09-08,24,2026-09-08T10:30:00Z,2026-09-08T11:00:00Z,27,27
E_AIRSW-1,AIRSW-1,2026-09-08,25,2026-09-08T11:00:00Z,2026-09-08T11:30:00Z,27,27
E_AIRSW-1,AIRSW-1,2026-09-08,26,2026-09-08T11:30:00Z,2026-09-08T12:00:00Z,27,27
E_AIRSW-1,AIRSW-1,2026-09-08,27,2026-09-08T12:00:00Z,2026-09-08T12:30:00Z,28,28
E_AIRSW-1,AIRSW-1,2026-09-08,28,2026-09-08T12:30:00Z,2026-09-08T13:00:00Z,29,29
E_AIRSW-1,AIRSW-1,2026-09-08,29,2026-09-08T13:00:00Z,2026-09-08T13:30:00Z,28,28
E_AIRSW-1,AIRSW-1,2026-09-08,30,2026-09-08T13:30:00Z,2026-09-08T14:00:00Z,26,26
E_AIRSW-1,AIRSW-1,2026-09-08,31,2026-09-08T14:00:00Z,2026-09-08T14:30:00Z,25,25
E_AIRSW-1,AIRSW-1,2026-09-08,32,2026-09-08T14:30:00Z,2026-09-08T15:00:00Z,31,31
E_AIRSW-1,AIRSW-1,2026-09-08,33,2026-09-08T15:00:00Z,2026-09-08T15:30:00Z,30,30
E_AIRSW-1,AIRSW-1,2026-09-08,34,2026-09-08T15:30:00Z,2026-09-08T16:00:00Z,29,29
E_AIRSW-1,AIRSW-1,2026-09-08,35,2026-09-08T16:00:00Z,2026-09-08T16:30:00Z,28,28
E_AIRSW-1,AIRSW-1,2026-09-08,36,2026-09-08T16:30:00Z,2026-09-08T17:00:00Z,29,29
E_AIRSW-1,AIRSW-1,2026-09-08,37,2026-09-08T17:00:00Z,2026-09-08T17:30:00Z,29,29
E_AIRSW-1,AIRSW-1,2026-09-08,38,2026-09-08T17:30:00Z,2026-09-08T18:00:00Z,30,30
E_AIRSW-1,AIRSW-1,2026-09-08,39,2026-09-08T18:00:00Z,2026-09-08T18:30:00Z,29,29
E_AIRSW-1,AIRSW-1,2026-09-08,40,2026-09-08T18:30:00Z,2026-09-08T19:00:00Z,28,28
E_AIRSW-1,AIRSW-1,2026-09-08,41,2026-09-08T19:00:00Z,2026-09-08T19:30:00Z,28,28
E_AIRSW-1,AIRSW-1,2026-09-08,42,2026-09-08T19:30:00Z,2026-09-08T20:00:00Z,22,22
E_AIRSW-1,AIRSW-1,2026-09-08,43,2026-09-08T20:00:00Z,2026-09-08T20:30:00Z,22,22
E_AIRSW-1,AIRSW-1,2026-09-08,44,2026-09-08T20:30:00Z,2026-09-08T21:00:00Z,18,18
E_AIRSW-1,AIRSW-1,2026-09-08,45,2026-09-08T21:00:00Z,2026-09-08T21:30:00Z,19,19
E_AIRSW-1,AIRSW-1,2026-09-08,46,2026-09-08T21:30:00Z,2026-09-08T22:00:00Z,18,18
E_AIRSW-1,AIRSW-1,2026-09-08,47,2026-09-08T22:00:00Z,2026-09-08T22:30:00Z,19,19
E_AIRSW-1,AIRSW-1,2026-09-08,48,2026-09-08T22:30:00Z,2026-09-08T23:00:00Z,19,19
E_ASHWW-1,ASHWW-1,2026-09-08,1,2026-09-07T23:00:00Z,2026-09-07T23:30:00Z,25,26
E_ASHWW-1,ASHWW-1,2026-09-08,2,2026-09-07T23:30:00Z,2026-09-08T00:00:00Z,26,26
E_ASHWW-1,ASHWW-1,2026-09-08,3,2026-09-08T00:00:00Z,2026-09-08T00:30:00Z,26,27
E_ASHWW-1,ASHWW-1,2026-09-08,4,2026-09-08T00:30:00Z,2026-09-08T01:00:00Z,27,28
E_ASHWW-1,ASHWW-1,2026-09-08,5,2026-09-08T01:00:00Z,2026-09-08T01:30:00Z,28,29
E_ASHWW-1,ASHWW-1,2026-09-08,6,2026-09-08T01:30:00Z,2026-09-08T02:00:00Z,29,30
E_ASHWW-1,ASHWW-1,2026-09-08,7,2026-09-08T02:00:00Z,2026-09-08T02:30:00Z,30,30
E_ASHWW-1,ASHWW-1,2026-09-08,8,2026-09-08T02:30:00Z,2026-09-08T03:00:00Z,30,31
E_ASHWW-1,ASHWW-1,2026-09-08,9,2026-09-08T03:00:00Z,2026-09-08T03:30:00Z,31,31
E_ASHWW-1,ASHWW-1,2026-09-08,10,2026-09-08T03:30:00Z,2026-09-08T04:00:00Z,31,31
E_ASHWW-1,ASHWW-1,2026-09-08,11,2026-09-08T04:00:00Z,2026-09-08T04:30:00Z,31,32
E_ASHWW-1,ASHWW-1,2026-09-08,12,2026-09-08T04:30:00Z,2026-09-08T05:00:00Z,31,31
E_ASHWW-1,ASHWW-1,2026-09-08,13,2026-09-08T05:00:00Z,2026-09-08T05:30:00Z,31,30
E_ASHWW-1,ASHWW-1,2026-09-08,14,2026-09-08T05:30:00Z,2026-09-08T06:00:00Z,30,30
E_ASHWW-1,ASHWW-1,2026-09-08,15,2026-09-08T06:00:00Z,2026-09-08T06:30:00Z,31,31
E_ASHWW-1,ASHWW-1,2026-09-08,16,2026-09-08T06:30:00Z,2026-09-08T07:00:00Z,31,31
E_ASHWW-1,ASHWW-1,2026-09-08,17,2026-09-08T07:00:00Z,2026-09-08T07:30:00Z,31,30
E_ASHWW-1,ASHWW-1,2026-09-08,18,2026-09-08T07:30:00Z,2026-09-08T08:00:00Z,30,30
E_ASHWW-1,ASHWW-1,2026-09-08,19,2026-09-08T08:00:00Z,2026-09-08T08:30:00Z,31,30
E_ASHWW-1,ASHWW-1,2026-09-08,20,2026-09-08T08:30:00Z,2026-09-08T09:00:00Z,30,30
E_ASHWW-1,ASHWW-1,2026-09-08,21,2026-09-08T09:00:00Z,2026-09-08T09:30:00Z,30,30
E_ASHWW-1,ASHWW-1,2026-09-08,22,2026-09-08T09:30:00Z,2026-09-08T10:00:00Z,31,31
E_ASHWW-1,ASHWW-1,2026-09-08,23,2026-09-08T10:00:00Z,2026-09-08T10:30:00Z,31,32
E_ASHWW-1,ASHWW-1,2026-09-08,24,2026-09-08T10:30:00Z,2026-09-08T11:00:00Z,30,31
E_ASHWW-1,ASHWW-1,2026-09-08,25,2026-09-08T11:00:00Z,2026-09-08T11:30:00Z,30,30
E_ASHWW-1,ASHWW-1,2026-09-08,26,2026-09-08T11:30:00Z,2026-09-08T12:00:00Z,31,31
E_ASHWW-1,ASHWW-1,2026-09-08,27,2026-09-08T12:00:00Z,2026-09-08T12:30:00Z,31,32
E_ASHWW-1,ASHWW-1,2026-09-08,28,2026-09-08T12:30:00Z,2026-09-08T13:00:00Z,33,33
E_ASHWW-1,ASHWW-1,2026-09-08,29,2026-09-08T13:00:00Z,2026-09-08T13:30:00Z,33,33
E_ASHWW-1,ASHWW-1,2026-09-08,30,2026-09-08T13:30:00Z,2026-09-08T14:00:00Z,34,34
E_ASHWW-1,ASHWW-1,2026-09-08,31,2026-09-08T14:00:00Z,2026-09-08T14:30:00Z,34,33
E_ASHWW-1,ASHWW-1,2026-09-08,32,2026-09-08T14:30:00Z,2026-09-08T15:00:00Z,33,33
E_ASHWW-1,ASHWW-1,2026-09-08,33,2026-09-08T15:00:00Z,2026-09-08T15:30:00Z,33,33
E_ASHWW-1,ASHWW-1,2026-09-08,34,2026-09-08T15:30:00Z,2026-09-08T16:00:00Z,33,33
E_ASHWW-1,ASHWW-1,2026-09-08,35,2026-09-08T16:00:00Z,2026-09-08T16:30:00Z,33,32
E_ASHWW-1,ASHWW-1,2026-09-08,36,2026-09-08T16:30:00Z,2026-09-08T17:00:00Z,32,31
E_ASHWW-1,ASHWW-1,2026-09-08,37,2026-09-08T17:00:00Z,2026-09-08T17:30:00Z,32,31
E_ASHWW-1,ASHWW-1,2026-09-08,38,2026-09-08T17:30:00Z,2026-09-08T18:00:00Z,31,31
E_ASHWW-1,ASHWW-1,2026-09-08,39,2026-09-08T18:00:00Z,2026-09-08T18:30:00Z,30,29
E_ASHWW-1,ASHWW-1,2026-09-08,40,2026-09-08T18:30:00Z,2026-09-08T19:00:00Z,30,29
E_ASHWW-1,ASHWW-1,2026-09-08,41,2026-09-08T19:00:00Z,2026-09-08T19:30:00Z,29,28
E_ASHWW-1,ASHWW-1,2026-09-08,42,2026-09-08T19:30:00Z,2026-09-08T20:00:00Z,27,26
E_ASHWW-1,ASHWW-1,2026-09-08,43,2026-09-08T20:00:00Z,2026-09-08T20:30:00Z,27,25
E_ASHWW-1,ASHWW-1,2026-09-08,44,2026-09-08T20:30:00Z,2026-09-08T21:00:00Z,27,25
E_ASHWW-1,ASHWW-1,2026-09-08,45,2026-09-08T21:00:00Z,2026-09-08T21:30:00Z,25,23
E_ASHWW-1,ASHWW-1,2026-09-08,46,2026-09-08T21:30:00Z,2026-09-08T22:00:00Z,24,22
E_ASHWW-1,ASHWW-1,2026-09-08,47,2026-09-08T22:00:00Z,2026-09-08T22:30:00Z,22,20
E_ASHWW-1,ASHWW-1,2026-09-08,48,2026-09-08T22:30:00Z,2026-09-08T23:00:00Z,21,18
E_ASLVW-1,ASLVW-1,2026-09-08,1,2026-09-07T23:00:00Z,2026-09-07T23:30:00Z,19,18
E_ASLVW-1,ASLVW-1,2026-09-08,2,2026-09-07T23:30:00Z,2026-09-08T00:00:00Z,18,19
E_ASLVW-1,ASLVW-1,2026-09-08,3,2026-09-08T00:00:00Z,2026-09-08T00:30:00Z,19,19
E_ASLVW-1,ASLVW-1,2026-09-08,4,2026-09-08T00:30:00Z,2026-09-08T01:00:00Z,19,21
E_ASLVW-1,ASLVW-1,2026-09-08,5,2026-09-08T01:00:00Z,2026-09-08T01:30:00Z,21,19
E_ASLVW-1,ASLVW-1,2026-09-08,6,2026-09-08T01:30:00Z,2026-09-08T02:00:00Z,19,21
E_ASLVW-1,ASLVW-1,2026-09-08,7,2026-09-08T02:00:00Z,2026-09-08T02:30:00Z,21,20
E_ASLVW-1,ASLVW-1,2026-09-08,8,2026-09-08T02:30:00Z,2026-09-08T03:00:00Z,20,21
E_ASLVW-1,ASLVW-1,2026-09-08,9,2026-09-08T03:00:00Z,2026-09-08T03:30:00Z,21,20
E_ASLVW-1,ASLVW-1,2026-09-08,10,2026-09-08T03:30:00Z,2026-09-08T04:00:00Z,20,21
E_ASLVW-1,ASLVW-1,2026-09-08,11,2026-09-08T04:00:00Z,2026-09-08T04:30:00Z,21,20
E_ASLVW-1,ASLVW-1,2026-09-08,12,2026-09-08T04:30:00Z,2026-09-08T05:00:00Z,20,21
E_ASLVW-1,ASLVW-1,2026-09-08,13,2026-09-08T05:00:00Z,2026-09-08T05:30:00Z,21,20
E_ASLVW-1,ASLVW-1,2026-09-08,14,2026-09-08T05:30:00Z,2026-09-08T06:00:00Z,20,22
E_ASLVW-1,ASLVW-1,2026-09-08,15,2026-09-08T06:00:00Z,2026-09-08T06:30:00Z,22,20
E_ASLVW-1,ASLVW-1,2026-09-08,16,2026-09-08T06:30:00Z,2026-09-08T07:00:00Z,20,22
E_ASLVW-1,ASLVW-1,2026-09-08,17,2026-09-08T07:00:00Z,2026-09-08T07:30:00Z,22,22
E_ASLVW-1,ASLVW-1,2026-09-08,18,2026-09-08T07:30:00Z,2026-09-08T08:00:00Z,22,21
E_ASLVW-1,ASLVW-1,2026-09-08,19,2026-09-08T08:00:00Z,2026-09-08T08:30:00Z,21,22
E_ASLVW-1,ASLVW-1,2026-09-08,20,2026-09-08T08:30:00Z,2026-09-08T09:00:00Z,22,21
E_ASLVW-1,ASLVW-1,2026-09-08,21,2026-09-08T09:00:00Z,2026-09-08T09:30:00Z,21,22
E_ASLVW-1,ASLVW-1,2026-09-08,22,2026-09-08T09:30:00Z,2026-09-08T10:00:00Z,22,21
E_ASLVW-1,ASLVW-1,2026-09-08,23,2026-09-08T10:00:00Z,2026-09-08T10:30:00Z,21,21
E_ASLVW-1,ASLVW-1,2026-09-08,24,2026-09-08T10:30:00Z,2026-09-08T11:00:00Z,21,21
E_ASLVW-1,ASLVW-1,2026-09-08,25,2026-09-08T11:00:00Z,2026-09-08T11:30:00Z,21,22
E_ASLVW-1,ASLVW-1,2026-09-08,26,2026-09-08T11:30:00Z,2026-09-08T12:00:00Z,22,22
E_ASLVW-1,ASLVW-1,2026-09-08,27,2026-09-08T12:00:00Z,2026-09-08T12:30:00Z,22,22
E_ASLVW-1,ASLVW-1,2026-09-08,28,2026-09-08T12:30:00Z,2026-09-08T13:00:00Z,22,22
E_ASLVW-1,ASLVW-1,2026-09-08,29,2026-09-08T13:00:00Z,2026-09-08T13:30:00Z,22,23
E_ASLVW-1,ASLVW-1,2026-09-08,30,2026-09-08T13:30:00Z,2026-09-08T14:00:00Z,23,23
E_ASLVW-1,ASLVW-1,2026-09-08,31,2026-09-08T14:00:00Z,2026-09-08T14:30:00Z,23,24
E_ASLVW-1,ASLVW-1,2026-09-08,32,2026-09-08T14:30:00Z,2026-09-08T15:00:00Z,24,23
E_ASLVW-1,ASLVW-1,2026-09-08,33,2026-09-08T15:00:00Z,2026-09-08T15:30:00Z,23,24
E_ASLVW-1,ASLVW-1,2026-09-08,34,2026-09-08T15:30:00Z,2026-09-08T16:00:00Z,24,23
E_ASLVW-1,ASLVW-1,2026-09-08,35,2026-09-08T16:00:00Z,2026-09-08T16:30:00Z,23,24
E_ASLVW-1,ASLVW-1,2026-09-08,36,2026-09-08T16:30:00Z,2026-09-08T17:00:00Z,24,23
E_ASLVW-1,ASLVW-1,2026-09-08,37,2026-09-08T17:00:00Z,2026-09-08T17:30:00Z,23,24
E_ASLVW-1,ASLVW-1,2026-09-08,38,2026-09-08T17:30:00Z,2026-09-08T18:00:00Z,24,23
E_ASLVW-1,ASLVW-1,2026-09-08,39,2026-09-08T18:00:00Z,2026-09-08T18:30:00Z,23,23
E_ASLVW-1,ASLVW-1,2026-09-08,40,2026-09-08T18:30:00Z,2026-09-08T19:00:00Z,23,23
E_ASLVW-1,ASLVW-1,2026-09-08,41,2026-09-08T19:00:00Z,2026-09-08T19:30:00Z,23,23
E_ASLVW-1,ASLVW-1,2026-09-08,42,2026-09-08T19:30:00Z,2026-09-08T20:00:00Z,23,22
E_ASLVW-1,ASLVW-1,2026-09-08,43,2026-09-08T20:00:00Z,2026-09-08T20:30:00Z,22,22
E_ASLVW-1,ASLVW-1,2026-09-08,44,2026-09-08T20:30:00Z,2026-09-08T21:00:00Z,22,21
E_ASLVW-1,ASLVW-1,2026-09-08,45,2026-09-08T21:00:00Z,2026-09-08T21:30:00Z,21,21
E_ASLVW-1,ASLVW-1,2026-09-08,46,2026-09-08T21:30:00Z,2026-09-08T22:00:00Z,21,20
E_ASLVW-1,ASLVW-1,2026-09-08,47,2026-09-08T22:00:00Z,2026-09-08T22:30:00Z,20,19
E_ASLVW-1,ASLVW-1,2026-09-08,48,2026-09-08T22:30:00Z,2026-09-08T23:00:00Z,19,18
E_BABAW-1,BABAW-1,2026-09-08,1,2026-09-07T23:00:00Z,2026-09-07T23:30:00Z,15,15
E_BABAW-1,BABAW-1,2026-09-08,2,2026-09-07T23:30:00Z,2026-09-08T00:00:00Z,15,15
E_BABAW-1,BABAW-1,2026-09-08,3,2026-09-08T00:00:00Z,2026-09-08T00:30:00Z,14,15
E_BABAW-1,BABAW-1,2026-09-08,4,2026-09-08T00:30:00Z,2026-09-08T01:00:00Z,15,16
E_BABAW-1,BABAW-1,2026-09-08,5,2026-09-08T01:00:00Z,2026-09-08T01:30:00Z,16,14
E_BABAW-1,BABAW-1,2026-09-08,6,2026-09-08T01:30:00Z,2026-09-08T02:00:00Z,14,12
E_BABAW-1,BABAW-1,2026-09-08,7,2026-09-08T02:00:00Z,2026-09-08T02:30:00Z,12,10
E_BABAW-1,BABAW-1,2026-09-08,8,2026-09-08T02:30:00Z,2026-09-08T03:00:00Z,10,9
E_BABAW-1,BABAW-1,2026-09-08,9,2026-09-08T03:00:00Z,2026-09-08T03:30:00Z,9,9
E_BABAW-1,BABAW-1,2026-09-08,10,2026-09-08T03:30:00Z,2026-09-08T04:00:00Z,9,9
E_BABAW-1,BABAW-1,2026-09-08,11,2026-09-08T04:00:00Z,2026-09-08T04:30:00Z,9,11
E_BABAW-1,BABAW-1,2026-09-08,12,2026-09-08T04:30:00Z,2026-09-08T05:00:00Z,14,15
E_BABAW-1,BABAW-1,2026-09-08,13,2026-09-08T05:00:00Z,2026-09-08T05:30:00Z,15,15
E_BABAW-1,BABAW-1,2026-09-08,14,2026-09-08T05:30:00Z,2026-09-08T06:00:00Z,15,14
E_BABAW-1,BABAW-1,2026-09-08,15,2026-09-08T06:00:00Z,2026-09-08T06:30:00Z,13,13
E_BABAW-1,BABAW-1,2026-09-08,16,2026-09-08T06:30:00Z,2026-09-08T07:00:00Z,12,13
E_BABAW-1,BABAW-1,2026-09-08,17,2026-09-08T07:00:00Z,2026-09-08T07:30:00Z,11,12
E_BABAW-1,BABAW-1,2026-09-08,18,2026-09-08T07:30:00Z,2026-09-08T08:00:00Z,12,12
E_BABAW-1,BABAW-1,2026-09-08,19,2026-09-08T08:00:00Z,2026-09-08T08:30:00Z,14,14
E_BABAW-1,BABAW-1,2026-09-08,20,2026-09-08T08:30:00Z,2026-09-08T09:00:00Z,15,14
E_BABAW-1,BABAW-1,2026-09-08,21,2026-09-08T09:00:00Z,2026-09-08T09:30:00Z,12,9
E_BABAW-1,BABAW-1,2026-09-08,22,2026-09-08T09:30:00Z,2026-09-08T10:00:00Z,10,8
E_BABAW-1,BABAW-1,2026-09-08,23,2026-09-08T10:00:00Z,2026-09-08T10:30:00Z,8,7
E_BABAW-1,BABAW-1,2026-09-08,24,2026-09-08T10:30:00Z,2026-09-08T11:00:00Z,8,9
E_BABAW-1,BABAW-1,2026-09-08,25,2026-09-08T11:00:00Z,2026-09-08T11:30:00Z,9,14
E_BABAW-1,BABAW-1,2026-09-08,26,2026-09-08T11:30:00Z,2026-09-08T12:00:00Z,12,17
E_BABAW-1,BABAW-1,2026-09-08,27,2026-09-08T12:00:00Z,2026-09-08T12:30:00Z,19,20
E_BABAW-1,BABAW-1,2026-09-08,28,2026-09-08T12:30:00Z,2026-09-08T13:00:00Z,19,20
E_BABAW-1,BABAW-1,2026-09-08,29,2026-09-08T13:00:00Z,2026-09-08T13:30:00Z,20,20
E_BABAW-1,BABAW-1,2026-09-08,30,2026-09-08T13:30:00Z,2026-09-08T14:00:00Z,19,19
E_BABAW-1,BABAW-1,2026-09-08,31,2026-09-08T14:00:00Z,2026-09-08T14:30:00Z,19,19
E_BABAW-1,BABAW-1,2026-09-08,32,2026-09-08T14:30:00Z,2026-09-08T15:00:00Z,18,19
E_BABAW-1,BABAW-1,2026-09-08,33,2026-09-08T15:00:00Z,2026-09-08T15:30:00Z,19,21
E_BABAW-1,BABAW-1,2026-09-08,34,2026-09-08T15:30:00Z,2026-09-08T16:00:00Z,21,22
E_BABAW-1,BABAW-1,2026-09-08,35,2026-09-08T16:00:00Z,2026-09-08T16:30:00Z,22,22
E_BABAW-1,BABAW-1,2026-09-08,36,2026-09-08T16:30:00Z,2026-09-08T17:00:00Z,22,22
E_BABAW-1,BABAW-1,2026-09-08,37,2026-09-08T17:00:00Z,2026-09-08T17:30:00Z,22,22
E_BABAW-1,BABAW-1,2026-09-08,38,2026-09-08T17:30:00Z,2026-09-08T18:00:00Z,22,22
E_BABAW-1,BABAW-1,2026-09-08,39,2026-09-08T18:00:00Z,2026-09-08T18:30:00Z,22,22
E_BABAW-1,BABAW-1,2026-09-08,40,2026-09-08T18:30:00Z,2026-09-08T19:00:00Z,22,22
E_BABAW-1,BABAW-1,2026-09-08,41,2026-09-08T19:00:00Z,2026-09-08T19:30:00Z,22,21
E_BABAW-1,BABAW-1,2026-09-08,42,2026-09-08T19:30:00Z,2026-09-08T20:00:00Z,20,20
E_BABAW-1,BABAW-1,2026-09-08,43,2026-09-08T20:00:00Z,2026-09-08T20:30:00Z,20,19
E_BABAW-1,BABAW-1,2026-09-08,44,2026-09-08T20:30:00Z,2026-09-08T21:00:00Z,19,18
E_BABAW-1,BABAW-1,2026-09-08,45,2026-09-08T21:00:00Z,2026-09-08T21:30:00Z,18,17
E_BABAW-1,BABAW-1,2026-09-08,46,2026-09-08T21:30:00Z,2026-09-08T22:00:00Z,17,17
E_BABAW-1,BABAW-1,2026-09-08,47,2026-09-08T22:00:00Z,2026-09-08T22:30:00Z,16,17
E_BABAW-1,BABAW-1,2026-09-08,48,2026-09-08T22:30:00Z,2026-09-08T23:00:00Z,16,16
E_BETHW-1,BETHW-1,2026-09-08,1,2026-09-07T23:00:00Z,2026-09-07T23:30:00Z,17,17
E_BETHW-1,BETHW-1,2026-09-08,2,2026-09-07T23:30:00Z,2026-09-08T00:00:00Z,8,8
E_BETHW-1,BETHW-1,2026-09-08,3,2026-09-08T00:00:00Z,2026-09-08T00:30:00Z,18,18
E_BETHW-1,BETHW-1,2026-09-08,4,2026-09-08T00:30:00Z,2026-09-08T01:00:00Z,17,17
E_BETHW-1,BETHW-1,2026-09-08,5,2026-09-08T01:00:00Z,2026-09-08T01:30:00Z,19,19
E_BETHW-1,BETHW-1,2026-09-08,6,2026-09-08T01:30:00Z,2026-09-08T02:00:00Z,23,23
E_BETHW-1,BETHW-1,2026-09-08,7,2026-09-08T02:00:00Z,2026-09-08T02:30:00Z,21,21
E_BETHW-1,BETHW-1,2026-09-08,8,2026-09-08T02:30:00Z,2026-09-08T03:00:00Z,21,21
E_BETHW-1,BETHW-1,2026-09-08,9,2026-09-08T03:00:00Z,2026-09-08T03:30:00Z,22,22
E_BETHW-1,BETHW-1,2026-09-08,10,2026-09-08T03:30:00Z,2026-09-08T04:00:00Z,22,22
E_BETHW-1,BETHW-1,2026-09-08,11,2026-09-08T04:00:00Z,2026-09-08T04:30:00Z,22,22
E_BETHW-1,BETHW-1,2026-09-08,12,2026-09-08T04:30:00Z,2026-09-08T05:00:00Z,18,18
E_BETHW-1,BETHW-1,2026-09-08,13,2026-09-08T05:00:00Z,2026-09-08T05:30:00Z,20,20
E_BETHW-1,BETHW-1,2026-09-08,14,2026-09-08T05:30:00Z,2026-09-08T06:00:00Z,17,17
E_BETHW-1,BETHW-1,2026-09-08,15,2026-09-08T06:00:00Z,2026-09-08T06:30:00Z,19,19
E_BETHW-1,BETHW-1,2026-09-08,16,2026-09-08T06:30:00Z,2026-09-08T07:00:00Z,17,17
E_BETHW-1,BETHW-1,2026-09-08,17,2026-09-08T07:00:00Z,2026-09-08T07:30:00Z,18,18
E_BETHW-1,BETHW-1,2026-09-08,18,2026-09-08T07:30:00Z,2026-09-08T07:59:00Z,19,19
E_BETHW-1,BETHW-1,2026-09-08,18,2026-09-08T07:59:00Z,2026-09-08T08:00:00Z,19,0
E_BETHW-1,BETHW-1,2026-09-08,19,2026-09-08T08:00:00Z,2026-09-08T08:30:00Z,0,0
E_BETHW-1,BETHW-1,2026-09-08,20,2026-09-08T08:30:00Z,2026-09-08T09:00:00Z,0,0
E_BETHW-1,BETHW-1,2026-09-08,21,2026-09-08T09:00:00Z,2026-09-08T09:30:00Z,0,0
E_BETHW-1,BETHW-1,2026-09-08,22,2026-09-08T09:30:00Z,2026-09-08T10:00:00Z,16,16
E_BETHW-1,BETHW-1,2026-09-08,23,2026-09-08T10:00:00Z,2026-09-08T10:30:00Z,16,16
E_BETHW-1,BETHW-1,2026-09-08,24,2026-09-08T10:30:00Z,2026-09-08T11:00:00Z,16,16
E_BETHW-1,BETHW-1,2026-09-08,25,2026-09-08T11:00:00Z,2026-09-08T11:30:00Z,16,16
E_BETHW-1,BETHW-1,2026-09-08,26,2026-09-08T11:30:00Z,2026-09-08T12:00:00Z,16,16
E_BETHW-1,BETHW-1,2026-09-08,27,2026-09-08T12:00:00Z,2026-09-08T12:30:00Z,16,16
E_BETHW-1,BETHW-1,2026-09-08,28,2026-09-08T12:30:00Z,2026-09-08T13:00:00Z,16,16
E_BETHW-1,BETHW-1,2026-09-08,29,2026-09-08T13:00:00Z,2026-09-08T13:30:00Z,16,16
E_BETHW-1,BETHW-1,2026-09-08,30,2026-09-08T13:30:00Z,2026-09-08T14:00:00Z,16,16
E_BETHW-1,BETHW-1,2026-09-08,31,2026-09-08T14:00:00Z,2026-09-08T14:30:00Z,16,16
E_BETHW-1,BETHW-1,2026-09-08,32,2026-09-08T14:30:00Z,2026-09-08T15:00:00Z,16,16
E_BETHW-1,BETHW-1,2026-09-08,33,2026-09-08T15:00:00Z,2026-09-08T15:30:00Z,28,28
E_BETHW-1,BETHW-1,2026-09-08,34,2026-09-08T15:30:00Z,2026-09-08T16:00:00Z,24,24
E_BETHW-1,BETHW-1,2026-09-08,35,2026-09-08T16:00:00Z,2026-09-08T16:30:00Z,24,24
E_BETHW-1,BETHW-1,2026-09-08,36,2026-09-08T16:30:00Z,2026-09-08T17:00:00Z,23,23
E_BETHW-1,BETHW-1,2026-09-08,37,2026-09-08T17:00:00Z,2026-09-08T17:30:00Z,23,23
E_BETHW-1,BETHW-1,2026-09-08,38,2026-09-08T17:30:00Z,2026-09-08T18:00:00Z,22,22
E_BETHW-1,BETHW-1,2026-09-08,39,2026-09-08T18:00:00Z,2026-09-08T18:30:00Z,22,22
E_BETHW-1,BETHW-1,2026-09-08,40,2026-09-08T18:30:00Z,2026-09-08T19:00:00Z,20,20
E_BETHW-1,BETHW-1,2026-09-08,41,2026-09-08T19:00:00Z,2026-09-08T19:30:00Z,19,19
E_BETHW-1,BETHW-1,2026-09-08,42,2026-09-08T19:30:00Z,2026-09-08T20:00:00Z,18,18
E_BETHW-1,BETHW-1,2026-09-08,43,2026-09-08T20:00:00Z,2026-09-08T20:30:00Z,17,17
E_BETHW-1,BETHW-1,2026-09-08,44,2026-09-08T20:30:00Z,2026-09-08T21:00:00Z,16,16
E_BETHW-1,BETHW-1,2026-09-08,45,2026-09-08T21:00:00Z,2026-09-08T21:30:00Z,12,12
E_BETHW-1,BETHW-1,2026-09-08,46,2026-09-08T21:30:00Z,2026-09-08T22:00:00Z,14,14
E_BETHW-1,BETHW-1,2026-09-08,47,2026-09-08T22:00:00Z,2026-09-08T22:30:00Z,11,11
E_BETHW-1,BETHW-1,2026-09-08,48,2026-09-08T22:30:00Z,2026-09-08T23:00:00Z,11,11
E_BLARW-1,BLARW-1,2026-09-08,1,2026-09-07T23:00:00Z,2026-09-07T23:30:00Z,26,27
E_BLARW-1,BLARW-1,2026-09-08,2,2026-09-07T23:30:00Z,2026-09-08T00:00:00Z,27,28
E_BLARW-1,BLARW-1,2026-09-08,3,2026-09-08T00:00:00Z,2026-09-08T00:30:00Z,29,30
E_BLARW-1,BLARW-1,2026-09-08,4,2026-09-08T00:30:00Z,2026-09-08T01:00:00Z,30,30
E_BLARW-1,BLARW-1,2026-09-08,5,2026-09-08T01:00:00Z,2026-09-08T01:30:00Z,31,31
E_BLARW-1,BLARW-1,2026-09-08,6,2026-09-08T01:30:00Z,2026-09-08T02:00:00Z,31,30
E_BLARW-1,BLARW-1,2026-09-08,7,2026-09-08T02:00:00Z,2026-09-08T02:30:00Z,31,31
E_BLARW-1,BLARW-1,2026-09-08,8,2026-09-08T02:30:00Z,2026-09-08T03:00:00Z,31,31
E_BLARW-1,BLARW-1,2026-09-08,9,2026-09-08T03:00:00Z,2026-09-08T03:30:00Z,31,31
E_BLARW-1,BLARW-1,2026-09-08,10,2026-09-08T03:30:00Z,2026-09-08T04:00:00Z,31,31
E_BLARW-1,BLARW-1,2026-09-08,11,2026-09-08T04:00:00Z,2026-09-08T04:30:00Z,31,32
E_BLARW-1,BLARW-1,2026-09-08,12,2026-09-08T04:30:00Z,2026-09-08T05:00:00Z,32,32
E_BLARW-1,BLARW-1,2026-09-08,13,2026-09-08T05:00:00Z,2026-09-08T05:30:00Z,32,33
E_BLARW-1,BLARW-1,2026-09-08,14,2026-09-08T05:30:00Z,2026-09-08T06:00:00Z,33,33
E_BLARW-1,BLARW-1,2026-09-08,15,2026-09-08T06:00:00Z,2026-09-08T06:30:00Z,34,34
E_BLARW-1,BLARW-1,2026-09-08,16,2026-09-08T06:30:00Z,2026-09-08T07:00:00Z,34,33
E_BLARW-1,BLARW-1,2026-09-08,17,2026-09-08T07:00:00Z,2026-09-08T07:30:00Z,33,30
E_BLARW-1,BLARW-1,2026-09-08,18,2026-09-08T07:30:00Z,2026-09-08T08:00:00Z,30,26
E_BLARW-1,BLARW-1,2026-09-08,19,2026-09-08T08:00:00Z,2026-09-08T08:30:00Z,26,25
E_BLARW-1,BLARW-1,2026-09-08,20,2026-09-08T08:30:00Z,2026-09-08T09:00:00Z,25,28
E_BLARW-1,BLARW-1,2026-09-08,21,2026-09-08T09:00:00Z,2026-09-08T09:30:00Z,25,27
E_BLARW-1,BLARW-1,2026-09-08,22,2026-09-08T09:30:00Z,2026-09-08T10:00:00Z,27,29
E_BLARW-1,BLARW-1,2026-09-08,23,2026-09-08T10:00:00Z,2026-09-08T10:30:00Z,28,30
E_BLARW-1,BLARW-1,2026-09-08,24,2026-09-08T10:30:00Z,2026-09-08T11:00:00Z,30,32
E_BLARW-1,BLARW-1,2026-09-08,25,2026-09-08T11:00:00Z,2026-09-08T11:30:00Z,32,33
E_BLARW-1,BLARW-1,2026-09-08,26,2026-09-08T11:30:00Z,2026-09-08T12:00:00Z,33,34
E_BLARW-1,BLARW-1,2026-09-08,27,2026-09-08T12:00:00Z,2026-09-08T12:30:00Z,33,34
E_BLARW-1,BLARW-1,2026-09-08,28,2026-09-08T12:30:00Z,2026-09-08T13:00:00Z,34,35
E_BLARW-1,BLARW-1,2026-09-08,29,2026-09-08T13:00:00Z,2026-09-08T13:30:00Z,34,34
E_BLARW-1,BLARW-1,2026-09-08,30,2026-09-08T13:30:00Z,2026-09-08T14:00:00Z,34,34
E_BLARW-1,BLARW-1,2026-09-08,31,2026-09-08T14:00:00Z,2026-09-08T14:30:00Z,35,34
E_BLARW-1,BLARW-1,2026-09-08,32,2026-09-08T14:30:00Z,2026-09-08T15:00:00Z,34,34
E_BLARW-1,BLARW-1,2026-09-08,33,2026-09-08T15:00:00Z,2026-09-08T15:30:00Z,35,35
E_BLARW-1,BLARW-1,2026-09-08,34,2026-09-08T15:30:00Z,2026-09-08T16:00:00Z,35,35
E_BLARW-1,BLARW-1,2026-09-08,35,2026-09-08T16:00:00Z,2026-09-08T16:30:00Z,35,35
E_BLARW-1,BLARW-1,2026-09-08,36,2026-09-08T16:30:00Z,2026-09-08T17:00:00Z,35,35
E_BLARW-1,BLARW-1,2026-09-08,37,2026-09-08T17:00:00Z,2026-09-08T17:30:00Z,35,35
E_BLARW-1,BLARW-1,2026-09-08,38,2026-09-08T17:30:00Z,2026-09-08T18:00:00Z,35,34
E_BLARW-1,BLARW-1,2026-09-08,39,2026-09-08T18:00:00Z,2026-09-08T18:30:00Z,34,34
E_BLARW-1,BLARW-1,2026-09-08,40,2026-09-08T18:30:00Z,2026-09-08T19:00:00Z,34,34
E_BLARW-1,BLARW-1,2026-09-08,41,2026-09-08T19:00:00Z,2026-09-08T19:30:00Z,34,33
E_BLARW-1,BLARW-1,2026-09-08,42,2026-09-08T19:30:00Z,2026-09-08T20:00:00Z,33,32
E_BLARW-1,BLARW-1,2026-09-08,43,2026-09-08T20:00:00Z,2026-09-08T20:30:00Z,32,30
E_BLARW-1,BLARW-1,2026-09-08,44,2026-09-08T20:30:00Z,2026-09-08T21:00:00Z,30,28
E_BLARW-1,BLARW-1,2026-09-08,45,2026-09-08T21:00:00Z,2026-09-08T21:30:00Z,29,28
E_BLARW-1,BLARW-1,2026-09-08,46,2026-09-08T21:30:00Z,2026-09-08T22:00:00Z,28,27
E_BLARW-1,BLARW-1,2026-09-08,47,2026-09-08T22:00:00Z,2026-09-08T22:30:00Z,27,26
E_BLARW-1,BLARW-1,2026-09-08,48,2026-09-08T22:30:00Z,2026-09-08T23:00:00Z,26,26
E_BNWKW-1,BNWKW-1,2026-09-08,1,2026-09-07T23:00:00Z,2026-09-07T23:30:00Z,22,22
E_BNWKW-1,BNWKW-1,2026-09-08,2,2026-09-07T23:30:00Z,2026-09-08T00:00:00Z,22,22
E_BNWKW-1,BNWKW-1,2026-09-08,3,2026-09-08T00:00:00Z,2026-09-08T00:30:00Z,22,21
E_BNWKW-1,BNWKW-1,2026-09-08,4,2026-09-08T00:30:00Z,2026-09-08T01:00:00Z,21,22
E_BNWKW-1,BNWKW-1,2026-09-08,5,2026-09-08T01:00:00Z,2026-09-08T01:30:00Z,22,22
E_BNWKW-1,BNWKW-1,2026-09-08,6,2026-09-08T01:30:00Z,2026-09-08T02:00:00Z,22,22
E_BNWKW-1,BNWKW-1,2026-09-08,7,2026-09-08T02:00:00Z,2026-09-08T02:30:00Z,22,22
E_BNWKW-1,BNWKW-1,2026-09-08,8,2026-09-08T02:30:00Z,2026-09-08T03:00:00Z,22,21
E_BNWKW-1,BNWKW-1,2026-09-08,9,2026-09-08T03:00:00Z,2026-09-08T03:30:00Z,21,20
E_BNWKW-1,BNWKW-1,2026-09-08,10,2026-09-08T03:30:00Z,2026-09-08T04:00:00Z,21,20
E_BNWKW-1,BNWKW-1,2026-09-08,11,2026-09-08T04:00:00Z,2026-09-08T04:30:00Z,20,20
E_BNWKW-1,BNWKW-1,2026-09-08,12,2026-09-08T04:30:00Z,2026-09-08T05:00:00Z,19,20
E_BNWKW-1,BNWKW-1,2026-09-08,13,2026-09-08T05:00:00Z,2026-09-08T05:30:00Z,20,21
E_BNWKW-1,BNWKW-1,2026-09-08,14,2026-09-08T05:30:00Z,2026-09-08T06:00:00Z,20,20
E_BNWKW-1,BNWKW-1,2026-09-08,15,2026-09-08T06:00:00Z,2026-09-08T06:30:00Z,20,22
E_BNWKW-1,BNWKW-1,2026-09-08,16,2026-09-08T06:30:00Z,2026-09-08T07:00:00Z,22,22
E_BNWKW-1,BNWKW-1,2026-09-08,17,2026-09-08T07:00:00Z,2026-09-08T07:30:00Z,22,22
E_BNWKW-1,BNWKW-1,2026-09-08,18,2026-09-08T07:30:00Z,2026-09-08T08:00:00Z,21,22
E_BNWKW-1,BNWKW-1,2026-09-08,19,2026-09-08T08:00:00Z,2026-09-08T08:30:00Z,22,22
E_BNWKW-1,BNWKW-1,2026-09-08,20,2026-09-08T08:30:00Z,2026-09-08T09:00:00Z,22,21
E_BNWKW-1,BNWKW-1,2026-09-08,21,2026-09-08T09:00:00Z,2026-09-08T09:30:00Z,21,21
E_BNWKW-1,BNWKW-1,2026-09-08,22,2026-09-08T09:30:00Z,2026-09-08T10:00:00Z,20,18
E_BNWKW-1,BNWKW-1,2026-09-08,23,2026-09-08T10:00:00Z,2026-09-08T10:30:00Z,18,12
E_BNWKW-1,BNWKW-1,2026-09-08,24,2026-09-08T10:30:00Z,2026-09-08T11:00:00Z,12,8
E_BNWKW-1,BNWKW-1,2026-09-08,25,2026-09-08T11:00:00Z,2026-09-08T11:30:00Z,8,8
E_BNWKW-1,BNWKW-1,2026-09-08,26,2026-09-08T11:30:00Z,2026-09-08T12:00:00Z,11,13
E_BNWKW-1,BNWKW-1,2026-09-08,27,2026-09-08T12:00:00Z,2026-09-08T12:30:00Z,13,20
E_BNWKW-1,BNWKW-1,2026-09-08,28,2026-09-08T12:30:00Z,2026-09-08T13:00:00Z,21,22
E_BNWKW-1,BNWKW-1,2026-09-08,29,2026-09-08T13:00:00Z,2026-09-08T13:30:00Z,22,21
E_BNWKW-1,BNWKW-1,2026-09-08,30,2026-09-08T13:30:00Z,2026-09-08T14:00:00Z,22,22
E_BNWKW-1,BNWKW-1,2026-09-08,31,2026-09-08T14:00:00Z,2026-09-08T14:30:00Z,22,22
E_BNWKW-1,BNWKW-1,2026-09-08,32,2026-09-08T14:30:00Z,2026-09-08T15:00:00Z,22,21
E_BNWKW-1,BNWKW-1,2026-09-08,33,2026-09-08T15:00:00Z,2026-09-08T15:30:00Z,21,22
E_BNWKW-1,BNWKW-1,2026-09-08,34,2026-09-08T15:30:00Z,2026-09-08T16:00:00Z,22,21
E_BNWKW-1,BNWKW-1,2026-09-08,35,2026-09-08T16:00:00Z,2026-09-08T16:30:00Z,21,21
E_BNWKW-1,BNWKW-1,2026-09-08,36,2026-09-08T16:30:00Z,2026-09-08T17:00:00Z,22,20
E_BNWKW-1,BNWKW-1,2026-09-08,37,2026-09-08T17:00:00Z,2026-09-08T17:30:00Z,20,20
E_BNWKW-1,BNWKW-1,2026-09-08,38,2026-09-08T17:30:00Z,2026-09-08T18:00:00Z,21,20
E_BNWKW-1,BNWKW-1,2026-09-08,39,2026-09-08T18:00:00Z,2026-09-08T18:30:00Z,20,20
E_BNWKW-1,BNWKW-1,2026-09-08,40,2026-09-08T18:30:00Z,2026-09-08T19:00:00Z,19,20
E_BNWKW-1,BNWKW-1,2026-09-08,41,2026-09-08T19:00:00Z,2026-09-08T19:30:00Z,20,18
E_BNWKW-1,BNWKW-1,2026-09-08,42,2026-09-08T19:30:00Z,2026-09-08T20:00:00Z,16,17
E_BNWKW-1,BNWKW-1,2026-09-08,43,2026-09-08T20:00:00Z,2026-09-08T20:30:00Z,17,16
E_BNWKW-1,BNWKW-1,2026-09-08,44,2026-09-08T20:30:00Z,2026-09-08T21:00:00Z,16,15
E_BNWKW-1,BNWKW-1,2026-09-08,45,2026-09-08T21:00:00Z,2026-09-08T21:30:00Z,15,14
E_BNWKW-1,BNWKW-1,2026-09-08,46,2026-09-08T21:30:00Z,2026-09-08T22:00:00Z,16,14
E_BNWKW-1,BNWKW-1,2026-09-08,47,2026-09-08T22:00:00Z,2026-09-08T22:30:00Z,14,14
E_BNWKW-1,BNWKW-1,2026-09-08,48,2026-09-08T22:30:00Z,2026-09-08T23:00:00Z,14,14
E_BRDUW-1,BRDUW-1,2026-09-08,1,2026-09-07T23:00:00Z,2026-09-07T23:30:00Z,42,43
E_BRDUW-1,BRDUW-1,2026-09-08,2,2026-09-07T23:30:00Z,2026-09-08T00:00:00Z,43,47
E_BRDUW-1,BRDUW-1,2026-09-08,3,2026-09-08T00:00:00Z,2026-09-08T00:30:00Z,45,48
E_BRDUW-1,BRDUW-1,2026-09-08,4,2026-09-08T00:30:00Z,2026-09-08T01:00:00Z,48,50
E_BRDUW-1,BRDUW-1,2026-09-08,5,2026-09-08T01:00:00Z,2026-09-08T01:30:00Z,49,51
E_BRDUW-1,BRDUW-1,2026-09-08,6,2026-09-08T01:30:00Z,2026-09-08T02:00:00Z,51,52
E_BRDUW-1,BRDUW-1,2026-09-08,7,2026-09-08T02:00:00Z,2026-09-08T02:30:00Z,49,48
E_BRDUW-1,BRDUW-1,2026-09-08,8,2026-09-08T02:30:00Z,2026-09-08T03:00:00Z,48,48
E_BRDUW-1,BRDUW-1,2026-09-08,9,2026-09-08T03:00:00Z,2026-09-08T03:30:00Z,51,52
E_BRDUW-1,BRDUW-1,2026-09-08,10,2026-09-08T03:30:00Z,2026-09-08T04:00:00Z,52,53
E_BRDUW-1,BRDUW-1,2026-09-08,11,2026-09-08T04:00:00Z,2026-09-08T04:30:00Z,54,56
E_BRDUW-1,BRDUW-1,2026-09-08,12,2026-09-08T04:30:00Z,2026-09-08T05:00:00Z,56,58
E_BRDUW-1,BRDUW-1,2026-09-08,13,2026-09-08T05:00:00Z,2026-09-08T05:30:00Z,58,57
E_BRDUW-1,BRDUW-1,2026-09-08,14,2026-09-08T05:30:00Z,2026-09-08T06:00:00Z,57,55
E_BRDUW-1,BRDUW-1,2026-09-08,15,2026-09-08T06:00:00Z,2026-09-08T06:30:00Z,52,49
E_BRDUW-1,BRDUW-1,2026-09-08,16,2026-09-08T06:30:00Z,2026-09-08T07:00:00Z,49,46
E_BRDUW-1,BRDUW-1,2026-09-08,17,2026-09-08T07:00:00Z,2026-09-08T07:30:00Z,46,44
E_BRDUW-1,BRDUW-1,2026-09-08,18,2026-09-08T07:30:00Z,2026-09-08T08:00:00Z,44,41
E_BRDUW-1,BRDUW-1,2026-09-08,19,2026-09-08T08:00:00Z,2026-09-08T08:30:00Z,41,41
E_BRDUW-1,BRDUW-1,2026-09-08,20,2026-09-08T08:30:00Z,2026-09-08T09:00:00Z,41,44
E_BRDUW-1,BRDUW-1,2026-09-08,21,2026-09-08T09:00:00Z,2026-09-08T09:30:00Z,43,47
E_BRDUW-1,BRDUW-1,2026-09-08,22,2026-09-08T09:30:00Z,2026-09-08T10:00:00Z,47,50
E_BRDUW-1,BRDUW-1,2026-09-08,23,2026-09-08T10:00:00Z,2026-09-08T10:30:00Z,47,49
E_BRDUW-1,BRDUW-1,2026-09-08,24,2026-09-08T10:30:00Z,2026-09-08T11:00:00Z,49,50
E_BRDUW-1,BRDUW-1,2026-09-08,25,2026-09-08T11:00:00Z,2026-09-08T11:30:00Z,50,52
E_BRDUW-1,BRDUW-1,2026-09-08,26,2026-09-08T11:30:00Z,2026-09-08T12:00:00Z,52,54
E_BRDUW-1,BRDUW-1,2026-09-08,27,2026-09-08T12:00:00Z,2026-09-08T12:30:00Z,51,53
E_BRDUW-1,BRDUW-1,2026-09-08,28,2026-09-08T12:30:00Z,2026-09-08T13:00:00Z,53,55
E_BRDUW-1,BRDUW-1,2026-09-08,29,2026-09-08T13:00:00Z,2026-09-08T13:30:00Z,51,52
E_BRDUW-1,BRDUW-1,2026-09-08,30,2026-09-08T13:30:00Z,2026-09-08T14:00:00Z,52,51
E_BRDUW-1,BRDUW-1,2026-09-08,31,2026-09-08T14:00:00Z,2026-09-08T14:30:00Z,51,51
E_BRDUW-1,BRDUW-1,2026-09-08,32,2026-09-08T14:30:00Z,2026-09-08T15:00:00Z,51,52
E_BRDUW-1,BRDUW-1,2026-09-08,33,2026-09-08T15:00:00Z,2026-09-08T15:30:00Z,50,49
E_BRDUW-1,BRDUW-1,2026-09-08,34,2026-09-08T15:30:00Z,2026-09-08T16:00:00Z,49,48
E_BRDUW-1,BRDUW-1,2026-09-08,35,2026-09-08T16:00:00Z,2026-09-08T16:30:00Z,48,47
E_BRDUW-1,BRDUW-1,2026-09-08,36,2026-09-08T16:30:00Z,2026-09-08T17:00:00Z,47,45
E_BRDUW-1,BRDUW-1,2026-09-08,37,2026-09-08T17:00:00Z,2026-09-08T17:30:00Z,46,42
E_BRDUW-1,BRDUW-1,2026-09-08,38,2026-09-08T17:30:00Z,2026-09-08T18:00:00Z,42,38
E_BRDUW-1,BRDUW-1,2026-09-08,39,2026-09-08T18:00:00Z,2026-09-08T18:30:00Z,42,39
E_BRDUW-1,BRDUW-1,2026-09-08,40,2026-09-08T18:30:00Z,2026-09-08T19:00:00Z,39,36
E_BRDUW-1,BRDUW-1,2026-09-08,41,2026-09-08T19:00:00Z,2026-09-08T19:30:00Z,35,34
E_BRDUW-1,BRDUW-1,2026-09-08,42,2026-09-08T19:30:00Z,2026-09-08T20:00:00Z,34,33
E_BRDUW-1,BRDUW-1,2026-09-08,43,2026-09-08T20:00:00Z,2026-09-08T20:30:00Z,33,34
E_BRDUW-1,BRDUW-1,2026-09-08,44,2026-09-08T20:30:00Z,2026-09-08T21:00:00Z,34,33
E_BRDUW-1,BRDUW-1,2026-09-08,45,2026-09-08T21:00:00Z,2026-09-08T21:30:00Z,26,22
E_BRDUW-1,BRDUW-1,2026-09-08,46,2026-09-08T21:30:00Z,2026-09-08T22:00:00Z,22,16
E_BRDUW-1,BRDUW-1,2026-09-08,47,2026-09-08T22:00:00Z,2026-09-08T22:30:00Z,16,14
E_BRDUW-1,BRDUW-1,2026-09-08,48,2026-09-08T22:30:00Z,2026-09-08T23:00:00Z,14,15
E_BRYBW-1,BRYBW-1,2026-09-08,1,2026-09-07T23:00:00Z,2026-09-07T23:30:00Z,46,46
E_BRYBW-1,BRYBW-1,2026-09-08,2,2026-09-07T23:30:00Z,2026-09-08T00:00:00Z,46,46
E_BRYBW-1,BRYBW-1,2026-09-08,3,2026-09-08T00:00:00Z,2026-09-08T00:30:00Z,48,48
E_BRYBW-1,BRYBW-1,2026-09-08,4,2026-09-08T00:30:00Z,2026-09-08T01:00:00Z,48,48
E_BRYBW-1,BRYBW-1,2026-09-08,5,2026-09-08T01:00:00Z,2026-09-08T01:30:00Z,48,48
E_BRYBW-1,BRYBW-1,2026-09-08,6,2026-09-08T01:30:00Z,2026-09-08T02:00:00Z,48,49
E_BRYBW-1,BRYBW-1,2026-09-08,7,2026-09-08T02:00:00Z,2026-09-08T02:30:00Z,49,49
E_BRYBW-1,BRYBW-1,2026-09-08,8,2026-09-08T02:30:00Z,2026-09-08T03:00:00Z,49,49
E_BRYBW-1,BRYBW-1,2026-09-08,9,2026-09-08T03:00:00Z,2026-09-08T03:30:00Z,49,49
E_BRYBW-1,BRYBW-1,2026-09-08,10,2026-09-08T03:30:00Z,2026-09-08T04:00:00Z,49,48
E_BRYBW-1,BRYBW-1,2026-09-08,11,2026-09-08T04:00:00Z,2026-09-08T04:30:00Z,48,47
E_BRYBW-1,BRYBW-1,2026-09-08,12,2026-09-08T04:30:00Z,2026-09-08T05:00:00Z,43,42
E_BRYBW-1,BRYBW-1,2026-09-08,13,2026-09-08T05:00:00Z,2026-09-08T05:30:00Z,43,44
E_BRYBW-1,BRYBW-1,2026-09-08,14,2026-09-08T05:30:00Z,2026-09-08T06:00:00Z,46,47
E_BRYBW-1,BRYBW-1,2026-09-08,15,2026-09-08T06:00:00Z,2026-09-08T06:30:00Z,45,46
E_BRYBW-1,BRYBW-1,2026-09-08,16,2026-09-08T06:30:00Z,2026-09-08T07:00:00Z,47,47
E_BRYBW-1,BRYBW-1,2026-09-08,17,2026-09-08T07:00:00Z,2026-09-08T07:30:00Z,47,48
E_BRYBW-1,BRYBW-1,2026-09-08,18,2026-09-08T07:30:00Z,2026-09-08T08:00:00Z,49,49
E_BRYBW-1,BRYBW-1,2026-09-08,19,2026-09-08T08:00:00Z,2026-09-08T08:30:00Z,51,51
E_BRYBW-1,BRYBW-1,2026-09-08,20,2026-09-08T08:30:00Z,2026-09-08T09:00:00Z,51,51
E_BRYBW-1,BRYBW-1,2026-09-08,21,2026-09-08T09:00:00Z,2026-09-08T09:30:00Z,51,51
E_BRYBW-1,BRYBW-1,2026-09-08,22,2026-09-08T09:30:00Z,2026-09-08T10:00:00Z,51,51
E_BRYBW-1,BRYBW-1,2026-09-08,23,2026-09-08T10:00:00Z,2026-09-08T10:30:00Z,51,51
E_BRYBW-1,BRYBW-1,2026-09-08,24,2026-09-08T10:30:00Z,2026-09-08T11:00:00Z,50,50
E_BRYBW-1,BRYBW-1,2026-09-08,25,2026-09-08T11:00:00Z,2026-09-08T11:30:00Z,50,50
E_BRYBW-1,BRYBW-1,2026-09-08,26,2026-09-08T11:30:00Z,2026-09-08T12:00:00Z,50,50
E_BRYBW-1,BRYBW-1,2026-09-08,27,2026-09-08T12:00:00Z,2026-09-08T12:30:00Z,49,48
E_BRYBW-1,BRYBW-1,2026-09-08,28,2026-09-08T12:30:00Z,2026-09-08T13:00:00Z,47,47
E_BRYBW-1,BRYBW-1,2026-09-08,29,2026-09-08T13:00:00Z,2026-09-08T13:30:00Z,47,45
E_BRYBW-1,BRYBW-1,2026-09-08,30,2026-09-08T13:30:00Z,2026-09-08T14:00:00Z,46,44
E_BRYBW-1,BRYBW-1,2026-09-08,31,2026-09-08T14:00:00Z,2026-09-08T14:30:00Z,44,42
E_BRYBW-1,BRYBW-1,2026-09-08,32,2026-09-08T14:30:00Z,2026-09-08T15:00:00Z,44,43
E_BRYBW-1,BRYBW-1,2026-09-08,33,2026-09-08T15:00:00Z,2026-09-08T15:30:00Z,43,42
E_BRYBW-1,BRYBW-1,2026-09-08,34,2026-09-08T15:30:00Z,2026-09-08T16:00:00Z,36,36
E_BRYBW-1,BRYBW-1,2026-09-08,35,2026-09-08T16:00:00Z,2026-09-08T16:30:00Z,37,36
E_BRYBW-1,BRYBW-1,2026-09-08,36,2026-09-08T16:30:00Z,2026-09-08T17:00:00Z,41,39
E_BRYBW-1,BRYBW-1,2026-09-08,37,2026-09-08T17:00:00Z,2026-09-08T17:30:00Z,39,37
E_BRYBW-1,BRYBW-1,2026-09-08,38,2026-09-08T17:30:00Z,2026-09-08T18:00:00Z,37,35
E_BRYBW-1,BRYBW-1,2026-09-08,39,2026-09-08T18:00:00Z,2026-09-08T18:30:00Z,36,34
E_BRYBW-1,BRYBW-1,2026-09-08,40,2026-09-08T18:30:00Z,2026-09-08T19:00:00Z,35,33
E_BRYBW-1,BRYBW-1,2026-09-08,41,2026-09-08T19:00:00Z,2026-09-08T19:30:00Z,33,31
E_BRYBW-1,BRYBW-1,2026-09-08,42,2026-09-08T19:30:00Z,2026-09-08T20:00:00Z,33,31
E_BRYBW-1,BRYBW-1,2026-09-08,43,2026-09-08T20:00:00Z,2026-09-08T20:30:00Z,29,27
E_BRYBW-1,BRYBW-1,2026-09-08,44,2026-09-08T20:30:00Z,2026-09-08T21:00:00Z,30,27
E_BRYBW-1,BRYBW-1,2026-09-08,45,2026-09-08T21:00:00Z,2026-09-08T21:30:00Z,27,24
E_BRYBW-1,BRYBW-1,2026-09-08,46,2026-09-08T21:30:00Z,2026-09-08T22:00:00Z,25,22
E_BRYBW-1,BRYBW-1,2026-09-08,47,2026-09-08T22:00:00Z,2026-09-08T22:30:00Z,16,14
E_BRYBW-1,BRYBW-1,2026-09-08,48,2026-09-08T22:30:00Z,2026-09-08T23:00:00Z,15,13
E_BTUIW-2,BTUIW-2,2026-09-08,1,2026-09-07T23:00:00Z,2026-09-07T23:30:00Z,28,28
E_BTUIW-2,BTUIW-2,2026-09-08,2,2026-09-07T23:30:00Z,2026-09-08T00:00:00Z,26,26
E_BTUIW-2,BTUIW-2,2026-09-08,3,2026-09-08T00:00:00Z,2026-09-08T00:30:00Z,28,28
E_BTUIW-2,BTUIW-2,2026-09-08,4,2026-09-08T00:30:00Z,2026-09-08T01:00:00Z,26,26
E_BTUIW-2,BTUIW-2,2026-09-08,5,2026-09-08T01:00:00Z,2026-09-08T01:30:00Z,28,28
E_BTUIW-2,BTUIW-2,2026-09-08,6,2026-09-08T01:30:00Z,2026-09-08T02:00:00Z,28,28
E_BTUIW-2,BTUIW-2,2026-09-08,7,2026-09-08T02:00:00Z,2026-09-08T02:30:00Z,31,31
E_BTUIW-2,BTUIW-2,2026-09-08,8,2026-09-08T02:30:00Z,2026-09-08T03:00:00Z,29,29
E_BTUIW-2,BTUIW-2,2026-09-08,9,2026-09-08T03:00:00Z,2026-09-08T03:30:00Z,31,31
E_BTUIW-2,BTUIW-2,2026-09-08,10,2026-09-08T03:30:00Z,2026-09-08T04:00:00Z,30,30
E_BTUIW-2,BTUIW-2,2026-09-08,11,2026-09-08T04:00:00Z,2026-09-08T04:30:00Z,32,32
E_BTUIW-2,BTUIW-2,2026-09-08,12,2026-09-08T04:30:00Z,2026-09-08T05:00:00Z,32,32
E_BTUIW-2,BTUIW-2,2026-09-08,13,2026-09-08T05:00:00Z,2026-09-08T05:30:00Z,32,32
E_BTUIW-2,BTUIW-2,2026-09-08,14,2026-09-08T05:30:00Z,2026-09-08T06:00:00Z,31,31
E_BTUIW-2,BTUIW-2,2026-09-08,15,2026-09-08T06:00:00Z,2026-09-08T06:30:00Z,31,31
E_BTUIW-2,BTUIW-2,2026-09-08,16,2026-09-08T06:30:00Z,2026-09-08T07:00:00Z,31,31
E_BTUIW-2,BTUIW-2,2026-09-08,17,2026-09-08T07:00:00Z,2026-09-08T07:30:00Z,30,30
E_BTUIW-2,BTUIW-2,2026-09-08,18,2026-09-08T07:30:00Z,2026-09-08T08:00:00Z,32,32
E_BTUIW-2,BTUIW-2,2026-09-08,19,2026-09-08T08:00:00Z,2026-09-08T08:30:00Z,29,29
E_BTUIW-2,BTUIW-2,2026-09-08,20,2026-09-08T08:30:00Z,2026-09-08T09:00:00Z,32,32
E_BTUIW-2,BTUIW-2,2026-09-08,21,2026-09-08T09:00:00Z,2026-09-08T09:30:00Z,30,30
E_BTUIW-2,BTUIW-2,2026-09-08,22,2026-09-08T09:30:00Z,2026-09-08T10:00:00Z,30,30
E_BTUIW-2,BTUIW-2,2026-09-08,23,2026-09-08T10:00:00Z,2026-09-08T10:30:00Z,34,34
E_BTUIW-2,BTUIW-2,2026-09-08,24,2026-09-08T10:30:00Z,2026-09-08T11:00:00Z,33,33
E_BTUIW-2,BTUIW-2,2026-09-08,25,2026-09-08T11:00:00Z,2026-09-08T11:30:00Z,35,35
E_BTUIW-2,BTUIW-2,2026-09-08,26,2026-09-08T11:30:00Z,2026-09-08T12:00:00Z,36,36
E_BTUIW-2,BTUIW-2,2026-09-08,27,2026-09-08T12:00:00Z,2026-09-08T12:30:00Z,36,36
E_BTUIW-2,BTUIW-2,2026-09-08,28,2026-09-08T12:30:00Z,2026-09-08T13:00:00Z,36,36
E_BTUIW-2,BTUIW-2,2026-09-08,29,2026-09-08T13:00:00Z,2026-09-08T13:30:00Z,36,36
E_BTUIW-2,BTUIW-2,2026-09-08,30,2026-09-08T13:30:00Z,2026-09-08T14:00:00Z,35,35
E_BTUIW-2,BTUIW-2,2026-09-08,31,2026-09-08T14:00:00Z,2026-09-08T14:30:00Z,36,36
E_BTUIW-2,BTUIW-2,2026-09-08,32,2026-09-08T14:30:00Z,2026-09-08T15:00:00Z,36,36
E_BTUIW-2,BTUIW-2,2026-09-08,33,2026-09-08T15:00:00Z,2026-09-08T15:30:00Z,37,37
E_BTUIW-2,BTUIW-2,2026-09-08,34,2026-09-08T15:30:00Z,2026-09-08T16:00:00Z,36,36
E_BTUIW-2,BTUIW-2,2026-09-08,35,2026-09-08T16:00:00Z,2026-09-08T16:30:00Z,37,37
E_BTUIW-2,BTUIW-2,2026-09-08,36,2026-09-08T16:30:00Z,2026-09-08T17:00:00Z,37,37
E_BTUIW-2,BTUIW-2,2026-09-08,37,2026-09-08T17:00:00Z,2026-09-08T17:30:00Z,38,38
E_BTUIW-2,BTUIW-2,2026-09-08,38,2026-09-08T17:30:00Z,2026-09-08T18:00:00Z,34,34
E_BTUIW-2,BTUIW-2,2026-09-08,39,2026-09-08T18:00:00Z,2026-09-08T18:30:00Z,34,34
E_BTUIW-2,BTUIW-2,2026-09-08,40,2026-09-08T18:30:00Z,2026-09-08T19:00:00Z,34,34
E_BTUIW-2,BTUIW-2,2026-09-08,41,2026-09-08T19:00:00Z,2026-09-08T19:30:00Z,34,34
E_BTUIW-2,BTUIW-2,2026-09-08,42,2026-09-08T19:30:00Z,2026-09-08T20:00:00Z,33,33
E_BTUIW-2,BTUIW-2,2026-09-08,43,2026-09-08T20:00:00Z,2026-09-08T20:30:00Z,32,32
E_BTUIW-2,BTUIW-2,2026-09-08,44,2026-09-08T20:30:00Z,2026-09-08T21:00:00Z,31,31
E_BTUIW-2,BTUIW-2,2026-09-08,45,2026-09-08T21:00:00Z,2026-09-08T21:30:00Z,26,26
E_BTUIW-2,BTUIW-2,2026-09-08,46,2026-09-08T21:30:00Z,2026-09-08T22:00:00Z,27,27
E_BTUIW-2,BTUIW-2,2026-09-08,47,2026-09-08T22:00:00Z,2026-09-08T22:30:00Z,28,28
E_BTUIW-2,BTUIW-2,2026-09-08,48,2026-09-08T22:30:00Z,2026-09-08T23:00:00Z,27,27
E_BTUIW-3,BTUIW-3,2026-09-08,1,2026-09-07T23:00:00Z,2026-09-07T23:30:00Z,48,48
E_BTUIW-3,BTUIW-3,2026-09-08,2,2026-09-07T23:30:00Z,2026-09-08T00:00:00Z,48,48
E_BTUIW-3,BTUIW-3,2026-09-08,3,2026-09-08T00:00:00Z,2026-09-08T00:30:00Z,48,48
E_BTUIW-3,BTUIW-3,2026-09-08,4,2026-09-08T00:30:00Z,2026-09-08T01:00:00Z,48,48
E_BTUIW-3,BTUIW-3,2026-09-08,5,2026-09-08T01:00:00Z,2026-09-08T01:30:00Z,48,48
E_BTUIW-3,BTUIW-3,2026-09-08,6,2026-09-08T01:30:00Z,2026-09-08T02:00:00Z,49,49
E_BTUIW-3,BTUIW-3,2026-09-08,7,2026-09-08T02:00:00Z,2026-09-08T02:30:00Z,48,48
E_BTUIW-3,BTUIW-3,2026-09-08,8,2026-09-08T02:30:00Z,2026-09-08T03:00:00Z,48,48
E_BTUIW-3,BTUIW-3,2026-09-08,9,2026-09-08T03:00:00Z,2026-09-08T03:30:00Z,48,48
E_BTUIW-3,BTUIW-3,2026-09-08,10,2026-09-08T03:30:00Z,2026-09-08T04:00:00Z,48,48
E_BTUIW-3,BTUIW-3,2026-09-08,11,2026-09-08T04:00:00Z,2026-09-08T04:30:00Z,48,48
E_BTUIW-3,BTUIW-3,2026-09-08,12,2026-09-08T04:30:00Z,2026-09-08T05:00:00Z,49,49
E_BTUIW-3,BTUIW-3,2026-09-08,13,2026-09-08T05:00:00Z,2026-09-08T05:30:00Z,48,48
E_BTUIW-3,BTUIW-3,2026-09-08,14,2026-09-08T05:30:00Z,2026-09-08T06:00:00Z,49,49
E_BTUIW-3,BTUIW-3,2026-09-08,15,2026-09-08T06:00:00Z,2026-09-08T06:30:00Z,48,48
E_BTUIW-3,BTUIW-3,2026-09-08,16,2026-09-08T06:30:00Z,2026-09-08T07:00:00Z,49,49
E_BTUIW-3,BTUIW-3,2026-09-08,17,2026-09-08T07:00:00Z,2026-09-08T07:30:00Z,48,48
E_BTUIW-3,BTUIW-3,2026-09-08,18,2026-09-08T07:30:00Z,2026-09-08T08:00:00Z,48,48
E_BTUIW-3,BTUIW-3,2026-09-08,19,2026-09-08T08:00:00Z,2026-09-08T08:30:00Z,48,48
E_BTUIW-3,BTUIW-3,2026-09-08,20,2026-09-08T08:30:00Z,2026-09-08T09:00:00Z,48,48
E_BTUIW-3,BTUIW-3,2026-09-08,21,2026-09-08T09:00:00Z,2026-09-08T09:30:00Z,48,48
E_BTUIW-3,BTUIW-3,2026-09-08,22,2026-09-08T09:30:00Z,2026-09-08T10:00:00Z,48,48
E_BTUIW-3,BTUIW-3,2026-09-08,23,2026-09-08T10:00:00Z,2026-09-08T10:30:00Z,48,48
E_BTUIW-3,BTUIW-3,2026-09-08,24,2026-09-08T10:30:00Z,2026-09-08T11:00:00Z,49,49
E_BTUIW-3,BTUIW-3,2026-09-08,25,2026-09-08T11:00:00Z,2026-09-08T11:30:00Z,48,48
E_BTUIW-3,BTUIW-3,2026-09-08,26,2026-09-08T11:30:00Z,2026-09-08T12:00:00Z,49,49
E_BTUIW-3,BTUIW-3,2026-09-08,27,2026-09-08T12:00:00Z,2026-09-08T12:30:00Z,48,48
E_BTUIW-3,BTUIW-3,2026-09-08,28,2026-09-08T12:30:00Z,2026-09-08T13:00:00Z,49,49
E_BTUIW-3,BTUIW-3,2026-09-08,29,2026-09-08T13:00:00Z,2026-09-08T13:30:00Z,48,48
E_BTUIW-3,BTUIW-3,2026-09-08,30,2026-09-08T13:30:00Z,2026-09-08T14:00:00Z,48,48
E_BTUIW-3,BTUIW-3,2026-09-08,31,2026-09-08T14:00:00Z,2026-09-08T14:30:00Z,48,48
E_BTUIW-3,BTUIW-3,2026-09-08,32,2026-09-08T14:30:00Z,2026-09-08T15:00:00Z,49,49
E_BTUIW-3,BTUIW-3,2026-09-08,33,2026-09-08T15:00:00Z,2026-09-08T15:30:00Z,48,48
E_BTUIW-3,BTUIW-3,2026-09-08,34,2026-09-08T15:30:00Z,2026-09-08T16:00:00Z,49,49
E_BTUIW-3,BTUIW-3,2026-09-08,35,2026-09-08T16:00:00Z,2026-09-08T16:30:00Z,48,48
E_BTUIW-3,BTUIW-3,2026-09-08,36,2026-09-08T16:30:00Z,2026-09-08T17:00:00Z,49,49
E_BTUIW-3,BTUIW-3,2026-09-08,37,2026-09-08T17:00:00Z,2026-09-08T17:30:00Z,48,48
E_BTUIW-3,BTUIW-3,2026-09-08,38,2026-09-08T17:30:00Z,2026-09-08T18:00:00Z,49,49
E_BTUIW-3,BTUIW-3,2026-09-08,39,2026-09-08T18:00:00Z,2026-09-08T18:30:00Z,48,48
E_BTUIW-3,BTUIW-3,2026-09-08,40,2026-09-08T18:30:00Z,2026-09-08T19:00:00Z,49,49
E_BTUIW-3,BTUIW-3,2026-09-08,41,2026-09-08T19:00:00Z,2026-09-08T19:30:00Z,48,48
E_BTUIW-3,BTUIW-3,2026-09-08,42,2026-09-08T19:30:00Z,2026-09-08T20:00:00Z,48,48
E_BTUIW-3,BTUIW-3,2026-09-08,43,2026-09-08T20:00:00Z,2026-09-08T20:30:00Z,48,48
E_BTUIW-3,BTUIW-3,2026-09-08,44,2026-09-08T20:30:00Z,2026-09-08T21:00:00Z,48,48
E_BTUIW-3,BTUIW-3,2026-09-08,45,2026-09-08T21:00:00Z,2026-09-08T21:30:00Z,46,46
E_BTUIW-3,BTUIW-3,2026-09-08,46,2026-09-08T21:30:00Z,2026-09-08T22:00:00Z,47,47
E_BTUIW-3,BTUIW-3,2026-09-08,47,2026-09-08T22:00:00Z,2026-09-08T22:30:00Z,46,46
E_BTUIW-3,BTUIW-3,2026-09-08,48,2026-09-08T22:30:00Z,2026-09-08T23:00:00Z,47,47
E_BURBO,BURBW-1,2026-09-08,1,2026-09-07T23:00:00Z,2026-09-07T23:30:00Z,37,39
E_BURBO,BURBW-1,2026-09-08,2,2026-09-07T23:30:00Z,2026-09-08T00:00:00Z,39,41
E_BURBO,BURBW-1,2026-09-08,3,2026-09-08T00:00:00Z,2026-09-08T00:30:00Z,41,44
E_BURBO,BURBW-1,2026-09-08,4,2026-09-08T00:30:00Z,2026-09-08T01:00:00Z,44,45
E_BURBO,BURBW-1,2026-09-08,5,2026-09-08T01:00:00Z,2026-09-08T01:30:00Z,45,45
E_BURBO,BURBW-1,2026-09-08,6,2026-09-08T01:30:00Z,2026-09-08T02:00:00Z,45,44
E_BURBO,BURBW-1,2026-09-08,7,2026-09-08T02:00:00Z,2026-09-08T02:30:00Z,52,52
E_BURBO,BURBW-1,2026-09-08,8,2026-09-08T02:30:00Z,2026-09-08T03:00:00Z,52,51
E_BURBO,BURBW-1,2026-09-08,9,2026-09-08T03:00:00Z,2026-09-08T03:30:00Z,49,51
E_BURBO,BURBW-1,2026-09-08,10,2026-09-08T03:30:00Z,2026-09-08T04:00:00Z,51,52
E_BURBO,BURBW-1,2026-09-08,11,2026-09-08T04:00:00Z,2026-09-08T04:30:00Z,49,52
E_BURBO,BURBW-1,2026-09-08,12,2026-09-08T04:30:00Z,2026-09-08T05:00:00Z,52,56
E_BURBO,BURBW-1,2026-09-08,13,2026-09-08T05:00:00Z,2026-09-08T05:30:00Z,50,54
E_BURBO,BURBW-1,2026-09-08,14,2026-09-08T05:30:00Z,2026-09-08T06:00:00Z,54,59
E_BURBO,BURBW-1,2026-09-08,15,2026-09-08T06:00:00Z,2026-09-08T06:30:00Z,62,65
E_BURBO,BURBW-1,2026-09-08,16,2026-09-08T06:30:00Z,2026-09-08T07:00:00Z,65,67
E_BURBO,BURBW-1,2026-09-08,17,2026-09-08T07:00:00Z,2026-09-08T07:30:00Z,64,66
E_BURBO,BURBW-1,2026-09-08,18,2026-09-08T07:30:00Z,2026-09-08T08:00:00Z,66,66
E_BURBO,BURBW-1,2026-09-08,19,2026-09-08T08:00:00Z,2026-09-08T08:30:00Z,68,68
E_BURBO,BURBW-1,2026-09-08,20,2026-09-08T08:30:00Z,2026-09-08T09:00:00Z,68,67
E_BURBO,BURBW-1,2026-09-08,21,2026-09-08T09:00:00Z,2026-09-08T09:30:00Z,68,68
E_BURBO,BURBW-1,2026-09-08,22,2026-09-08T09:30:00Z,2026-09-08T10:00:00Z,69,70
E_BURBO,BURBW-1,2026-09-08,23,2026-09-08T10:00:00Z,2026-09-08T10:30:00Z,69,71
E_BURBO,BURBW-1,2026-09-08,24,2026-09-08T10:30:00Z,2026-09-08T11:00:00Z,71,72
E_BURBO,BURBW-1,2026-09-08,25,2026-09-08T11:00:00Z,2026-09-08T11:30:00Z,72,74
E_BURBO,BURBW-1,2026-09-08,26,2026-09-08T11:30:00Z,2026-09-08T12:00:00Z,74,76
E_BURBO,BURBW-1,2026-09-08,27,2026-09-08T12:00:00Z,2026-09-08T12:30:00Z,76,77
E_BURBO,BURBW-1,2026-09-08,28,2026-09-08T12:30:00Z,2026-09-08T13:00:00Z,77,79
E_BURBO,BURBW-1,2026-09-08,29,2026-09-08T13:00:00Z,2026-09-08T13:30:00Z,80,80
E_BURBO,BURBW-1,2026-09-08,30,2026-09-08T13:30:00Z,2026-09-08T14:00:00Z,80,80
E_BURBO,BURBW-1,2026-09-08,31,2026-09-08T14:00:00Z,2026-09-08T14:30:00Z,81,80
E_BURBO,BURBW-1,2026-09-08,32,2026-09-08T14:30:00Z,2026-09-08T15:00:00Z,80,80
E_BURBO,BURBW-1,2026-09-08,33,2026-09-08T15:00:00Z,2026-09-08T15:30:00Z,80,80
E_BURBO,BURBW-1,2026-09-08,34,2026-09-08T15:30:00Z,2026-09-08T16:00:00Z,80,79
E_BURBO,BURBW-1,2026-09-08,35,2026-09-08T16:00:00Z,2026-09-08T16:30:00Z,80,79
E_BURBO,BURBW-1,2026-09-08,36,2026-09-08T16:30:00Z,2026-09-08T17:00:00Z,79,79
E_BURBO,BURBW-1,2026-09-08,37,2026-09-08T17:00:00Z,2026-09-08T17:30:00Z,79,79
E_BURBO,BURBW-1,2026-09-08,38,2026-09-08T17:30:00Z,2026-09-08T18:00:00Z,79,80
E_BURBO,BURBW-1,2026-09-08,39,2026-09-08T18:00:00Z,2026-09-08T18:30:00Z,80,81
E_BURBO,BURBW-1,2026-09-08,40,2026-09-08T18:30:00Z,2026-09-08T19:00:00Z,81,82
E_BURBO,BURBW-1,2026-09-08,41,2026-09-08T19:00:00Z,2026-09-08T19:30:00Z,81,82
E_BURBO,BURBW-1,2026-09-08,42,2026-09-08T19:30:00Z,2026-09-08T20:00:00Z,82,82
E_BURBO,BURBW-1,2026-09-08,43,2026-09-08T20:00:00Z,2026-09-08T20:30:00Z,82,82
E_BURBO,BURBW-1,2026-09-08,44,2026-09-08T20:30:00Z,2026-09-08T21:00:00Z,82,82
E_BURBO,BURBW-1,2026-09-08,45,2026-09-08T21:00:00Z,2026-09-08T21:30:00Z,82,82
E_BURBO,BURBW-1,2026-09-08,46,2026-09-08T21:30:00Z,2026-09-08T22:00:00Z,82,82
E_BURBO,BURBW-1,2026-09-08,47,2026-09-08T22:00:00Z,2026-09-08T22:30:00Z,79,80
E_BURBO,BURBW-1,2026-09-08,48,2026-09-08T22:30:00Z,2026-09-08T23:00:00Z,80,81
E_CLDRW-1,CLDRW-1,2026-09-08,1,2026-09-07T23:00:00Z,2026-09-07T23:15:00Z,22,22
E_CLDRW-1,CLDRW-1,2026-09-08,1,2026-09-07T23:15:00Z,2026-09-07T23:30:00Z,22,22
E_CLDRW-1,CLDRW-1,2026-09-08,2,2026-09-07T23:30:00Z,2026-09-07T23:45:00Z,21,21
E_CLDRW-1,CLDRW-1,2026-09-08,2,2026-09-07T23:45:00Z,2026-09-08T00:00:00Z,22,22
E_CLDRW-1,CLDRW-1,2026-09-08,3,2026-09-08T00:00:00Z,2026-09-08T00:15:00Z,25,25
E_CLDRW-1,CLDRW-1,2026-09-08,3,2026-09-08T00:15:00Z,2026-09-08T00:30:00Z,24,24
E_CLDRW-1,CLDRW-1,2026-09-08,4,2026-09-08T00:30:00Z,2026-09-08T00:45:00Z,24,24
E_CLDRW-1,CLDRW-1,2026-09-08,4,2026-09-08T00:45:00Z,2026-09-08T01:00:00Z,23,23
E_CLDRW-1,CLDRW-1,2026-09-08,5,2026-09-08T01:00:00Z,2026-09-08T01:15:00Z,23,23
E_CLDRW-1,CLDRW-1,2026-09-08,5,2026-09-08T01:15:00Z,2026-09-08T01:30:00Z,24,24
E_CLDRW-1,CLDRW-1,2026-09-08,6,2026-09-08T01:30:00Z,2026-09-08T01:45:00Z,24,24
E_CLDRW-1,CLDRW-1,2026-09-08,6,2026-09-08T01:45:00Z,2026-09-08T02:00:00Z,23,23
E_CLDRW-1,CLDRW-1,2026-09-08,7,2026-09-08T02:00:00Z,2026-09-08T02:15:00Z,24,24
E_CLDRW-1,CLDRW-1,2026-09-08,7,2026-09-08T02:15:00Z,2026-09-08T02:30:00Z,24,24
E_CLDRW-1,CLDRW-1,2026-09-08,8,2026-09-08T02:30:00Z,2026-09-08T02:45:00Z,24,24
E_CLDRW-1,CLDRW-1,2026-09-08,8,2026-09-08T02:45:00Z,2026-09-08T03:00:00Z,25,25
E_CLDRW-1,CLDRW-1,2026-09-08,9,2026-09-08T03:00:00Z,2026-09-08T03:15:00Z,25,25
E_CLDRW-1,CLDRW-1,2026-09-08,9,2026-09-08T03:15:00Z,2026-09-08T03:30:00Z,24,24
E_CLDRW-1,CLDRW-1,2026-09-08,10,2026-09-08T03:30:00Z,2026-09-08T03:45:00Z,24,24
E_CLDRW-1,CLDRW-1,2026-09-08,10,2026-09-08T03:45:00Z,2026-09-08T04:00:00Z,24,24
E_CLDRW-1,CLDRW-1,2026-09-08,11,2026-09-08T04:00:00Z,2026-09-08T04:15:00Z,24,24
E_CLDRW-1,CLDRW-1,2026-09-08,11,2026-09-08T04:15:00Z,2026-09-08T04:30:00Z,24,24
E_CLDRW-1,CLDRW-1,2026-09-08,12,2026-09-08T04:30:00Z,2026-09-08T04:45:00Z,23,23
E_CLDRW-1,CLDRW-1,2026-09-08,12,2026-09-08T04:45:00Z,2026-09-08T05:00:00Z,21,21
E_CLDRW-1,CLDRW-1,2026-09-08,13,2026-09-08T05:00:00Z,2026-09-08T05:15:00Z,20,20
E_CLDRW-1,CLDRW-1,2026-09-08,13,2026-09-08T05:15:00Z,2026-09-08T05:30:00Z,19,19
E_CLDRW-1,CLDRW-1,2026-09-08,14,2026-09-08T05:30:00Z,2026-09-08T05:45:00Z,18,18
E_CLDRW-1,CLDRW-1,2026-09-08,14,2026-09-08T05:45:00Z,2026-09-08T06:00:00Z,17,17
E_CLDRW-1,CLDRW-1,2026-09-08,15,2026-09-08T06:00:00Z,2026-09-08T06:15:00Z,17,17
E_CLDRW-1,CLDRW-1,2026-09-08,15,2026-09-08T06:15:00Z,2026-09-08T06:30:00Z,19,19
E_CLDRW-1,CLDRW-1,2026-09-08,16,2026-09-08T06:30:00Z,2026-09-08T06:45:00Z,20,20
E_CLDRW-1,CLDRW-1,2026-09-08,16,2026-09-08T06:45:00Z,2026-09-08T07:00:00Z,23,23
E_CLDRW-1,CLDRW-1,2026-09-08,17,2026-09-08T07:00:00Z,2026-09-08T07:15:00Z,22,22
E_CLDRW-1,CLDRW-1,2026-09-08,17,2026-09-08T07:15:00Z,2026-09-08T07:30:00Z,22,22
E_CLDRW-1,CLDRW-1,2026-09-08,18,2026-09-08T07:30:00Z,2026-09-08T07:45:00Z,25,25
E_CLDRW-1,CLDRW-1,2026-09-08,18,2026-09-08T07:45:00Z,2026-09-08T08:00:00Z,24,24
E_CLDRW-1,CLDRW-1,2026-09-08,19,2026-09-08T08:00:00Z,2026-09-08T08:15:00Z,24,24
E_CLDRW-1,CLDRW-1,2026-09-08,19,2026-09-08T08:15:00Z,2026-09-08T08:30:00Z,25,25
E_CLDRW-1,CLDRW-1,2026-09-08,20,2026-09-08T08:30:00Z,2026-09-08T08:45:00Z,26,26
E_CLDRW-1,CLDRW-1,2026-09-08,20,2026-09-08T08:45:00Z,2026-09-08T09:00:00Z,26,26
E_CLDRW-1,CLDRW-1,2026-09-08,21,2026-09-08T09:00:00Z,2026-09-08T09:15:00Z,26,26
E_CLDRW-1,CLDRW-1,2026-09-08,21,2026-09-08T09:15:00Z,2026-09-08T09:30:00Z,28,28
E_CLDRW-1,CLDRW-1,2026-09-08,22,2026-09-08T09:30:00Z,2026-09-08T09:45:00Z,28,28
E_CLDRW-1,CLDRW-1,2026-09-08,22,2026-09-08T09:45:00Z,2026-09-08T10:00:00Z,29,29
E_CLDRW-1,CLDRW-1,2026-09-08,23,2026-09-08T10:00:00Z,2026-09-08T10:15:00Z,29,29
E_CLDRW-1,CLDRW-1,2026-09-08,23,2026-09-08T10:15:00Z,2026-09-08T10:30:00Z,29,29
E_CLDRW-1,CLDRW-1,2026-09-08,24,2026-09-08T10:30:00Z,2026-09-08T10:45:00Z,29,29
E_CLDRW-1,CLDRW-1,2026-09-08,24,2026-09-08T10:45:00Z,2026-09-08T11:00:00Z,29,29
E_CLDRW-1,CLDRW-1,2026-09-08,25,2026-09-08T11:00:00Z,2026-09-08T11:15:00Z,29,29
E_CLDRW-1,CLDRW-1,2026-09-08,25,2026-09-08T11:15:00Z,2026-09-08T11:30:00Z,28,28
E_CLDRW-1,CLDRW-1,2026-09-08,26,2026-09-08T11:30:00Z,2026-09-08T11:45:00Z,29,29
E_CLDRW-1,CLDRW-1,2026-09-08,26,2026-09-08T11:45:00Z,2026-09-08T12:00:00Z,28,28
E_CLDRW-1,CLDRW-1,2026-09-08,27,2026-09-08T12:00:00Z,2026-09-08T12:15:00Z,29,29
E_CLDRW-1,CLDRW-1,2026-09-08,27,2026-09-08T12:15:00Z,2026-09-08T12:30:00Z,28,28
E_CLDRW-1,CLDRW-1,2026-09-08,28,2026-09-08T12:30:00Z,2026-09-08T12:45:00Z,29,29
E_CLDRW-1,CLDRW-1,2026-09-08,28,2026-09-08T12:45:00Z,2026-09-08T13:00:00Z,27,27
E_CLDRW-1,CLDRW-1,2026-09-08,29,2026-09-08T13:00:00Z,2026-09-08T13:15:00Z,26,26
E_CLDRW-1,CLDRW-1,2026-09-08,29,2026-09-08T13:15:00Z,2026-09-08T13:30:00Z,26,26
E_CLDRW-1,CLDRW-1,2026-09-08,30,2026-09-08T13:30:00Z,2026-09-08T13:45:00Z,28,28
E_CLDRW-1,CLDRW-1,2026-09-08,30,2026-09-08T13:45:00Z,2026-09-08T14:00:00Z,27,27
E_CLDRW-1,CLDRW-1,2026-09-08,31,2026-09-08T14:00:00Z,2026-09-08T14:15:00Z,26,26
E_CLDRW-1,CLDRW-1,2026-09-08,31,2026-09-08T14:15:00Z,2026-09-08T14:30:00Z,26,26
E_CLDRW-1,CLDRW-1,2026-09-08,32,2026-09-08T14:30:00Z,2026-09-08T14:45:00Z,26,26
E_CLDRW-1,CLDRW-1,2026-09-08,32,2026-09-08T14:45:00Z,2026-09-08T15:00:00Z,27,27
E_CLDRW-1,CLDRW-1,2026-09-08,33,2026-09-08T15:00:00Z,2026-09-08T15:15:00Z,29,29
E_CLDRW-1,CLDRW-1,2026-09-08,33,2026-09-08T15:15:00Z,2026-09-08T15:30:00Z,29,29
E_CLDRW-1,CLDRW-1,2026-09-08,34,2026-09-08T15:30:00Z,2026-09-08T15:45:00Z,30,30
E_CLDRW-1,CLDRW-1,2026-09-08,34,2026-09-08T15:45:00Z,2026-09-08T16:00:00Z,30,30
E_CLDRW-1,CLDRW-1,2026-09-08,35,2026-09-08T16:00:00Z,2026-09-08T16:15:00Z,31,31
E_CLDRW-1,CLDRW-1,2026-09-08,35,2026-09-08T16:15:00Z,2026-09-08T16:30:00Z,32,32
E_CLDRW-1,CLDRW-1,2026-09-08,36,2026-09-08T16:30:00Z,2026-09-08T16:45:00Z,33,33
E_CLDRW-1,CLDRW-1,2026-09-08,36,2026-09-08T16:45:00Z,2026-09-08T17:00:00Z,32,32
E_CLDRW-1,CLDRW-1,2026-09-08,37,2026-09-08T17:00:00Z,2026-09-08T17:15:00Z,32,32
E_CLDRW-1,CLDRW-1,2026-09-08,37,2026-09-08T17:15:00Z,2026-09-08T17:30:00Z,32,32
E_CLDRW-1,CLDRW-1,2026-09-08,38,2026-09-08T17:30:00Z,2026-09-08T17:45:00Z,31,31
E_CLDRW-1,CLDRW-1,2026-09-08,38,2026-09-08T17:45:00Z,2026-09-08T18:00:00Z,31,31
E_CLDRW-1,CLDRW-1,2026-09-08,39,2026-09-08T18:00:00Z,2026-09-08T18:15:00Z,29,29
E_CLDRW-1,CLDRW-1,2026-09-08,39,2026-09-08T18:15:00Z,2026-09-08T18:30:00Z,29,29
E_CLDRW-1,CLDRW-1,2026-09-08,40,2026-09-08T18:30:00Z,2026-09-08T18:45:00Z,30,30
E_CLDRW-1,CLDRW-1,2026-09-08,40,2026-09-08T18:45:00Z,2026-09-08T19:00:00Z,30,30
E_CLDRW-1,CLDRW-1,2026-09-08,41,2026-09-08T19:00:00Z,2026-09-08T19:15:00Z,29,29
E_CLDRW-1,CLDRW-1,2026-09-08,41,2026-09-08T19:15:00Z,2026-09-08T19:30:00Z,28,28
E_CLDRW-1,CLDRW-1,2026-09-08,42,2026-09-08T19:30:00Z,2026-09-08T19:45:00Z,28,28
E_CLDRW-1,CLDRW-1,2026-09-08,42,2026-09-08T19:45:00Z,2026-09-08T20:00:00Z,27,27
E_CLDRW-1,CLDRW-1,2026-09-08,43,2026-09-08T20:00:00Z,2026-09-08T20:15:00Z,28,28
E_CLDRW-1,CLDRW-1,2026-09-08,43,2026-09-08T20:15:00Z,2026-09-08T20:30:00Z,27,27
E_CLDRW-1,CLDRW-1,2026-09-08,44,2026-09-08T20:30:00Z,2026-09-08T20:45:00Z,28,28
E_CLDRW-1,CLDRW-1,2026-09-08,44,2026-09-08T20:45:00Z,2026-09-08T21:00:00Z,27,27
E_CLDRW-1,CLDRW-1,2026-09-08,45,2026-09-08T21:00:00Z,2026-09-08T21:15:00Z,28,28
E_CLDRW-1,CLDRW-1,2026-09-08,45,2026-09-08T21:15:00Z,2026-09-08T21:30:00Z,26,26
E_CLDRW-1,CLDRW-1,2026-09-08,46,2026-09-08T21:30:00Z,2026-09-08T21:45:00Z,25,25
E_CLDRW-1,CLDRW-1,2026-09-08,46,2026-09-08T21:45:00Z,2026-09-08T22:00:00Z,24,24
E_CLDRW-1,CLDRW-1,2026-09-08,47,2026-09-08T22:00:00Z,2026-09-08T22:15:00Z,26,26
E_CLDRW-1,CLDRW-1,2026-09-08,47,2026-09-08T22:15:00Z,2026-09-08T22:30:00Z,23,23
E_CLDRW-1,CLDRW-1,2026-09-08,48,2026-09-08T22:30:00Z,2026-09-08T22:45:00Z,23,23
E_CLDRW-1,CLDRW-1,2026-09-08,48,2026-09-08T22:45:00Z,2026-09-08T23:00:00Z,23,23
E_CLFLW-1,CLFLW-1,2026-09-08,1,2026-09-07T23:00:00Z,2026-09-07T23:30:00Z,2,2
E_CLFLW-1,CLFLW-1,2026-09-08,2,2026-09-07T23:30:00Z,2026-09-08T00:00:00Z,2,2
E_CLFLW-1,CLFLW-1,2026-09-08,3,2026-09-08T00:00:00Z,2026-09-08T00:30:00Z,2,2
E_CLFLW-1,CLFLW-1,2026-09-08,4,2026-09-08T00:30:00Z,2026-09-08T01:00:00Z,2,2
E_CLFLW-1,CLFLW-1,2026-09-08,5,2026-09-08T01:00:00Z,2026-09-08T01:30:00Z,2,2
E_CLFLW-1,CLFLW-1,2026-09-08,6,2026-09-08T01:30:00Z,2026-09-08T02:00:00Z,2,2
E_CLFLW-1,CLFLW-1,2026-09-08,7,2026-09-08T02:00:00Z,2026-09-08T02:30:00Z,3,3
E_CLFLW-1,CLFLW-1,2026-09-08,8,2026-09-08T02:30:00Z,2026-09-08T03:00:00Z,2,2
E_CLFLW-1,CLFLW-1,2026-09-08,9,2026-09-08T03:00:00Z,2026-09-08T03:30:00Z,2,2
E_CLFLW-1,CLFLW-1,2026-09-08,10,2026-09-08T03:30:00Z,2026-09-08T04:00:00Z,2,2
E_CLFLW-1,CLFLW-1,2026-09-08,11,2026-09-08T04:00:00Z,2026-09-08T04:30:00Z,2,2
E_CLFLW-1,CLFLW-1,2026-09-08,12,2026-09-08T04:30:00Z,2026-09-08T05:00:00Z,2,2
E_CLFLW-1,CLFLW-1,2026-09-08,13,2026-09-08T05:00:00Z,2026-09-08T05:30:00Z,2,2
E_CLFLW-1,CLFLW-1,2026-09-08,14,2026-09-08T05:30:00Z,2026-09-08T06:00:00Z,1,1
E_CLFLW-1,CLFLW-1,2026-09-08,15,2026-09-08T06:00:00Z,2026-09-08T06:30:00Z,2,2
E_CLFLW-1,CLFLW-1,2026-09-08,16,2026-09-08T06:30:00Z,2026-09-08T07:00:00Z,2,2
E_CLFLW-1,CLFLW-1,2026-09-08,17,2026-09-08T07:00:00Z,2026-09-08T07:30:00Z,2,2
E_CLFLW-1,CLFLW-1,2026-09-08,18,2026-09-08T07:30:00Z,2026-09-08T08:00:00Z,2,2
E_CLFLW-1,CLFLW-1,2026-09-08,19,2026-09-08T08:00:00Z,2026-09-08T08:30:00Z,2,2
E_CLFLW-1,CLFLW-1,2026-09-08,20,2026-09-08T08:30:00Z,2026-09-08T09:00:00Z,2,2
E_CLFLW-1,CLFLW-1,2026-09-08,21,2026-09-08T09:00:00Z,2026-09-08T09:30:00Z,2,2
E_CLFLW-1,CLFLW-1,2026-09-08,22,2026-09-08T09:30:00Z,2026-09-08T10:00:00Z,2,2
E_CLFLW-1,CLFLW-1,2026-09-08,23,2026-09-08T10:00:00Z,2026-09-08T10:30:00Z,3,3
E_CLFLW-1,CLFLW-1,2026-09-08,24,2026-09-08T10:30:00Z,2026-09-08T11:00:00Z,3,3
E_CLFLW-1,CLFLW-1,2026-09-08,25,2026-09-08T11:00:00Z,2026-09-08T11:30:00Z,3,3
E_CLFLW-1,CLFLW-1,2026-09-08,26,2026-09-08T11:30:00Z,2026-09-08T12:00:00Z,3,3
E_CLFLW-1,CLFLW-1,2026-09-08,27,2026-09-08T12:00:00Z,2026-09-08T12:30:00Z,3,3
E_CLFLW-1,CLFLW-1,2026-09-08,28,2026-09-08T12:30:00Z,2026-09-08T13:00:00Z,3,3
E_CLFLW-1,CLFLW-1,2026-09-08,29,2026-09-08T13:00:00Z,2026-09-08T13:30:00Z,3,3
E_CLFLW-1,CLFLW-1,2026-09-08,30,2026-09-08T13:30:00Z,2026-09-08T14:00:00Z,4,4
E_CLFLW-1,CLFLW-1,2026-09-08,31,2026-09-08T14:00:00Z,2026-09-08T14:30:00Z,9,9
E_CLFLW-1,CLFLW-1,2026-09-08,32,2026-09-08T14:30:00Z,2026-09-08T15:00:00Z,6,6
E_CLFLW-1,CLFLW-1,2026-09-08,33,2026-09-08T15:00:00Z,2026-09-08T15:30:00Z,6,6
E_CLFLW-1,CLFLW-1,2026-09-08,34,2026-09-08T15:30:00Z,2026-09-08T16:00:00Z,5,5
E_CLFLW-1,CLFLW-1,2026-09-08,35,2026-09-08T16:00:00Z,2026-09-08T16:30:00Z,6,6
E_CLFLW-1,CLFLW-1,2026-09-08,36,2026-09-08T16:30:00Z,2026-09-08T17:00:00Z,5,5
E_CLFLW-1,CLFLW-1,2026-09-08,37,2026-09-08T17:00:00Z,2026-09-08T17:30:00Z,5,5
E_CLFLW-1,CLFLW-1,2026-09-08,38,2026-09-08T17:30:00Z,2026-09-08T18:00:00Z,5,5
E_CLFLW-1,CLFLW-1,2026-09-08,39,2026-09-08T18:00:00Z,2026-09-08T18:30:00Z,4,4
E_CLFLW-1,CLFLW-1,2026-09-08,40,2026-09-08T18:30:00Z,2026-09-08T19:00:00Z,4,4
E_CLFLW-1,CLFLW-1,2026-09-08,41,2026-09-08T19:00:00Z,2026-09-08T19:30:00Z,4,4
E_CLFLW-1,CLFLW-1,2026-09-08,42,2026-09-08T19:30:00Z,2026-09-08T20:00:00Z,4,4
E_CLFLW-1,CLFLW-1,2026-09-08,43,2026-09-08T20:00:00Z,2026-09-08T20:30:00Z,3,3
E_CLFLW-1,CLFLW-1,2026-09-08,44,2026-09-08T20:30:00Z,2026-09-08T21:00:00Z,2,2
E_CLFLW-1,CLFLW-1,2026-09-08,45,2026-09-08T21:00:00Z,2026-09-08T21:30:00Z,1,1
E_CLFLW-1,CLFLW-1,2026-09-08,46,2026-09-08T21:30:00Z,2026-09-08T22:00:00Z,1,1
E_CLFLW-1,CLFLW-1,2026-09-08,47,2026-09-08T22:00:00Z,2026-09-08T22:30:00Z,0,0
E_CLFLW-1,CLFLW-1,2026-09-08,48,2026-09-08T22:30:00Z,2026-09-08T23:00:00Z,0,0
E_CMSTW-2,CMSTW-2,2026-09-08,1,2026-09-07T23:00:00Z,2026-09-07T23:30:00Z,30,30
E_CMSTW-2,CMSTW-2,2026-09-08,2,2026-09-07T23:30:00Z,2026-09-08T00:00:00Z,30,30
E_CMSTW-2,CMSTW-2,2026-09-08,3,2026-09-08T00:00:00Z,2026-09-08T00:30:00Z,30,30
E_CMSTW-2,CMSTW-2,2026-09-08,4,2026-09-08T00:30:00Z,2026-09-08T01:00:00Z,30,30
E_CMSTW-2,CMSTW-2,2026-09-08,5,2026-09-08T01:00:00Z,2026-09-08T01:30:00Z,30,30
E_CMSTW-2,CMSTW-2,2026-09-08,6,2026-09-08T01:30:00Z,2026-09-08T02:00:00Z,29,29
E_CMSTW-2,CMSTW-2,2026-09-08,7,2026-09-08T02:00:00Z,2026-09-08T02:30:00Z,29,29
E_CMSTW-2,CMSTW-2,2026-09-08,8,2026-09-08T02:30:00Z,2026-09-08T03:00:00Z,28,28
E_CMSTW-2,CMSTW-2,2026-09-08,9,2026-09-08T03:00:00Z,2026-09-08T03:30:00Z,28,28
E_CMSTW-2,CMSTW-2,2026-09-08,10,2026-09-08T03:30:00Z,2026-09-08T04:00:00Z,24,24
E_CMSTW-2,CMSTW-2,2026-09-08,11,2026-09-08T04:00:00Z,2026-09-08T04:30:00Z,23,23
E_CMSTW-2,CMSTW-2,2026-09-08,12,2026-09-08T04:30:00Z,2026-09-08T05:00:00Z,22,22
E_CMSTW-2,CMSTW-2,2026-09-08,13,2026-09-08T05:00:00Z,2026-09-08T05:30:00Z,22,22
E_CMSTW-2,CMSTW-2,2026-09-08,14,2026-09-08T05:30:00Z,2026-09-08T06:00:00Z,22,22
E_CMSTW-2,CMSTW-2,2026-09-08,15,2026-09-08T06:00:00Z,2026-09-08T06:30:00Z,22,22
E_CMSTW-2,CMSTW-2,2026-09-08,16,2026-09-08T06:30:00Z,2026-09-08T07:00:00Z,26,26
E_CMSTW-2,CMSTW-2,2026-09-08,17,2026-09-08T07:00:00Z,2026-09-08T07:30:00Z,26,26
E_CMSTW-2,CMSTW-2,2026-09-08,18,2026-09-08T07:30:00Z,2026-09-08T08:00:00Z,27,27
E_CMSTW-2,CMSTW-2,2026-09-08,19,2026-09-08T08:00:00Z,2026-09-08T08:30:00Z,27,27
E_CMSTW-2,CMSTW-2,2026-09-08,20,2026-09-08T08:30:00Z,2026-09-08T09:00:00Z,26,26
E_CMSTW-2,CMSTW-2,2026-09-08,21,2026-09-08T09:00:00Z,2026-09-08T09:30:00Z,24,24
E_CMSTW-2,CMSTW-2,2026-09-08,22,2026-09-08T09:30:00Z,2026-09-08T10:00:00Z,18,18
E_CMSTW-2,CMSTW-2,2026-09-08,23,2026-09-08T10:00:00Z,2026-09-08T10:30:00Z,14,14
E_CMSTW-2,CMSTW-2,2026-09-08,24,2026-09-08T10:30:00Z,2026-09-08T11:00:00Z,10,10
E_CMSTW-2,CMSTW-2,2026-09-08,25,2026-09-08T11:00:00Z,2026-09-08T11:30:00Z,9,9
E_CMSTW-2,CMSTW-2,2026-09-08,26,2026-09-08T11:30:00Z,2026-09-08T12:00:00Z,3,3
E_CMSTW-2,CMSTW-2,2026-09-08,27,2026-09-08T12:00:00Z,2026-09-08T12:30:00Z,11,11
E_CMSTW-2,CMSTW-2,2026-09-08,28,2026-09-08T12:30:00Z,2026-09-08T13:00:00Z,16,16
E_CMSTW-2,CMSTW-2,2026-09-08,29,2026-09-08T13:00:00Z,2026-09-08T13:30:00Z,19,19
E_CMSTW-2,CMSTW-2,2026-09-08,30,2026-09-08T13:30:00Z,2026-09-08T14:00:00Z,25,25
E_CMSTW-2,CMSTW-2,2026-09-08,31,2026-09-08T14:00:00Z,2026-09-08T14:30:00Z,27,27
E_CMSTW-2,CMSTW-2,2026-09-08,32,2026-09-08T14:30:00Z,2026-09-08T15:00:00Z,27,27
E_CMSTW-2,CMSTW-2,2026-09-08,33,2026-09-08T15:00:00Z,2026-09-08T15:30:00Z,27,27
E_CMSTW-2,CMSTW-2,2026-09-08,34,2026-09-08T15:30:00Z,2026-09-08T16:00:00Z,25,25
E_CMSTW-2,CMSTW-2,2026-09-08,35,2026-09-08T16:00:00Z,2026-09-08T16:30:00Z,24,24
E_CMSTW-2,CMSTW-2,2026-09-08,36,2026-09-08T16:30:00Z,2026-09-08T17:00:00Z,23,23
E_CMSTW-2,CMSTW-2,2026-09-08,37,2026-09-08T17:00:00Z,2026-09-08T17:30:00Z,22,22
E_CMSTW-2,CMSTW-2,2026-09-08,38,2026-09-08T17:30:00Z,2026-09-08T18:00:00Z,21,21
E_CMSTW-2,CMSTW-2,2026-09-08,39,2026-09-08T18:00:00Z,2026-09-08T18:30:00Z,20,20
E_CMSTW-2,CMSTW-2,2026-09-08,40,2026-09-08T18:30:00Z,2026-09-08T19:00:00Z,20,20
E_CMSTW-2,CMSTW-2,2026-09-08,41,2026-09-08T19:00:00Z,2026-09-08T19:30:00Z,20,20
E_CMSTW-2,CMSTW-2,2026-09-08,42,2026-09-08T19:30:00Z,2026-09-08T20:00:00Z,20,20
E_CMSTW-2,CMSTW-2,2026-09-08,43,2026-09-08T20:00:00Z,2026-09-08T20:30:00Z,20,20
E_CMSTW-2,CMSTW-2,2026-09-08,44,2026-09-08T20:30:00Z,2026-09-08T21:00:00Z,20,20
E_CMSTW-2,CMSTW-2,2026-09-08,45,2026-09-08T21:00:00Z,2026-09-08T21:30:00Z,20,20
E_CMSTW-2,CMSTW-2,2026-09-08,46,2026-09-08T21:30:00Z,2026-09-08T22:00:00Z,19,19
E_CMSTW-2,CMSTW-2,2026-09-08,47,2026-09-08T22:00:00Z,2026-09-08T22:30:00Z,19,19
E_CMSTW-2,CMSTW-2,2026-09-08,48,2026-09-08T22:30:00Z,2026-09-08T23:00:00Z,18,18
E_CNCLW-1,CNCLW-1,2026-09-08,1,2026-09-07T23:00:00Z,2026-09-07T23:30:00Z,28,28
E_CNCLW-1,CNCLW-1,2026-09-08,2,2026-09-07T23:30:00Z,2026-09-08T00:00:00Z,28,28
E_CNCLW-1,CNCLW-1,2026-09-08,3,2026-09-08T00:00:00Z,2026-09-08T00:30:00Z,28,28
E_CNCLW-1,CNCLW-1,2026-09-08,4,2026-09-08T00:30:00Z,2026-09-08T01:00:00Z,28,28
E_CNCLW-1,CNCLW-1,2026-09-08,5,2026-09-08T01:00:00Z,2026-09-08T01:30:00Z,28,28
E_CNCLW-1,CNCLW-1,2026-09-08,6,2026-09-08T01:30:00Z,2026-09-08T02:00:00Z,28,29
E_CNCLW-1,CNCLW-1,2026-09-08,7,2026-09-08T02:00:00Z,2026-09-08T02:30:00Z,29,29
E_CNCLW-1,CNCLW-1,2026-09-08,8,2026-09-08T02:30:00Z,2026-09-08T03:00:00Z,29,28
E_CNCLW-1,CNCLW-1,2026-09-08,9,2026-09-08T03:00:00Z,2026-09-08T03:30:00Z,28,29
E_CNCLW-1,CNCLW-1,2026-09-08,10,2026-09-08T03:30:00Z,2026-09-08T04:00:00Z,29,29
E_CNCLW-1,CNCLW-1,2026-09-08,11,2026-09-08T04:00:00Z,2026-09-08T04:30:00Z,29,29
E_CNCLW-1,CNCLW-1,2026-09-08,12,2026-09-08T04:30:00Z,2026-09-08T05:00:00Z,29,30
E_CNCLW-1,CNCLW-1,2026-09-08,13,2026-09-08T05:00:00Z,2026-09-08T05:30:00Z,30,30
E_CNCLW-1,CNCLW-1,2026-09-08,14,2026-09-08T05:30:00Z,2026-09-08T06:00:00Z,30,30
E_CNCLW-1,CNCLW-1,2026-09-08,15,2026-09-08T06:00:00Z,2026-09-08T06:30:00Z,30,30
E_CNCLW-1,CNCLW-1,2026-09-08,16,2026-09-08T06:30:00Z,2026-09-08T07:00:00Z,30,30
E_CNCLW-1,CNCLW-1,2026-09-08,17,2026-09-08T07:00:00Z,2026-09-08T07:30:00Z,30,30
E_CNCLW-1,CNCLW-1,2026-09-08,18,2026-09-08T07:30:00Z,2026-09-08T08:00:00Z,30,29
E_CNCLW-1,CNCLW-1,2026-09-08,19,2026-09-08T08:00:00Z,2026-09-08T08:30:00Z,29,29
E_CNCLW-1,CNCLW-1,2026-09-08,20,2026-09-08T08:30:00Z,2026-09-08T09:00:00Z,29,29
E_CNCLW-1,CNCLW-1,2026-09-08,21,2026-09-08T09:00:00Z,2026-09-08T09:30:00Z,29,30
E_CNCLW-1,CNCLW-1,2026-09-08,22,2026-09-08T09:30:00Z,2026-09-08T10:00:00Z,30,30
E_CNCLW-1,CNCLW-1,2026-09-08,23,2026-09-08T10:00:00Z,2026-09-08T10:30:00Z,30,30
E_CNCLW-1,CNCLW-1,2026-09-08,24,2026-09-08T10:30:00Z,2026-09-08T11:00:00Z,30,30
E_CNCLW-1,CNCLW-1,2026-09-08,25,2026-09-08T11:00:00Z,2026-09-08T11:30:00Z,30,30
E_CNCLW-1,CNCLW-1,2026-09-08,26,2026-09-08T11:30:00Z,2026-09-08T12:00:00Z,30,30
E_CNCLW-1,CNCLW-1,2026-09-08,27,2026-09-08T12:00:00Z,2026-09-08T12:30:00Z,30,30
E_CNCLW-1,CNCLW-1,2026-09-08,28,2026-09-08T12:30:00Z,2026-09-08T13:00:00Z,30,30
E_CNCLW-1,CNCLW-1,2026-09-08,29,2026-09-08T13:00:00Z,2026-09-08T13:30:00Z,30,30
E_CNCLW-1,CNCLW-1,2026-09-08,30,2026-09-08T13:30:00Z,2026-09-08T14:00:00Z,30,30
E_CNCLW-1,CNCLW-1,2026-09-08,31,2026-09-08T14:00:00Z,2026-09-08T14:30:00Z,30,28
E_CNCLW-1,CNCLW-1,2026-09-08,32,2026-09-08T14:30:00Z,2026-09-08T15:00:00Z,29,28
E_CNCLW-1,CNCLW-1,2026-09-08,33,2026-09-08T15:00:00Z,2026-09-08T15:30:00Z,28,28
E_CNCLW-1,CNCLW-1,2026-09-08,34,2026-09-08T15:30:00Z,2026-09-08T16:00:00Z,28,28
E_CNCLW-1,CNCLW-1,2026-09-08,35,2026-09-08T16:00:00Z,2026-09-08T16:30:00Z,28,26
E_CNCLW-1,CNCLW-1,2026-09-08,36,2026-09-08T16:30:00Z,2026-09-08T17:00:00Z,26,24
E_CNCLW-1,CNCLW-1,2026-09-08,37,2026-09-08T17:00:00Z,2026-09-08T17:30:00Z,24,23
E_CNCLW-1,CNCLW-1,2026-09-08,38,2026-09-08T17:30:00Z,2026-09-08T18:00:00Z,23,22
E_CNCLW-1,CNCLW-1,2026-09-08,39,2026-09-08T18:00:00Z,2026-09-08T18:30:00Z,22,22
E_CNCLW-1,CNCLW-1,2026-09-08,40,2026-09-08T18:30:00Z,2026-09-08T19:00:00Z,22,21
E_CNCLW-1,CNCLW-1,2026-09-08,41,2026-09-08T19:00:00Z,2026-09-08T19:30:00Z,21,21
E_CNCLW-1,CNCLW-1,2026-09-08,42,2026-09-08T19:30:00Z,2026-09-08T20:00:00Z,21,22
E_CNCLW-1,CNCLW-1,2026-09-08,43,2026-09-08T20:00:00Z,2026-09-08T20:30:00Z,22,19
E_CNCLW-1,CNCLW-1,2026-09-08,44,2026-09-08T20:30:00Z,2026-09-08T21:00:00Z,16,15
E_CNCLW-1,CNCLW-1,2026-09-08,45,2026-09-08T21:00:00Z,2026-09-08T21:30:00Z,15,14
E_CNCLW-1,CNCLW-1,2026-09-08,46,2026-09-08T21:30:00Z,2026-09-08T22:00:00Z,14,14
E_CNCLW-1,CNCLW-1,2026-09-08,47,2026-09-08T22:00:00Z,2026-09-08T22:30:00Z,14,12
E_CNCLW-1,CNCLW-1,2026-09-08,48,2026-09-08T22:30:00Z,2026-09-08T23:00:00Z,12,11
E_CRGTW-1,CRGTW-1,2026-09-08,1,2026-09-07T23:00:00Z,2026-09-07T23:30:00Z,3,3
E_CRGTW-1,CRGTW-1,2026-09-08,2,2026-09-07T23:30:00Z,2026-09-08T00:00:00Z,3,3
E_CRGTW-1,CRGTW-1,2026-09-08,3,2026-09-08T00:00:00Z,2026-09-08T00:30:00Z,3,3
E_CRGTW-1,CRGTW-1,2026-09-08,4,2026-09-08T00:30:00Z,2026-09-08T01:00:00Z,3,4
E_CRGTW-1,CRGTW-1,2026-09-08,5,2026-09-08T01:00:00Z,2026-09-08T01:30:00Z,4,4
E_CRGTW-1,CRGTW-1,2026-09-08,6,2026-09-08T01:30:00Z,2026-09-08T02:00:00Z,3,3
E_CRGTW-1,CRGTW-1,2026-09-08,7,2026-09-08T02:00:00Z,2026-09-08T02:30:00Z,3,4
E_CRGTW-1,CRGTW-1,2026-09-08,8,2026-09-08T02:30:00Z,2026-09-08T03:00:00Z,4,4
E_CRGTW-1,CRGTW-1,2026-09-08,9,2026-09-08T03:00:00Z,2026-09-08T03:30:00Z,4,4
E_CRGTW-1,CRGTW-1,2026-09-08,10,2026-09-08T03:30:00Z,2026-09-08T04:00:00Z,4,4
E_CRGTW-1,CRGTW-1,2026-09-08,11,2026-09-08T04:00:00Z,2026-09-08T04:30:00Z,4,3
E_CRGTW-1,CRGTW-1,2026-09-08,12,2026-09-08T04:30:00Z,2026-09-08T05:00:00Z,3,3
E_CRGTW-1,CRGTW-1,2026-09-08,13,2026-09-08T05:00:00Z,2026-09-08T05:30:00Z,3,3
E_CRGTW-1,CRGTW-1,2026-09-08,14,2026-09-08T05:30:00Z,2026-09-08T06:00:00Z,3,3
E_CRGTW-1,CRGTW-1,2026-09-08,15,2026-09-08T06:00:00Z,2026-09-08T06:30:00Z,3,3
E_CRGTW-1,CRGTW-1,2026-09-08,16,2026-09-08T06:30:00Z,2026-09-08T07:00:00Z,3,3
E_CRGTW-1,CRGTW-1,2026-09-08,17,2026-09-08T07:00:00Z,2026-09-08T07:30:00Z,3,3
E_CRGTW-1,CRGTW-1,2026-09-08,18,2026-09-08T07:30:00Z,2026-09-08T08:00:00Z,3,3
E_CRGTW-1,CRGTW-1,2026-09-08,19,2026-09-08T08:00:00Z,2026-09-08T08:30:00Z,3,4
E_CRGTW-1,CRGTW-1,2026-09-08,20,2026-09-08T08:30:00Z,2026-09-08T09:00:00Z,4,4
E_CRGTW-1,CRGTW-1,2026-09-08,21,2026-09-08T09:00:00Z,2026-09-08T09:30:00Z,4,4
E_CRGTW-1,CRGTW-1,2026-09-08,22,2026-09-08T09:30:00Z,2026-09-08T10:00:00Z,4,4
E_CRGTW-1,CRGTW-1,2026-09-08,23,2026-09-08T10:00:00Z,2026-09-08T10:30:00Z,4,4
E_CRGTW-1,CRGTW-1,2026-09-08,24,2026-09-08T10:30:00Z,2026-09-08T11:00:00Z,4,4
E_CRGTW-1,CRGTW-1,2026-09-08,25,2026-09-08T11:00:00Z,2026-09-08T11:30:00Z,4,4
E_CRGTW-1,CRGTW-1,2026-09-08,26,2026-09-08T11:30:00Z,2026-09-08T12:00:00Z,4,4
E_CRGTW-1,CRGTW-1,2026-09-08,27,2026-09-08T12:00:00Z,2026-09-08T12:30:00Z,4,4
E_CRGTW-1,CRGTW-1,2026-09-08,28,2026-09-08T12:30:00Z,2026-09-08T13:00:00Z,4,4
E_CRGTW-1,CRGTW-1,2026-09-08,29,2026-09-08T13:00:00Z,2026-09-08T13:30:00Z,4,4
E_CRGTW-1,CRGTW-1,2026-09-08,30,2026-09-08T13:30:00Z,2026-09-08T14:00:00Z,4,4
E_CRGTW-1,CRGTW-1,2026-09-08,31,2026-09-08T14:00:00Z,2026-09-08T14:30:00Z,4,4
E_CRGTW-1,CRGTW-1,2026-09-08,32,2026-09-08T14:30:00Z,2026-09-08T15:00:00Z,4,5
E_CRGTW-1,CRGTW-1,2026-09-08,33,2026-09-08T15:00:00Z,2026-09-08T15:30:00Z,5,4
E_CRGTW-1,CRGTW-1,2026-09-08,34,2026-09-08T15:30:00Z,2026-09-08T16:00:00Z,4,4
E_CRGTW-1,CRGTW-1,2026-09-08,35,2026-09-08T16:00:00Z,2026-09-08T16:30:00Z,4,4
E_CRGTW-1,CRGTW-1,2026-09-08,36,2026-09-08T16:30:00Z,2026-09-08T17:00:00Z,4,4
E_CRGTW-1,CRGTW-1,2026-09-08,37,2026-09-08T17:00:00Z,2026-09-08T17:30:00Z,4,4
E_CRGTW-1,CRGTW-1,2026-09-08,38,2026-09-08T17:30:00Z,2026-09-08T18:00:00Z,4,3
E_CRGTW-1,CRGTW-1,2026-09-08,39,2026-09-08T18:00:00Z,2026-09-08T18:30:00Z,3,3
E_CRGTW-1,CRGTW-1,2026-09-08,40,2026-09-08T18:30:00Z,2026-09-08T19:00:00Z,3,3
E_CRGTW-1,CRGTW-1,2026-09-08,41,2026-09-08T19:00:00Z,2026-09-08T19:30:00Z,3,3
E_CRGTW-1,CRGTW-1,2026-09-08,42,2026-09-08T19:30:00Z,2026-09-08T20:00:00Z,3,2
E_CRGTW-1,CRGTW-1,2026-09-08,43,2026-09-08T20:00:00Z,2026-09-08T20:30:00Z,2,2
E_CRGTW-1,CRGTW-1,2026-09-08,44,2026-09-08T20:30:00Z,2026-09-08T21:00:00Z,2,2
E_CRGTW-1,CRGTW-1,2026-09-08,45,2026-09-08T21:00:00Z,2026-09-08T21:30:00Z,2,2
E_CRGTW-1,CRGTW-1,2026-09-08,46,2026-09-08T21:30:00Z,2026-09-08T22:00:00Z,2,2
E_CRGTW-1,CRGTW-1,2026-09-08,47,2026-09-08T22:00:00Z,2026-09-08T22:30:00Z,2,2
E_CRGTW-1,CRGTW-1,2026-09-08,48,2026-09-08T22:30:00Z,2026-09-08T23:00:00Z,2,2
E_DALSW-1,DALSW-1,2026-09-08,1,2026-09-07T23:00:00Z,2026-09-07T23:30:00Z,9,10
E_DALSW-1,DALSW-1,2026-09-08,2,2026-09-07T23:30:00Z,2026-09-08T00:00:00Z,9,10
E_DALSW-1,DALSW-1,2026-09-08,3,2026-09-08T00:00:00Z,2026-09-08T00:30:00Z,8,9
E_DALSW-1,DALSW-1,2026-09-08,4,2026-09-08T00:30:00Z,2026-09-08T01:00:00Z,7,8
E_DALSW-1,DALSW-1,2026-09-08,5,2026-09-08T01:00:00Z,2026-09-08T01:30:00Z,7,8
E_DALSW-1,DALSW-1,2026-09-08,6,2026-09-08T01:30:00Z,2026-09-08T02:00:00Z,9,10
E_DALSW-1,DALSW-1,2026-09-08,7,2026-09-08T02:00:00Z,2026-09-08T02:30:00Z,11,11
E_DALSW-1,DALSW-1,2026-09-08,8,2026-09-08T02:30:00Z,2026-09-08T03:00:00Z,13,13
E_DALSW-1,DALSW-1,2026-09-08,9,2026-09-08T03:00:00Z,2026-09-08T03:30:00Z,16,17
E_DALSW-1,DALSW-1,2026-09-08,10,2026-09-08T03:30:00Z,2026-09-08T04:00:00Z,18,18
E_DALSW-1,DALSW-1,2026-09-08,11,2026-09-08T04:00:00Z,2026-09-08T04:30:00Z,19,19
E_DALSW-1,DALSW-1,2026-09-08,12,2026-09-08T04:30:00Z,2026-09-08T05:00:00Z,17,17
E_DALSW-1,DALSW-1,2026-09-08,13,2026-09-08T05:00:00Z,2026-09-08T05:30:00Z,17,17
E_DALSW-1,DALSW-1,2026-09-08,14,2026-09-08T05:30:00Z,2026-09-08T06:00:00Z,16,16
E_DALSW-1,DALSW-1,2026-09-08,15,2026-09-08T06:00:00Z,2026-09-08T06:30:00Z,15,14
E_DALSW-1,DALSW-1,2026-09-08,16,2026-09-08T06:30:00Z,2026-09-08T07:00:00Z,13,11
E_DALSW-1,DALSW-1,2026-09-08,17,2026-09-08T07:00:00Z,2026-09-08T07:30:00Z,12,11
E_DALSW-1,DALSW-1,2026-09-08,18,2026-09-08T07:30:00Z,2026-09-08T08:00:00Z,11,10
E_DALSW-1,DALSW-1,2026-09-08,19,2026-09-08T08:00:00Z,2026-09-08T08:30:00Z,9,11
E_DALSW-1,DALSW-1,2026-09-08,20,2026-09-08T08:30:00Z,2026-09-08T09:00:00Z,10,12
E_DALSW-1,DALSW-1,2026-09-08,21,2026-09-08T09:00:00Z,2026-09-08T09:30:00Z,10,9
E_DALSW-1,DALSW-1,2026-09-08,22,2026-09-08T09:30:00Z,2026-09-08T10:00:00Z,10,9
E_DALSW-1,DALSW-1,2026-09-08,23,2026-09-08T10:00:00Z,2026-09-08T10:30:00Z,8,8
E_DALSW-1,DALSW-1,2026-09-08,24,2026-09-08T10:30:00Z,2026-09-08T11:00:00Z,7,7
E_DALSW-1,DALSW-1,2026-09-08,25,2026-09-08T11:00:00Z,2026-09-08T11:30:00Z,7,8
E_DALSW-1,DALSW-1,2026-09-08,26,2026-09-08T11:30:00Z,2026-09-08T12:00:00Z,8,8
E_DALSW-1,DALSW-1,2026-09-08,27,2026-09-08T12:00:00Z,2026-09-08T12:30:00Z,8,8
E_DALSW-1,DALSW-1,2026-09-08,28,2026-09-08T12:30:00Z,2026-09-08T13:00:00Z,9,9
E_DALSW-1,DALSW-1,2026-09-08,29,2026-09-08T13:00:00Z,2026-09-08T13:30:00Z,11,11
E_DALSW-1,DALSW-1,2026-09-08,30,2026-09-08T13:30:00Z,2026-09-08T14:00:00Z,12,12
E_DALSW-1,DALSW-1,2026-09-08,31,2026-09-08T14:00:00Z,2026-09-08T14:30:00Z,12,13
E_DALSW-1,DALSW-1,2026-09-08,32,2026-09-08T14:30:00Z,2026-09-08T15:00:00Z,13,14
E_DALSW-1,DALSW-1,2026-09-08,33,2026-09-08T15:00:00Z,2026-09-08T15:30:00Z,14,16
E_DALSW-1,DALSW-1,2026-09-08,34,2026-09-08T15:30:00Z,2026-09-08T16:00:00Z,15,18
E_DALSW-1,DALSW-1,2026-09-08,35,2026-09-08T16:00:00Z,2026-09-08T16:30:00Z,18,17
E_DALSW-1,DALSW-1,2026-09-08,36,2026-09-08T16:30:00Z,2026-09-08T17:00:00Z,15,14
E_DALSW-1,DALSW-1,2026-09-08,37,2026-09-08T17:00:00Z,2026-09-08T17:30:00Z,14,14
E_DALSW-1,DALSW-1,2026-09-08,38,2026-09-08T17:30:00Z,2026-09-08T18:00:00Z,14,14
E_DALSW-1,DALSW-1,2026-09-08,39,2026-09-08T18:00:00Z,2026-09-08T18:30:00Z,12,13
E_DALSW-1,DALSW-1,2026-09-08,40,2026-09-08T18:30:00Z,2026-09-08T19:00:00Z,13,14
E_DALSW-1,DALSW-1,2026-09-08,41,2026-09-08T19:00:00Z,2026-09-08T19:30:00Z,14,15
E_DALSW-1,DALSW-1,2026-09-08,42,2026-09-08T19:30:00Z,2026-09-08T20:00:00Z,16,16
E_DALSW-1,DALSW-1,2026-09-08,43,2026-09-08T20:00:00Z,2026-09-08T20:30:00Z,18,18
E_DALSW-1,DALSW-1,2026-09-08,44,2026-09-08T20:30:00Z,2026-09-08T21:00:00Z,19,18
E_DALSW-1,DALSW-1,2026-09-08,45,2026-09-08T21:00:00Z,2026-09-08T21:30:00Z,19,18
E_DALSW-1,DALSW-1,2026-09-08,46,2026-09-08T21:30:00Z,2026-09-08T22:00:00Z,15,14
E_DALSW-1,DALSW-1,2026-09-08,47,2026-09-08T22:00:00Z,2026-09-08T22:30:00Z,11,10
E_DALSW-1,DALSW-1,2026-09-08,48,2026-09-08T22:30:00Z,2026-09-08T23:00:00Z,9,8
E_GDSTW-1,GDSTW-1,2026-09-08,1,2026-09-07T23:00:00Z,2026-09-07T23:30:00Z,4,5
E_GDSTW-1,GDSTW-1,2026-09-08,2,2026-09-07T23:30:00Z,2026-09-08T00:00:00Z,4,4
E_GDSTW-1,GDSTW-1,2026-09-08,3,2026-09-08T00:00:00Z,2026-09-08T00:30:00Z,3,3
E_GDSTW-1,GDSTW-1,2026-09-08,4,2026-09-08T00:30:00Z,2026-09-08T01:00:00Z,5,5
E_GDSTW-1,GDSTW-1,2026-09-08,5,2026-09-08T01:00:00Z,2026-09-08T01:30:00Z,5,5
E_GDSTW-1,GDSTW-1,2026-09-08,6,2026-09-08T01:30:00Z,2026-09-08T02:00:00Z,5,5
E_GDSTW-1,GDSTW-1,2026-09-08,7,2026-09-08T02:00:00Z,2026-09-08T02:30:00Z,4,4
E_GDSTW-1,GDSTW-1,2026-09-08,8,2026-09-08T02:30:00Z,2026-09-08T03:00:00Z,2,3
E_GDSTW-1,GDSTW-1,2026-09-08,9,2026-09-08T03:00:00Z,2026-09-08T03:30:00Z,4,4
E_GDSTW-1,GDSTW-1,2026-09-08,10,2026-09-08T03:30:00Z,2026-09-08T04:00:00Z,3,3
E_GDSTW-1,GDSTW-1,2026-09-08,11,2026-09-08T04:00:00Z,2026-09-08T04:30:00Z,2,2
E_GDSTW-1,GDSTW-1,2026-09-08,12,2026-09-08T04:30:00Z,2026-09-08T05:00:00Z,3,3
E_GDSTW-1,GDSTW-1,2026-09-08,13,2026-09-08T05:00:00Z,2026-09-08T05:30:00Z,4,4
E_GDSTW-1,GDSTW-1,2026-09-08,14,2026-09-08T05:30:00Z,2026-09-08T06:00:00Z,3,3
E_GDSTW-1,GDSTW-1,2026-09-08,15,2026-09-08T06:00:00Z,2026-09-08T06:30:00Z,3,3
E_GDSTW-1,GDSTW-1,2026-09-08,16,2026-09-08T06:30:00Z,2026-09-08T07:00:00Z,3,3
E_GDSTW-1,GDSTW-1,2026-09-08,17,2026-09-08T07:00:00Z,2026-09-08T07:30:00Z,4,4
E_GDSTW-1,GDSTW-1,2026-09-08,18,2026-09-08T07:30:00Z,2026-09-08T08:00:00Z,5,5
E_GDSTW-1,GDSTW-1,2026-09-08,19,2026-09-08T08:00:00Z,2026-09-08T08:30:00Z,5,6
E_GDSTW-1,GDSTW-1,2026-09-08,20,2026-09-08T08:30:00Z,2026-09-08T09:00:00Z,4,5
E_GDSTW-1,GDSTW-1,2026-09-08,21,2026-09-08T09:00:00Z,2026-09-08T09:30:00Z,4,4
E_GDSTW-1,GDSTW-1,2026-09-08,22,2026-09-08T09:30:00Z,2026-09-08T10:00:00Z,4,5
E_GDSTW-1,GDSTW-1,2026-09-08,23,2026-09-08T10:00:00Z,2026-09-08T10:30:00Z,6,6
E_GDSTW-1,GDSTW-1,2026-09-08,24,2026-09-08T10:30:00Z,2026-09-08T11:00:00Z,6,6
E_GDSTW-1,GDSTW-1,2026-09-08,25,2026-09-08T11:00:00Z,2026-09-08T11:30:00Z,7,7
E_GDSTW-1,GDSTW-1,2026-09-08,26,2026-09-08T11:30:00Z,2026-09-08T12:00:00Z,9,10
E_GDSTW-1,GDSTW-1,2026-09-08,27,2026-09-08T12:00:00Z,2026-09-08T12:30:00Z,8,9
E_GDSTW-1,GDSTW-1,2026-09-08,28,2026-09-08T12:30:00Z,2026-09-08T13:00:00Z,7,7
E_GDSTW-1,GDSTW-1,2026-09-08,29,2026-09-08T13:00:00Z,2026-09-08T13:30:00Z,11,11
E_GDSTW-1,GDSTW-1,2026-09-08,30,2026-09-08T13:30:00Z,2026-09-08T14:00:00Z,11,12
E_GDSTW-1,GDSTW-1,2026-09-08,31,2026-09-08T14:00:00Z,2026-09-08T14:30:00Z,12,12
E_GDSTW-1,GDSTW-1,2026-09-08,32,2026-09-08T14:30:00Z,2026-09-08T15:00:00Z,11,11
E_GDSTW-1,GDSTW-1,2026-09-08,33,2026-09-08T15:00:00Z,2026-09-08T15:30:00Z,11,11
E_GDSTW-1,GDSTW-1,2026-09-08,34,2026-09-08T15:30:00Z,2026-09-08T16:00:00Z,11,11
E_GDSTW-1,GDSTW-1,2026-09-08,35,2026-09-08T16:00:00Z,2026-09-08T16:30:00Z,11,11
E_GDSTW-1,GDSTW-1,2026-09-08,36,2026-09-08T16:30:00Z,2026-09-08T17:00:00Z,11,10
E_GDSTW-1,GDSTW-1,2026-09-08,37,2026-09-08T17:00:00Z,2026-09-08T17:30:00Z,11,12
E_GDSTW-1,GDSTW-1,2026-09-08,38,2026-09-08T17:30:00Z,2026-09-08T18:00:00Z,12,12
E_GDSTW-1,GDSTW-1,2026-09-08,39,2026-09-08T18:00:00Z,2026-09-08T18:30:00Z,12,13
E_GDSTW-1,GDSTW-1,2026-09-08,40,2026-09-08T18:30:00Z,2026-09-08T19:00:00Z,13,13
E_GDSTW-1,GDSTW-1,2026-09-08,41,2026-09-08T19:00:00Z,2026-09-08T19:30:00Z,13,13
E_GDSTW-1,GDSTW-1,2026-09-08,42,2026-09-08T19:30:00Z,2026-09-08T20:00:00Z,13,13
E_GDSTW-1,GDSTW-1,2026-09-08,43,2026-09-08T20:00:00Z,2026-09-08T20:30:00Z,12,12
E_GDSTW-1,GDSTW-1,2026-09-08,44,2026-09-08T20:30:00Z,2026-09-08T21:00:00Z,12,12
E_GDSTW-1,GDSTW-1,2026-09-08,45,2026-09-08T21:00:00Z,2026-09-08T21:30:00Z,10,10
E_GDSTW-1,GDSTW-1,2026-09-08,46,2026-09-08T21:30:00Z,2026-09-08T22:00:00Z,9,9
E_GDSTW-1,GDSTW-1,2026-09-08,47,2026-09-08T22:00:00Z,2026-09-08T22:30:00Z,11,11
E_GDSTW-1,GDSTW-1,2026-09-08,48,2026-09-08T22:30:00Z,2026-09-08T23:00:00Z,10,10
E_GLCHW-1,GLCHW-1,2026-09-08,1,2026-09-07T23:00:00Z,2026-09-07T23:30:00Z,13,13
E_GLCHW-1,GLCHW-1,2026-09-08,2,2026-09-07T23:30:00Z,2026-09-08T00:00:00Z,14,14
E_GLCHW-1,GLCHW-1,2026-09-08,3,2026-09-08T00:00:00Z,2026-09-08T00:30:00Z,15,15
E_GLCHW-1,GLCHW-1,2026-09-08,4,2026-09-08T00:30:00Z,2026-09-08T01:00:00Z,15,15
E_GLCHW-1,GLCHW-1,2026-09-08,5,2026-09-08T01:00:00Z,2026-09-08T01:30:00Z,16,16
E_GLCHW-1,GLCHW-1,2026-09-08,6,2026-09-08T01:30:00Z,2026-09-08T02:00:00Z,16,16
E_GLCHW-1,GLCHW-1,2026-09-08,7,2026-09-08T02:00:00Z,2026-09-08T02:30:00Z,16,16
E_GLCHW-1,GLCHW-1,2026-09-08,8,2026-09-08T02:30:00Z,2026-09-08T03:00:00Z,16,16
E_GLCHW-1,GLCHW-1,2026-09-08,9,2026-09-08T03:00:00Z,2026-09-08T03:30:00Z,17,17
E_GLCHW-1,GLCHW-1,2026-09-08,10,2026-09-08T03:30:00Z,2026-09-08T04:00:00Z,17,17
E_GLCHW-1,GLCHW-1,2026-09-08,11,2026-09-08T04:00:00Z,2026-09-08T04:30:00Z,17,17
E_GLCHW-1,GLCHW-1,2026-09-08,12,2026-09-08T04:30:00Z,2026-09-08T05:00:00Z,17,17
E_GLCHW-1,GLCHW-1,2026-09-08,13,2026-09-08T05:00:00Z,2026-09-08T05:30:00Z,18,18
E_GLCHW-1,GLCHW-1,2026-09-08,14,2026-09-08T05:30:00Z,2026-09-08T06:00:00Z,18,18
E_GLCHW-1,GLCHW-1,2026-09-08,15,2026-09-08T06:00:00Z,2026-09-08T06:30:00Z,18,18
E_GLCHW-1,GLCHW-1,2026-09-08,16,2026-09-08T06:30:00Z,2026-09-08T07:00:00Z,18,18
E_GLCHW-1,GLCHW-1,2026-09-08,17,2026-09-08T07:00:00Z,2026-09-08T07:30:00Z,18,18
E_GLCHW-1,GLCHW-1,2026-09-08,18,2026-09-08T07:30:00Z,2026-09-08T08:00:00Z,18,18
E_GLCHW-1,GLCHW-1,2026-09-08,19,2026-09-08T08:00:00Z,2026-09-08T08:30:00Z,18,18
E_GLCHW-1,GLCHW-1,2026-09-08,20,2026-09-08T08:30:00Z,2026-09-08T09:00:00Z,19,19
E_GLCHW-1,GLCHW-1,2026-09-08,21,2026-09-08T09:00:00Z,2026-09-08T09:30:00Z,19,19
E_GLCHW-1,GLCHW-1,2026-09-08,22,2026-09-08T09:30:00Z,2026-09-08T10:00:00Z,20,20
E_GLCHW-1,GLCHW-1,2026-09-08,23,2026-09-08T10:00:00Z,2026-09-08T10:30:00Z,20,20
E_GLCHW-1,GLCHW-1,2026-09-08,24,2026-09-08T10:30:00Z,2026-09-08T11:00:00Z,20,20
E_GLCHW-1,GLCHW-1,2026-09-08,25,2026-09-08T11:00:00Z,2026-09-08T11:30:00Z,22,22
E_GLCHW-1,GLCHW-1,2026-09-08,26,2026-09-08T11:30:00Z,2026-09-08T12:00:00Z,23,23
E_GLCHW-1,GLCHW-1,2026-09-08,27,2026-09-08T12:00:00Z,2026-09-08T12:30:00Z,24,24
E_GLCHW-1,GLCHW-1,2026-09-08,28,2026-09-08T12:30:00Z,2026-09-08T13:00:00Z,24,24
E_GLCHW-1,GLCHW-1,2026-09-08,29,2026-09-08T13:00:00Z,2026-09-08T13:30:00Z,24,24
E_GLCHW-1,GLCHW-1,2026-09-08,30,2026-09-08T13:30:00Z,2026-09-08T14:00:00Z,24,24
E_GLCHW-1,GLCHW-1,2026-09-08,31,2026-09-08T14:00:00Z,2026-09-08T14:30:00Z,24,24
E_GLCHW-1,GLCHW-1,2026-09-08,32,2026-09-08T14:30:00Z,2026-09-08T15:00:00Z,24,24
E_GLCHW-1,GLCHW-1,2026-09-08,33,2026-09-08T15:00:00Z,2026-09-08T15:30:00Z,24,24
E_GLCHW-1,GLCHW-1,2026-09-08,34,2026-09-08T15:30:00Z,2026-09-08T16:00:00Z,24,24
E_GLCHW-1,GLCHW-1,2026-09-08,35,2026-09-08T16:00:00Z,2026-09-08T16:30:00Z,24,24
E_GLCHW-1,GLCHW-1,2026-09-08,36,2026-09-08T16:30:00Z,2026-09-08T17:00:00Z,23,23
E_GLCHW-1,GLCHW-1,2026-09-08,37,2026-09-08T17:00:00Z,2026-09-08T17:30:00Z,23,23
E_GLCHW-1,GLCHW-1,2026-09-08,38,2026-09-08T17:30:00Z,2026-09-08T18:00:00Z,22,22
E_GLCHW-1,GLCHW-1,2026-09-08,39,2026-09-08T18:00:00Z,2026-09-08T18:30:00Z,22,22
E_GLCHW-1,GLCHW-1,2026-09-08,40,2026-09-08T18:30:00Z,2026-09-08T19:00:00Z,22,22
E_GLCHW-1,GLCHW-1,2026-09-08,41,2026-09-08T19:00:00Z,2026-09-08T19:30:00Z,21,21
E_GLCHW-1,GLCHW-1,2026-09-08,42,2026-09-08T19:30:00Z,2026-09-08T20:00:00Z,21,21
E_GLCHW-1,GLCHW-1,2026-09-08,43,2026-09-08T20:00:00Z,2026-09-08T20:30:00Z,21,21
E_GLCHW-1,GLCHW-1,2026-09-08,44,2026-09-08T20:30:00Z,2026-09-08T21:00:00Z,21,21
E_GLCHW-1,GLCHW-1,2026-09-08,45,2026-09-08T21:00:00Z,2026-09-08T21:30:00Z,21,21
E_GLCHW-1,GLCHW-1,2026-09-08,46,2026-09-08T21:30:00Z,2026-09-08T22:00:00Z,20,20
E_GLCHW-1,GLCHW-1,2026-09-08,47,2026-09-08T22:00:00Z,2026-09-08T22:30:00Z,21,21
E_GLCHW-1,GLCHW-1,2026-09-08,48,2026-09-08T22:30:00Z,2026-09-08T23:00:00Z,20,20
E_GLOFW-1,GLOFW-1,2026-09-08,1,2026-09-07T23:00:00Z,2026-09-07T23:30:00Z,12,12
E_GLOFW-1,GLOFW-1,2026-09-08,2,2026-09-07T23:30:00Z,2026-09-08T00:00:00Z,13,13
E_GLOFW-1,GLOFW-1,2026-09-08,3,2026-09-08T00:00:00Z,2026-09-08T00:30:00Z,13,13
E_GLOFW-1,GLOFW-1,2026-09-08,4,2026-09-08T00:30:00Z,2026-09-08T01:00:00Z,12,11
E_GLOFW-1,GLOFW-1,2026-09-08,5,2026-09-08T01:00:00Z,2026-09-08T01:30:00Z,11,11
E_GLOFW-1,GLOFW-1,2026-09-08,6,2026-09-08T01:30:00Z,2026-09-08T02:00:00Z,10,10
E_GLOFW-1,GLOFW-1,2026-09-08,7,2026-09-08T02:00:00Z,2026-09-08T02:30:00Z,10,10
E_GLOFW-1,GLOFW-1,2026-09-08,8,2026-09-08T02:30:00Z,2026-09-08T03:00:00Z,10,10
E_GLOFW-1,GLOFW-1,2026-09-08,9,2026-09-08T03:00:00Z,2026-09-08T03:30:00Z,10,10
E_GLOFW-1,GLOFW-1,2026-09-08,10,2026-09-08T03:30:00Z,2026-09-08T04:00:00Z,10,10
E_GLOFW-1,GLOFW-1,2026-09-08,11,2026-09-08T04:00:00Z,2026-09-08T04:30:00Z,10,9
E_GLOFW-1,GLOFW-1,2026-09-08,12,2026-09-08T04:30:00Z,2026-09-08T05:00:00Z,9,8
E_GLOFW-1,GLOFW-1,2026-09-08,13,2026-09-08T05:00:00Z,2026-09-08T05:30:00Z,7,6
E_GLOFW-1,GLOFW-1,2026-09-08,14,2026-09-08T05:30:00Z,2026-09-08T06:00:00Z,7,6
E_GLOFW-1,GLOFW-1,2026-09-08,15,2026-09-08T06:00:00Z,2026-09-08T06:30:00Z,6,5
E_GLOFW-1,GLOFW-1,2026-09-08,16,2026-09-08T06:30:00Z,2026-09-08T07:00:00Z,5,5
E_GLOFW-1,GLOFW-1,2026-09-08,17,2026-09-08T07:00:00Z,2026-09-08T07:30:00Z,6,8
E_GLOFW-1,GLOFW-1,2026-09-08,18,2026-09-08T07:30:00Z,2026-09-08T08:00:00Z,8,11
E_GLOFW-1,GLOFW-1,2026-09-08,19,2026-09-08T08:00:00Z,2026-09-08T08:30:00Z,12,14
E_GLOFW-1,GLOFW-1,2026-09-08,20,2026-09-08T08:30:00Z,2026-09-08T09:00:00Z,15,17
E_GLOFW-1,GLOFW-1,2026-09-08,21,2026-09-08T09:00:00Z,2026-09-08T09:30:00Z,17,18
E_GLOFW-1,GLOFW-1,2026-09-08,22,2026-09-08T09:30:00Z,2026-09-08T10:00:00Z,19,19
E_GLOFW-1,GLOFW-1,2026-09-08,23,2026-09-08T10:00:00Z,2026-09-08T10:30:00Z,19,20
E_GLOFW-1,GLOFW-1,2026-09-08,24,2026-09-08T10:30:00Z,2026-09-08T11:00:00Z,20,20
E_GLOFW-1,GLOFW-1,2026-09-08,25,2026-09-08T11:00:00Z,2026-09-08T11:30:00Z,20,20
E_GLOFW-1,GLOFW-1,2026-09-08,26,2026-09-08T11:30:00Z,2026-09-08T12:00:00Z,20,20
E_GLOFW-1,GLOFW-1,2026-09-08,27,2026-09-08T12:00:00Z,2026-09-08T12:30:00Z,20,21
E_GLOFW-1,GLOFW-1,2026-09-08,28,2026-09-08T12:30:00Z,2026-09-08T13:00:00Z,22,23
E_GLOFW-1,GLOFW-1,2026-09-08,29,2026-09-08T13:00:00Z,2026-09-08T13:30:00Z,23,23
E_GLOFW-1,GLOFW-1,2026-09-08,30,2026-09-08T13:30:00Z,2026-09-08T14:00:00Z,22,23
E_GLOFW-1,GLOFW-1,2026-09-08,31,2026-09-08T14:00:00Z,2026-09-08T14:30:00Z,23,23
E_GLOFW-1,GLOFW-1,2026-09-08,32,2026-09-08T14:30:00Z,2026-09-08T15:00:00Z,23,23
E_GLOFW-1,GLOFW-1,2026-09-08,33,2026-09-08T15:00:00Z,2026-09-08T15:30:00Z,23,23
E_GLOFW-1,GLOFW-1,2026-09-08,34,2026-09-08T15:30:00Z,2026-09-08T16:00:00Z,23,23
E_GLOFW-1,GLOFW-1,2026-09-08,35,2026-09-08T16:00:00Z,2026-09-08T16:30:00Z,23,23
E_GLOFW-1,GLOFW-1,2026-09-08,36,2026-09-08T16:30:00Z,2026-09-08T17:00:00Z,23,23
E_GLOFW-1,GLOFW-1,2026-09-08,37,2026-09-08T17:00:00Z,2026-09-08T17:30:00Z,23,23
E_GLOFW-1,GLOFW-1,2026-09-08,38,2026-09-08T17:30:00Z,2026-09-08T18:00:00Z,23,22
E_GLOFW-1,GLOFW-1,2026-09-08,39,2026-09-08T18:00:00Z,2026-09-08T18:30:00Z,22,22
E_GLOFW-1,GLOFW-1,2026-09-08,40,2026-09-08T18:30:00Z,2026-09-08T19:00:00Z,22,21
E_GLOFW-1,GLOFW-1,2026-09-08,41,2026-09-08T19:00:00Z,2026-09-08T19:30:00Z,21,20
E_GLOFW-1,GLOFW-1,2026-09-08,42,2026-09-08T19:30:00Z,2026-09-08T20:00:00Z,20,19
E_GLOFW-1,GLOFW-1,2026-09-08,43,2026-09-08T20:00:00Z,2026-09-08T20:30:00Z,19,18
E_GLOFW-1,GLOFW-1,2026-09-08,44,2026-09-08T20:30:00Z,2026-09-08T21:00:00Z,18,17
E_GLOFW-1,GLOFW-1,2026-09-08,45,2026-09-08T21:00:00Z,2026-09-08T21:30:00Z,17,18
E_GLOFW-1,GLOFW-1,2026-09-08,46,2026-09-08T21:30:00Z,2026-09-08T22:00:00Z,17,17
E_GLOFW-1,GLOFW-1,2026-09-08,47,2026-09-08T22:00:00Z,2026-09-08T22:30:00Z,17,17
E_GLOFW-1,GLOFW-1,2026-09-08,48,2026-09-08T22:30:00Z,2026-09-08T23:00:00Z,16,16
E_GRGRW-1,GRGRW-1,2026-09-08,1,2026-09-07T23:00:00Z,2026-09-07T23:30:00Z,36,36
E_GRGRW-1,GRGRW-1,2026-09-08,2,2026-09-07T23:30:00Z,2026-09-08T00:00:00Z,36,36
E_GRGRW-1,GRGRW-1,2026-09-08,3,2026-09-08T00:00:00Z,2026-09-08T00:30:00Z,36,36
E_GRGRW-1,GRGRW-1,2026-09-08,4,2026-09-08T00:30:00Z,2026-09-08T01:00:00Z,36,36
E_GRGRW-1,GRGRW-1,2026-09-08,5,2026-09-08T01:00:00Z,2026-09-08T01:30:00Z,36,36
E_GRGRW-1,GRGRW-1,2026-09-08,6,2026-09-08T01:30:00Z,2026-09-08T02:00:00Z,36,36
E_GRGRW-1,GRGRW-1,2026-09-08,7,2026-09-08T02:00:00Z,2026-09-08T02:30:00Z,36,36
E_GRGRW-1,GRGRW-1,2026-09-08,8,2026-09-08T02:30:00Z,2026-09-08T03:00:00Z,36,36
E_GRGRW-1,GRGRW-1,2026-09-08,9,2026-09-08T03:00:00Z,2026-09-08T03:30:00Z,36,36
E_GRGRW-1,GRGRW-1,2026-09-08,10,2026-09-08T03:30:00Z,2026-09-08T04:00:00Z,36,36
E_GRGRW-1,GRGRW-1,2026-09-08,11,2026-09-08T04:00:00Z,2026-09-08T04:30:00Z,36,36
E_GRGRW-1,GRGRW-1,2026-09-08,12,2026-09-08T04:30:00Z,2026-09-08T05:00:00Z,36,36
E_GRGRW-1,GRGRW-1,2026-09-08,13,2026-09-08T05:00:00Z,2026-09-08T05:30:00Z,36,36
E_GRGRW-1,GRGRW-1,2026-09-08,14,2026-09-08T05:30:00Z,2026-09-08T06:00:00Z,36,36
E_GRGRW-1,GRGRW-1,2026-09-08,15,2026-09-08T06:00:00Z,2026-09-08T06:30:00Z,36,36
E_GRGRW-1,GRGRW-1,2026-09-08,16,2026-09-08T06:30:00Z,2026-09-08T07:00:00Z,36,36
E_GRGRW-1,GRGRW-1,2026-09-08,17,2026-09-08T07:00:00Z,2026-09-08T07:30:00Z,36,36
E_GRGRW-1,GRGRW-1,2026-09-08,18,2026-09-08T07:30:00Z,2026-09-08T08:00:00Z,36,36
E_GRGRW-1,GRGRW-1,2026-09-08,19,2026-09-08T08:00:00Z,2026-09-08T08:30:00Z,36,35
E_GRGRW-1,GRGRW-1,2026-09-08,20,2026-09-08T08:30:00Z,2026-09-08T09:00:00Z,35,34
E_GRGRW-1,GRGRW-1,2026-09-08,21,2026-09-08T09:00:00Z,2026-09-08T09:30:00Z,34,35
E_GRGRW-1,GRGRW-1,2026-09-08,22,2026-09-08T09:30:00Z,2026-09-08T10:00:00Z,35,35
E_GRGRW-1,GRGRW-1,2026-09-08,23,2026-09-08T10:00:00Z,2026-09-08T10:30:00Z,35,36
E_GRGRW-1,GRGRW-1,2026-09-08,24,2026-09-08T10:30:00Z,2026-09-08T11:00:00Z,36,36
E_GRGRW-1,GRGRW-1,2026-09-08,25,2026-09-08T11:00:00Z,2026-09-08T11:30:00Z,36,36
E_GRGRW-1,GRGRW-1,2026-09-08,26,2026-09-08T11:30:00Z,2026-09-08T12:00:00Z,36,36
E_GRGRW-1,GRGRW-1,2026-09-08,27,2026-09-08T12:00:00Z,2026-09-08T12:30:00Z,36,36
E_GRGRW-1,GRGRW-1,2026-09-08,28,2026-09-08T12:30:00Z,2026-09-08T13:00:00Z,36,36
E_GRGRW-1,GRGRW-1,2026-09-08,29,2026-09-08T13:00:00Z,2026-09-08T13:30:00Z,36,36
E_GRGRW-1,GRGRW-1,2026-09-08,30,2026-09-08T13:30:00Z,2026-09-08T14:00:00Z,36,36
E_GRGRW-1,GRGRW-1,2026-09-08,31,2026-09-08T14:00:00Z,2026-09-08T14:30:00Z,36,36
E_GRGRW-1,GRGRW-1,2026-09-08,32,2026-09-08T14:30:00Z,2026-09-08T15:00:00Z,36,35
E_GRGRW-1,GRGRW-1,2026-09-08,33,2026-09-08T15:00:00Z,2026-09-08T15:30:00Z,35,34
E_GRGRW-1,GRGRW-1,2026-09-08,34,2026-09-08T15:30:00Z,2026-09-08T16:00:00Z,34,33
E_GRGRW-1,GRGRW-1,2026-09-08,35,2026-09-08T16:00:00Z,2026-09-08T16:30:00Z,33,32
E_GRGRW-1,GRGRW-1,2026-09-08,36,2026-09-08T16:30:00Z,2026-09-08T17:00:00Z,32,30
E_GRGRW-1,GRGRW-1,2026-09-08,37,2026-09-08T17:00:00Z,2026-09-08T17:30:00Z,30,30
E_GRGRW-1,GRGRW-1,2026-09-08,38,2026-09-08T17:30:00Z,2026-09-08T18:00:00Z,30,29
E_GRGRW-1,GRGRW-1,2026-09-08,39,2026-09-08T18:00:00Z,2026-09-08T18:30:00Z,29,26
E_GRGRW-1,GRGRW-1,2026-09-08,40,2026-09-08T18:30:00Z,2026-09-08T19:00:00Z,26,23
E_GRGRW-1,GRGRW-1,2026-09-08,41,2026-09-08T19:00:00Z,2026-09-08T19:30:00Z,23,23
E_GRGRW-1,GRGRW-1,2026-09-08,42,2026-09-08T19:30:00Z,2026-09-08T20:00:00Z,24,21
E_GRGRW-1,GRGRW-1,2026-09-08,43,2026-09-08T20:00:00Z,2026-09-08T20:30:00Z,21,17
E_GRGRW-1,GRGRW-1,2026-09-08,44,2026-09-08T20:30:00Z,2026-09-08T21:00:00Z,17,14
E_GRGRW-1,GRGRW-1,2026-09-08,45,2026-09-08T21:00:00Z,2026-09-08T21:30:00Z,14,12
E_GRGRW-1,GRGRW-1,2026-09-08,46,2026-09-08T21:30:00Z,2026-09-08T22:00:00Z,12,10
E_GRGRW-1,GRGRW-1,2026-09-08,47,2026-09-08T22:00:00Z,2026-09-08T22:30:00Z,10,11
E_GRGRW-1,GRGRW-1,2026-09-08,48,2026-09-08T22:30:00Z,2026-09-08T23:00:00Z,11,12
E_HBHDW-1,HBHDW-1,2026-09-08,1,2026-09-07T23:00:00Z,2026-09-07T23:30:00Z,40,41
E_HBHDW-1,HBHDW-1,2026-09-08,2,2026-09-07T23:30:00Z,2026-09-08T00:00:00Z,41,42
E_HBHDW-1,HBHDW-1,2026-09-08,3,2026-09-08T00:00:00Z,2026-09-08T00:30:00Z,43,43
E_HBHDW-1,HBHDW-1,2026-09-08,4,2026-09-08T00:30:00Z,2026-09-08T01:00:00Z,43,44
E_HBHDW-1,HBHDW-1,2026-09-08,5,2026-09-08T01:00:00Z,2026-09-08T01:30:00Z,44,44
E_HBHDW-1,HBHDW-1,2026-09-08,6,2026-09-08T01:30:00Z,2026-09-08T02:00:00Z,45,45
E_HBHDW-1,HBHDW-1,2026-09-08,7,2026-09-08T02:00:00Z,2026-09-08T02:30:00Z,45,45
E_HBHDW-1,HBHDW-1,2026-09-08,8,2026-09-08T02:30:00Z,2026-09-08T03:00:00Z,45,45
E_HBHDW-1,HBHDW-1,2026-09-08,9,2026-09-08T03:00:00Z,2026-09-08T03:30:00Z,45,45
E_HBHDW-1,HBHDW-1,2026-09-08,10,2026-09-08T03:30:00Z,2026-09-08T04:00:00Z,45,46
E_HBHDW-1,HBHDW-1,2026-09-08,11,2026-09-08T04:00:00Z,2026-09-08T04:30:00Z,46,46
E_HBHDW-1,HBHDW-1,2026-09-08,12,2026-09-08T04:30:00Z,2026-09-08T05:00:00Z,46,46
E_HBHDW-1,HBHDW-1,2026-09-08,13,2026-09-08T05:00:00Z,2026-09-08T05:30:00Z,46,46
E_HBHDW-1,HBHDW-1,2026-09-08,14,2026-09-08T05:30:00Z,2026-09-08T06:00:00Z,46,46
E_HBHDW-1,HBHDW-1,2026-09-08,15,2026-09-08T06:00:00Z,2026-09-08T06:30:00Z,46,46
E_HBHDW-1,HBHDW-1,2026-09-08,16,2026-09-08T06:30:00Z,2026-09-08T07:00:00Z,46,46
E_HBHDW-1,HBHDW-1,2026-09-08,17,2026-09-08T07:00:00Z,2026-09-08T07:30:00Z,46,45
E_HBHDW-1,HBHDW-1,2026-09-08,18,2026-09-08T07:30:00Z,2026-09-08T08:00:00Z,45,46
E_HBHDW-1,HBHDW-1,2026-09-08,19,2026-09-08T08:00:00Z,2026-09-08T08:30:00Z,46,46
E_HBHDW-1,HBHDW-1,2026-09-08,20,2026-09-08T08:30:00Z,2026-09-08T09:00:00Z,46,45
E_HBHDW-1,HBHDW-1,2026-09-08,21,2026-09-08T09:00:00Z,2026-09-08T09:30:00Z,45,45
E_HBHDW-1,HBHDW-1,2026-09-08,22,2026-09-08T09:30:00Z,2026-09-08T10:00:00Z,46,46
E_HBHDW-1,HBHDW-1,2026-09-08,23,2026-09-08T10:00:00Z,2026-09-08T10:30:00Z,46,46
E_HBHDW-1,HBHDW-1,2026-09-08,24,2026-09-08T10:30:00Z,2026-09-08T11:00:00Z,45,45
E_HBHDW-1,HBHDW-1,2026-09-08,25,2026-09-08T11:00:00Z,2026-09-08T11:30:00Z,45,45
E_HBHDW-1,HBHDW-1,2026-09-08,26,2026-09-08T11:30:00Z,2026-09-08T12:00:00Z,45,45
E_HBHDW-1,HBHDW-1,2026-09-08,27,2026-09-08T12:00:00Z,2026-09-08T12:30:00Z,45,46
E_HBHDW-1,HBHDW-1,2026-09-08,28,2026-09-08T12:30:00Z,2026-09-08T13:00:00Z,46,47
E_HBHDW-1,HBHDW-1,2026-09-08,29,2026-09-08T13:00:00Z,2026-09-08T13:30:00Z,47,47
E_HBHDW-1,HBHDW-1,2026-09-08,30,2026-09-08T13:30:00Z,2026-09-08T14:00:00Z,47,47
E_HBHDW-1,HBHDW-1,2026-09-08,31,2026-09-08T14:00:00Z,2026-09-08T14:30:00Z,47,46
E_HBHDW-1,HBHDW-1,2026-09-08,32,2026-09-08T14:30:00Z,2026-09-08T15:00:00Z,46,45
E_HBHDW-1,HBHDW-1,2026-09-08,33,2026-09-08T15:00:00Z,2026-09-08T15:30:00Z,45,44
E_HBHDW-1,HBHDW-1,2026-09-08,34,2026-09-08T15:30:00Z,2026-09-08T16:00:00Z,44,43
E_HBHDW-1,HBHDW-1,2026-09-08,35,2026-09-08T16:00:00Z,2026-09-08T16:30:00Z,42,41
E_HBHDW-1,HBHDW-1,2026-09-08,36,2026-09-08T16:30:00Z,2026-09-08T17:00:00Z,40,40
E_HBHDW-1,HBHDW-1,2026-09-08,37,2026-09-08T17:00:00Z,2026-09-08T17:30:00Z,39,39
E_HBHDW-1,HBHDW-1,2026-09-08,38,2026-09-08T17:30:00Z,2026-09-08T18:00:00Z,39,38
E_HBHDW-1,HBHDW-1,2026-09-08,39,2026-09-08T18:00:00Z,2026-09-08T18:30:00Z,37,36
E_HBHDW-1,HBHDW-1,2026-09-08,40,2026-09-08T18:30:00Z,2026-09-08T19:00:00Z,35,33
E_HBHDW-1,HBHDW-1,2026-09-08,41,2026-09-08T19:00:00Z,2026-09-08T19:30:00Z,32,30
E_HBHDW-1,HBHDW-1,2026-09-08,42,2026-09-08T19:30:00Z,2026-09-08T20:00:00Z,29,27
E_HBHDW-1,HBHDW-1,2026-09-08,43,2026-09-08T20:00:00Z,2026-09-08T20:30:00Z,27,25
E_HBHDW-1,HBHDW-1,2026-09-08,44,2026-09-08T20:30:00Z,2026-09-08T21:00:00Z,24,22
E_HBHDW-1,HBHDW-1,2026-09-08,45,2026-09-08T21:00:00Z,2026-09-08T21:30:00Z,21,19
E_HBHDW-1,HBHDW-1,2026-09-08,46,2026-09-08T21:30:00Z,2026-09-08T22:00:00Z,16,15
E_HBHDW-1,HBHDW-1,2026-09-08,47,2026-09-08T22:00:00Z,2026-09-08T22:30:00Z,14,12
E_HBHDW-1,HBHDW-1,2026-09-08,48,2026-09-08T22:30:00Z,2026-09-08T23:00:00Z,11,10
E_HLGLW-1,HLGLW-1,2026-09-08,1,2026-09-07T23:00:00Z,2026-09-07T23:30:00Z,26,26
E_HLGLW-1,HLGLW-1,2026-09-08,2,2026-09-07T23:30:00Z,2026-09-08T00:00:00Z,24,24
E_HLGLW-1,HLGLW-1,2026-09-08,3,2026-09-08T00:00:00Z,2026-09-08T00:30:00Z,19,19
E_HLGLW-1,HLGLW-1,2026-09-08,4,2026-09-08T00:30:00Z,2026-09-08T01:00:00Z,18,18
E_HLGLW-1,HLGLW-1,2026-09-08,5,2026-09-08T01:00:00Z,2026-09-08T01:30:00Z,26,26
E_HLGLW-1,HLGLW-1,2026-09-08,6,2026-09-08T01:30:00Z,2026-09-08T02:00:00Z,27,27
E_HLGLW-1,HLGLW-1,2026-09-08,7,2026-09-08T02:00:00Z,2026-09-08T02:30:00Z,27,27
E_HLGLW-1,HLGLW-1,2026-09-08,8,2026-09-08T02:30:00Z,2026-09-08T03:00:00Z,24,24
E_HLGLW-1,HLGLW-1,2026-09-08,9,2026-09-08T03:00:00Z,2026-09-08T03:30:00Z,23,23
E_HLGLW-1,HLGLW-1,2026-09-08,10,2026-09-08T03:30:00Z,2026-09-08T04:00:00Z,20,20
E_HLGLW-1,HLGLW-1,2026-09-08,11,2026-09-08T04:00:00Z,2026-09-08T04:30:00Z,14,14
E_HLGLW-1,HLGLW-1,2026-09-08,12,2026-09-08T04:30:00Z,2026-09-08T05:00:00Z,11,11
E_HLGLW-1,HLGLW-1,2026-09-08,13,2026-09-08T05:00:00Z,2026-09-08T05:30:00Z,16,16
E_HLGLW-1,HLGLW-1,2026-09-08,14,2026-09-08T05:30:00Z,2026-09-08T06:00:00Z,12,12
E_HLGLW-1,HLGLW-1,2026-09-08,15,2026-09-08T06:00:00Z,2026-09-08T06:30:00Z,14,14
E_HLGLW-1,HLGLW-1,2026-09-08,16,2026-09-08T06:30:00Z,2026-09-08T07:00:00Z,11,11
E_HLGLW-1,HLGLW-1,2026-09-08,17,2026-09-08T07:00:00Z,2026-09-08T07:30:00Z,13,13
E_HLGLW-1,HLGLW-1,2026-09-08,18,2026-09-08T07:30:00Z,2026-09-08T08:00:00Z,11,11
E_HLGLW-1,HLGLW-1,2026-09-08,19,2026-09-08T08:00:00Z,2026-09-08T08:30:00Z,14,14
E_HLGLW-1,HLGLW-1,2026-09-08,20,2026-09-08T08:30:00Z,2026-09-08T09:00:00Z,23,23
E_HLGLW-1,HLGLW-1,2026-09-08,21,2026-09-08T09:00:00Z,2026-09-08T09:30:00Z,24,24
E_HLGLW-1,HLGLW-1,2026-09-08,22,2026-09-08T09:30:00Z,2026-09-08T10:00:00Z,18,18
E_HLGLW-1,HLGLW-1,2026-09-08,23,2026-09-08T10:00:00Z,2026-09-08T10:30:00Z,19,19
E_HLGLW-1,HLGLW-1,2026-09-08,24,2026-09-08T10:30:00Z,2026-09-08T11:00:00Z,20,20
E_HLGLW-1,HLGLW-1,2026-09-08,25,2026-09-08T11:00:00Z,2026-09-08T11:30:00Z,18,18
E_HLGLW-1,HLGLW-1,2026-09-08,26,2026-09-08T11:30:00Z,2026-09-08T12:00:00Z,13,13
E_HLGLW-1,HLGLW-1,2026-09-08,27,2026-09-08T12:00:00Z,2026-09-08T12:30:00Z,16,16
E_HLGLW-1,HLGLW-1,2026-09-08,28,2026-09-08T12:30:00Z,2026-09-08T13:00:00Z,17,17
E_HLGLW-1,HLGLW-1,2026-09-08,29,2026-09-08T13:00:00Z,2026-09-08T13:30:00Z,16,16
E_HLGLW-1,HLGLW-1,2026-09-08,30,2026-09-08T13:30:00Z,2026-09-08T14:00:00Z,20,20
E_HLGLW-1,HLGLW-1,2026-09-08,31,2026-09-08T14:00:00Z,2026-09-08T14:30:00Z,20,20
E_HLGLW-1,HLGLW-1,2026-09-08,32,2026-09-08T14:30:00Z,2026-09-08T15:00:00Z,23,23
E_HLGLW-1,HLGLW-1,2026-09-08,33,2026-09-08T15:00:00Z,2026-09-08T15:30:00Z,23,23
E_HLGLW-1,HLGLW-1,2026-09-08,34,2026-09-08T15:30:00Z,2026-09-08T16:00:00Z,22,22
E_HLGLW-1,HLGLW-1,2026-09-08,35,2026-09-08T16:00:00Z,2026-09-08T16:30:00Z,22,22
E_HLGLW-1,HLGLW-1,2026-09-08,36,2026-09-08T16:30:00Z,2026-09-08T17:00:00Z,18,18
E_HLGLW-1,HLGLW-1,2026-09-08,37,2026-09-08T17:00:00Z,2026-09-08T17:30:00Z,22,22
E_HLGLW-1,HLGLW-1,2026-09-08,38,2026-09-08T17:30:00Z,2026-09-08T18:00:00Z,22,22
E_HLGLW-1,HLGLW-1,2026-09-08,39,2026-09-08T18:00:00Z,2026-09-08T18:30:00Z,20,20
E_HLGLW-1,HLGLW-1,2026-09-08,40,2026-09-08T18:30:00Z,2026-09-08T19:00:00Z,18,18
E_HLGLW-1,HLGLW-1,2026-09-08,41,2026-09-08T19:00:00Z,2026-09-08T19:30:00Z,18,18
E_HLGLW-1,HLGLW-1,2026-09-08,42,2026-09-08T19:30:00Z,2026-09-08T20:00:00Z,13,13
E_HLGLW-1,HLGLW-1,2026-09-08,43,2026-09-08T20:00:00Z,2026-09-08T20:30:00Z,7,7
E_HLGLW-1,HLGLW-1,2026-09-08,44,2026-09-08T20:30:00Z,2026-09-08T21:00:00Z,16,16
E_HLGLW-1,HLGLW-1,2026-09-08,45,2026-09-08T21:00:00Z,2026-09-08T21:30:00Z,12,12
E_HLGLW-1,HLGLW-1,2026-09-08,46,2026-09-08T21:30:00Z,2026-09-08T22:00:00Z,8,8
E_HLGLW-1,HLGLW-1,2026-09-08,47,2026-09-08T22:00:00Z,2026-09-08T22:30:00Z,12,12
E_HLGLW-1,HLGLW-1,2026-09-08,48,2026-09-08T22:30:00Z,2026-09-08T23:00:00Z,5,5
E_HLTWW-1,HLTWW-1,2026-09-08,1,2026-09-07T23:00:00Z,2026-09-07T23:30:00Z,27,27
E_HLTWW-1,HLTWW-1,2026-09-08,2,2026-09-07T23:30:00Z,2026-09-08T00:00:00Z,27,27
E_HLTWW-1,HLTWW-1,2026-09-08,3,2026-09-08T00:00:00Z,2026-09-08T00:30:00Z,23,23
E_HLTWW-1,HLTWW-1,2026-09-08,4,2026-09-08T00:30:00Z,2026-09-08T01:00:00Z,26,26
E_HLTWW-1,HLTWW-1,2026-09-08,5,2026-09-08T01:00:00Z,2026-09-08T01:30:00Z,24,24
E_HLTWW-1,HLTWW-1,2026-09-08,6,2026-09-08T01:30:00Z,2026-09-08T02:00:00Z,26,26
E_HLTWW-1,HLTWW-1,2026-09-08,7,2026-09-08T02:00:00Z,2026-09-08T02:30:00Z,28,28
E_HLTWW-1,HLTWW-1,2026-09-08,8,2026-09-08T02:30:00Z,2026-09-08T03:00:00Z,29,29
E_HLTWW-1,HLTWW-1,2026-09-08,9,2026-09-08T03:00:00Z,2026-09-08T03:30:00Z,31,31
E_HLTWW-1,HLTWW-1,2026-09-08,10,2026-09-08T03:30:00Z,2026-09-08T04:00:00Z,30,30
E_HLTWW-1,HLTWW-1,2026-09-08,11,2026-09-08T04:00:00Z,2026-09-08T04:30:00Z,31,31
E_HLTWW-1,HLTWW-1,2026-09-08,12,2026-09-08T04:30:00Z,2026-09-08T05:00:00Z,31,31
E_HLTWW-1,HLTWW-1,2026-09-08,13,2026-09-08T05:00:00Z,2026-09-08T05:30:00Z,30,30
E_HLTWW-1,HLTWW-1,2026-09-08,14,2026-09-08T05:30:00Z,2026-09-08T06:00:00Z,31,31
E_HLTWW-1,HLTWW-1,2026-09-08,15,2026-09-08T06:00:00Z,2026-09-08T06:30:00Z,32,32
E_HLTWW-1,HLTWW-1,2026-09-08,16,2026-09-08T06:30:00Z,2026-09-08T07:00:00Z,32,32
E_HLTWW-1,HLTWW-1,2026-09-08,17,2026-09-08T07:00:00Z,2026-09-08T07:30:00Z,32,32
E_HLTWW-1,HLTWW-1,2026-09-08,18,2026-09-08T07:30:00Z,2026-09-08T08:00:00Z,35,35
E_HLTWW-1,HLTWW-1,2026-09-08,19,2026-09-08T08:00:00Z,2026-09-08T08:30:00Z,35,35
E_HLTWW-1,HLTWW-1,2026-09-08,20,2026-09-08T08:30:00Z,2026-09-08T09:00:00Z,35,35
E_HLTWW-1,HLTWW-1,2026-09-08,21,2026-09-08T09:00:00Z,2026-09-08T09:30:00Z,37,37
E_HLTWW-1,HLTWW-1,2026-09-08,22,2026-09-08T09:30:00Z,2026-09-08T10:00:00Z,38,38
E_HLTWW-1,HLTWW-1,2026-09-08,23,2026-09-08T10:00:00Z,2026-09-08T10:30:00Z,39,39
E_HLTWW-1,HLTWW-1,2026-09-08,24,2026-09-08T10:30:00Z,2026-09-08T11:00:00Z,40,40
E_HLTWW-1,HLTWW-1,2026-09-08,25,2026-09-08T11:00:00Z,2026-09-08T11:30:00Z,41,41
E_HLTWW-1,HLTWW-1,2026-09-08,26,2026-09-08T11:30:00Z,2026-09-08T12:00:00Z,41,41
E_HLTWW-1,HLTWW-1,2026-09-08,27,2026-09-08T12:00:00Z,2026-09-08T12:30:00Z,40,40
E_HLTWW-1,HLTWW-1,2026-09-08,28,2026-09-08T12:30:00Z,2026-09-08T13:00:00Z,41,41
E_HLTWW-1,HLTWW-1,2026-09-08,29,2026-09-08T13:00:00Z,2026-09-08T13:30:00Z,44,44
E_HLTWW-1,HLTWW-1,2026-09-08,30,2026-09-08T13:30:00Z,2026-09-08T14:00:00Z,43,43
E_HLTWW-1,HLTWW-1,2026-09-08,31,2026-09-08T14:00:00Z,2026-09-08T14:30:00Z,45,45
E_HLTWW-1,HLTWW-1,2026-09-08,32,2026-09-08T14:30:00Z,2026-09-08T15:00:00Z,45,45
E_HLTWW-1,HLTWW-1,2026-09-08,33,2026-09-08T15:00:00Z,2026-09-08T15:30:00Z,44,44
E_HLTWW-1,HLTWW-1,2026-09-08,34,2026-09-08T15:30:00Z,2026-09-08T16:00:00Z,44,44
E_HLTWW-1,HLTWW-1,2026-09-08,35,2026-09-08T16:00:00Z,2026-09-08T16:30:00Z,43,43
E_HLTWW-1,HLTWW-1,2026-09-08,36,2026-09-08T16:30:00Z,2026-09-08T17:00:00Z,42,42
E_HLTWW-1,HLTWW-1,2026-09-08,37,2026-09-08T17:00:00Z,2026-09-08T17:30:00Z,40,40
E_HLTWW-1,HLTWW-1,2026-09-08,38,2026-09-08T17:30:00Z,2026-09-08T18:00:00Z,40,40
E_HLTWW-1,HLTWW-1,2026-09-08,39,2026-09-08T18:00:00Z,2026-09-08T18:30:00Z,37,37
E_HLTWW-1,HLTWW-1,2026-09-08,40,2026-09-08T18:30:00Z,2026-09-08T19:00:00Z,36,36
E_HLTWW-1,HLTWW-1,2026-09-08,41,2026-09-08T19:00:00Z,2026-09-08T19:30:00Z,32,32
E_HLTWW-1,HLTWW-1,2026-09-08,42,2026-09-08T19:30:00Z,2026-09-08T20:00:00Z,33,33
E_HLTWW-1,HLTWW-1,2026-09-08,43,2026-09-08T20:00:00Z,2026-09-08T20:30:00Z,33,33
E_HLTWW-1,HLTWW-1,2026-09-08,44,2026-09-08T20:30:00Z,2026-09-08T21:00:00Z,31,31
E_HLTWW-1,HLTWW-1,2026-09-08,45,2026-09-08T21:00:00Z,2026-09-08T21:30:00Z,29,29
E_HLTWW-1,HLTWW-1,2026-09-08,46,2026-09-08T21:30:00Z,2026-09-08T22:00:00Z,29,29
E_HLTWW-1,HLTWW-1,2026-09-08,47,2026-09-08T22:00:00Z,2026-09-08T22:30:00Z,26,26
E_HLTWW-1,HLTWW-1,2026-09-08,48,2026-09-08T22:30:00Z,2026-09-08T23:00:00Z,26,26
E_HRHLW-1,HRHLW-1,2026-09-08,1,2026-09-07T23:00:00Z,2026-09-07T23:30:00Z,21,21
E_HRHLW-1,HRHLW-1,2026-09-08,2,2026-09-07T23:30:00Z,2026-09-08T00:00:00Z,20,20
E_HRHLW-1,HRHLW-1,2026-09-08,3,2026-09-08T00:00:00Z,2026-09-08T00:30:00Z,23,23
E_HRHLW-1,HRHLW-1,2026-09-08,4,2026-09-08T00:30:00Z,2026-09-08T01:00:00Z,22,22
E_HRHLW-1,HRHLW-1,2026-09-08,5,2026-09-08T01:00:00Z,2026-09-08T01:30:00Z,23,23
E_HRHLW-1,HRHLW-1,2026-09-08,6,2026-09-08T01:30:00Z,2026-09-08T02:00:00Z,24,24
E_HRHLW-1,HRHLW-1,2026-09-08,7,2026-09-08T02:00:00Z,2026-09-08T02:30:00Z,25,25
E_HRHLW-1,HRHLW-1,2026-09-08,8,2026-09-08T02:30:00Z,2026-09-08T03:00:00Z,25,25
E_HRHLW-1,HRHLW-1,2026-09-08,9,2026-09-08T03:00:00Z,2026-09-08T03:30:00Z,25,25
E_HRHLW-1,HRHLW-1,2026-09-08,10,2026-09-08T03:30:00Z,2026-09-08T04:00:00Z,24,24
E_HRHLW-1,HRHLW-1,2026-09-08,11,2026-09-08T04:00:00Z,2026-09-08T04:30:00Z,24,24
E_HRHLW-1,HRHLW-1,2026-09-08,12,2026-09-08T04:30:00Z,2026-09-08T05:00:00Z,23,23
E_HRHLW-1,HRHLW-1,2026-09-08,13,2026-09-08T05:00:00Z,2026-09-08T05:30:00Z,25,25
E_HRHLW-1,HRHLW-1,2026-09-08,14,2026-09-08T05:30:00Z,2026-09-08T06:00:00Z,24,24
E_HRHLW-1,HRHLW-1,2026-09-08,15,2026-09-08T06:00:00Z,2026-09-08T06:30:00Z,23,23
E_HRHLW-1,HRHLW-1,2026-09-08,16,2026-09-08T06:30:00Z,2026-09-08T07:00:00Z,24,24
E_HRHLW-1,HRHLW-1,2026-09-08,17,2026-09-08T07:00:00Z,2026-09-08T07:30:00Z,25,25
E_HRHLW-1,HRHLW-1,2026-09-08,18,2026-09-08T07:30:00Z,2026-09-08T08:00:00Z,26,26
E_HRHLW-1,HRHLW-1,2026-09-08,19,2026-09-08T08:00:00Z,2026-09-08T08:30:00Z,25,25
E_HRHLW-1,HRHLW-1,2026-09-08,20,2026-09-08T08:30:00Z,2026-09-08T09:00:00Z,25,25
E_HRHLW-1,HRHLW-1,2026-09-08,21,2026-09-08T09:00:00Z,2026-09-08T09:30:00Z,24,24
E_HRHLW-1,HRHLW-1,2026-09-08,22,2026-09-08T09:30:00Z,2026-09-08T10:00:00Z,24,24
E_HRHLW-1,HRHLW-1,2026-09-08,23,2026-09-08T10:00:00Z,2026-09-08T10:30:00Z,23,23
E_HRHLW-1,HRHLW-1,2026-09-08,24,2026-09-08T10:30:00Z,2026-09-08T11:00:00Z,23,23
E_HRHLW-1,HRHLW-1,2026-09-08,25,2026-09-08T11:00:00Z,2026-09-08T11:30:00Z,23,23
E_HRHLW-1,HRHLW-1,2026-09-08,26,2026-09-08T11:30:00Z,2026-09-08T12:00:00Z,24,24
E_HRHLW-1,HRHLW-1,2026-09-08,27,2026-09-08T12:00:00Z,2026-09-08T12:30:00Z,25,25
E_HRHLW-1,HRHLW-1,2026-09-08,28,2026-09-08T12:30:00Z,2026-09-08T13:00:00Z,25,25
E_HRHLW-1,HRHLW-1,2026-09-08,29,2026-09-08T13:00:00Z,2026-09-08T13:30:00Z,25,25
E_HRHLW-1,HRHLW-1,2026-09-08,30,2026-09-08T13:30:00Z,2026-09-08T14:00:00Z,25,25
E_HRHLW-1,HRHLW-1,2026-09-08,31,2026-09-08T14:00:00Z,2026-09-08T14:30:00Z,25,25
E_HRHLW-1,HRHLW-1,2026-09-08,32,2026-09-08T14:30:00Z,2026-09-08T15:00:00Z,25,25
E_HRHLW-1,HRHLW-1,2026-09-08,33,2026-09-08T15:00:00Z,2026-09-08T15:30:00Z,25,25
E_HRHLW-1,HRHLW-1,2026-09-08,34,2026-09-08T15:30:00Z,2026-09-08T16:00:00Z,26,26
E_HRHLW-1,HRHLW-1,2026-09-08,35,2026-09-08T16:00:00Z,2026-09-08T16:30:00Z,25,25
E_HRHLW-1,HRHLW-1,2026-09-08,36,2026-09-08T16:30:00Z,2026-09-08T17:00:00Z,25,25
E_HRHLW-1,HRHLW-1,2026-09-08,37,2026-09-08T17:00:00Z,2026-09-08T17:30:00Z,25,25
E_HRHLW-1,HRHLW-1,2026-09-08,38,2026-09-08T17:30:00Z,2026-09-08T18:00:00Z,25,25
E_HRHLW-1,HRHLW-1,2026-09-08,39,2026-09-08T18:00:00Z,2026-09-08T18:30:00Z,25,25
E_HRHLW-1,HRHLW-1,2026-09-08,40,2026-09-08T18:30:00Z,2026-09-08T19:00:00Z,24,24
E_HRHLW-1,HRHLW-1,2026-09-08,41,2026-09-08T19:00:00Z,2026-09-08T19:30:00Z,24,24
E_HRHLW-1,HRHLW-1,2026-09-08,42,2026-09-08T19:30:00Z,2026-09-08T20:00:00Z,24,24
E_HRHLW-1,HRHLW-1,2026-09-08,43,2026-09-08T20:00:00Z,2026-09-08T20:30:00Z,23,23
E_HRHLW-1,HRHLW-1,2026-09-08,44,2026-09-08T20:30:00Z,2026-09-08T21:00:00Z,23,23
E_HRHLW-1,HRHLW-1,2026-09-08,45,2026-09-08T21:00:00Z,2026-09-08T21:30:00Z,20,20
E_HRHLW-1,HRHLW-1,2026-09-08,46,2026-09-08T21:30:00Z,2026-09-08T22:00:00Z,20,20
E_HRHLW-1,HRHLW-1,2026-09-08,47,2026-09-08T22:00:00Z,2026-09-08T22:30:00Z,16,16
E_HRHLW-1,HRHLW-1,2026-09-08,48,2026-09-08T22:30:00Z,2026-09-08T23:00:00Z,15,15
E_HYWDW-1,HYWDW-1,2026-09-08,1,2026-09-07T23:00:00Z,2026-09-07T23:30:00Z,30,30
E_HYWDW-1,HYWDW-1,2026-09-08,2,2026-09-07T23:30:00Z,2026-09-08T00:00:00Z,30,30
E_HYWDW-1,HYWDW-1,2026-09-08,3,2026-09-08T00:00:00Z,2026-09-08T00:30:00Z,30,30
E_HYWDW-1,HYWDW-1,2026-09-08,4,2026-09-08T00:30:00Z,2026-09-08T01:00:00Z,30,30
E_HYWDW-1,HYWDW-1,2026-09-08,5,2026-09-08T01:00:00Z,2026-09-08T01:30:00Z,30,30
E_HYWDW-1,HYWDW-1,2026-09-08,6,2026-09-08T01:30:00Z,2026-09-08T02:00:00Z,30,30
E_HYWDW-1,HYWDW-1,2026-09-08,7,2026-09-08T02:00:00Z,2026-09-08T02:30:00Z,30,30
E_HYWDW-1,HYWDW-1,2026-09-08,8,2026-09-08T02:30:00Z,2026-09-08T03:00:00Z,30,30
E_HYWDW-1,HYWDW-1,2026-09-08,9,2026-09-08T03:00:00Z,2026-09-08T03:30:00Z,30,30
E_HYWDW-1,HYWDW-1,2026-09-08,10,2026-09-08T03:30:00Z,2026-09-08T04:00:00Z,30,30
E_HYWDW-1,HYWDW-1,2026-09-08,11,2026-09-08T04:00:00Z,2026-09-08T04:30:00Z,30,30
E_HYWDW-1,HYWDW-1,2026-09-08,12,2026-09-08T04:30:00Z,2026-09-08T05:00:00Z,30,30
E_HYWDW-1,HYWDW-1,2026-09-08,13,2026-09-08T05:00:00Z,2026-09-08T05:30:00Z,30,30
E_HYWDW-1,HYWDW-1,2026-09-08,14,2026-09-08T05:30:00Z,2026-09-08T06:00:00Z,30,30
E_HYWDW-1,HYWDW-1,2026-09-08,15,2026-09-08T06:00:00Z,2026-09-08T06:30:00Z,30,30
E_HYWDW-1,HYWDW-1,2026-09-08,16,2026-09-08T06:30:00Z,2026-09-08T07:00:00Z,30,30
E_HYWDW-1,HYWDW-1,2026-09-08,17,2026-09-08T07:00:00Z,2026-09-08T07:30:00Z,30,30
E_HYWDW-1,HYWDW-1,2026-09-08,18,2026-09-08T07:30:00Z,2026-09-08T08:00:00Z,30,30
E_HYWDW-1,HYWDW-1,2026-09-08,19,2026-09-08T08:00:00Z,2026-09-08T08:30:00Z,30,30
E_HYWDW-1,HYWDW-1,2026-09-08,20,2026-09-08T08:30:00Z,2026-09-08T09:00:00Z,30,30
E_HYWDW-1,HYWDW-1,2026-09-08,21,2026-09-08T09:00:00Z,2026-09-08T09:30:00Z,30,30
E_HYWDW-1,HYWDW-1,2026-09-08,22,2026-09-08T09:30:00Z,2026-09-08T10:00:00Z,30,30
E_HYWDW-1,HYWDW-1,2026-09-08,23,2026-09-08T10:00:00Z,2026-09-08T10:30:00Z,30,30
E_HYWDW-1,HYWDW-1,2026-09-08,24,2026-09-08T10:30:00Z,2026-09-08T11:00:00Z,30,30
E_HYWDW-1,HYWDW-1,2026-09-08,25,2026-09-08T11:00:00Z,2026-09-08T11:30:00Z,30,30
E_HYWDW-1,HYWDW-1,2026-09-08,26,2026-09-08T11:30:00Z,2026-09-08T12:00:00Z,30,30
E_HYWDW-1,HYWDW-1,2026-09-08,27,2026-09-08T12:00:00Z,2026-09-08T12:30:00Z,30,30
E_HYWDW-1,HYWDW-1,2026-09-08,28,2026-09-08T12:30:00Z,2026-09-08T13:00:00Z,30,30
E_HYWDW-1,HYWDW-1,2026-09-08,29,2026-09-08T13:00:00Z,2026-09-08T13:30:00Z,30,30
E_HYWDW-1,HYWDW-1,2026-09-08,30,2026-09-08T13:30:00Z,2026-09-08T14:00:00Z,30,30
E_HYWDW-1,HYWDW-1,2026-09-08,31,2026-09-08T14:00:00Z,2026-09-08T14:30:00Z,30,30
E_HYWDW-1,HYWDW-1,2026-09-08,32,2026-09-08T14:30:00Z,2026-09-08T15:00:00Z,29,29
E_HYWDW-1,HYWDW-1,2026-09-08,33,2026-09-08T15:00:00Z,2026-09-08T15:30:00Z,30,30
E_HYWDW-1,HYWDW-1,2026-09-08,34,2026-09-08T15:30:00Z,2026-09-08T16:00:00Z,27,27
E_HYWDW-1,HYWDW-1,2026-09-08,35,2026-09-08T16:00:00Z,2026-09-08T16:30:00Z,28,28
E_HYWDW-1,HYWDW-1,2026-09-08,36,2026-09-08T16:30:00Z,2026-09-08T17:00:00Z,30,30
E_HYWDW-1,HYWDW-1,2026-09-08,37,2026-09-08T17:00:00Z,2026-09-08T17:30:00Z,30,30
E_HYWDW-1,HYWDW-1,2026-09-08,38,2026-09-08T17:30:00Z,2026-09-08T18:00:00Z,30,30
E_HYWDW-1,HYWDW-1,2026-09-08,39,2026-09-08T18:00:00Z,2026-09-08T18:30:00Z,19,19
E_HYWDW-1,HYWDW-1,2026-09-08,40,2026-09-08T18:30:00Z,2026-09-08T19:00:00Z,26,26
E_HYWDW-1,HYWDW-1,2026-09-08,41,2026-09-08T19:00:00Z,2026-09-08T19:30:00Z,30,30
E_HYWDW-1,HYWDW-1,2026-09-08,42,2026-09-08T19:30:00Z,2026-09-08T20:00:00Z,30,30
E_HYWDW-1,HYWDW-1,2026-09-08,43,2026-09-08T20:00:00Z,2026-09-08T20:30:00Z,30,30
E_HYWDW-1,HYWDW-1,2026-09-08,44,2026-09-08T20:30:00Z,2026-09-08T21:00:00Z,30,30
E_HYWDW-1,HYWDW-1,2026-09-08,45,2026-09-08T21:00:00Z,2026-09-08T21:30:00Z,30,30
E_HYWDW-1,HYWDW-1,2026-09-08,46,2026-09-08T21:30:00Z,2026-09-08T22:00:00Z,30,30
E_HYWDW-1,HYWDW-1,2026-09-08,47,2026-09-08T22:00:00Z,2026-09-08T22:30:00Z,30,30
E_HYWDW-1,HYWDW-1,2026-09-08,48,2026-09-08T22:30:00Z,2026-09-08T23:00:00Z,30,30
E_KINCW-1,KINCW-1,2026-09-08,1,2026-09-07T23:00:00Z,2026-09-07T23:30:00Z,47,47
E_KINCW-1,KINCW-1,2026-09-08,2,2026-09-07T23:30:00Z,2026-09-08T00:00:00Z,47,48
E_KINCW-1,KINCW-1,2026-09-08,3,2026-09-08T00:00:00Z,2026-09-08T00:30:00Z,48,48
E_KINCW-1,KINCW-1,2026-09-08,4,2026-09-08T00:30:00Z,2026-09-08T01:00:00Z,48,48
E_KINCW-1,KINCW-1,2026-09-08,5,2026-09-08T01:00:00Z,2026-09-08T01:30:00Z,48,48
E_KINCW-1,KINCW-1,2026-09-08,6,2026-09-08T01:30:00Z,2026-09-08T02:00:00Z,48,48
E_KINCW-1,KINCW-1,2026-09-08,7,2026-09-08T02:00:00Z,2026-09-08T02:30:00Z,48,48
E_KINCW-1,KINCW-1,2026-09-08,8,2026-09-08T02:30:00Z,2026-09-08T03:00:00Z,48,48
E_KINCW-1,KINCW-1,2026-09-08,9,2026-09-08T03:00:00Z,2026-09-08T03:30:00Z,48,48
E_KINCW-1,KINCW-1,2026-09-08,10,2026-09-08T03:30:00Z,2026-09-08T04:00:00Z,48,48
E_KINCW-1,KINCW-1,2026-09-08,11,2026-09-08T04:00:00Z,2026-09-08T04:30:00Z,48,48
E_KINCW-1,KINCW-1,2026-09-08,12,2026-09-08T04:30:00Z,2026-09-08T05:00:00Z,48,48
E_KINCW-1,KINCW-1,2026-09-08,13,2026-09-08T05:00:00Z,2026-09-08T05:30:00Z,48,48
E_KINCW-1,KINCW-1,2026-09-08,14,2026-09-08T05:30:00Z,2026-09-08T06:00:00Z,48,48
E_KINCW-1,KINCW-1,2026-09-08,15,2026-09-08T06:00:00Z,2026-09-08T06:30:00Z,48,48
E_KINCW-1,KINCW-1,2026-09-08,16,2026-09-08T06:30:00Z,2026-09-08T07:00:00Z,48,48
E_KINCW-1,KINCW-1,2026-09-08,17,2026-09-08T07:00:00Z,2026-09-08T07:30:00Z,48,48
E_KINCW-1,KINCW-1,2026-09-08,18,2026-09-08T07:30:00Z,2026-09-08T08:00:00Z,48,48
E_KINCW-1,KINCW-1,2026-09-08,19,2026-09-08T08:00:00Z,2026-09-08T08:30:00Z,48,48
E_KINCW-1,KINCW-1,2026-09-08,20,2026-09-08T08:30:00Z,2026-09-08T09:00:00Z,48,48
E_KINCW-1,KINCW-1,2026-09-08,21,2026-09-08T09:00:00Z,2026-09-08T09:30:00Z,48,48
E_KINCW-1,KINCW-1,2026-09-08,22,2026-09-08T09:30:00Z,2026-09-08T10:00:00Z,48,48
E_KINCW-1,KINCW-1,2026-09-08,23,2026-09-08T10:00:00Z,2026-09-08T10:30:00Z,48,48
E_KINCW-1,KINCW-1,2026-09-08,24,2026-09-08T10:30:00Z,2026-09-08T11:00:00Z,48,48
E_KINCW-1,KINCW-1,2026-09-08,25,2026-09-08T11:00:00Z,2026-09-08T11:30:00Z,48,48
E_KINCW-1,KINCW-1,2026-09-08,26,2026-09-08T11:30:00Z,2026-09-08T12:00:00Z,48,48
E_KINCW-1,KINCW-1,2026-09-08,27,2026-09-08T12:00:00Z,2026-09-08T12:30:00Z,48,48
E_KINCW-1,KINCW-1,2026-09-08,28,2026-09-08T12:30:00Z,2026-09-08T13:00:00Z,48,48
E_KINCW-1,KINCW-1,2026-09-08,29,2026-09-08T13:00:00Z,2026-09-08T13:30:00Z,48,47
E_KINCW-1,KINCW-1,2026-09-08,30,2026-09-08T13:30:00Z,2026-09-08T14:00:00Z,47,47
E_KINCW-1,KINCW-1,2026-09-08,31,2026-09-08T14:00:00Z,2026-09-08T14:30:00Z,47,47
E_KINCW-1,KINCW-1,2026-09-08,32,2026-09-08T14:30:00Z,2026-09-08T15:00:00Z,47,47
E_KINCW-1,KINCW-1,2026-09-08,33,2026-09-08T15:00:00Z,2026-09-08T15:30:00Z,45,46
E_KINCW-1,KINCW-1,2026-09-08,34,2026-09-08T15:30:00Z,2026-09-08T16:00:00Z,46,47
E_KINCW-1,KINCW-1,2026-09-08,35,2026-09-08T16:00:00Z,2026-09-08T16:30:00Z,47,47
E_KINCW-1,KINCW-1,2026-09-08,36,2026-09-08T16:30:00Z,2026-09-08T17:00:00Z,47,48
E_KINCW-1,KINCW-1,2026-09-08,37,2026-09-08T17:00:00Z,2026-09-08T17:30:00Z,48,48
E_KINCW-1,KINCW-1,2026-09-08,38,2026-09-08T17:30:00Z,2026-09-08T18:00:00Z,48,48
E_KINCW-1,KINCW-1,2026-09-08,39,2026-09-08T18:00:00Z,2026-09-08T18:30:00Z,48,48
E_KINCW-1,KINCW-1,2026-09-08,40,2026-09-08T18:30:00Z,2026-09-08T19:00:00Z,48,48
E_KINCW-1,KINCW-1,2026-09-08,41,2026-09-08T19:00:00Z,2026-09-08T19:30:00Z,48,48
E_KINCW-1,KINCW-1,2026-09-08,42,2026-09-08T19:30:00Z,2026-09-08T20:00:00Z,48,48
E_KINCW-1,KINCW-1,2026-09-08,43,2026-09-08T20:00:00Z,2026-09-08T20:30:00Z,48,48
E_KINCW-1,KINCW-1,2026-09-08,44,2026-09-08T20:30:00Z,2026-09-08T21:00:00Z,48,48
E_KINCW-1,KINCW-1,2026-09-08,45,2026-09-08T21:00:00Z,2026-09-08T21:30:00Z,48,48
E_KINCW-1,KINCW-1,2026-09-08,46,2026-09-08T21:30:00Z,2026-09-08T22:00:00Z,48,48
E_KINCW-1,KINCW-1,2026-09-08,47,2026-09-08T22:00:00Z,2026-09-08T22:30:00Z,48,47
E_KINCW-1,KINCW-1,2026-09-08,48,2026-09-08T22:30:00Z,2026-09-08T23:00:00Z,47,47
E_MINSW-1,MINSW-1,2026-09-08,1,2026-09-07T23:00:00Z,2026-09-07T23:30:00Z,22,24
E_MINSW-1,MINSW-1,2026-09-08,2,2026-09-07T23:30:00Z,2026-09-08T00:00:00Z,16,17
E_MINSW-1,MINSW-1,2026-09-08,3,2026-09-08T00:00:00Z,2026-09-08T00:30:00Z,15,17
E_MINSW-1,MINSW-1,2026-09-08,4,2026-09-08T00:30:00Z,2026-09-08T01:00:00Z,13,14
E_MINSW-1,MINSW-1,2026-09-08,5,2026-09-08T01:00:00Z,2026-09-08T01:30:00Z,13,13
E_MINSW-1,MINSW-1,2026-09-08,6,2026-09-08T01:30:00Z,2026-09-08T02:00:00Z,14,16
E_MINSW-1,MINSW-1,2026-09-08,7,2026-09-08T02:00:00Z,2026-09-08T02:30:00Z,17,17
E_MINSW-1,MINSW-1,2026-09-08,8,2026-09-08T02:30:00Z,2026-09-08T03:00:00Z,27,28
E_MINSW-1,MINSW-1,2026-09-08,9,2026-09-08T03:00:00Z,2026-09-08T03:30:00Z,31,31
E_MINSW-1,MINSW-1,2026-09-08,10,2026-09-08T03:30:00Z,2026-09-08T04:00:00Z,31,31
E_MINSW-1,MINSW-1,2026-09-08,11,2026-09-08T04:00:00Z,2026-09-08T04:30:00Z,33,33
E_MINSW-1,MINSW-1,2026-09-08,12,2026-09-08T04:30:00Z,2026-09-08T05:00:00Z,36,35
E_MINSW-1,MINSW-1,2026-09-08,13,2026-09-08T05:00:00Z,2026-09-08T05:30:00Z,32,31
E_MINSW-1,MINSW-1,2026-09-08,14,2026-09-08T05:30:00Z,2026-09-08T06:00:00Z,23,22
E_MINSW-1,MINSW-1,2026-09-08,15,2026-09-08T06:00:00Z,2026-09-08T06:30:00Z,22,22
E_MINSW-1,MINSW-1,2026-09-08,16,2026-09-08T06:30:00Z,2026-09-08T07:00:00Z,18,18
E_MINSW-1,MINSW-1,2026-09-08,17,2026-09-08T07:00:00Z,2026-09-08T07:30:00Z,18,18
E_MINSW-1,MINSW-1,2026-09-08,18,2026-09-08T07:30:00Z,2026-09-08T08:00:00Z,28,29
E_MINSW-1,MINSW-1,2026-09-08,19,2026-09-08T08:00:00Z,2026-09-08T08:30:00Z,29,31
E_MINSW-1,MINSW-1,2026-09-08,20,2026-09-08T08:30:00Z,2026-09-08T09:00:00Z,26,27
E_MINSW-1,MINSW-1,2026-09-08,21,2026-09-08T09:00:00Z,2026-09-08T09:30:00Z,27,27
E_MINSW-1,MINSW-1,2026-09-08,22,2026-09-08T09:30:00Z,2026-09-08T10:00:00Z,27,27
E_MINSW-1,MINSW-1,2026-09-08,23,2026-09-08T10:00:00Z,2026-09-08T10:30:00Z,26,26
E_MINSW-1,MINSW-1,2026-09-08,24,2026-09-08T10:30:00Z,2026-09-08T11:00:00Z,27,27
E_MINSW-1,MINSW-1,2026-09-08,25,2026-09-08T11:00:00Z,2026-09-08T11:30:00Z,28,28
E_MINSW-1,MINSW-1,2026-09-08,26,2026-09-08T11:30:00Z,2026-09-08T12:00:00Z,26,25
E_MINSW-1,MINSW-1,2026-09-08,27,2026-09-08T12:00:00Z,2026-09-08T12:30:00Z,23,24
E_MINSW-1,MINSW-1,2026-09-08,28,2026-09-08T12:30:00Z,2026-09-08T13:00:00Z,22,24
E_MINSW-1,MINSW-1,2026-09-08,29,2026-09-08T13:00:00Z,2026-09-08T13:30:00Z,23,24
E_MINSW-1,MINSW-1,2026-09-08,30,2026-09-08T13:30:00Z,2026-09-08T14:00:00Z,27,29
E_MINSW-1,MINSW-1,2026-09-08,31,2026-09-08T14:00:00Z,2026-09-08T14:30:00Z,35,35
E_MINSW-1,MINSW-1,2026-09-08,32,2026-09-08T14:30:00Z,2026-09-08T15:00:00Z,37,37
E_MINSW-1,MINSW-1,2026-09-08,33,2026-09-08T15:00:00Z,2026-09-08T15:30:00Z,37,37
E_MINSW-1,MINSW-1,2026-09-08,34,2026-09-08T15:30:00Z,2026-09-08T16:00:00Z,35,35
E_MINSW-1,MINSW-1,2026-09-08,35,2026-09-08T16:00:00Z,2026-09-08T16:30:00Z,35,35
E_MINSW-1,MINSW-1,2026-09-08,36,2026-09-08T16:30:00Z,2026-09-08T17:00:00Z,30,30
E_MINSW-1,MINSW-1,2026-09-08,37,2026-09-08T17:00:00Z,2026-09-08T17:30:00Z,31,31
E_MINSW-1,MINSW-1,2026-09-08,38,2026-09-08T17:30:00Z,2026-09-08T18:00:00Z,35,34
E_MINSW-1,MINSW-1,2026-09-08,39,2026-09-08T18:00:00Z,2026-09-08T18:30:00Z,35,34
E_MINSW-1,MINSW-1,2026-09-08,40,2026-09-08T18:30:00Z,2026-09-08T19:00:00Z,34,34
E_MINSW-1,MINSW-1,2026-09-08,41,2026-09-08T19:00:00Z,2026-09-08T19:30:00Z,28,27
E_MINSW-1,MINSW-1,2026-09-08,42,2026-09-08T19:30:00Z,2026-09-08T20:00:00Z,20,19
E_MINSW-1,MINSW-1,2026-09-08,43,2026-09-08T20:00:00Z,2026-09-08T20:30:00Z,19,18
E_MINSW-1,MINSW-1,2026-09-08,44,2026-09-08T20:30:00Z,2026-09-08T21:00:00Z,20,19
E_MINSW-1,MINSW-1,2026-09-08,45,2026-09-08T21:00:00Z,2026-09-08T21:30:00Z,20,19
E_MINSW-1,MINSW-1,2026-09-08,46,2026-09-08T21:30:00Z,2026-09-08T22:00:00Z,28,27
E_MINSW-1,MINSW-1,2026-09-08,47,2026-09-08T22:00:00Z,2026-09-08T22:30:00Z,28,29
E_MINSW-1,MINSW-1,2026-09-08,48,2026-09-08T22:30:00Z,2026-09-08T23:00:00Z,28,29
E_MOYEW-1,MOYEW-1,2026-09-08,1,2026-09-07T23:00:00Z,2026-09-07T23:30:00Z,47,49
E_MOYEW-1,MOYEW-1,2026-09-08,2,2026-09-07T23:30:00Z,2026-09-08T00:00:00Z,46,49
E_MOYEW-1,MOYEW-1,2026-09-08,3,2026-09-08T00:00:00Z,2026-09-08T00:30:00Z,44,47
E_MOYEW-1,MOYEW-1,2026-09-08,4,2026-09-08T00:30:00Z,2026-09-08T01:00:00Z,47,48
E_MOYEW-1,MOYEW-1,2026-09-08,5,2026-09-08T01:00:00Z,2026-09-08T01:30:00Z,50,50
E_MOYEW-1,MOYEW-1,2026-09-08,6,2026-09-08T01:30:00Z,2026-09-08T02:00:00Z,48,50
E_MOYEW-1,MOYEW-1,2026-09-08,7,2026-09-08T02:00:00Z,2026-09-08T02:30:00Z,51,50
E_MOYEW-1,MOYEW-1,2026-09-08,8,2026-09-08T02:30:00Z,2026-09-08T03:00:00Z,47,48
E_MOYEW-1,MOYEW-1,2026-09-08,9,2026-09-08T03:00:00Z,2026-09-08T03:30:00Z,49,45
E_MOYEW-1,MOYEW-1,2026-09-08,10,2026-09-08T03:30:00Z,2026-09-08T04:00:00Z,44,42
E_MOYEW-1,MOYEW-1,2026-09-08,11,2026-09-08T04:00:00Z,2026-09-08T04:30:00Z,43,42
E_MOYEW-1,MOYEW-1,2026-09-08,12,2026-09-08T04:30:00Z,2026-09-08T05:00:00Z,41,42
E_MOYEW-1,MOYEW-1,2026-09-08,13,2026-09-08T05:00:00Z,2026-09-08T05:30:00Z,42,44
E_MOYEW-1,MOYEW-1,2026-09-08,14,2026-09-08T05:30:00Z,2026-09-08T06:00:00Z,44,45
E_MOYEW-1,MOYEW-1,2026-09-08,15,2026-09-08T06:00:00Z,2026-09-08T06:30:00Z,47,48
E_MOYEW-1,MOYEW-1,2026-09-08,16,2026-09-08T06:30:00Z,2026-09-08T07:00:00Z,48,47
E_MOYEW-1,MOYEW-1,2026-09-08,17,2026-09-08T07:00:00Z,2026-09-08T07:30:00Z,47,47
E_MOYEW-1,MOYEW-1,2026-09-08,18,2026-09-08T07:30:00Z,2026-09-08T08:00:00Z,48,50
E_MOYEW-1,MOYEW-1,2026-09-08,19,2026-09-08T08:00:00Z,2026-09-08T08:30:00Z,51,50
E_MOYEW-1,MOYEW-1,2026-09-08,20,2026-09-08T08:30:00Z,2026-09-08T09:00:00Z,51,50
E_MOYEW-1,MOYEW-1,2026-09-08,21,2026-09-08T09:00:00Z,2026-09-08T09:30:00Z,49,46
E_MOYEW-1,MOYEW-1,2026-09-08,22,2026-09-08T09:30:00Z,2026-09-08T10:00:00Z,44,42
E_MOYEW-1,MOYEW-1,2026-09-08,23,2026-09-08T10:00:00Z,2026-09-08T10:30:00Z,40,43
E_MOYEW-1,MOYEW-1,2026-09-08,24,2026-09-08T10:30:00Z,2026-09-08T11:00:00Z,44,44
E_MOYEW-1,MOYEW-1,2026-09-08,25,2026-09-08T11:00:00Z,2026-09-08T11:30:00Z,46,46
E_MOYEW-1,MOYEW-1,2026-09-08,26,2026-09-08T11:30:00Z,2026-09-08T12:00:00Z,47,49
E_MOYEW-1,MOYEW-1,2026-09-08,27,2026-09-08T12:00:00Z,2026-09-08T12:30:00Z,48,48
E_MOYEW-1,MOYEW-1,2026-09-08,28,2026-09-08T12:30:00Z,2026-09-08T13:00:00Z,47,46
E_MOYEW-1,MOYEW-1,2026-09-08,29,2026-09-08T13:00:00Z,2026-09-08T13:30:00Z,47,42
E_MOYEW-1,MOYEW-1,2026-09-08,30,2026-09-08T13:30:00Z,2026-09-08T14:00:00Z,41,37
E_MOYEW-1,MOYEW-1,2026-09-08,31,2026-09-08T14:00:00Z,2026-09-08T14:30:00Z,37,36
E_MOYEW-1,MOYEW-1,2026-09-08,32,2026-09-08T14:30:00Z,2026-09-08T15:00:00Z,38,38
E_MOYEW-1,MOYEW-1,2026-09-08,33,2026-09-08T15:00:00Z,2026-09-08T15:30:00Z,38,41
E_MOYEW-1,MOYEW-1,2026-09-08,34,2026-09-08T15:30:00Z,2026-09-08T16:00:00Z,39,41
E_MOYEW-1,MOYEW-1,2026-09-08,35,2026-09-08T16:00:00Z,2026-09-08T16:30:00Z,41,34
E_MOYEW-1,MOYEW-1,2026-09-08,36,2026-09-08T16:30:00Z,2026-09-08T17:00:00Z,36,30
E_MOYEW-1,MOYEW-1,2026-09-08,37,2026-09-08T17:00:00Z,2026-09-08T17:30:00Z,32,29
E_MOYEW-1,MOYEW-1,2026-09-08,38,2026-09-08T17:30:00Z,2026-09-08T18:00:00Z,29,28
E_MOYEW-1,MOYEW-1,2026-09-08,39,2026-09-08T18:00:00Z,2026-09-08T18:30:00Z,29,28
E_MOYEW-1,MOYEW-1,2026-09-08,40,2026-09-08T18:30:00Z,2026-09-08T19:00:00Z,26,26
E_MOYEW-1,MOYEW-1,2026-09-08,41,2026-09-08T19:00:00Z,2026-09-08T19:30:00Z,25,26
E_MOYEW-1,MOYEW-1,2026-09-08,42,2026-09-08T19:30:00Z,2026-09-08T20:00:00Z,26,25
E_MOYEW-1,MOYEW-1,2026-09-08,43,2026-09-08T20:00:00Z,2026-09-08T20:30:00Z,29,27
E_MOYEW-1,MOYEW-1,2026-09-08,44,2026-09-08T20:30:00Z,2026-09-08T21:00:00Z,26,23
E_MOYEW-1,MOYEW-1,2026-09-08,45,2026-09-08T21:00:00Z,2026-09-08T21:30:00Z,24,19
E_MOYEW-1,MOYEW-1,2026-09-08,46,2026-09-08T21:30:00Z,2026-09-08T22:00:00Z,18,13
E_MOYEW-1,MOYEW-1,2026-09-08,47,2026-09-08T22:00:00Z,2026-09-08T22:30:00Z,13,10
E_MOYEW-1,MOYEW-1,2026-09-08,48,2026-09-08T22:30:00Z,2026-09-08T23:00:00Z,10,8
E_PIBUW-1,PIBUW-1,2026-09-08,1,2026-09-07T23:00:00Z,2026-09-07T23:30:00Z,31,31
E_PIBUW-1,PIBUW-1,2026-09-08,2,2026-09-07T23:30:00Z,2026-09-08T00:00:00Z,31,31
E_PIBUW-1,PIBUW-1,2026-09-08,3,2026-09-08T00:00:00Z,2026-09-08T00:30:00Z,30,30
E_PIBUW-1,PIBUW-1,2026-09-08,4,2026-09-08T00:30:00Z,2026-09-08T01:00:00Z,30,30
E_PIBUW-1,PIBUW-1,2026-09-08,5,2026-09-08T01:00:00Z,2026-09-08T01:30:00Z,31,31
E_PIBUW-1,PIBUW-1,2026-09-08,6,2026-09-08T01:30:00Z,2026-09-08T02:00:00Z,30,29
E_PIBUW-1,PIBUW-1,2026-09-08,7,2026-09-08T02:00:00Z,2026-09-08T02:30:00Z,28,28
E_PIBUW-1,PIBUW-1,2026-09-08,8,2026-09-08T02:30:00Z,2026-09-08T03:00:00Z,32,32
E_PIBUW-1,PIBUW-1,2026-09-08,9,2026-09-08T03:00:00Z,2026-09-08T03:30:00Z,27,27
E_PIBUW-1,PIBUW-1,2026-09-08,10,2026-09-08T03:30:00Z,2026-09-08T04:00:00Z,28,28
E_PIBUW-1,PIBUW-1,2026-09-08,11,2026-09-08T04:00:00Z,2026-09-08T04:30:00Z,30,29
E_PIBUW-1,PIBUW-1,2026-09-08,12,2026-09-08T04:30:00Z,2026-09-08T05:00:00Z,27,26
E_PIBUW-1,PIBUW-1,2026-09-08,13,2026-09-08T05:00:00Z,2026-09-08T05:30:00Z,25,25
E_PIBUW-1,PIBUW-1,2026-09-08,14,2026-09-08T05:30:00Z,2026-09-08T06:00:00Z,23,23
E_PIBUW-1,PIBUW-1,2026-09-08,15,2026-09-08T06:00:00Z,2026-09-08T06:30:00Z,23,23
E_PIBUW-1,PIBUW-1,2026-09-08,16,2026-09-08T06:30:00Z,2026-09-08T07:00:00Z,23,23
E_PIBUW-1,PIBUW-1,2026-09-08,17,2026-09-08T07:00:00Z,2026-09-08T07:30:00Z,23,25
E_PIBUW-1,PIBUW-1,2026-09-08,18,2026-09-08T07:30:00Z,2026-09-08T08:00:00Z,25,25
E_PIBUW-1,PIBUW-1,2026-09-08,19,2026-09-08T08:00:00Z,2026-09-08T08:30:00Z,24,24
E_PIBUW-1,PIBUW-1,2026-09-08,20,2026-09-08T08:30:00Z,2026-09-08T09:00:00Z,26,26
E_PIBUW-1,PIBUW-1,2026-09-08,21,2026-09-08T09:00:00Z,2026-09-08T09:30:00Z,26,26
E_PIBUW-1,PIBUW-1,2026-09-08,22,2026-09-08T09:30:00Z,2026-09-08T10:00:00Z,28,28
E_PIBUW-1,PIBUW-1,2026-09-08,23,2026-09-08T10:00:00Z,2026-09-08T10:30:00Z,27,25
E_PIBUW-1,PIBUW-1,2026-09-08,24,2026-09-08T10:30:00Z,2026-09-08T11:00:00Z,26,24
E_PIBUW-1,PIBUW-1,2026-09-08,25,2026-09-08T11:00:00Z,2026-09-08T11:30:00Z,19,19
E_PIBUW-1,PIBUW-1,2026-09-08,26,2026-09-08T11:30:00Z,2026-09-08T12:00:00Z,18,18
E_PIBUW-1,PIBUW-1,2026-09-08,27,2026-09-08T12:00:00Z,2026-09-08T12:30:00Z,18,20
E_PIBUW-1,PIBUW-1,2026-09-08,28,2026-09-08T12:30:00Z,2026-09-08T13:00:00Z,19,21
E_PIBUW-1,PIBUW-1,2026-09-08,29,2026-09-08T13:00:00Z,2026-09-08T13:30:00Z,23,23
E_PIBUW-1,PIBUW-1,2026-09-08,30,2026-09-08T13:30:00Z,2026-09-08T14:00:00Z,23,24
E_PIBUW-1,PIBUW-1,2026-09-08,31,2026-09-08T14:00:00Z,2026-09-08T14:30:00Z,24,24
E_PIBUW-1,PIBUW-1,2026-09-08,32,2026-09-08T14:30:00Z,2026-09-08T15:00:00Z,20,20
E_PIBUW-1,PIBUW-1,2026-09-08,33,2026-09-08T15:00:00Z,2026-09-08T15:30:00Z,20,19
E_PIBUW-1,PIBUW-1,2026-09-08,34,2026-09-08T15:30:00Z,2026-09-08T16:00:00Z,22,21
E_PIBUW-1,PIBUW-1,2026-09-08,35,2026-09-08T16:00:00Z,2026-09-08T16:30:00Z,21,20
E_PIBUW-1,PIBUW-1,2026-09-08,36,2026-09-08T16:30:00Z,2026-09-08T17:00:00Z,29,28
E_PIBUW-1,PIBUW-1,2026-09-08,37,2026-09-08T17:00:00Z,2026-09-08T17:30:00Z,32,32
E_PIBUW-1,PIBUW-1,2026-09-08,38,2026-09-08T17:30:00Z,2026-09-08T18:00:00Z,32,31
E_PIBUW-1,PIBUW-1,2026-09-08,39,2026-09-08T18:00:00Z,2026-09-08T18:30:00Z,32,32
E_PIBUW-1,PIBUW-1,2026-09-08,40,2026-09-08T18:30:00Z,2026-09-08T19:00:00Z,30,30
E_PIBUW-1,PIBUW-1,2026-09-08,41,2026-09-08T19:00:00Z,2026-09-08T19:30:00Z,32,32
E_PIBUW-1,PIBUW-1,2026-09-08,42,2026-09-08T19:30:00Z,2026-09-08T20:00:00Z,31,31
E_PIBUW-1,PIBUW-1,2026-09-08,43,2026-09-08T20:00:00Z,2026-09-08T20:30:00Z,25,25
E_PIBUW-1,PIBUW-1,2026-09-08,44,2026-09-08T20:30:00Z,2026-09-08T21:00:00Z,21,21
E_PIBUW-1,PIBUW-1,2026-09-08,45,2026-09-08T21:00:00Z,2026-09-08T21:30:00Z,18,18
E_PIBUW-1,PIBUW-1,2026-09-08,46,2026-09-08T21:30:00Z,2026-09-08T22:00:00Z,19,18
E_PIBUW-1,PIBUW-1,2026-09-08,47,2026-09-08T22:00:00Z,2026-09-08T22:30:00Z,18,17
E_PIBUW-1,PIBUW-1,2026-09-08,48,2026-09-08T22:30:00Z,2026-09-08T23:00:00Z,20,20
E_STRHW-1,STRHW-1,2026-09-08,1,2026-09-07T23:00:00Z,2026-09-07T23:30:00Z,34,35
E_STRHW-1,STRHW-1,2026-09-08,2,2026-09-07T23:30:00Z,2026-09-08T00:00:00Z,35,35
E_STRHW-1,STRHW-1,2026-09-08,3,2026-09-08T00:00:00Z,2026-09-08T00:30:00Z,35,35
E_STRHW-1,STRHW-1,2026-09-08,4,2026-09-08T00:30:00Z,2026-09-08T01:00:00Z,35,35
E_STRHW-1,STRHW-1,2026-09-08,5,2026-09-08T01:00:00Z,2026-09-08T01:30:00Z,35,35
E_STRHW-1,STRHW-1,2026-09-08,6,2026-09-08T01:30:00Z,2026-09-08T02:00:00Z,36,36
E_STRHW-1,STRHW-1,2026-09-08,7,2026-09-08T02:00:00Z,2026-09-08T02:30:00Z,36,35
E_STRHW-1,STRHW-1,2026-09-08,8,2026-09-08T02:30:00Z,2026-09-08T03:00:00Z,35,34
E_STRHW-1,STRHW-1,2026-09-08,9,2026-09-08T03:00:00Z,2026-09-08T03:30:00Z,34,35
E_STRHW-1,STRHW-1,2026-09-08,10,2026-09-08T03:30:00Z,2026-09-08T04:00:00Z,35,35
E_STRHW-1,STRHW-1,2026-09-08,11,2026-09-08T04:00:00Z,2026-09-08T04:30:00Z,35,36
E_STRHW-1,STRHW-1,2026-09-08,12,2026-09-08T04:30:00Z,2026-09-08T05:00:00Z,36,36
E_STRHW-1,STRHW-1,2026-09-08,13,2026-09-08T05:00:00Z,2026-09-08T05:30:00Z,36,36
E_STRHW-1,STRHW-1,2026-09-08,14,2026-09-08T05:30:00Z,2026-09-08T06:00:00Z,36,36
E_STRHW-1,STRHW-1,2026-09-08,15,2026-09-08T06:00:00Z,2026-09-08T06:30:00Z,36,36
E_STRHW-1,STRHW-1,2026-09-08,16,2026-09-08T06:30:00Z,2026-09-08T07:00:00Z,36,36
E_STRHW-1,STRHW-1,2026-09-08,17,2026-09-08T07:00:00Z,2026-09-08T07:30:00Z,36,36
E_STRHW-1,STRHW-1,2026-09-08,18,2026-09-08T07:30:00Z,2026-09-08T08:00:00Z,36,36
E_STRHW-1,STRHW-1,2026-09-08,19,2026-09-08T08:00:00Z,2026-09-08T08:30:00Z,36,36
E_STRHW-1,STRHW-1,2026-09-08,20,2026-09-08T08:30:00Z,2026-09-08T09:00:00Z,36,35
E_STRHW-1,STRHW-1,2026-09-08,21,2026-09-08T09:00:00Z,2026-09-08T09:30:00Z,35,35
E_STRHW-1,STRHW-1,2026-09-08,22,2026-09-08T09:30:00Z,2026-09-08T10:00:00Z,35,35
E_STRHW-1,STRHW-1,2026-09-08,23,2026-09-08T10:00:00Z,2026-09-08T10:30:00Z,35,36
E_STRHW-1,STRHW-1,2026-09-08,24,2026-09-08T10:30:00Z,2026-09-08T11:00:00Z,36,36
E_STRHW-1,STRHW-1,2026-09-08,25,2026-09-08T11:00:00Z,2026-09-08T11:30:00Z,36,36
E_STRHW-1,STRHW-1,2026-09-08,26,2026-09-08T11:30:00Z,2026-09-08T12:00:00Z,36,36
E_STRHW-1,STRHW-1,2026-09-08,27,2026-09-08T12:00:00Z,2026-09-08T12:30:00Z,36,36
E_STRHW-1,STRHW-1,2026-09-08,28,2026-09-08T12:30:00Z,2026-09-08T13:00:00Z,36,36
E_STRHW-1,STRHW-1,2026-09-08,29,2026-09-08T13:00:00Z,2026-09-08T13:30:00Z,36,36
E_STRHW-1,STRHW-1,2026-09-08,30,2026-09-08T13:30:00Z,2026-09-08T14:00:00Z,36,36
E_STRHW-1,STRHW-1,2026-09-08,31,2026-09-08T14:00:00Z,2026-09-08T14:30:00Z,36,36
E_STRHW-1,STRHW-1,2026-09-08,32,2026-09-08T14:30:00Z,2026-09-08T15:00:00Z,36,36
E_STRHW-1,STRHW-1,2026-09-08,33,2026-09-08T15:00:00Z,2026-09-08T15:30:00Z,36,36
E_STRHW-1,STRHW-1,2026-09-08,34,2026-09-08T15:30:00Z,2026-09-08T16:00:00Z,36,36
E_STRHW-1,STRHW-1,2026-09-08,35,2026-09-08T16:00:00Z,2026-09-08T16:30:00Z,36,35
E_STRHW-1,STRHW-1,2026-09-08,36,2026-09-08T16:30:00Z,2026-09-08T17:00:00Z,35,34
E_STRHW-1,STRHW-1,2026-09-08,37,2026-09-08T17:00:00Z,2026-09-08T17:30:00Z,34,33
E_STRHW-1,STRHW-1,2026-09-08,38,2026-09-08T17:30:00Z,2026-09-08T18:00:00Z,33,33
E_STRHW-1,STRHW-1,2026-09-08,39,2026-09-08T18:00:00Z,2026-09-08T18:30:00Z,33,32
E_STRHW-1,STRHW-1,2026-09-08,40,2026-09-08T18:30:00Z,2026-09-08T19:00:00Z,32,31
E_STRHW-1,STRHW-1,2026-09-08,41,2026-09-08T19:00:00Z,2026-09-08T19:30:00Z,31,31
E_STRHW-1,STRHW-1,2026-09-08,42,2026-09-08T19:30:00Z,2026-09-08T20:00:00Z,25,22
E_STRHW-1,STRHW-1,2026-09-08,43,2026-09-08T20:00:00Z,2026-09-08T20:30:00Z,22,21
E_STRHW-1,STRHW-1,2026-09-08,44,2026-09-08T20:30:00Z,2026-09-08T21:00:00Z,21,20
E_STRHW-1,STRHW-1,2026-09-08,45,2026-09-08T21:00:00Z,2026-09-08T21:30:00Z,20,20
E_STRHW-1,STRHW-1,2026-09-08,46,2026-09-08T21:30:00Z,2026-09-08T22:00:00Z,20,20
E_STRHW-1,STRHW-1,2026-09-08,47,2026-09-08T22:00:00Z,2026-09-08T22:30:00Z,20,18
E_STRHW-1,STRHW-1,2026-09-08,48,2026-09-08T22:30:00Z,2026-09-08T23:00:00Z,18,16
E_SWBKW-1,SWBKW-1,2026-09-08,1,2026-09-07T23:00:00Z,2026-09-07T23:15:00Z,21,21
E_SWBKW-1,SWBKW-1,2026-09-08,1,2026-09-07T23:15:00Z,2026-09-07T23:30:00Z,21,21
E_SWBKW-1,SWBKW-1,2026-09-08,2,2026-09-07T23:30:00Z,2026-09-07T23:45:00Z,22,22
E_SWBKW-1,SWBKW-1,2026-09-08,2,2026-09-07T23:45:00Z,2026-09-08T00:00:00Z,23,23
E_SWBKW-1,SWBKW-1,2026-09-08,3,2026-09-08T00:00:00Z,2026-09-08T00:15:00Z,20,20
E_SWBKW-1,SWBKW-1,2026-09-08,3,2026-09-08T00:15:00Z,2026-09-08T00:30:00Z,23,23
E_SWBKW-1,SWBKW-1,2026-09-08,4,2026-09-08T00:30:00Z,2026-09-08T00:45:00Z,21,21
E_SWBKW-1,SWBKW-1,2026-09-08,4,2026-09-08T00:45:00Z,2026-09-08T01:00:00Z,22,22
E_SWBKW-1,SWBKW-1,2026-09-08,5,2026-09-08T01:00:00Z,2026-09-08T01:15:00Z,23,23
E_SWBKW-1,SWBKW-1,2026-09-08,5,2026-09-08T01:15:00Z,2026-09-08T01:30:00Z,22,22
E_SWBKW-1,SWBKW-1,2026-09-08,6,2026-09-08T01:30:00Z,2026-09-08T01:45:00Z,22,22
E_SWBKW-1,SWBKW-1,2026-09-08,6,2026-09-08T01:45:00Z,2026-09-08T02:00:00Z,23,23
E_SWBKW-1,SWBKW-1,2026-09-08,7,2026-09-08T02:00:00Z,2026-09-08T02:15:00Z,22,22
E_SWBKW-1,SWBKW-1,2026-09-08,7,2026-09-08T02:15:00Z,2026-09-08T02:30:00Z,23,23
E_SWBKW-1,SWBKW-1,2026-09-08,8,2026-09-08T02:30:00Z,2026-09-08T02:45:00Z,23,23
E_SWBKW-1,SWBKW-1,2026-09-08,8,2026-09-08T02:45:00Z,2026-09-08T03:00:00Z,24,24
E_SWBKW-1,SWBKW-1,2026-09-08,9,2026-09-08T03:00:00Z,2026-09-08T03:15:00Z,24,24
E_SWBKW-1,SWBKW-1,2026-09-08,9,2026-09-08T03:15:00Z,2026-09-08T03:30:00Z,24,24
E_SWBKW-1,SWBKW-1,2026-09-08,10,2026-09-08T03:30:00Z,2026-09-08T03:45:00Z,24,24
E_SWBKW-1,SWBKW-1,2026-09-08,10,2026-09-08T03:45:00Z,2026-09-08T04:00:00Z,24,24
E_SWBKW-1,SWBKW-1,2026-09-08,11,2026-09-08T04:00:00Z,2026-09-08T04:15:00Z,24,24
E_SWBKW-1,SWBKW-1,2026-09-08,11,2026-09-08T04:15:00Z,2026-09-08T04:30:00Z,23,23
E_SWBKW-1,SWBKW-1,2026-09-08,12,2026-09-08T04:30:00Z,2026-09-08T04:45:00Z,22,22
E_SWBKW-1,SWBKW-1,2026-09-08,12,2026-09-08T04:45:00Z,2026-09-08T05:00:00Z,21,21
E_SWBKW-1,SWBKW-1,2026-09-08,13,2026-09-08T05:00:00Z,2026-09-08T05:15:00Z,21,21
E_SWBKW-1,SWBKW-1,2026-09-08,13,2026-09-08T05:15:00Z,2026-09-08T05:30:00Z,21,21
E_SWBKW-1,SWBKW-1,2026-09-08,14,2026-09-08T05:30:00Z,2026-09-08T05:45:00Z,20,20
E_SWBKW-1,SWBKW-1,2026-09-08,14,2026-09-08T05:45:00Z,2026-09-08T06:00:00Z,20,20
E_SWBKW-1,SWBKW-1,2026-09-08,15,2026-09-08T06:00:00Z,2026-09-08T06:15:00Z,22,22
E_SWBKW-1,SWBKW-1,2026-09-08,15,2026-09-08T06:15:00Z,2026-09-08T06:30:00Z,21,21
E_SWBKW-1,SWBKW-1,2026-09-08,16,2026-09-08T06:30:00Z,2026-09-08T06:45:00Z,21,21
E_SWBKW-1,SWBKW-1,2026-09-08,16,2026-09-08T06:45:00Z,2026-09-08T07:00:00Z,20,20
E_SWBKW-1,SWBKW-1,2026-09-08,17,2026-09-08T07:00:00Z,2026-09-08T07:15:00Z,21,21
E_SWBKW-1,SWBKW-1,2026-09-08,17,2026-09-08T07:15:00Z,2026-09-08T07:30:00Z,21,21
E_SWBKW-1,SWBKW-1,2026-09-08,18,2026-09-08T07:30:00Z,2026-09-08T07:45:00Z,22,22
E_SWBKW-1,SWBKW-1,2026-09-08,18,2026-09-08T07:45:00Z,2026-09-08T08:00:00Z,22,22
E_SWBKW-1,SWBKW-1,2026-09-08,19,2026-09-08T08:00:00Z,2026-09-08T08:15:00Z,22,22
E_SWBKW-1,SWBKW-1,2026-09-08,19,2026-09-08T08:15:00Z,2026-09-08T08:30:00Z,24,24
E_SWBKW-1,SWBKW-1,2026-09-08,20,2026-09-08T08:30:00Z,2026-09-08T08:45:00Z,24,24
E_SWBKW-1,SWBKW-1,2026-09-08,20,2026-09-08T08:45:00Z,2026-09-08T09:00:00Z,24,24
E_SWBKW-1,SWBKW-1,2026-09-08,21,2026-09-08T09:00:00Z,2026-09-08T09:15:00Z,25,25
E_SWBKW-1,SWBKW-1,2026-09-08,21,2026-09-08T09:15:00Z,2026-09-08T09:30:00Z,25,25
E_SWBKW-1,SWBKW-1,2026-09-08,22,2026-09-08T09:30:00Z,2026-09-08T09:45:00Z,24,24
E_SWBKW-1,SWBKW-1,2026-09-08,22,2026-09-08T09:45:00Z,2026-09-08T10:00:00Z,24,24
E_SWBKW-1,SWBKW-1,2026-09-08,23,2026-09-08T10:00:00Z,2026-09-08T10:15:00Z,25,25
E_SWBKW-1,SWBKW-1,2026-09-08,23,2026-09-08T10:15:00Z,2026-09-08T10:30:00Z,25,25
E_SWBKW-1,SWBKW-1,2026-09-08,24,2026-09-08T10:30:00Z,2026-09-08T10:45:00Z,24,24
E_SWBKW-1,SWBKW-1,2026-09-08,24,2026-09-08T10:45:00Z,2026-09-08T11:00:00Z,24,24
E_SWBKW-1,SWBKW-1,2026-09-08,25,2026-09-08T11:00:00Z,2026-09-08T11:15:00Z,25,25
E_SWBKW-1,SWBKW-1,2026-09-08,25,2026-09-08T11:15:00Z,2026-09-08T11:30:00Z,25,25
E_SWBKW-1,SWBKW-1,2026-09-08,26,2026-09-08T11:30:00Z,2026-09-08T11:45:00Z,25,25
E_SWBKW-1,SWBKW-1,2026-09-08,26,2026-09-08T11:45:00Z,2026-09-08T12:00:00Z,26,26
E_SWBKW-1,SWBKW-1,2026-09-08,27,2026-09-08T12:00:00Z,2026-09-08T12:15:00Z,27,27
E_SWBKW-1,SWBKW-1,2026-09-08,27,2026-09-08T12:15:00Z,2026-09-08T12:30:00Z,27,27
E_SWBKW-1,SWBKW-1,2026-09-08,28,2026-09-08T12:30:00Z,2026-09-08T12:45:00Z,27,27
E_SWBKW-1,SWBKW-1,2026-09-08,28,2026-09-08T12:45:00Z,2026-09-08T13:00:00Z,27,27
E_SWBKW-1,SWBKW-1,2026-09-08,29,2026-09-08T13:00:00Z,2026-09-08T13:15:00Z,27,27
E_SWBKW-1,SWBKW-1,2026-09-08,29,2026-09-08T13:15:00Z,2026-09-08T13:30:00Z,27,27
E_SWBKW-1,SWBKW-1,2026-09-08,30,2026-09-08T13:30:00Z,2026-09-08T13:45:00Z,26,26
E_SWBKW-1,SWBKW-1,2026-09-08,30,2026-09-08T13:45:00Z,2026-09-08T14:00:00Z,26,26
E_SWBKW-1,SWBKW-1,2026-09-08,31,2026-09-08T14:00:00Z,2026-09-08T14:15:00Z,26,26
E_SWBKW-1,SWBKW-1,2026-09-08,31,2026-09-08T14:15:00Z,2026-09-08T14:30:00Z,26,26
E_SWBKW-1,SWBKW-1,2026-09-08,32,2026-09-08T14:30:00Z,2026-09-08T14:45:00Z,26,26
E_SWBKW-1,SWBKW-1,2026-09-08,32,2026-09-08T14:45:00Z,2026-09-08T15:00:00Z,26,26
E_SWBKW-1,SWBKW-1,2026-09-08,33,2026-09-08T15:00:00Z,2026-09-08T15:15:00Z,26,26
E_SWBKW-1,SWBKW-1,2026-09-08,33,2026-09-08T15:15:00Z,2026-09-08T15:30:00Z,26,26
E_SWBKW-1,SWBKW-1,2026-09-08,34,2026-09-08T15:30:00Z,2026-09-08T15:45:00Z,27,27
E_SWBKW-1,SWBKW-1,2026-09-08,34,2026-09-08T15:45:00Z,2026-09-08T16:00:00Z,26,26
E_SWBKW-1,SWBKW-1,2026-09-08,35,2026-09-08T16:00:00Z,2026-09-08T16:15:00Z,26,26
E_SWBKW-1,SWBKW-1,2026-09-08,35,2026-09-08T16:15:00Z,2026-09-08T16:30:00Z,26,26
E_SWBKW-1,SWBKW-1,2026-09-08,36,2026-09-08T16:30:00Z,2026-09-08T16:45:00Z,26,26
E_SWBKW-1,SWBKW-1,2026-09-08,36,2026-09-08T16:45:00Z,2026-09-08T17:00:00Z,26,26
E_SWBKW-1,SWBKW-1,2026-09-08,37,2026-09-08T17:00:00Z,2026-09-08T17:15:00Z,26,26
E_SWBKW-1,SWBKW-1,2026-09-08,37,2026-09-08T17:15:00Z,2026-09-08T17:30:00Z,26,26
E_SWBKW-1,SWBKW-1,2026-09-08,38,2026-09-08T17:30:00Z,2026-09-08T17:45:00Z,27,27
E_SWBKW-1,SWBKW-1,2026-09-08,38,2026-09-08T17:45:00Z,2026-09-08T18:00:00Z,27,27
E_SWBKW-1,SWBKW-1,2026-09-08,39,2026-09-08T18:00:00Z,2026-09-08T18:15:00Z,27,27
E_SWBKW-1,SWBKW-1,2026-09-08,39,2026-09-08T18:15:00Z,2026-09-08T18:30:00Z,27,27
E_SWBKW-1,SWBKW-1,2026-09-08,40,2026-09-08T18:30:00Z,2026-09-08T18:45:00Z,26,26
E_SWBKW-1,SWBKW-1,2026-09-08,40,2026-09-08T18:45:00Z,2026-09-08T19:00:00Z,26,26
E_SWBKW-1,SWBKW-1,2026-09-08,41,2026-09-08T19:00:00Z,2026-09-08T19:15:00Z,26,26
E_SWBKW-1,SWBKW-1,2026-09-08,41,2026-09-08T19:15:00Z,2026-09-08T19:30:00Z,25,25
E_SWBKW-1,SWBKW-1,2026-09-08,42,2026-09-08T19:30:00Z,2026-09-08T19:45:00Z,25,25
E_SWBKW-1,SWBKW-1,2026-09-08,42,2026-09-08T19:45:00Z,2026-09-08T20:00:00Z,24,24
E_SWBKW-1,SWBKW-1,2026-09-08,43,2026-09-08T20:00:00Z,2026-09-08T20:15:00Z,23,23
E_SWBKW-1,SWBKW-1,2026-09-08,43,2026-09-08T20:15:00Z,2026-09-08T20:30:00Z,23,23
E_SWBKW-1,SWBKW-1,2026-09-08,44,2026-09-08T20:30:00Z,2026-09-08T20:45:00Z,21,21
E_SWBKW-1,SWBKW-1,2026-09-08,44,2026-09-08T20:45:00Z,2026-09-08T21:00:00Z,20,20
E_SWBKW-1,SWBKW-1,2026-09-08,45,2026-09-08T21:00:00Z,2026-09-08T21:15:00Z,17,17
E_SWBKW-1,SWBKW-1,2026-09-08,45,2026-09-08T21:15:00Z,2026-09-08T21:30:00Z,17,17
E_SWBKW-1,SWBKW-1,2026-09-08,46,2026-09-08T21:30:00Z,2026-09-08T21:45:00Z,16,16
E_SWBKW-1,SWBKW-1,2026-09-08,46,2026-09-08T21:45:00Z,2026-09-08T22:00:00Z,16,16
E_SWBKW-1,SWBKW-1,2026-09-08,47,2026-09-08T22:00:00Z,2026-09-08T22:15:00Z,14,14
E_SWBKW-1,SWBKW-1,2026-09-08,47,2026-09-08T22:15:00Z,2026-09-08T22:30:00Z,15,15
E_SWBKW-1,SWBKW-1,2026-09-08,48,2026-09-08T22:30:00Z,2026-09-08T22:45:00Z,15,15
E_SWBKW-1,SWBKW-1,2026-09-08,48,2026-09-08T22:45:00Z,2026-09-08T23:00:00Z,15,15
E_TLYMW-1,TLYMW-1,2026-09-08,1,2026-09-07T23:00:00Z,2026-09-07T23:30:00Z,10,12
E_TLYMW-1,TLYMW-1,2026-09-08,2,2026-09-07T23:30:00Z,2026-09-08T00:00:00Z,12,13
E_TLYMW-1,TLYMW-1,2026-09-08,3,2026-09-08T00:00:00Z,2026-09-08T00:30:00Z,13,14
E_TLYMW-1,TLYMW-1,2026-09-08,4,2026-09-08T00:30:00Z,2026-09-08T01:00:00Z,14,14
E_TLYMW-1,TLYMW-1,2026-09-08,5,2026-09-08T01:00:00Z,2026-09-08T01:30:00Z,14,13
E_TLYMW-1,TLYMW-1,2026-09-08,6,2026-09-08T01:30:00Z,2026-09-08T02:00:00Z,13,12
E_TLYMW-1,TLYMW-1,2026-09-08,7,2026-09-08T02:00:00Z,2026-09-08T02:30:00Z,12,11
E_TLYMW-1,TLYMW-1,2026-09-08,8,2026-09-08T02:30:00Z,2026-09-08T03:00:00Z,11,11
E_TLYMW-1,TLYMW-1,2026-09-08,9,2026-09-08T03:00:00Z,2026-09-08T03:30:00Z,11,10
E_TLYMW-1,TLYMW-1,2026-09-08,10,2026-09-08T03:30:00Z,2026-09-08T04:00:00Z,10,10
E_TLYMW-1,TLYMW-1,2026-09-08,11,2026-09-08T04:00:00Z,2026-09-08T04:30:00Z,10,10
E_TLYMW-1,TLYMW-1,2026-09-08,12,2026-09-08T04:30:00Z,2026-09-08T05:00:00Z,10,11
E_TLYMW-1,TLYMW-1,2026-09-08,13,2026-09-08T05:00:00Z,2026-09-08T05:30:00Z,11,10
E_TLYMW-1,TLYMW-1,2026-09-08,14,2026-09-08T05:30:00Z,2026-09-08T06:00:00Z,10,10
E_TLYMW-1,TLYMW-1,2026-09-08,15,2026-09-08T06:00:00Z,2026-09-08T06:30:00Z,10,9
E_TLYMW-1,TLYMW-1,2026-09-08,16,2026-09-08T06:30:00Z,2026-09-08T07:00:00Z,9,8
E_TLYMW-1,TLYMW-1,2026-09-08,17,2026-09-08T07:00:00Z,2026-09-08T07:30:00Z,8,9
E_TLYMW-1,TLYMW-1,2026-09-08,18,2026-09-08T07:30:00Z,2026-09-08T08:00:00Z,9,10
E_TLYMW-1,TLYMW-1,2026-09-08,19,2026-09-08T08:00:00Z,2026-09-08T08:30:00Z,8,10
E_TLYMW-1,TLYMW-1,2026-09-08,20,2026-09-08T08:30:00Z,2026-09-08T09:00:00Z,10,13
E_TLYMW-1,TLYMW-1,2026-09-08,21,2026-09-08T09:00:00Z,2026-09-08T09:30:00Z,12,13
E_TLYMW-1,TLYMW-1,2026-09-08,22,2026-09-08T09:30:00Z,2026-09-08T10:00:00Z,13,14
E_TLYMW-1,TLYMW-1,2026-09-08,23,2026-09-08T10:00:00Z,2026-09-08T10:30:00Z,14,14
E_TLYMW-1,TLYMW-1,2026-09-08,24,2026-09-08T10:30:00Z,2026-09-08T11:00:00Z,14,14
E_TLYMW-1,TLYMW-1,2026-09-08,25,2026-09-08T11:00:00Z,2026-09-08T11:30:00Z,14,14
E_TLYMW-1,TLYMW-1,2026-09-08,26,2026-09-08T11:30:00Z,2026-09-08T12:00:00Z,14,14
E_TLYMW-1,TLYMW-1,2026-09-08,27,2026-09-08T12:00:00Z,2026-09-08T12:30:00Z,14,14
E_TLYMW-1,TLYMW-1,2026-09-08,28,2026-09-08T12:30:00Z,2026-09-08T13:00:00Z,14,14
E_TLYMW-1,TLYMW-1,2026-09-08,29,2026-09-08T13:00:00Z,2026-09-08T13:30:00Z,14,14
E_TLYMW-1,TLYMW-1,2026-09-08,30,2026-09-08T13:30:00Z,2026-09-08T14:00:00Z,14,14
E_TLYMW-1,TLYMW-1,2026-09-08,31,2026-09-08T14:00:00Z,2026-09-08T14:30:00Z,14,14
E_TLYMW-1,TLYMW-1,2026-09-08,32,2026-09-08T14:30:00Z,2026-09-08T15:00:00Z,14,14
E_TLYMW-1,TLYMW-1,2026-09-08,33,2026-09-08T15:00:00Z,2026-09-08T15:30:00Z,14,14
E_TLYMW-1,TLYMW-1,2026-09-08,34,2026-09-08T15:30:00Z,2026-09-08T16:00:00Z,14,14
E_TLYMW-1,TLYMW-1,2026-09-08,35,2026-09-08T16:00:00Z,2026-09-08T16:30:00Z,14,14
E_TLYMW-1,TLYMW-1,2026-09-08,36,2026-09-08T16:30:00Z,2026-09-08T17:00:00Z,14,14
E_TLYMW-1,TLYMW-1,2026-09-08,37,2026-09-08T17:00:00Z,2026-09-08T17:30:00Z,14,14
E_TLYMW-1,TLYMW-1,2026-09-08,38,2026-09-08T17:30:00Z,2026-09-08T18:00:00Z,14,14
E_TLYMW-1,TLYMW-1,2026-09-08,39,2026-09-08T18:00:00Z,2026-09-08T18:30:00Z,14,13
E_TLYMW-1,TLYMW-1,2026-09-08,40,2026-09-08T18:30:00Z,2026-09-08T19:00:00Z,13,13
E_TLYMW-1,TLYMW-1,2026-09-08,41,2026-09-08T19:00:00Z,2026-09-08T19:30:00Z,13,12
E_TLYMW-1,TLYMW-1,2026-09-08,42,2026-09-08T19:30:00Z,2026-09-08T20:00:00Z,12,11
E_TLYMW-1,TLYMW-1,2026-09-08,43,2026-09-08T20:00:00Z,2026-09-08T20:30:00Z,11,10
E_TLYMW-1,TLYMW-1,2026-09-08,44,2026-09-08T20:30:00Z,2026-09-08T21:00:00Z,10,9
E_TLYMW-1,TLYMW-1,2026-09-08,45,2026-09-08T21:00:00Z,2026-09-08T21:30:00Z,9,8
E_TLYMW-1,TLYMW-1,2026-09-08,46,2026-09-08T21:30:00Z,2026-09-08T22:00:00Z,8,6
E_TLYMW-1,TLYMW-1,2026-09-08,47,2026-09-08T22:00:00Z,2026-09-08T22:30:00Z,6,7
E_TLYMW-1,TLYMW-1,2026-09-08,48,2026-09-08T22:30:00Z,2026-09-08T23:00:00Z,7,8
E_TULWW-1,TULWW-1,2026-09-08,1,2026-09-07T23:00:00Z,2026-09-07T23:30:00Z,8,9
E_TULWW-1,TULWW-1,2026-09-08,2,2026-09-07T23:30:00Z,2026-09-08T00:00:00Z,10,11
E_TULWW-1,TULWW-1,2026-09-08,3,2026-09-08T00:00:00Z,2026-09-08T00:30:00Z,11,10
E_TULWW-1,TULWW-1,2026-09-08,4,2026-09-08T00:30:00Z,2026-09-08T01:00:00Z,9,8
E_TULWW-1,TULWW-1,2026-09-08,5,2026-09-08T01:00:00Z,2026-09-08T01:30:00Z,8,10
E_TULWW-1,TULWW-1,2026-09-08,6,2026-09-08T01:30:00Z,2026-09-08T02:00:00Z,11,11
E_TULWW-1,TULWW-1,2026-09-08,7,2026-09-08T02:00:00Z,2026-09-08T02:30:00Z,11,11
E_TULWW-1,TULWW-1,2026-09-08,8,2026-09-08T02:30:00Z,2026-09-08T03:00:00Z,12,12
E_TULWW-1,TULWW-1,2026-09-08,9,2026-09-08T03:00:00Z,2026-09-08T03:30:00Z,12,12
E_TULWW-1,TULWW-1,2026-09-08,10,2026-09-08T03:30:00Z,2026-09-08T04:00:00Z,12,12
E_TULWW-1,TULWW-1,2026-09-08,11,2026-09-08T04:00:00Z,2026-09-08T04:30:00Z,12,13
E_TULWW-1,TULWW-1,2026-09-08,12,2026-09-08T04:30:00Z,2026-09-08T05:00:00Z,11,10
E_TULWW-1,TULWW-1,2026-09-08,13,2026-09-08T05:00:00Z,2026-09-08T05:30:00Z,10,10
E_TULWW-1,TULWW-1,2026-09-08,14,2026-09-08T05:30:00Z,2026-09-08T06:00:00Z,12,11
E_TULWW-1,TULWW-1,2026-09-08,15,2026-09-08T06:00:00Z,2026-09-08T06:30:00Z,11,10
E_TULWW-1,TULWW-1,2026-09-08,16,2026-09-08T06:30:00Z,2026-09-08T07:00:00Z,10,10
E_TULWW-1,TULWW-1,2026-09-08,17,2026-09-08T07:00:00Z,2026-09-08T07:30:00Z,10,9
E_TULWW-1,TULWW-1,2026-09-08,18,2026-09-08T07:30:00Z,2026-09-08T08:00:00Z,8,8
E_TULWW-1,TULWW-1,2026-09-08,19,2026-09-08T08:00:00Z,2026-09-08T08:30:00Z,8,9
E_TULWW-1,TULWW-1,2026-09-08,20,2026-09-08T08:30:00Z,2026-09-08T09:00:00Z,11,11
E_TULWW-1,TULWW-1,2026-09-08,21,2026-09-08T09:00:00Z,2026-09-08T09:30:00Z,11,10
E_TULWW-1,TULWW-1,2026-09-08,22,2026-09-08T09:30:00Z,2026-09-08T10:00:00Z,11,10
E_TULWW-1,TULWW-1,2026-09-08,23,2026-09-08T10:00:00Z,2026-09-08T10:30:00Z,10,11
E_TULWW-1,TULWW-1,2026-09-08,24,2026-09-08T10:30:00Z,2026-09-08T11:00:00Z,9,10
E_TULWW-1,TULWW-1,2026-09-08,25,2026-09-08T11:00:00Z,2026-09-08T11:30:00Z,10,12
E_TULWW-1,TULWW-1,2026-09-08,26,2026-09-08T11:30:00Z,2026-09-08T12:00:00Z,12,11
E_TULWW-1,TULWW-1,2026-09-08,27,2026-09-08T12:00:00Z,2026-09-08T12:30:00Z,11,11
E_TULWW-1,TULWW-1,2026-09-08,28,2026-09-08T12:30:00Z,2026-09-08T13:00:00Z,10,11
E_TULWW-1,TULWW-1,2026-09-08,29,2026-09-08T13:00:00Z,2026-09-08T13:30:00Z,11,12
E_TULWW-1,TULWW-1,2026-09-08,30,2026-09-08T13:30:00Z,2026-09-08T14:00:00Z,11,11
E_TULWW-1,TULWW-1,2026-09-08,31,2026-09-08T14:00:00Z,2026-09-08T14:30:00Z,11,11
E_TULWW-1,TULWW-1,2026-09-08,32,2026-09-08T14:30:00Z,2026-09-08T15:00:00Z,13,12
E_TULWW-1,TULWW-1,2026-09-08,33,2026-09-08T15:00:00Z,2026-09-08T15:30:00Z,12,13
E_TULWW-1,TULWW-1,2026-09-08,34,2026-09-08T15:30:00Z,2026-09-08T16:00:00Z,14,13
E_TULWW-1,TULWW-1,2026-09-08,35,2026-09-08T16:00:00Z,2026-09-08T16:30:00Z,13,13
E_TULWW-1,TULWW-1,2026-09-08,36,2026-09-08T16:30:00Z,2026-09-08T17:00:00Z,13,13
E_TULWW-1,TULWW-1,2026-09-08,37,2026-09-08T17:00:00Z,2026-09-08T17:30:00Z,13,14
E_TULWW-1,TULWW-1,2026-09-08,38,2026-09-08T17:30:00Z,2026-09-08T18:00:00Z,15,14
E_TULWW-1,TULWW-1,2026-09-08,39,2026-09-08T18:00:00Z,2026-09-08T18:30:00Z,14,14
E_TULWW-1,TULWW-1,2026-09-08,40,2026-09-08T18:30:00Z,2026-09-08T19:00:00Z,15,13
E_TULWW-1,TULWW-1,2026-09-08,41,2026-09-08T19:00:00Z,2026-09-08T19:30:00Z,13,13
E_TULWW-1,TULWW-1,2026-09-08,42,2026-09-08T19:30:00Z,2026-09-08T20:00:00Z,14,13
E_TULWW-1,TULWW-1,2026-09-08,43,2026-09-08T20:00:00Z,2026-09-08T20:30:00Z,13,14
E_TULWW-1,TULWW-1,2026-09-08,44,2026-09-08T20:30:00Z,2026-09-08T21:00:00Z,12,11
E_TULWW-1,TULWW-1,2026-09-08,45,2026-09-08T21:00:00Z,2026-09-08T21:30:00Z,11,10
E_TULWW-1,TULWW-1,2026-09-08,46,2026-09-08T21:30:00Z,2026-09-08T22:00:00Z,10,10
E_TULWW-1,TULWW-1,2026-09-08,47,2026-09-08T22:00:00Z,2026-09-08T22:30:00Z,10,10
E_TULWW-1,TULWW-1,2026-09-08,48,2026-09-08T22:30:00Z,2026-09-08T23:00:00Z,11,10
E_TULWW-2,TULWW-2,2026-09-08,1,2026-09-07T23:00:00Z,2026-09-07T23:30:00Z,11,11
E_TULWW-2,TULWW-2,2026-09-08,2,2026-09-07T23:30:00Z,2026-09-08T00:00:00Z,13,12
E_TULWW-2,TULWW-2,2026-09-08,3,2026-09-08T00:00:00Z,2026-09-08T00:30:00Z,11,12
E_TULWW-2,TULWW-2,2026-09-08,4,2026-09-08T00:30:00Z,2026-09-08T01:00:00Z,12,12
E_TULWW-2,TULWW-2,2026-09-08,5,2026-09-08T01:00:00Z,2026-09-08T01:30:00Z,11,13
E_TULWW-2,TULWW-2,2026-09-08,6,2026-09-08T01:30:00Z,2026-09-08T02:00:00Z,14,16
E_TULWW-2,TULWW-2,2026-09-08,7,2026-09-08T02:00:00Z,2026-09-08T02:30:00Z,16,16
E_TULWW-2,TULWW-2,2026-09-08,8,2026-09-08T02:30:00Z,2026-09-08T03:00:00Z,18,17
E_TULWW-2,TULWW-2,2026-09-08,9,2026-09-08T03:00:00Z,2026-09-08T03:30:00Z,18,18
E_TULWW-2,TULWW-2,2026-09-08,10,2026-09-08T03:30:00Z,2026-09-08T04:00:00Z,18,17
E_TULWW-2,TULWW-2,2026-09-08,11,2026-09-08T04:00:00Z,2026-09-08T04:30:00Z,17,17
E_TULWW-2,TULWW-2,2026-09-08,12,2026-09-08T04:30:00Z,2026-09-08T05:00:00Z,17,17
E_TULWW-2,TULWW-2,2026-09-08,13,2026-09-08T05:00:00Z,2026-09-08T05:30:00Z,16,17
E_TULWW-2,TULWW-2,2026-09-08,14,2026-09-08T05:30:00Z,2026-09-08T06:00:00Z,16,17
E_TULWW-2,TULWW-2,2026-09-08,15,2026-09-08T06:00:00Z,2026-09-08T06:30:00Z,17,17
E_TULWW-2,TULWW-2,2026-09-08,16,2026-09-08T06:30:00Z,2026-09-08T07:00:00Z,16,17
E_TULWW-2,TULWW-2,2026-09-08,17,2026-09-08T07:00:00Z,2026-09-08T07:30:00Z,16,16
E_TULWW-2,TULWW-2,2026-09-08,18,2026-09-08T07:30:00Z,2026-09-08T08:00:00Z,13,14
E_TULWW-2,TULWW-2,2026-09-08,19,2026-09-08T08:00:00Z,2026-09-08T08:30:00Z,11,14
E_TULWW-2,TULWW-2,2026-09-08,20,2026-09-08T08:30:00Z,2026-09-08T09:00:00Z,14,15
E_TULWW-2,TULWW-2,2026-09-08,21,2026-09-08T09:00:00Z,2026-09-08T09:30:00Z,15,16
E_TULWW-2,TULWW-2,2026-09-08,22,2026-09-08T09:30:00Z,2026-09-08T10:00:00Z,14,15
E_TULWW-2,TULWW-2,2026-09-08,23,2026-09-08T10:00:00Z,2026-09-08T10:30:00Z,14,16
E_TULWW-2,TULWW-2,2026-09-08,24,2026-09-08T10:30:00Z,2026-09-08T11:00:00Z,11,14
E_TULWW-2,TULWW-2,2026-09-08,25,2026-09-08T11:00:00Z,2026-09-08T11:30:00Z,14,14
E_TULWW-2,TULWW-2,2026-09-08,26,2026-09-08T11:30:00Z,2026-09-08T12:00:00Z,16,14
E_TULWW-2,TULWW-2,2026-09-08,27,2026-09-08T12:00:00Z,2026-09-08T12:30:00Z,17,17
E_TULWW-2,TULWW-2,2026-09-08,28,2026-09-08T12:30:00Z,2026-09-08T13:00:00Z,15,15
E_TULWW-2,TULWW-2,2026-09-08,29,2026-09-08T13:00:00Z,2026-09-08T13:30:00Z,15,14
E_TULWW-2,TULWW-2,2026-09-08,30,2026-09-08T13:30:00Z,2026-09-08T14:00:00Z,15,15
E_TULWW-2,TULWW-2,2026-09-08,31,2026-09-08T14:00:00Z,2026-09-08T14:30:00Z,14,15
E_TULWW-2,TULWW-2,2026-09-08,32,2026-09-08T14:30:00Z,2026-09-08T15:00:00Z,14,15
E_TULWW-2,TULWW-2,2026-09-08,33,2026-09-08T15:00:00Z,2026-09-08T15:30:00Z,15,16
E_TULWW-2,TULWW-2,2026-09-08,34,2026-09-08T15:30:00Z,2026-09-08T16:00:00Z,17,18
E_TULWW-2,TULWW-2,2026-09-08,35,2026-09-08T16:00:00Z,2026-09-08T16:30:00Z,18,20
E_TULWW-2,TULWW-2,2026-09-08,36,2026-09-08T16:30:00Z,2026-09-08T17:00:00Z,20,20
E_TULWW-2,TULWW-2,2026-09-08,37,2026-09-08T17:00:00Z,2026-09-08T17:30:00Z,20,21
E_TULWW-2,TULWW-2,2026-09-08,38,2026-09-08T17:30:00Z,2026-09-08T18:00:00Z,21,23
E_TULWW-2,TULWW-2,2026-09-08,39,2026-09-08T18:00:00Z,2026-09-08T18:30:00Z,24,24
E_TULWW-2,TULWW-2,2026-09-08,40,2026-09-08T18:30:00Z,2026-09-08T19:00:00Z,23,24
E_TULWW-2,TULWW-2,2026-09-08,41,2026-09-08T19:00:00Z,2026-09-08T19:30:00Z,25,24
E_TULWW-2,TULWW-2,2026-09-08,42,2026-09-08T19:30:00Z,2026-09-08T20:00:00Z,24,23
E_TULWW-2,TULWW-2,2026-09-08,43,2026-09-08T20:00:00Z,2026-09-08T20:30:00Z,24,24
E_TULWW-2,TULWW-2,2026-09-08,44,2026-09-08T20:30:00Z,2026-09-08T21:00:00Z,24,23
E_TULWW-2,TULWW-2,2026-09-08,45,2026-09-08T21:00:00Z,2026-09-08T21:30:00Z,23,20
E_TULWW-2,TULWW-2,2026-09-08,46,2026-09-08T21:30:00Z,2026-09-08T22:00:00Z,19,17
E_TULWW-2,TULWW-2,2026-09-08,47,2026-09-08T22:00:00Z,2026-09-08T22:30:00Z,17,15
E_TULWW-2,TULWW-2,2026-09-08,48,2026-09-08T22:30:00Z,2026-09-08T23:00:00Z,17,15
T_ABRBO-1,ABRBO-1,2026-09-08,1,2026-09-07T23:00:00Z,2026-09-07T23:15:00Z,71,71
T_ABRBO-1,ABRBO-1,2026-09-08,1,2026-09-07T23:15:00Z,2026-09-07T23:30:00Z,72,72
T_ABRBO-1,ABRBO-1,2026-09-08,2,2026-09-07T23:30:00Z,2026-09-07T23:45:00Z,72,72
T_ABRBO-1,ABRBO-1,2026-09-08,2,2026-09-07T23:45:00Z,2026-09-08T00:00:00Z,69,69
T_ABRBO-1,ABRBO-1,2026-09-08,3,2026-09-08T00:00:00Z,2026-09-08T00:15:00Z,70,70
T_ABRBO-1,ABRBO-1,2026-09-08,3,2026-09-08T00:15:00Z,2026-09-08T00:30:00Z,72,72
T_ABRBO-1,ABRBO-1,2026-09-08,4,2026-09-08T00:30:00Z,2026-09-08T00:45:00Z,69,69
T_ABRBO-1,ABRBO-1,2026-09-08,4,2026-09-08T00:45:00Z,2026-09-08T01:00:00Z,68,68
T_ABRBO-1,ABRBO-1,2026-09-08,5,2026-09-08T01:00:00Z,2026-09-08T01:15:00Z,72,72
T_ABRBO-1,ABRBO-1,2026-09-08,5,2026-09-08T01:15:00Z,2026-09-08T01:30:00Z,78,78
T_ABRBO-1,ABRBO-1,2026-09-08,6,2026-09-08T01:30:00Z,2026-09-08T01:45:00Z,77,77
T_ABRBO-1,ABRBO-1,2026-09-08,6,2026-09-08T01:45:00Z,2026-09-08T02:00:00Z,78,78
T_ABRBO-1,ABRBO-1,2026-09-08,7,2026-09-08T02:00:00Z,2026-09-08T02:15:00Z,78,78
T_ABRBO-1,ABRBO-1,2026-09-08,7,2026-09-08T02:15:00Z,2026-09-08T02:30:00Z,77,77
T_ABRBO-1,ABRBO-1,2026-09-08,8,2026-09-08T02:30:00Z,2026-09-08T02:45:00Z,80,80
T_ABRBO-1,ABRBO-1,2026-09-08,8,2026-09-08T02:45:00Z,2026-09-08T03:00:00Z,81,81
T_ABRBO-1,ABRBO-1,2026-09-08,9,2026-09-08T03:00:00Z,2026-09-08T03:15:00Z,81,81
T_ABRBO-1,ABRBO-1,2026-09-08,9,2026-09-08T03:15:00Z,2026-09-08T03:30:00Z,80,80
T_ABRBO-1,ABRBO-1,2026-09-08,10,2026-09-08T03:30:00Z,2026-09-08T03:45:00Z,79,79
T_ABRBO-1,ABRBO-1,2026-09-08,10,2026-09-08T03:45:00Z,2026-09-08T04:00:00Z,79,79
T_ABRBO-1,ABRBO-1,2026-09-08,11,2026-09-08T04:00:00Z,2026-09-08T04:15:00Z,81,81
T_ABRBO-1,ABRBO-1,2026-09-08,11,2026-09-08T04:15:00Z,2026-09-08T04:30:00Z,80,80
T_ABRBO-1,ABRBO-1,2026-09-08,12,2026-09-08T04:30:00Z,2026-09-08T04:45:00Z,79,79
T_ABRBO-1,ABRBO-1,2026-09-08,12,2026-09-08T04:45:00Z,2026-09-08T05:00:00Z,76,76
T_ABRBO-1,ABRBO-1,2026-09-08,13,2026-09-08T05:00:00Z,2026-09-08T05:15:00Z,80,80
T_ABRBO-1,ABRBO-1,2026-09-08,13,2026-09-08T05:15:00Z,2026-09-08T05:30:00Z,81,81
T_ABRBO-1,ABRBO-1,2026-09-08,14,2026-09-08T05:30:00Z,2026-09-08T05:45:00Z,78,78
T_ABRBO-1,ABRBO-1,2026-09-08,14,2026-09-08T05:45:00Z,2026-09-08T06:00:00Z,81,81
T_ABRBO-1,ABRBO-1,2026-09-08,15,2026-09-08T06:00:00Z,2026-09-08T06:15:00Z,82,82
T_ABRBO-1,ABRBO-1,2026-09-08,15,2026-09-08T06:15:00Z,2026-09-08T06:30:00Z,82,82
T_ABRBO-1,ABRBO-1,2026-09-08,16,2026-09-08T06:30:00Z,2026-09-08T06:45:00Z,80,80
T_ABRBO-1,ABRBO-1,2026-09-08,16,2026-09-08T06:45:00Z,2026-09-08T07:00:00Z,80,80
T_ABRBO-1,ABRBO-1,2026-09-08,17,2026-09-08T07:00:00Z,2026-09-08T07:15:00Z,76,76
T_ABRBO-1,ABRBO-1,2026-09-08,17,2026-09-08T07:15:00Z,2026-09-08T07:30:00Z,73,73
T_ABRBO-1,ABRBO-1,2026-09-08,18,2026-09-08T07:30:00Z,2026-09-08T07:45:00Z,62,62
T_ABRBO-1,ABRBO-1,2026-09-08,18,2026-09-08T07:45:00Z,2026-09-08T08:00:00Z,57,57
T_ABRBO-1,ABRBO-1,2026-09-08,19,2026-09-08T08:00:00Z,2026-09-08T08:15:00Z,58,58
T_ABRBO-1,ABRBO-1,2026-09-08,19,2026-09-08T08:15:00Z,2026-09-08T08:30:00Z,54,54
T_ABRBO-1,ABRBO-1,2026-09-08,20,2026-09-08T08:30:00Z,2026-09-08T08:45:00Z,50,50
T_ABRBO-1,ABRBO-1,2026-09-08,20,2026-09-08T08:45:00Z,2026-09-08T09:00:00Z,54,54
T_ABRBO-1,ABRBO-1,2026-09-08,21,2026-09-08T09:00:00Z,2026-09-08T09:15:00Z,57,57
T_ABRBO-1,ABRBO-1,2026-09-08,21,2026-09-08T09:15:00Z,2026-09-08T09:30:00Z,58,58
T_ABRBO-1,ABRBO-1,2026-09-08,22,2026-09-08T09:30:00Z,2026-09-08T09:45:00Z,58,58
T_ABRBO-1,ABRBO-1,2026-09-08,22,2026-09-08T09:45:00Z,2026-09-08T10:00:00Z,59,59
T_ABRBO-1,ABRBO-1,2026-09-08,23,2026-09-08T10:00:00Z,2026-09-08T10:15:00Z,60,60
T_ABRBO-1,ABRBO-1,2026-09-08,23,2026-09-08T10:15:00Z,2026-09-08T10:30:00Z,61,61
T_ABRBO-1,ABRBO-1,2026-09-08,24,2026-09-08T10:30:00Z,2026-09-08T10:45:00Z,61,61
T_ABRBO-1,ABRBO-1,2026-09-08,24,2026-09-08T10:45:00Z,2026-09-08T11:00:00Z,61,61
T_ABRBO-1,ABRBO-1,2026-09-08,25,2026-09-08T11:00:00Z,2026-09-08T11:15:00Z,61,61
T_ABRBO-1,ABRBO-1,2026-09-08,25,2026-09-08T11:15:00Z,2026-09-08T11:30:00Z,61,61
T_ABRBO-1,ABRBO-1,2026-09-08,26,2026-09-08T11:30:00Z,2026-09-08T11:45:00Z,62,62
T_ABRBO-1,ABRBO-1,2026-09-08,26,2026-09-08T11:45:00Z,2026-09-08T12:00:00Z,60,60
T_ABRBO-1,ABRBO-1,2026-09-08,27,2026-09-08T12:00:00Z,2026-09-08T12:15:00Z,60,60
T_ABRBO-1,ABRBO-1,2026-09-08,27,2026-09-08T12:15:00Z,2026-09-08T12:30:00Z,61,61
T_ABRBO-1,ABRBO-1,2026-09-08,28,2026-09-08T12:30:00Z,2026-09-08T12:45:00Z,62,62
T_ABRBO-1,ABRBO-1,2026-09-08,28,2026-09-08T12:45:00Z,2026-09-08T13:00:00Z,62,62
T_ABRBO-1,ABRBO-1,2026-09-08,29,2026-09-08T13:00:00Z,2026-09-08T13:15:00Z,65,65
T_ABRBO-1,ABRBO-1,2026-09-08,29,2026-09-08T13:15:00Z,2026-09-08T13:30:00Z,64,64
T_ABRBO-1,ABRBO-1,2026-09-08,30,2026-09-08T13:30:00Z,2026-09-08T13:45:00Z,62,62
T_ABRBO-1,ABRBO-1,2026-09-08,30,2026-09-08T13:45:00Z,2026-09-08T14:00:00Z,62,62
T_ABRBO-1,ABRBO-1,2026-09-08,31,2026-09-08T14:00:00Z,2026-09-08T14:15:00Z,66,66
T_ABRBO-1,ABRBO-1,2026-09-08,31,2026-09-08T14:15:00Z,2026-09-08T14:30:00Z,71,71
T_ABRBO-1,ABRBO-1,2026-09-08,32,2026-09-08T14:30:00Z,2026-09-08T14:45:00Z,70,70
T_ABRBO-1,ABRBO-1,2026-09-08,32,2026-09-08T14:45:00Z,2026-09-08T15:00:00Z,70,70
T_ABRBO-1,ABRBO-1,2026-09-08,33,2026-09-08T15:00:00Z,2026-09-08T15:15:00Z,69,69
T_ABRBO-1,ABRBO-1,2026-09-08,33,2026-09-08T15:15:00Z,2026-09-08T15:30:00Z,71,71
T_ABRBO-1,ABRBO-1,2026-09-08,34,2026-09-08T15:30:00Z,2026-09-08T15:45:00Z,85,85
T_ABRBO-1,ABRBO-1,2026-09-08,34,2026-09-08T15:45:00Z,2026-09-08T16:00:00Z,85,85
T_ABRBO-1,ABRBO-1,2026-09-08,35,2026-09-08T16:00:00Z,2026-09-08T16:15:00Z,84,84
T_ABRBO-1,ABRBO-1,2026-09-08,35,2026-09-08T16:15:00Z,2026-09-08T16:30:00Z,86,86
T_ABRBO-1,ABRBO-1,2026-09-08,36,2026-09-08T16:30:00Z,2026-09-08T16:45:00Z,86,86
T_ABRBO-1,ABRBO-1,2026-09-08,36,2026-09-08T16:45:00Z,2026-09-08T17:00:00Z,86,86
T_ABRBO-1,ABRBO-1,2026-09-08,37,2026-09-08T17:00:00Z,2026-09-08T17:15:00Z,88,88
T_ABRBO-1,ABRBO-1,2026-09-08,37,2026-09-08T17:15:00Z,2026-09-08T17:30:00Z,90,90
T_ABRBO-1,ABRBO-1,2026-09-08,38,2026-09-08T17:30:00Z,2026-09-08T17:45:00Z,88,88
T_ABRBO-1,ABRBO-1,2026-09-08,38,2026-09-08T17:45:00Z,2026-09-08T18:00:00Z,90,90
T_ABRBO-1,ABRBO-1,2026-09-08,39,2026-09-08T18:00:00Z,2026-09-08T18:15:00Z,91,91
T_ABRBO-1,ABRBO-1,2026-09-08,39,2026-09-08T18:15:00Z,2026-09-08T18:30:00Z,90,90
T_ABRBO-1,ABRBO-1,2026-09-08,40,2026-09-08T18:30:00Z,2026-09-08T18:45:00Z,81,81
T_ABRBO-1,ABRBO-1,2026-09-08,40,2026-09-08T18:45:00Z,2026-09-08T19:00:00Z,80,80
T_ABRBO-1,ABRBO-1,2026-09-08,41,2026-09-08T19:00:00Z,2026-09-08T19:15:00Z,79,79
T_ABRBO-1,ABRBO-1,2026-09-08,41,2026-09-08T19:15:00Z,2026-09-08T19:30:00Z,81,81
T_ABRBO-1,ABRBO-1,2026-09-08,42,2026-09-08T19:30:00Z,2026-09-08T19:45:00Z,79,79
T_ABRBO-1,ABRBO-1,2026-09-08,42,2026-09-08T19:45:00Z,2026-09-08T20:00:00Z,80,80
T_ABRBO-1,ABRBO-1,2026-09-08,43,2026-09-08T20:00:00Z,2026-09-08T20:15:00Z,79,79
T_ABRBO-1,ABRBO-1,2026-09-08,43,2026-09-08T20:15:00Z,2026-09-08T20:30:00Z,81,81
T_ABRBO-1,ABRBO-1,2026-09-08,44,2026-09-08T20:30:00Z,2026-09-08T20:45:00Z,80,80
T_ABRBO-1,ABRBO-1,2026-09-08,44,2026-09-08T20:45:00Z,2026-09-08T21:00:00Z,81,81
T_ABRBO-1,ABRBO-1,2026-09-08,45,2026-09-08T21:00:00Z,2026-09-08T21:15:00Z,79,79
T_ABRBO-1,ABRBO-1,2026-09-08,45,2026-09-08T21:15:00Z,2026-09-08T21:30:00Z,79,79
T_ABRBO-1,ABRBO-1,2026-09-08,46,2026-09-08T21:30:00Z,2026-09-08T21:45:00Z,79,79
T_ABRBO-1,ABRBO-1,2026-09-08,46,2026-09-08T21:45:00Z,2026-09-08T22:00:00Z,80,80
T_ABRBO-1,ABRBO-1,2026-09-08,47,2026-09-08T22:00:00Z,2026-09-08T22:15:00Z,78,78
T_ABRBO-1,ABRBO-1,2026-09-08,47,2026-09-08T22:15:00Z,2026-09-08T22:30:00Z,79,79
T_ABRBO-1,ABRBO-1,2026-09-08,48,2026-09-08T22:30:00Z,2026-09-08T22:45:00Z,79,79
T_ABRBO-1,ABRBO-1,2026-09-08,48,2026-09-08T22:45:00Z,2026-09-08T23:00:00Z,79,79
T_ACHRW-1,ACHRW-1,2026-09-08,1,2026-09-07T23:00:00Z,2026-09-07T23:30:00Z,17,18
T_ACHRW-1,ACHRW-1,2026-09-08,2,2026-09-07T23:30:00Z,2026-09-08T00:00:00Z,19,19
T_ACHRW-1,ACHRW-1,2026-09-08,3,2026-09-08T00:00:00Z,2026-09-08T00:30:00Z,21,21
T_ACHRW-1,ACHRW-1,2026-09-08,4,2026-09-08T00:30:00Z,2026-09-08T01:00:00Z,21,21
T_ACHRW-1,ACHRW-1,2026-09-08,5,2026-09-08T01:00:00Z,2026-09-08T01:30:00Z,22,23
T_ACHRW-1,ACHRW-1,2026-09-08,6,2026-09-08T01:30:00Z,2026-09-08T02:00:00Z,21,20
T_ACHRW-1,ACHRW-1,2026-09-08,7,2026-09-08T02:00:00Z,2026-09-08T02:30:00Z,19,19
T_ACHRW-1,ACHRW-1,2026-09-08,8,2026-09-08T02:30:00Z,2026-09-08T03:00:00Z,16,16
T_ACHRW-1,ACHRW-1,2026-09-08,9,2026-09-08T03:00:00Z,2026-09-08T03:30:00Z,16,16
T_ACHRW-1,ACHRW-1,2026-09-08,10,2026-09-08T03:30:00Z,2026-09-08T04:00:00Z,17,17
T_ACHRW-1,ACHRW-1,2026-09-08,11,2026-09-08T04:00:00Z,2026-09-08T04:30:00Z,17,18
T_ACHRW-1,ACHRW-1,2026-09-08,12,2026-09-08T04:30:00Z,2026-09-08T05:00:00Z,19,20
T_ACHRW-1,ACHRW-1,2026-09-08,13,2026-09-08T05:00:00Z,2026-09-08T05:30:00Z,22,20
T_ACHRW-1,ACHRW-1,2026-09-08,14,2026-09-08T05:30:00Z,2026-09-08T06:00:00Z,25,22
T_ACHRW-1,ACHRW-1,2026-09-08,15,2026-09-08T06:00:00Z,2026-09-08T06:30:00Z,26,28
T_ACHRW-1,ACHRW-1,2026-09-08,16,2026-09-08T06:30:00Z,2026-09-08T07:00:00Z,32,34
T_ACHRW-1,ACHRW-1,2026-09-08,17,2026-09-08T07:00:00Z,2026-09-08T07:30:00Z,34,35
T_ACHRW-1,ACHRW-1,2026-09-08,18,2026-09-08T07:30:00Z,2026-09-08T08:00:00Z,32,34
T_ACHRW-1,ACHRW-1,2026-09-08,19,2026-09-08T08:00:00Z,2026-09-08T08:30:00Z,35,36
T_ACHRW-1,ACHRW-1,2026-09-08,20,2026-09-08T08:30:00Z,2026-09-08T09:00:00Z,34,35
T_ACHRW-1,ACHRW-1,2026-09-08,21,2026-09-08T09:00:00Z,2026-09-08T09:30:00Z,35,35
T_ACHRW-1,ACHRW-1,2026-09-08,22,2026-09-08T09:30:00Z,2026-09-08T10:00:00Z,37,37
T_ACHRW-1,ACHRW-1,2026-09-08,23,2026-09-08T10:00:00Z,2026-09-08T10:30:00Z,38,38
T_ACHRW-1,ACHRW-1,2026-09-08,24,2026-09-08T10:30:00Z,2026-09-08T11:00:00Z,37,37
T_ACHRW-1,ACHRW-1,2026-09-08,25,2026-09-08T11:00:00Z,2026-09-08T11:30:00Z,38,38
T_ACHRW-1,ACHRW-1,2026-09-08,26,2026-09-08T11:30:00Z,2026-09-08T12:00:00Z,37,38
T_ACHRW-1,ACHRW-1,2026-09-08,27,2026-09-08T12:00:00Z,2026-09-08T12:30:00Z,36,35
T_ACHRW-1,ACHRW-1,2026-09-08,28,2026-09-08T12:30:00Z,2026-09-08T13:00:00Z,36,35
T_ACHRW-1,ACHRW-1,2026-09-08,29,2026-09-08T13:00:00Z,2026-09-08T13:30:00Z,37,37
T_ACHRW-1,ACHRW-1,2026-09-08,30,2026-09-08T13:30:00Z,2026-09-08T14:00:00Z,37,37
T_ACHRW-1,ACHRW-1,2026-09-08,31,2026-09-08T14:00:00Z,2026-09-08T14:30:00Z,38,38
T_ACHRW-1,ACHRW-1,2026-09-08,32,2026-09-08T14:30:00Z,2026-09-08T15:00:00Z,37,37
T_ACHRW-1,ACHRW-1,2026-09-08,33,2026-09-08T15:00:00Z,2026-09-08T15:30:00Z,37,37
T_ACHRW-1,ACHRW-1,2026-09-08,34,2026-09-08T15:30:00Z,2026-09-08T16:00:00Z,37,37
T_ACHRW-1,ACHRW-1,2026-09-08,35,2026-09-08T16:00:00Z,2026-09-08T16:30:00Z,35,35
T_ACHRW-1,ACHRW-1,2026-09-08,36,2026-09-08T16:30:00Z,2026-09-08T17:00:00Z,36,36
T_ACHRW-1,ACHRW-1,2026-09-08,37,2026-09-08T17:00:00Z,2026-09-08T17:30:00Z,34,34
T_ACHRW-1,ACHRW-1,2026-09-08,38,2026-09-08T17:30:00Z,2026-09-08T18:00:00Z,33,33
T_ACHRW-1,ACHRW-1,2026-09-08,39,2026-09-08T18:00:00Z,2026-09-08T18:30:00Z,30,28
T_ACHRW-1,ACHRW-1,2026-09-08,40,2026-09-08T18:30:00Z,2026-09-08T19:00:00Z,31,29
T_ACHRW-1,ACHRW-1,2026-09-08,41,2026-09-08T19:00:00Z,2026-09-08T19:30:00Z,30,30
T_ACHRW-1,ACHRW-1,2026-09-08,42,2026-09-08T19:30:00Z,2026-09-08T20:00:00Z,32,30
T_ACHRW-1,ACHRW-1,2026-09-08,43,2026-09-08T20:00:00Z,2026-09-08T20:30:00Z,27,25
T_ACHRW-1,ACHRW-1,2026-09-08,44,2026-09-08T20:30:00Z,2026-09-08T21:00:00Z,26,24
T_ACHRW-1,ACHRW-1,2026-09-08,45,2026-09-08T21:00:00Z,2026-09-08T21:30:00Z,25,24
T_ACHRW-1,ACHRW-1,2026-09-08,46,2026-09-08T21:30:00Z,2026-09-08T22:00:00Z,29,27
T_ACHRW-1,ACHRW-1,2026-09-08,47,2026-09-08T22:00:00Z,2026-09-08T22:30:00Z,21,20
T_ACHRW-1,ACHRW-1,2026-09-08,48,2026-09-08T22:30:00Z,2026-09-08T23:00:00Z,20,19
T_AFTOW-1,AFTOW-1,2026-09-08,1,2026-09-07T23:00:00Z,2026-09-07T23:30:00Z,33,33
T_AFTOW-1,AFTOW-1,2026-09-08,2,2026-09-07T23:30:00Z,2026-09-08T00:00:00Z,34,34
T_AFTOW-1,AFTOW-1,2026-09-08,3,2026-09-08T00:00:00Z,2026-09-08T00:30:00Z,34,34
T_AFTOW-1,AFTOW-1,2026-09-08,4,2026-09-08T00:30:00Z,2026-09-08T01:00:00Z,34,34
T_AFTOW-1,AFTOW-1,2026-09-08,5,2026-09-08T01:00:00Z,2026-09-08T01:30:00Z,34,34
T_AFTOW-1,AFTOW-1,2026-09-08,6,2026-09-08T01:30:00Z,2026-09-08T02:00:00Z,34,34
T_AFTOW-1,AFTOW-1,2026-09-08,7,2026-09-08T02:00:00Z,2026-09-08T02:30:00Z,35,35
T_AFTOW-1,AFTOW-1,2026-09-08,8,2026-09-08T02:30:00Z,2026-09-08T03:00:00Z,35,35
T_AFTOW-1,AFTOW-1,2026-09-08,9,2026-09-08T03:00:00Z,2026-09-08T03:30:00Z,35,35
T_AFTOW-1,AFTOW-1,2026-09-08,10,2026-09-08T03:30:00Z,2026-09-08T04:00:00Z,35,35
T_AFTOW-1,AFTOW-1,2026-09-08,11,2026-09-08T04:00:00Z,2026-09-08T04:30:00Z,36,36
T_AFTOW-1,AFTOW-1,2026-09-08,12,2026-09-08T04:30:00Z,2026-09-08T05:00:00Z,36,36
T_AFTOW-1,AFTOW-1,2026-09-08,13,2026-09-08T05:00:00Z,2026-09-08T05:30:00Z,36,36
T_AFTOW-1,AFTOW-1,2026-09-08,14,2026-09-08T05:30:00Z,2026-09-08T06:00:00Z,36,36
T_AFTOW-1,AFTOW-1,2026-09-08,15,2026-09-08T06:00:00Z,2026-09-08T06:30:00Z,36,36
T_AFTOW-1,AFTOW-1,2026-09-08,16,2026-09-08T06:30:00Z,2026-09-08T07:00:00Z,36,36
T_AFTOW-1,AFTOW-1,2026-09-08,17,2026-09-08T07:00:00Z,2026-09-08T07:30:00Z,35,35
T_AFTOW-1,AFTOW-1,2026-09-08,18,2026-09-08T07:30:00Z,2026-09-08T08:00:00Z,35,35
T_AFTOW-1,AFTOW-1,2026-09-08,19,2026-09-08T08:00:00Z,2026-09-08T08:30:00Z,35,35
T_AFTOW-1,AFTOW-1,2026-09-08,20,2026-09-08T08:30:00Z,2026-09-08T09:00:00Z,34,34
T_AFTOW-1,AFTOW-1,2026-09-08,21,2026-09-08T09:00:00Z,2026-09-08T09:30:00Z,34,34
T_AFTOW-1,AFTOW-1,2026-09-08,22,2026-09-08T09:30:00Z,2026-09-08T10:00:00Z,34,34
T_AFTOW-1,AFTOW-1,2026-09-08,23,2026-09-08T10:00:00Z,2026-09-08T10:30:00Z,34,34
T_AFTOW-1,AFTOW-1,2026-09-08,24,2026-09-08T10:30:00Z,2026-09-08T11:00:00Z,35,35
T_AFTOW-1,AFTOW-1,2026-09-08,25,2026-09-08T11:00:00Z,2026-09-08T11:30:00Z,35,35
T_AFTOW-1,AFTOW-1,2026-09-08,26,2026-09-08T11:30:00Z,2026-09-08T12:00:00Z,35,35
T_AFTOW-1,AFTOW-1,2026-09-08,27,2026-09-08T12:00:00Z,2026-09-08T12:30:00Z,35,35
T_AFTOW-1,AFTOW-1,2026-09-08,28,2026-09-08T12:30:00Z,2026-09-08T13:00:00Z,36,36
T_AFTOW-1,AFTOW-1,2026-09-08,29,2026-09-08T13:00:00Z,2026-09-08T13:30:00Z,36,36
T_AFTOW-1,AFTOW-1,2026-09-08,30,2026-09-08T13:30:00Z,2026-09-08T14:00:00Z,36,36
T_AFTOW-1,AFTOW-1,2026-09-08,31,2026-09-08T14:00:00Z,2026-09-08T14:30:00Z,36,36
T_AFTOW-1,AFTOW-1,2026-09-08,32,2026-09-08T14:30:00Z,2026-09-08T15:00:00Z,36,36
T_AFTOW-1,AFTOW-1,2026-09-08,33,2026-09-08T15:00:00Z,2026-09-08T15:30:00Z,36,36
T_AFTOW-1,AFTOW-1,2026-09-08,34,2026-09-08T15:30:00Z,2026-09-08T16:00:00Z,36,36
T_AFTOW-1,AFTOW-1,2026-09-08,35,2026-09-08T16:00:00Z,2026-09-08T16:30:00Z,36,36
T_AFTOW-1,AFTOW-1,2026-09-08,36,2026-09-08T16:30:00Z,2026-09-08T17:00:00Z,36,36
T_AFTOW-1,AFTOW-1,2026-09-08,37,2026-09-08T17:00:00Z,2026-09-08T17:30:00Z,37,37
T_AFTOW-1,AFTOW-1,2026-09-08,38,2026-09-08T17:30:00Z,2026-09-08T18:00:00Z,37,37
T_AFTOW-1,AFTOW-1,2026-09-08,39,2026-09-08T18:00:00Z,2026-09-08T18:30:00Z,37,37
T_AFTOW-1,AFTOW-1,2026-09-08,40,2026-09-08T18:30:00Z,2026-09-08T19:00:00Z,37,37
T_AFTOW-1,AFTOW-1,2026-09-08,41,2026-09-08T19:00:00Z,2026-09-08T19:30:00Z,37,37
T_AFTOW-1,AFTOW-1,2026-09-08,42,2026-09-08T19:30:00Z,2026-09-08T20:00:00Z,37,37
T_AFTOW-1,AFTOW-1,2026-09-08,43,2026-09-08T20:00:00Z,2026-09-08T20:30:00Z,36,36
T_AFTOW-1,AFTOW-1,2026-09-08,44,2026-09-08T20:30:00Z,2026-09-08T21:00:00Z,36,36
T_AFTOW-1,AFTOW-1,2026-09-08,45,2026-09-08T21:00:00Z,2026-09-08T21:30:00Z,35,35
T_AFTOW-1,AFTOW-1,2026-09-08,46,2026-09-08T21:30:00Z,2026-09-08T22:00:00Z,35,35
T_AFTOW-1,AFTOW-1,2026-09-08,47,2026-09-08T22:00:00Z,2026-09-08T22:30:00Z,34,34
T_AFTOW-1,AFTOW-1,2026-09-08,48,2026-09-08T22:30:00Z,2026-09-08T23:00:00Z,33,33
T_AKGLW-2,AKGLW-2,2026-09-08,1,2026-09-07T23:00:00Z,2026-09-07T23:30:00Z,61,61
T_AKGLW-2,AKGLW-2,2026-09-08,2,2026-09-07T23:30:00Z,2026-09-08T00:00:00Z,62,62
T_AKGLW-2,AKGLW-2,2026-09-08,3,2026-09-08T00:00:00Z,2026-09-08T00:30:00Z,63,63
T_AKGLW-2,AKGLW-2,2026-09-08,4,2026-09-08T00:30:00Z,2026-09-08T01:00:00Z,63,63
T_AKGLW-2,AKGLW-2,2026-09-08,5,2026-09-08T01:00:00Z,2026-09-08T01:30:00Z,63,63
T_AKGLW-2,AKGLW-2,2026-09-08,6,2026-09-08T01:30:00Z,2026-09-08T02:00:00Z,60,60
T_AKGLW-2,AKGLW-2,2026-09-08,7,2026-09-08T02:00:00Z,2026-09-08T02:30:00Z,61,61
T_AKGLW-2,AKGLW-2,2026-09-08,8,2026-09-08T02:30:00Z,2026-09-08T03:00:00Z,61,61
T_AKGLW-2,AKGLW-2,2026-09-08,9,2026-09-08T03:00:00Z,2026-09-08T03:30:00Z,56,56
T_AKGLW-2,AKGLW-2,2026-09-08,10,2026-09-08T03:30:00Z,2026-09-08T04:00:00Z,58,58
T_AKGLW-2,AKGLW-2,2026-09-08,11,2026-09-08T04:00:00Z,2026-09-08T04:30:00Z,58,58
T_AKGLW-2,AKGLW-2,2026-09-08,12,2026-09-08T04:30:00Z,2026-09-08T05:00:00Z,55,55
T_AKGLW-2,AKGLW-2,2026-09-08,13,2026-09-08T05:00:00Z,2026-09-08T05:30:00Z,58,58
T_AKGLW-2,AKGLW-2,2026-09-08,14,2026-09-08T05:30:00Z,2026-09-08T06:00:00Z,60,60
T_AKGLW-2,AKGLW-2,2026-09-08,15,2026-09-08T06:00:00Z,2026-09-08T06:30:00Z,61,61
T_AKGLW-2,AKGLW-2,2026-09-08,16,2026-09-08T06:30:00Z,2026-09-08T07:00:00Z,59,59
T_AKGLW-2,AKGLW-2,2026-09-08,17,2026-09-08T07:00:00Z,2026-09-08T07:30:00Z,59,59
T_AKGLW-2,AKGLW-2,2026-09-08,18,2026-09-08T07:30:00Z,2026-09-08T08:00:00Z,59,59
T_AKGLW-2,AKGLW-2,2026-09-08,19,2026-09-08T08:00:00Z,2026-09-08T08:30:00Z,60,60
T_AKGLW-2,AKGLW-2,2026-09-08,20,2026-09-08T08:30:00Z,2026-09-08T09:00:00Z,61,62
T_AKGLW-2,AKGLW-2,2026-09-08,21,2026-09-08T09:00:00Z,2026-09-08T09:30:00Z,61,61
T_AKGLW-2,AKGLW-2,2026-09-08,22,2026-09-08T09:30:00Z,2026-09-08T10:00:00Z,61,61
T_AKGLW-2,AKGLW-2,2026-09-08,23,2026-09-08T10:00:00Z,2026-09-08T10:30:00Z,62,62
T_AKGLW-2,AKGLW-2,2026-09-08,24,2026-09-08T10:30:00Z,2026-09-08T11:00:00Z,62,62
T_AKGLW-2,AKGLW-2,2026-09-08,25,2026-09-08T11:00:00Z,2026-09-08T11:30:00Z,62,62
T_AKGLW-2,AKGLW-2,2026-09-08,26,2026-09-08T11:30:00Z,2026-09-08T12:00:00Z,61,61
T_AKGLW-2,AKGLW-2,2026-09-08,27,2026-09-08T12:00:00Z,2026-09-08T12:30:00Z,61,61
T_AKGLW-2,AKGLW-2,2026-09-08,28,2026-09-08T12:30:00Z,2026-09-08T13:00:00Z,61,61
T_AKGLW-2,AKGLW-2,2026-09-08,29,2026-09-08T13:00:00Z,2026-09-08T13:30:00Z,59,59
T_AKGLW-2,AKGLW-2,2026-09-08,30,2026-09-08T13:30:00Z,2026-09-08T14:00:00Z,59,59
T_AKGLW-2,AKGLW-2,2026-09-08,31,2026-09-08T14:00:00Z,2026-09-08T14:30:00Z,59,59
T_AKGLW-2,AKGLW-2,2026-09-08,32,2026-09-08T14:30:00Z,2026-09-08T15:00:00Z,62,62
T_AKGLW-2,AKGLW-2,2026-09-08,33,2026-09-08T15:00:00Z,2026-09-08T15:30:00Z,62,62
T_AKGLW-2,AKGLW-2,2026-09-08,34,2026-09-08T15:30:00Z,2026-09-08T16:00:00Z,62,62
T_AKGLW-2,AKGLW-2,2026-09-08,35,2026-09-08T16:00:00Z,2026-09-08T16:30:00Z,62,62
T_AKGLW-2,AKGLW-2,2026-09-08,36,2026-09-08T16:30:00Z,2026-09-08T17:00:00Z,61,61
T_AKGLW-2,AKGLW-2,2026-09-08,37,2026-09-08T17:00:00Z,2026-09-08T17:30:00Z,60,60
T_AKGLW-2,AKGLW-2,2026-09-08,38,2026-09-08T17:30:00Z,2026-09-08T18:00:00Z,61,61
T_AKGLW-2,AKGLW-2,2026-09-08,39,2026-09-08T18:00:00Z,2026-09-08T18:30:00Z,61,61
T_AKGLW-2,AKGLW-2,2026-09-08,40,2026-09-08T18:30:00Z,2026-09-08T19:00:00Z,62,62
T_AKGLW-2,AKGLW-2,2026-09-08,41,2026-09-08T19:00:00Z,2026-09-08T19:30:00Z,62,62
T_AKGLW-2,AKGLW-2,2026-09-08,42,2026-09-08T19:30:00Z,2026-09-08T20:00:00Z,61,61
T_AKGLW-2,AKGLW-2,2026-09-08,43,2026-09-08T20:00:00Z,2026-09-08T20:30:00Z,63,63
T_AKGLW-2,AKGLW-2,2026-09-08,44,2026-09-08T20:30:00Z,2026-09-08T21:00:00Z,63,63
T_AKGLW-2,AKGLW-2,2026-09-08,45,2026-09-08T21:00:00Z,2026-09-08T21:30:00Z,63,63
T_AKGLW-2,AKGLW-2,2026-09-08,46,2026-09-08T21:30:00Z,2026-09-08T22:00:00Z,63,63
T_AKGLW-2,AKGLW-2,2026-09-08,47,2026-09-08T22:00:00Z,2026-09-08T22:30:00Z,63,63
T_AKGLW-2,AKGLW-2,2026-09-08,48,2026-09-08T22:30:00Z,2026-09-08T23:00:00Z,63,63
T_AKGLW-3,AKGLW-3,2026-09-08,1,2026-09-07T23:00:00Z,2026-09-07T23:30:00Z,74,74
T_AKGLW-3,AKGLW-3,2026-09-08,2,2026-09-07T23:30:00Z,2026-09-08T00:00:00Z,76,76
T_AKGLW-3,AKGLW-3,2026-09-08,3,2026-09-08T00:00:00Z,2026-09-08T00:30:00Z,75,75
T_AKGLW-3,AKGLW-3,2026-09-08,4,2026-09-08T00:30:00Z,2026-09-08T01:00:00Z,78,78
T_AKGLW-3,AKGLW-3,2026-09-08,5,2026-09-08T01:00:00Z,2026-09-08T01:30:00Z,80,79
T_AKGLW-3,AKGLW-3,2026-09-08,6,2026-09-08T01:30:00Z,2026-09-08T02:00:00Z,80,79
T_AKGLW-3,AKGLW-3,2026-09-08,7,2026-09-08T02:00:00Z,2026-09-08T02:30:00Z,79,79
T_AKGLW-3,AKGLW-3,2026-09-08,8,2026-09-08T02:30:00Z,2026-09-08T03:00:00Z,77,78
T_AKGLW-3,AKGLW-3,2026-09-08,9,2026-09-08T03:00:00Z,2026-09-08T03:30:00Z,70,70
T_AKGLW-3,AKGLW-3,2026-09-08,10,2026-09-08T03:30:00Z,2026-09-08T04:00:00Z,70,70
T_AKGLW-3,AKGLW-3,2026-09-08,11,2026-09-08T04:00:00Z,2026-09-08T04:30:00Z,70,71
T_AKGLW-3,AKGLW-3,2026-09-08,12,2026-09-08T04:30:00Z,2026-09-08T05:00:00Z,71,72
T_AKGLW-3,AKGLW-3,2026-09-08,13,2026-09-08T05:00:00Z,2026-09-08T05:30:00Z,72,74
T_AKGLW-3,AKGLW-3,2026-09-08,14,2026-09-08T05:30:00Z,2026-09-08T06:00:00Z,74,77
T_AKGLW-3,AKGLW-3,2026-09-08,15,2026-09-08T06:00:00Z,2026-09-08T06:30:00Z,77,79
T_AKGLW-3,AKGLW-3,2026-09-08,16,2026-09-08T06:30:00Z,2026-09-08T07:00:00Z,79,81
T_AKGLW-3,AKGLW-3,2026-09-08,17,2026-09-08T07:00:00Z,2026-09-08T07:30:00Z,81,78
T_AKGLW-3,AKGLW-3,2026-09-08,18,2026-09-08T07:30:00Z,2026-09-08T08:00:00Z,78,76
T_AKGLW-3,AKGLW-3,2026-09-08,19,2026-09-08T08:00:00Z,2026-09-08T08:30:00Z,76,77
T_AKGLW-3,AKGLW-3,2026-09-08,20,2026-09-08T08:30:00Z,2026-09-08T09:00:00Z,74,77
T_AKGLW-3,AKGLW-3,2026-09-08,21,2026-09-08T09:00:00Z,2026-09-08T09:30:00Z,77,76
T_AKGLW-3,AKGLW-3,2026-09-08,22,2026-09-08T09:30:00Z,2026-09-08T10:00:00Z,78,78
T_AKGLW-3,AKGLW-3,2026-09-08,23,2026-09-08T10:00:00Z,2026-09-08T10:30:00Z,80,80
T_AKGLW-3,AKGLW-3,2026-09-08,24,2026-09-08T10:30:00Z,2026-09-08T11:00:00Z,81,81
T_AKGLW-3,AKGLW-3,2026-09-08,25,2026-09-08T11:00:00Z,2026-09-08T11:30:00Z,81,81
T_AKGLW-3,AKGLW-3,2026-09-08,26,2026-09-08T11:30:00Z,2026-09-08T12:00:00Z,81,81
T_AKGLW-3,AKGLW-3,2026-09-08,27,2026-09-08T12:00:00Z,2026-09-08T12:30:00Z,81,81
T_AKGLW-3,AKGLW-3,2026-09-08,28,2026-09-08T12:30:00Z,2026-09-08T13:00:00Z,81,81
T_AKGLW-3,AKGLW-3,2026-09-08,29,2026-09-08T13:00:00Z,2026-09-08T13:30:00Z,81,81
T_AKGLW-3,AKGLW-3,2026-09-08,30,2026-09-08T13:30:00Z,2026-09-08T14:00:00Z,81,81
T_AKGLW-3,AKGLW-3,2026-09-08,31,2026-09-08T14:00:00Z,2026-09-08T14:30:00Z,81,81
T_AKGLW-3,AKGLW-3,2026-09-08,32,2026-09-08T14:30:00Z,2026-09-08T15:00:00Z,81,81
T_AKGLW-3,AKGLW-3,2026-09-08,33,2026-09-08T15:00:00Z,2026-09-08T15:30:00Z,81,81
T_AKGLW-3,AKGLW-3,2026-09-08,34,2026-09-08T15:30:00Z,2026-09-08T16:00:00Z,81,81
T_AKGLW-3,AKGLW-3,2026-09-08,35,2026-09-08T16:00:00Z,2026-09-08T16:30:00Z,81,81
T_AKGLW-3,AKGLW-3,2026-09-08,36,2026-09-08T16:30:00Z,2026-09-08T17:00:00Z,81,81
T_AKGLW-3,AKGLW-3,2026-09-08,37,2026-09-08T17:00:00Z,2026-09-08T17:30:00Z,81,81
T_AKGLW-3,AKGLW-3,2026-09-08,38,2026-09-08T17:30:00Z,2026-09-08T18:00:00Z,81,81
T_AKGLW-3,AKGLW-3,2026-09-08,39,2026-09-08T18:00:00Z,2026-09-08T18:30:00Z,81,81
T_AKGLW-3,AKGLW-3,2026-09-08,40,2026-09-08T18:30:00Z,2026-09-08T19:00:00Z,81,81
T_AKGLW-3,AKGLW-3,2026-09-08,41,2026-09-08T19:00:00Z,2026-09-08T19:30:00Z,81,81
T_AKGLW-3,AKGLW-3,2026-09-08,42,2026-09-08T19:30:00Z,2026-09-08T20:00:00Z,81,81
T_AKGLW-3,AKGLW-3,2026-09-08,43,2026-09-08T20:00:00Z,2026-09-08T20:30:00Z,81,81
T_AKGLW-3,AKGLW-3,2026-09-08,44,2026-09-08T20:30:00Z,2026-09-08T21:00:00Z,80,80
T_AKGLW-3,AKGLW-3,2026-09-08,45,2026-09-08T21:00:00Z,2026-09-08T21:30:00Z,80,78
T_AKGLW-3,AKGLW-3,2026-09-08,46,2026-09-08T21:30:00Z,2026-09-08T22:00:00Z,80,78
T_AKGLW-3,AKGLW-3,2026-09-08,47,2026-09-08T22:00:00Z,2026-09-08T22:30:00Z,79,75
T_AKGLW-3,AKGLW-3,2026-09-08,48,2026-09-08T22:30:00Z,2026-09-08T23:00:00Z,76,73
T_ANSUW-1,ANSUW-1,2026-09-08,1,2026-09-07T23:00:00Z,2026-09-07T23:30:00Z,13,13
T_ANSUW-1,ANSUW-1,2026-09-08,2,2026-09-07T23:30:00Z,2026-09-08T00:00:00Z,13,13
T_ANSUW-1,ANSUW-1,2026-09-08,3,2026-09-08T00:00:00Z,2026-09-08T00:30:00Z,13,13
T_ANSUW-1,ANSUW-1,2026-09-08,4,2026-09-08T00:30:00Z,2026-09-08T01:00:00Z,13,13
T_ANSUW-1,ANSUW-1,2026-09-08,5,2026-09-08T01:00:00Z,2026-09-08T01:30:00Z,13,14
T_ANSUW-1,ANSUW-1,2026-09-08,6,2026-09-08T01:30:00Z,2026-09-08T02:00:00Z,14,14
T_ANSUW-1,ANSUW-1,2026-09-08,7,2026-09-08T02:00:00Z,2026-09-08T02:30:00Z,14,14
T_ANSUW-1,ANSUW-1,2026-09-08,8,2026-09-08T02:30:00Z,2026-09-08T03:00:00Z,14,14
T_ANSUW-1,ANSUW-1,2026-09-08,9,2026-09-08T03:00:00Z,2026-09-08T03:30:00Z,14,14
T_ANSUW-1,ANSUW-1,2026-09-08,10,2026-09-08T03:30:00Z,2026-09-08T04:00:00Z,14,14
T_ANSUW-1,ANSUW-1,2026-09-08,11,2026-09-08T04:00:00Z,2026-09-08T04:30:00Z,14,15
T_ANSUW-1,ANSUW-1,2026-09-08,12,2026-09-08T04:30:00Z,2026-09-08T05:00:00Z,13,13
T_ANSUW-1,ANSUW-1,2026-09-08,13,2026-09-08T05:00:00Z,2026-09-08T05:30:00Z,13,12
T_ANSUW-1,ANSUW-1,2026-09-08,14,2026-09-08T05:30:00Z,2026-09-08T06:00:00Z,12,12
T_ANSUW-1,ANSUW-1,2026-09-08,15,2026-09-08T06:00:00Z,2026-09-08T06:30:00Z,12,12
T_ANSUW-1,ANSUW-1,2026-09-08,16,2026-09-08T06:30:00Z,2026-09-08T07:00:00Z,12,12
T_ANSUW-1,ANSUW-1,2026-09-08,17,2026-09-08T07:00:00Z,2026-09-08T07:30:00Z,12,13
T_ANSUW-1,ANSUW-1,2026-09-08,18,2026-09-08T07:30:00Z,2026-09-08T08:00:00Z,13,14
T_ANSUW-1,ANSUW-1,2026-09-08,19,2026-09-08T08:00:00Z,2026-09-08T08:30:00Z,14,14
T_ANSUW-1,ANSUW-1,2026-09-08,20,2026-09-08T08:30:00Z,2026-09-08T09:00:00Z,14,14
T_ANSUW-1,ANSUW-1,2026-09-08,21,2026-09-08T09:00:00Z,2026-09-08T09:30:00Z,14,14
T_ANSUW-1,ANSUW-1,2026-09-08,22,2026-09-08T09:30:00Z,2026-09-08T10:00:00Z,14,15
T_ANSUW-1,ANSUW-1,2026-09-08,23,2026-09-08T10:00:00Z,2026-09-08T10:30:00Z,15,15
T_ANSUW-1,ANSUW-1,2026-09-08,24,2026-09-08T10:30:00Z,2026-09-08T11:00:00Z,15,15
T_ANSUW-1,ANSUW-1,2026-09-08,25,2026-09-08T11:00:00Z,2026-09-08T11:30:00Z,15,15
T_ANSUW-1,ANSUW-1,2026-09-08,26,2026-09-08T11:30:00Z,2026-09-08T12:00:00Z,15,15
T_ANSUW-1,ANSUW-1,2026-09-08,27,2026-09-08T12:00:00Z,2026-09-08T12:30:00Z,15,14
T_ANSUW-1,ANSUW-1,2026-09-08,28,2026-09-08T12:30:00Z,2026-09-08T13:00:00Z,14,14
T_ANSUW-1,ANSUW-1,2026-09-08,29,2026-09-08T13:00:00Z,2026-09-08T13:30:00Z,14,15
T_ANSUW-1,ANSUW-1,2026-09-08,30,2026-09-08T13:30:00Z,2026-09-08T14:00:00Z,14,15
T_ANSUW-1,ANSUW-1,2026-09-08,31,2026-09-08T14:00:00Z,2026-09-08T14:30:00Z,15,15
T_ANSUW-1,ANSUW-1,2026-09-08,32,2026-09-08T14:30:00Z,2026-09-08T15:00:00Z,15,15
T_ANSUW-1,ANSUW-1,2026-09-08,33,2026-09-08T15:00:00Z,2026-09-08T15:30:00Z,15,15
T_ANSUW-1,ANSUW-1,2026-09-08,34,2026-09-08T15:30:00Z,2026-09-08T16:00:00Z,15,15
T_ANSUW-1,ANSUW-1,2026-09-08,35,2026-09-08T16:00:00Z,2026-09-08T16:30:00Z,15,14
T_ANSUW-1,ANSUW-1,2026-09-08,36,2026-09-08T16:30:00Z,2026-09-08T17:00:00Z,14,14
T_ANSUW-1,ANSUW-1,2026-09-08,37,2026-09-08T17:00:00Z,2026-09-08T17:30:00Z,14,14
T_ANSUW-1,ANSUW-1,2026-09-08,38,2026-09-08T17:30:00Z,2026-09-08T18:00:00Z,13,13
T_ANSUW-1,ANSUW-1,2026-09-08,39,2026-09-08T18:00:00Z,2026-09-08T18:30:00Z,13,12
T_ANSUW-1,ANSUW-1,2026-09-08,40,2026-09-08T18:30:00Z,2026-09-08T19:00:00Z,12,11
T_ANSUW-1,ANSUW-1,2026-09-08,41,2026-09-08T19:00:00Z,2026-09-08T19:30:00Z,11,11
T_ANSUW-1,ANSUW-1,2026-09-08,42,2026-09-08T19:30:00Z,2026-09-08T20:00:00Z,11,11
T_ANSUW-1,ANSUW-1,2026-09-08,43,2026-09-08T20:00:00Z,2026-09-08T20:30:00Z,11,10
T_ANSUW-1,ANSUW-1,2026-09-08,44,2026-09-08T20:30:00Z,2026-09-08T21:00:00Z,10,10
T_ANSUW-1,ANSUW-1,2026-09-08,45,2026-09-08T21:00:00Z,2026-09-08T21:30:00Z,10,9
T_ANSUW-1,ANSUW-1,2026-09-08,46,2026-09-08T21:30:00Z,2026-09-08T22:00:00Z,9,8
T_ANSUW-1,ANSUW-1,2026-09-08,47,2026-09-08T22:00:00Z,2026-09-08T22:30:00Z,8,7
T_ANSUW-1,ANSUW-1,2026-09-08,48,2026-09-08T22:30:00Z,2026-09-08T23:00:00Z,7,7
T_ARCHW-1,ARCHW-1,2026-09-08,1,2026-09-07T23:00:00Z,2026-09-07T23:30:00Z,0,0
T_ARCHW-1,ARCHW-1,2026-09-08,2,2026-09-07T23:30:00Z,2026-09-08T00:00:00Z,0,0
T_ARCHW-1,ARCHW-1,2026-09-08,3,2026-09-08T00:00:00Z,2026-09-08T00:30:00Z,0,0
T_ARCHW-1,ARCHW-1,2026-09-08,4,2026-09-08T00:30:00Z,2026-09-08T01:00:00Z,0,0
T_ARCHW-1,ARCHW-1,2026-09-08,5,2026-09-08T01:00:00Z,2026-09-08T01:30:00Z,0,0
T_ARCHW-1,ARCHW-1,2026-09-08,6,2026-09-08T01:30:00Z,2026-09-08T02:00:00Z,0,0
T_ARCHW-1,ARCHW-1,2026-09-08,7,2026-09-08T02:00:00Z,2026-09-08T02:30:00Z,0,0
T_ARCHW-1,ARCHW-1,2026-09-08,8,2026-09-08T02:30:00Z,2026-09-08T03:00:00Z,0,0
T_ARCHW-1,ARCHW-1,2026-09-08,9,2026-09-08T03:00:00Z,2026-09-08T03:30:00Z,0,0
T_ARCHW-1,ARCHW-1,2026-09-08,10,2026-09-08T03:30:00Z,2026-09-08T04:00:00Z,0,0
T_ARCHW-1,ARCHW-1,2026-09-08,11,2026-09-08T04:00:00Z,2026-09-08T04:30:00Z,0,0
T_ARCHW-1,ARCHW-1,2026-09-08,12,2026-09-08T04:30:00Z,2026-09-08T05:00:00Z,0,0
T_ARCHW-1,ARCHW-1,2026-09-08,13,2026-09-08T05:00:00Z,2026-09-08T05:30:00Z,0,0
T_ARCHW-1,ARCHW-1,2026-09-08,14,2026-09-08T05:30:00Z,2026-09-08T06:00:00Z,0,0
T_ARCHW-1,ARCHW-1,2026-09-08,15,2026-09-08T06:00:00Z,2026-09-08T06:30:00Z,0,0
T_ARCHW-1,ARCHW-1,2026-09-08,16,2026-09-08T06:30:00Z,2026-09-08T07:00:00Z,0,0
T_ARCHW-1,ARCHW-1,2026-09-08,17,2026-09-08T07:00:00Z,2026-09-08T07:30:00Z,0,0
T_ARCHW-1,ARCHW-1,2026-09-08,18,2026-09-08T07:30:00Z,2026-09-08T08:00:00Z,0,0
T_ARCHW-1,ARCHW-1,2026-09-08,19,2026-09-08T08:00:00Z,2026-09-08T08:30:00Z,0,0
T_ARCHW-1,ARCHW-1,2026-09-08,20,2026-09-08T08:30:00Z,2026-09-08T09:00:00Z,0,0
T_ARCHW-1,ARCHW-1,2026-09-08,21,2026-09-08T09:00:00Z,2026-09-08T09:30:00Z,0,0
T_ARCHW-1,ARCHW-1,2026-09-08,22,2026-09-08T09:30:00Z,2026-09-08T10:00:00Z,0,0
T_ARCHW-1,ARCHW-1,2026-09-08,23,2026-09-08T10:00:00Z,2026-09-08T10:30:00Z,0,0
T_ARCHW-1,ARCHW-1,2026-09-08,24,2026-09-08T10:30:00Z,2026-09-08T11:00:00Z,0,0
T_ARCHW-1,ARCHW-1,2026-09-08,25,2026-09-08T11:00:00Z,2026-09-08T11:30:00Z,0,0
T_ARCHW-1,ARCHW-1,2026-09-08,26,2026-09-08T11:30:00Z,2026-09-08T12:00:00Z,0,0
T_ARCHW-1,ARCHW-1,2026-09-08,27,2026-09-08T12:00:00Z,2026-09-08T12:30:00Z,0,0
T_ARCHW-1,ARCHW-1,2026-09-08,28,2026-09-08T12:30:00Z,2026-09-08T13:00:00Z,0,0
T_ARCHW-1,ARCHW-1,2026-09-08,29,2026-09-08T13:00:00Z,2026-09-08T13:30:00Z,0,0
T_ARCHW-1,ARCHW-1,2026-09-08,30,2026-09-08T13:30:00Z,2026-09-08T14:00:00Z,0,0
T_ARCHW-1,ARCHW-1,2026-09-08,31,2026-09-08T14:00:00Z,2026-09-08T14:30:00Z,0,0
T_ARCHW-1,ARCHW-1,2026-09-08,32,2026-09-08T14:30:00Z,2026-09-08T15:00:00Z,0,0
T_ARCHW-1,ARCHW-1,2026-09-08,33,2026-09-08T15:00:00Z,2026-09-08T15:30:00Z,0,0
T_ARCHW-1,ARCHW-1,2026-09-08,34,2026-09-08T15:30:00Z,2026-09-08T16:00:00Z,0,0
T_ARCHW-1,ARCHW-1,2026-09-08,35,2026-09-08T16:00:00Z,2026-09-08T16:30:00Z,0,0
T_ARCHW-1,ARCHW-1,2026-09-08,36,2026-09-08T16:30:00Z,2026-09-08T17:00:00Z,0,0
T_ARCHW-1,ARCHW-1,2026-09-08,37,2026-09-08T17:00:00Z,2026-09-08T17:30:00Z,0,0
T_ARCHW-1,ARCHW-1,2026-09-08,38,2026-09-08T17:30:00Z,2026-09-08T18:00:00Z,0,0
T_ARCHW-1,ARCHW-1,2026-09-08,39,2026-09-08T18:00:00Z,2026-09-08T18:30:00Z,0,0
T_ARCHW-1,ARCHW-1,2026-09-08,40,2026-09-08T18:30:00Z,2026-09-08T19:00:00Z,0,0
T_ARCHW-1,ARCHW-1,2026-09-08,41,2026-09-08T19:00:00Z,2026-09-08T19:30:00Z,0,0
T_ARCHW-1,ARCHW-1,2026-09-08,42,2026-09-08T19:30:00Z,2026-09-08T20:00:00Z,0,0
T_ARCHW-1,ARCHW-1,2026-09-08,43,2026-09-08T20:00:00Z,2026-09-08T20:30:00Z,0,0
T_ARCHW-1,ARCHW-1,2026-09-08,44,2026-09-08T20:30:00Z,2026-09-08T21:00:00Z,0,0
T_ARCHW-1,ARCHW-1,2026-09-08,45,2026-09-08T21:00:00Z,2026-09-08T21:30:00Z,0,0
T_ARCHW-1,ARCHW-1,2026-09-08,46,2026-09-08T21:30:00Z,2026-09-08T22:00:00Z,0,0
T_ARCHW-1,ARCHW-1,2026-09-08,47,2026-09-08T22:00:00Z,2026-09-08T22:30:00Z,0,0
T_ARCHW-1,ARCHW-1,2026-09-08,48,2026-09-08T22:30:00Z,2026-09-08T23:00:00Z,0,0
T_BDCHW-1,BDCHW-1,2026-09-08,1,2026-09-07T23:00:00Z,2026-09-07T23:30:00Z,24,24
T_BDCHW-1,BDCHW-1,2026-09-08,2,2026-09-07T23:30:00Z,2026-09-08T00:00:00Z,24,24
T_BDCHW-1,BDCHW-1,2026-09-08,3,2026-09-08T00:00:00Z,2026-09-08T00:30:00Z,25,25
T_BDCHW-1,BDCHW-1,2026-09-08,4,2026-09-08T00:30:00Z,2026-09-08T01:00:00Z,25,25
T_BDCHW-1,BDCHW-1,2026-09-08,5,2026-09-08T01:00:00Z,2026-09-08T01:30:00Z,25,25
T_BDCHW-1,BDCHW-1,2026-09-08,6,2026-09-08T01:30:00Z,2026-09-08T02:00:00Z,24,24
T_BDCHW-1,BDCHW-1,2026-09-08,7,2026-09-08T02:00:00Z,2026-09-08T02:30:00Z,24,24
T_BDCHW-1,BDCHW-1,2026-09-08,8,2026-09-08T02:30:00Z,2026-09-08T03:00:00Z,24,24
T_BDCHW-1,BDCHW-1,2026-09-08,9,2026-09-08T03:00:00Z,2026-09-08T03:30:00Z,23,23
T_BDCHW-1,BDCHW-1,2026-09-08,10,2026-09-08T03:30:00Z,2026-09-08T04:00:00Z,22,22
T_BDCHW-1,BDCHW-1,2026-09-08,11,2026-09-08T04:00:00Z,2026-09-08T04:30:00Z,22,22
T_BDCHW-1,BDCHW-1,2026-09-08,12,2026-09-08T04:30:00Z,2026-09-08T05:00:00Z,22,22
T_BDCHW-1,BDCHW-1,2026-09-08,13,2026-09-08T05:00:00Z,2026-09-08T05:30:00Z,23,23
T_BDCHW-1,BDCHW-1,2026-09-08,14,2026-09-08T05:30:00Z,2026-09-08T06:00:00Z,24,24
T_BDCHW-1,BDCHW-1,2026-09-08,15,2026-09-08T06:00:00Z,2026-09-08T06:30:00Z,24,24
T_BDCHW-1,BDCHW-1,2026-09-08,16,2026-09-08T06:30:00Z,2026-09-08T07:00:00Z,24,24
T_BDCHW-1,BDCHW-1,2026-09-08,17,2026-09-08T07:00:00Z,2026-09-08T07:30:00Z,25,25
T_BDCHW-1,BDCHW-1,2026-09-08,18,2026-09-08T07:30:00Z,2026-09-08T08:00:00Z,25,25
T_BDCHW-1,BDCHW-1,2026-09-08,19,2026-09-08T08:00:00Z,2026-09-08T08:30:00Z,25,25
T_BDCHW-1,BDCHW-1,2026-09-08,20,2026-09-08T08:30:00Z,2026-09-08T09:00:00Z,25,25
T_BDCHW-1,BDCHW-1,2026-09-08,21,2026-09-08T09:00:00Z,2026-09-08T09:30:00Z,24,24
T_BDCHW-1,BDCHW-1,2026-09-08,22,2026-09-08T09:30:00Z,2026-09-08T10:00:00Z,22,22
T_BDCHW-1,BDCHW-1,2026-09-08,23,2026-09-08T10:00:00Z,2026-09-08T10:30:00Z,19,19
T_BDCHW-1,BDCHW-1,2026-09-08,24,2026-09-08T10:30:00Z,2026-09-08T11:00:00Z,6,6
T_BDCHW-1,BDCHW-1,2026-09-08,25,2026-09-08T11:00:00Z,2026-09-08T11:30:00Z,4,4
T_BDCHW-1,BDCHW-1,2026-09-08,26,2026-09-08T11:30:00Z,2026-09-08T12:00:00Z,9,9
T_BDCHW-1,BDCHW-1,2026-09-08,27,2026-09-08T12:00:00Z,2026-09-08T12:30:00Z,17,17
T_BDCHW-1,BDCHW-1,2026-09-08,28,2026-09-08T12:30:00Z,2026-09-08T13:00:00Z,21,21
T_BDCHW-1,BDCHW-1,2026-09-08,29,2026-09-08T13:00:00Z,2026-09-08T13:30:00Z,23,23
T_BDCHW-1,BDCHW-1,2026-09-08,30,2026-09-08T13:30:00Z,2026-09-08T14:00:00Z,24,24
T_BDCHW-1,BDCHW-1,2026-09-08,31,2026-09-08T14:00:00Z,2026-09-08T14:30:00Z,24,24
T_BDCHW-1,BDCHW-1,2026-09-08,32,2026-09-08T14:30:00Z,2026-09-08T15:00:00Z,24,24
T_BDCHW-1,BDCHW-1,2026-09-08,33,2026-09-08T15:00:00Z,2026-09-08T15:30:00Z,23,23
T_BDCHW-1,BDCHW-1,2026-09-08,34,2026-09-08T15:30:00Z,2026-09-08T16:00:00Z,23,23
T_BDCHW-1,BDCHW-1,2026-09-08,35,2026-09-08T16:00:00Z,2026-09-08T16:30:00Z,23,23
T_BDCHW-1,BDCHW-1,2026-09-08,36,2026-09-08T16:30:00Z,2026-09-08T17:00:00Z,23,23
T_BDCHW-1,BDCHW-1,2026-09-08,37,2026-09-08T17:00:00Z,2026-09-08T17:30:00Z,22,22
T_BDCHW-1,BDCHW-1,2026-09-08,38,2026-09-08T17:30:00Z,2026-09-08T18:00:00Z,20,20
T_BDCHW-1,BDCHW-1,2026-09-08,39,2026-09-08T18:00:00Z,2026-09-08T18:30:00Z,20,20
T_BDCHW-1,BDCHW-1,2026-09-08,40,2026-09-08T18:30:00Z,2026-09-08T19:00:00Z,20,20
T_BDCHW-1,BDCHW-1,2026-09-08,41,2026-09-08T19:00:00Z,2026-09-08T19:30:00Z,19,19
T_BDCHW-1,BDCHW-1,2026-09-08,42,2026-09-08T19:30:00Z,2026-09-08T20:00:00Z,19,19
T_BDCHW-1,BDCHW-1,2026-09-08,43,2026-09-08T20:00:00Z,2026-09-08T20:30:00Z,18,18
T_BDCHW-1,BDCHW-1,2026-09-08,44,2026-09-08T20:30:00Z,2026-09-08T21:00:00Z,18,18
T_BDCHW-1,BDCHW-1,2026-09-08,45,2026-09-08T21:00:00Z,2026-09-08T21:30:00Z,18,18
T_BDCHW-1,BDCHW-1,2026-09-08,46,2026-09-08T21:30:00Z,2026-09-08T22:00:00Z,15,15
T_BDCHW-1,BDCHW-1,2026-09-08,47,2026-09-08T22:00:00Z,2026-09-08T22:30:00Z,14,14
T_BDCHW-1,BDCHW-1,2026-09-08,48,2026-09-08T22:30:00Z,2026-09-08T23:00:00Z,13,13
T_BEATO-1,BEATO-1,2026-09-08,1,2026-09-07T23:00:00Z,2026-09-07T23:30:00Z,79,79
T_BEATO-1,BEATO-1,2026-09-08,2,2026-09-07T23:30:00Z,2026-09-08T00:00:00Z,79,79
T_BEATO-1,BEATO-1,2026-09-08,3,2026-09-08T00:00:00Z,2026-09-08T00:30:00Z,79,79
T_BEATO-1,BEATO-1,2026-09-08,4,2026-09-08T00:30:00Z,2026-09-08T01:00:00Z,79,79
T_BEATO-1,BEATO-1,2026-09-08,5,2026-09-08T01:00:00Z,2026-09-08T01:30:00Z,79,79
T_BEATO-1,BEATO-1,2026-09-08,6,2026-09-08T01:30:00Z,2026-09-08T02:00:00Z,79,79
T_BEATO-1,BEATO-1,2026-09-08,7,2026-09-08T02:00:00Z,2026-09-08T02:30:00Z,79,79
T_BEATO-1,BEATO-1,2026-09-08,8,2026-09-08T02:30:00Z,2026-09-08T03:00:00Z,79,79
T_BEATO-1,BEATO-1,2026-09-08,9,2026-09-08T03:00:00Z,2026-09-08T03:30:00Z,79,79
T_BEATO-1,BEATO-1,2026-09-08,10,2026-09-08T03:30:00Z,2026-09-08T04:00:00Z,79,79
T_BEATO-1,BEATO-1,2026-09-08,11,2026-09-08T04:00:00Z,2026-09-08T04:30:00Z,79,79
T_BEATO-1,BEATO-1,2026-09-08,12,2026-09-08T04:30:00Z,2026-09-08T05:00:00Z,79,79
T_BEATO-1,BEATO-1,2026-09-08,13,2026-09-08T05:00:00Z,2026-09-08T05:30:00Z,79,79
T_BEATO-1,BEATO-1,2026-09-08,14,2026-09-08T05:30:00Z,2026-09-08T06:00:00Z,79,79
T_BEATO-1,BEATO-1,2026-09-08,15,2026-09-08T06:00:00Z,2026-09-08T06:30:00Z,79,79
T_BEATO-1,BEATO-1,2026-09-08,16,2026-09-08T06:30:00Z,2026-09-08T07:00:00Z,79,79
T_BEATO-1,BEATO-1,2026-09-08,17,2026-09-08T07:00:00Z,2026-09-08T07:30:00Z,79,79
T_BEATO-1,BEATO-1,2026-09-08,18,2026-09-08T07:30:00Z,2026-09-08T08:00:00Z,79,79
T_BEATO-1,BEATO-1,2026-09-08,19,2026-09-08T08:00:00Z,2026-09-08T08:30:00Z,79,79
T_BEATO-1,BEATO-1,2026-09-08,20,2026-09-08T08:30:00Z,2026-09-08T09:00:00Z,79,79
T_BEATO-1,BEATO-1,2026-09-08,21,2026-09-08T09:00:00Z,2026-09-08T09:30:00Z,79,79
T_BEATO-1,BEATO-1,2026-09-08,22,2026-09-08T09:30:00Z,2026-09-08T10:00:00Z,79,79
T_BEATO-1,BEATO-1,2026-09-08,23,2026-09-08T10:00:00Z,2026-09-08T10:29:00Z,79,79
T_BEATO-1,BEATO-1,2026-09-08,23,2026-09-08T10:29:00Z,2026-09-08T10:30:00Z,79,78
T_BEATO-1,BEATO-1,2026-09-08,24,2026-09-08T10:30:00Z,2026-09-08T10:59:00Z,78,78
T_BEATO-1,BEATO-1,2026-09-08,24,2026-09-08T10:59:00Z,2026-09-08T11:00:00Z,78,77
T_BEATO-1,BEATO-1,2026-09-08,25,2026-09-08T11:00:00Z,2026-09-08T11:29:00Z,77,77
T_BEATO-1,BEATO-1,2026-09-08,25,2026-09-08T11:29:00Z,2026-09-08T11:30:00Z,77,62
T_BEATO-1,BEATO-1,2026-09-08,26,2026-09-08T11:30:00Z,2026-09-08T11:58:00Z,62,62
T_BEATO-1,BEATO-1,2026-09-08,26,2026-09-08T11:58:00Z,2026-09-08T11:59:00Z,62,50
T_BEATO-1,BEATO-1,2026-09-08,26,2026-09-08T11:59:00Z,2026-09-08T12:00:00Z,50,48
T_BEATO-1,BEATO-1,2026-09-08,27,2026-09-08T12:00:00Z,2026-09-08T12:29:00Z,50,50
T_BEATO-1,BEATO-1,2026-09-08,27,2026-09-08T12:29:00Z,2026-09-08T12:30:00Z,50,49
T_BEATO-1,BEATO-1,2026-09-08,28,2026-09-08T12:30:00Z,2026-09-08T12:59:00Z,49,49
T_BEATO-1,BEATO-1,2026-09-08,28,2026-09-08T12:59:00Z,2026-09-08T13:00:00Z,49,48
T_BEATO-1,BEATO-1,2026-09-08,29,2026-09-08T13:00:00Z,2026-09-08T13:28:00Z,46,46
T_BEATO-1,BEATO-1,2026-09-08,29,2026-09-08T13:28:00Z,2026-09-08T13:29:00Z,46,50
T_BEATO-1,BEATO-1,2026-09-08,29,2026-09-08T13:29:00Z,2026-09-08T13:30:00Z,50,61
T_BEATO-1,BEATO-1,2026-09-08,30,2026-09-08T13:30:00Z,2026-09-08T13:59:00Z,61,61
T_BEATO-1,BEATO-1,2026-09-08,30,2026-09-08T13:59:00Z,2026-09-08T14:00:00Z,61,77
T_BEATO-1,BEATO-1,2026-09-08,31,2026-09-08T14:00:00Z,2026-09-08T14:29:00Z,77,77
T_BEATO-1,BEATO-1,2026-09-08,31,2026-09-08T14:29:00Z,2026-09-08T14:30:00Z,77,78
T_BEATO-1,BEATO-1,2026-09-08,32,2026-09-08T14:30:00Z,2026-09-08T14:59:00Z,78,78
T_BEATO-1,BEATO-1,2026-09-08,32,2026-09-08T14:59:00Z,2026-09-08T15:00:00Z,78,79
T_BEATO-1,BEATO-1,2026-09-08,33,2026-09-08T15:00:00Z,2026-09-08T15:30:00Z,79,79
T_BEATO-1,BEATO-1,2026-09-08,34,2026-09-08T15:30:00Z,2026-09-08T16:00:00Z,79,79
T_BEATO-1,BEATO-1,2026-09-08,35,2026-09-08T16:00:00Z,2026-09-08T16:30:00Z,79,79
T_BEATO-1,BEATO-1,2026-09-08,36,2026-09-08T16:30:00Z,2026-09-08T17:00:00Z,79,79
T_BEATO-1,BEATO-1,2026-09-08,37,2026-09-08T17:00:00Z,2026-09-08T17:29:00Z,79,79
T_BEATO-1,BEATO-1,2026-09-08,37,2026-09-08T17:29:00Z,2026-09-08T17:30:00Z,79,77
T_BEATO-1,BEATO-1,2026-09-08,38,2026-09-08T17:30:00Z,2026-09-08T17:59:00Z,77,77
T_BEATO-1,BEATO-1,2026-09-08,38,2026-09-08T17:59:00Z,2026-09-08T18:00:00Z,77,76
T_BEATO-1,BEATO-1,2026-09-08,39,2026-09-08T18:00:00Z,2026-09-08T18:29:00Z,76,76
T_BEATO-1,BEATO-1,2026-09-08,39,2026-09-08T18:29:00Z,2026-09-08T18:30:00Z,76,75
T_BEATO-1,BEATO-1,2026-09-08,40,2026-09-08T18:30:00Z,2026-09-08T19:00:00Z,75,75
T_BEATO-1,BEATO-1,2026-09-08,41,2026-09-08T19:00:00Z,2026-09-08T19:29:00Z,74,74
T_BEATO-1,BEATO-1,2026-09-08,41,2026-09-08T19:29:00Z,2026-09-08T19:30:00Z,74,75
T_BEATO-1,BEATO-1,2026-09-08,42,2026-09-08T19:30:00Z,2026-09-08T19:59:00Z,75,75
T_BEATO-1,BEATO-1,2026-09-08,42,2026-09-08T19:59:00Z,2026-09-08T20:00:00Z,75,76
T_BEATO-1,BEATO-1,2026-09-08,43,2026-09-08T20:00:00Z,2026-09-08T20:30:00Z,75,75
T_BEATO-1,BEATO-1,2026-09-08,44,2026-09-08T20:30:00Z,2026-09-08T20:59:00Z,75,75
T_BEATO-1,BEATO-1,2026-09-08,44,2026-09-08T20:59:00Z,2026-09-08T21:00:00Z,75,76
T_BEATO-1,BEATO-1,2026-09-08,45,2026-09-08T21:00:00Z,2026-09-08T21:29:00Z,75,75
T_BEATO-1,BEATO-1,2026-09-08,45,2026-09-08T21:29:00Z,2026-09-08T21:30:00Z,75,74
T_BEATO-1,BEATO-1,2026-09-08,46,2026-09-08T21:30:00Z,2026-09-08T21:59:00Z,74,74
T_BEATO-1,BEATO-1,2026-09-08,46,2026-09-08T21:59:00Z,2026-09-08T22:00:00Z,74,73
T_BEATO-1,BEATO-1,2026-09-08,47,2026-09-08T22:00:00Z,2026-09-08T22:29:00Z,72,72
T_BEATO-1,BEATO-1,2026-09-08,47,2026-09-08T22:29:00Z,2026-09-08T22:30:00Z,72,71
T_BEATO-1,BEATO-1,2026-09-08,48,2026-09-08T22:30:00Z,2026-09-08T23:00:00Z,71,71
T_BEATO-2,BEATO-2,2026-09-08,1,2026-09-07T23:00:00Z,2026-09-07T23:30:00Z,125,125
T_BEATO-2,BEATO-2,2026-09-08,2,2026-09-07T23:30:00Z,2026-09-08T00:00:00Z,125,125
T_BEATO-2,BEATO-2,2026-09-08,3,2026-09-08T00:00:00Z,2026-09-08T00:30:00Z,125,125
T_BEATO-2,BEATO-2,2026-09-08,4,2026-09-08T00:30:00Z,2026-09-08T01:00:00Z,125,125
T_BEATO-2,BEATO-2,2026-09-08,5,2026-09-08T01:00:00Z,2026-09-08T01:30:00Z,125,125
T_BEATO-2,BEATO-2,2026-09-08,6,2026-09-08T01:30:00Z,2026-09-08T02:00:00Z,125,125
T_BEATO-2,BEATO-2,2026-09-08,7,2026-09-08T02:00:00Z,2026-09-08T02:30:00Z,125,125
T_BEATO-2,BEATO-2,2026-09-08,8,2026-09-08T02:30:00Z,2026-09-08T03:00:00Z,125,125
T_BEATO-2,BEATO-2,2026-09-08,9,2026-09-08T03:00:00Z,2026-09-08T03:30:00Z,125,125
T_BEATO-2,BEATO-2,2026-09-08,10,2026-09-08T03:30:00Z,2026-09-08T04:00:00Z,125,125
T_BEATO-2,BEATO-2,2026-09-08,11,2026-09-08T04:00:00Z,2026-09-08T04:30:00Z,125,125
T_BEATO-2,BEATO-2,2026-09-08,12,2026-09-08T04:30:00Z,2026-09-08T05:00:00Z,125,125
T_BEATO-2,BEATO-2,2026-09-08,13,2026-09-08T05:00:00Z,2026-09-08T05:30:00Z,125,125
T_BEATO-2,BEATO-2,2026-09-08,14,2026-09-08T05:30:00Z,2026-09-08T06:00:00Z,125,125
T_BEATO-2,BEATO-2,2026-09-08,15,2026-09-08T06:00:00Z,2026-09-08T06:30:00Z,125,125
T_BEATO-2,BEATO-2,2026-09-08,16,2026-09-08T06:30:00Z,2026-09-08T07:00:00Z,125,125
T_BEATO-2,BEATO-2,2026-09-08,17,2026-09-08T07:00:00Z,2026-09-08T07:30:00Z,125,125
T_BEATO-2,BEATO-2,2026-09-08,18,2026-09-08T07:30:00Z,2026-09-08T08:00:00Z,125,125
T_BEATO-2,BEATO-2,2026-09-08,19,2026-09-08T08:00:00Z,2026-09-08T08:30:00Z,125,125
T_BEATO-2,BEATO-2,2026-09-08,20,2026-09-08T08:30:00Z,2026-09-08T09:00:00Z,125,125
T_BEATO-2,BEATO-2,2026-09-08,21,2026-09-08T09:00:00Z,2026-09-08T09:30:00Z,125,125
T_BEATO-2,BEATO-2,2026-09-08,22,2026-09-08T09:30:00Z,2026-09-08T10:00:00Z,125,125
T_BEATO-2,BEATO-2,2026-09-08,23,2026-09-08T10:00:00Z,2026-09-08T10:29:00Z,125,125
T_BEATO-2,BEATO-2,2026-09-08,23,2026-09-08T10:29:00Z,2026-09-08T10:30:00Z,125,123
T_BEATO-2,BEATO-2,2026-09-08,24,2026-09-08T10:30:00Z,2026-09-08T10:59:00Z,123,123
T_BEATO-2,BEATO-2,2026-09-08,24,2026-09-08T10:59:00Z,2026-09-08T11:00:00Z,123,121
T_BEATO-2,BEATO-2,2026-09-08,25,2026-09-08T11:00:00Z,2026-09-08T11:28:00Z,121,121
T_BEATO-2,BEATO-2,2026-09-08,25,2026-09-08T11:28:00Z,2026-09-08T11:29:00Z,121,100
T_BEATO-2,BEATO-2,2026-09-08,25,2026-09-08T11:29:00Z,2026-09-08T11:30:00Z,100,99
T_BEATO-2,BEATO-2,2026-09-08,26,2026-09-08T11:30:00Z,2026-09-08T11:59:00Z,99,99
T_BEATO-2,BEATO-2,2026-09-08,26,2026-09-08T11:59:00Z,2026-09-08T12:00:00Z,99,78
T_BEATO-2,BEATO-2,2026-09-08,27,2026-09-08T12:00:00Z,2026-09-08T12:29:00Z,82,82
T_BEATO-2,BEATO-2,2026-09-08,27,2026-09-08T12:29:00Z,2026-09-08T12:30:00Z,82,79
T_BEATO-2,BEATO-2,2026-09-08,28,2026-09-08T12:30:00Z,2026-09-08T12:59:00Z,79,79
T_BEATO-2,BEATO-2,2026-09-08,28,2026-09-08T12:59:00Z,2026-09-08T13:00:00Z,79,77
T_BEATO-2,BEATO-2,2026-09-08,29,2026-09-08T13:00:00Z,2026-09-08T13:29:00Z,77,77
T_BEATO-2,BEATO-2,2026-09-08,29,2026-09-08T13:29:00Z,2026-09-08T13:30:00Z,77,99
T_BEATO-2,BEATO-2,2026-09-08,30,2026-09-08T13:30:00Z,2026-09-08T13:58:00Z,99,99
T_BEATO-2,BEATO-2,2026-09-08,30,2026-09-08T13:58:00Z,2026-09-08T13:59:00Z,99,100
T_BEATO-2,BEATO-2,2026-09-08,30,2026-09-08T13:59:00Z,2026-09-08T14:00:00Z,100,122
T_BEATO-2,BEATO-2,2026-09-08,31,2026-09-08T14:00:00Z,2026-09-08T14:29:00Z,122,122
T_BEATO-2,BEATO-2,2026-09-08,31,2026-09-08T14:29:00Z,2026-09-08T14:30:00Z,122,124
T_BEATO-2,BEATO-2,2026-09-08,32,2026-09-08T14:30:00Z,2026-09-08T14:59:00Z,124,124
T_BEATO-2,BEATO-2,2026-09-08,32,2026-09-08T14:59:00Z,2026-09-08T15:00:00Z,124,125
T_BEATO-2,BEATO-2,2026-09-08,33,2026-09-08T15:00:00Z,2026-09-08T15:30:00Z,125,125
T_BEATO-2,BEATO-2,2026-09-08,34,2026-09-08T15:30:00Z,2026-09-08T16:00:00Z,125,125
T_BEATO-2,BEATO-2,2026-09-08,35,2026-09-08T16:00:00Z,2026-09-08T16:30:00Z,125,125
T_BEATO-2,BEATO-2,2026-09-08,36,2026-09-08T16:30:00Z,2026-09-08T16:59:00Z,125,125
T_BEATO-2,BEATO-2,2026-09-08,36,2026-09-08T16:59:00Z,2026-09-08T17:00:00Z,125,124
T_BEATO-2,BEATO-2,2026-09-08,37,2026-09-08T17:00:00Z,2026-09-08T17:29:00Z,124,124
T_BEATO-2,BEATO-2,2026-09-08,37,2026-09-08T17:29:00Z,2026-09-08T17:30:00Z,124,122
T_BEATO-2,BEATO-2,2026-09-08,38,2026-09-08T17:30:00Z,2026-09-08T17:59:00Z,122,122
T_BEATO-2,BEATO-2,2026-09-08,38,2026-09-08T17:59:00Z,2026-09-08T18:00:00Z,122,120
T_BEATO-2,BEATO-2,2026-09-08,39,2026-09-08T18:00:00Z,2026-09-08T18:29:00Z,120,120
T_BEATO-2,BEATO-2,2026-09-08,39,2026-09-08T18:29:00Z,2026-09-08T18:30:00Z,120,119
T_BEATO-2,BEATO-2,2026-09-08,40,2026-09-08T18:30:00Z,2026-09-08T18:59:00Z,119,119
T_BEATO-2,BEATO-2,2026-09-08,40,2026-09-08T18:59:00Z,2026-09-08T19:00:00Z,119,118
T_BEATO-2,BEATO-2,2026-09-08,41,2026-09-08T19:00:00Z,2026-09-08T19:29:00Z,117,117
T_BEATO-2,BEATO-2,2026-09-08,41,2026-09-08T19:29:00Z,2026-09-08T19:30:00Z,117,118
T_BEATO-2,BEATO-2,2026-09-08,42,2026-09-08T19:30:00Z,2026-09-08T19:59:00Z,118,118
T_BEATO-2,BEATO-2,2026-09-08,42,2026-09-08T19:59:00Z,2026-09-08T20:00:00Z,118,119
T_BEATO-2,BEATO-2,2026-09-08,43,2026-09-08T20:00:00Z,2026-09-08T20:30:00Z,118,118
T_BEATO-2,BEATO-2,2026-09-08,44,2026-09-08T20:30:00Z,2026-09-08T21:00:00Z,118,118
T_BEATO-2,BEATO-2,2026-09-08,45,2026-09-08T21:00:00Z,2026-09-08T21:29:00Z,117,117
T_BEATO-2,BEATO-2,2026-09-08,45,2026-09-08T21:29:00Z,2026-09-08T21:30:00Z,117,116
T_BEATO-2,BEATO-2,2026-09-08,46,2026-09-08T21:30:00Z,2026-09-08T21:59:00Z,116,116
T_BEATO-2,BEATO-2,2026-09-08,46,2026-09-08T21:59:00Z,2026-09-08T22:00:00Z,116,115
T_BEATO-2,BEATO-2,2026-09-08,47,2026-09-08T22:00:00Z,2026-09-08T22:30:00Z,113,113
T_BEATO-2,BEATO-2,2026-09-08,48,2026-09-08T22:30:00Z,2026-09-08T23:00:00Z,113,113
T_BEATO-3,BEATO-3,2026-09-08,1,2026-09-07T23:00:00Z,2026-09-07T23:30:00Z,167,167
T_BEATO-3,BEATO-3,2026-09-08,2,2026-09-07T23:30:00Z,2026-09-08T00:00:00Z,167,167
T_BEATO-3,BEATO-3,2026-09-08,3,2026-09-08T00:00:00Z,2026-09-08T00:30:00Z,167,167
T_BEATO-3,BEATO-3,2026-09-08,4,2026-09-08T00:30:00Z,2026-09-08T01:00:00Z,167,167
T_BEATO-3,BEATO-3,2026-09-08,5,2026-09-08T01:00:00Z,2026-09-08T01:30:00Z,167,167
T_BEATO-3,BEATO-3,2026-09-08,6,2026-09-08T01:30:00Z,2026-09-08T02:00:00Z,167,167
T_BEATO-3,BEATO-3,2026-09-08,7,2026-09-08T02:00:00Z,2026-09-08T02:30:00Z,167,167
T_BEATO-3,BEATO-3,2026-09-08,8,2026-09-08T02:30:00Z,2026-09-08T03:00:00Z,167,167
T_BEATO-3,BEATO-3,2026-09-08,9,2026-09-08T03:00:00Z,2026-09-08T03:30:00Z,167,167
T_BEATO-3,BEATO-3,2026-09-08,10,2026-09-08T03:30:00Z,2026-09-08T04:00:00Z,167,167
T_BEATO-3,BEATO-3,2026-09-08,11,2026-09-08T04:00:00Z,2026-09-08T04:30:00Z,167,167
T_BEATO-3,BEATO-3,2026-09-08,12,2026-09-08T04:30:00Z,2026-09-08T05:00:00Z,167,167
T_BEATO-3,BEATO-3,2026-09-08,13,2026-09-08T05:00:00Z,2026-09-08T05:30:00Z,166,166
T_BEATO-3,BEATO-3,2026-09-08,14,2026-09-08T05:30:00Z,2026-09-08T06:00:00Z,166,166
T_BEATO-3,BEATO-3,2026-09-08,15,2026-09-08T06:00:00Z,2026-09-08T06:29:00Z,166,166
T_BEATO-3,BEATO-3,2026-09-08,15,2026-09-08T06:29:00Z,2026-09-08T06:30:00Z,166,167
T_BEATO-3,BEATO-3,2026-09-08,16,2026-09-08T06:30:00Z,2026-09-08T07:00:00Z,167,167
T_BEATO-3,BEATO-3,2026-09-08,17,2026-09-08T07:00:00Z,2026-09-08T07:30:00Z,167,167
T_BEATO-3,BEATO-3,2026-09-08,18,2026-09-08T07:30:00Z,2026-09-08T08:00:00Z,167,167
T_BEATO-3,BEATO-3,2026-09-08,19,2026-09-08T08:00:00Z,2026-09-08T08:30:00Z,167,167
T_BEATO-3,BEATO-3,2026-09-08,20,2026-09-08T08:30:00Z,2026-09-08T09:00:00Z,167,167
T_BEATO-3,BEATO-3,2026-09-08,21,2026-09-08T09:00:00Z,2026-09-08T09:30:00Z,167,167
T_BEATO-3,BEATO-3,2026-09-08,22,2026-09-08T09:30:00Z,2026-09-08T09:59:00Z,167,167
T_BEATO-3,BEATO-3,2026-09-08,22,2026-09-08T09:59:00Z,2026-09-08T10:00:00Z,167,166
T_BEATO-3,BEATO-3,2026-09-08,23,2026-09-08T10:00:00Z,2026-09-08T10:29:00Z,167,167
T_BEATO-3,BEATO-3,2026-09-08,23,2026-09-08T10:29:00Z,2026-09-08T10:30:00Z,167,159
T_BEATO-3,BEATO-3,2026-09-08,24,2026-09-08T10:30:00Z,2026-09-08T10:59:00Z,159,159
T_BEATO-3,BEATO-3,2026-09-08,24,2026-09-08T10:59:00Z,2026-09-08T11:00:00Z,159,151
T_BEATO-3,BEATO-3,2026-09-08,25,2026-09-08T11:00:00Z,2026-09-08T11:29:00Z,152,152
T_BEATO-3,BEATO-3,2026-09-08,25,2026-09-08T11:29:00Z,2026-09-08T11:30:00Z,152,117
T_BEATO-3,BEATO-3,2026-09-08,26,2026-09-08T11:30:00Z,2026-09-08T11:58:00Z,117,117
T_BEATO-3,BEATO-3,2026-09-08,26,2026-09-08T11:58:00Z,2026-09-08T11:59:00Z,117,100
T_BEATO-3,BEATO-3,2026-09-08,26,2026-09-08T11:59:00Z,2026-09-08T12:00:00Z,100,82
T_BEATO-3,BEATO-3,2026-09-08,27,2026-09-08T12:00:00Z,2026-09-08T12:29:00Z,86,86
T_BEATO-3,BEATO-3,2026-09-08,27,2026-09-08T12:29:00Z,2026-09-08T12:30:00Z,86,91
T_BEATO-3,BEATO-3,2026-09-08,28,2026-09-08T12:30:00Z,2026-09-08T12:59:00Z,91,91
T_BEATO-3,BEATO-3,2026-09-08,28,2026-09-08T12:59:00Z,2026-09-08T13:00:00Z,91,96
T_BEATO-3,BEATO-3,2026-09-08,29,2026-09-08T13:00:00Z,2026-09-08T13:28:00Z,96,96
T_BEATO-3,BEATO-3,2026-09-08,29,2026-09-08T13:28:00Z,2026-09-08T13:29:00Z,96,100
T_BEATO-3,BEATO-3,2026-09-08,29,2026-09-08T13:29:00Z,2026-09-08T13:30:00Z,100,131
T_BEATO-3,BEATO-3,2026-09-08,30,2026-09-08T13:30:00Z,2026-09-08T13:59:00Z,130,130
T_BEATO-3,BEATO-3,2026-09-08,30,2026-09-08T13:59:00Z,2026-09-08T14:00:00Z,130,165
T_BEATO-3,BEATO-3,2026-09-08,31,2026-09-08T14:00:00Z,2026-09-08T14:29:00Z,165,165
T_BEATO-3,BEATO-3,2026-09-08,31,2026-09-08T14:29:00Z,2026-09-08T14:30:00Z,165,166
T_BEATO-3,BEATO-3,2026-09-08,32,2026-09-08T14:30:00Z,2026-09-08T14:59:00Z,166,166
T_BEATO-3,BEATO-3,2026-09-08,32,2026-09-08T14:59:00Z,2026-09-08T15:00:00Z,166,167
T_BEATO-3,BEATO-3,2026-09-08,33,2026-09-08T15:00:00Z,2026-09-08T15:30:00Z,167,167
T_BEATO-3,BEATO-3,2026-09-08,34,2026-09-08T15:30:00Z,2026-09-08T16:00:00Z,167,167
T_BEATO-3,BEATO-3,2026-09-08,35,2026-09-08T16:00:00Z,2026-09-08T16:30:00Z,167,167
T_BEATO-3,BEATO-3,2026-09-08,36,2026-09-08T16:30:00Z,2026-09-08T17:00:00Z,167,167
T_BEATO-3,BEATO-3,2026-09-08,37,2026-09-08T17:00:00Z,2026-09-08T17:29:00Z,167,167
T_BEATO-3,BEATO-3,2026-09-08,37,2026-09-08T17:29:00Z,2026-09-08T17:30:00Z,167,166
T_BEATO-3,BEATO-3,2026-09-08,38,2026-09-08T17:30:00Z,2026-09-08T17:59:00Z,166,166
T_BEATO-3,BEATO-3,2026-09-08,38,2026-09-08T17:59:00Z,2026-09-08T18:00:00Z,166,165
T_BEATO-3,BEATO-3,2026-09-08,39,2026-09-08T18:00:00Z,2026-09-08T18:29:00Z,165,165
T_BEATO-3,BEATO-3,2026-09-08,39,2026-09-08T18:29:00Z,2026-09-08T18:30:00Z,165,164
T_BEATO-3,BEATO-3,2026-09-08,40,2026-09-08T18:30:00Z,2026-09-08T18:59:00Z,164,164
T_BEATO-3,BEATO-3,2026-09-08,40,2026-09-08T18:59:00Z,2026-09-08T19:00:00Z,164,163
T_BEATO-3,BEATO-3,2026-09-08,41,2026-09-08T19:00:00Z,2026-09-08T19:29:00Z,162,162
T_BEATO-3,BEATO-3,2026-09-08,41,2026-09-08T19:29:00Z,2026-09-08T19:30:00Z,162,163
T_BEATO-3,BEATO-3,2026-09-08,42,2026-09-08T19:30:00Z,2026-09-08T19:59:00Z,163,163
T_BEATO-3,BEATO-3,2026-09-08,42,2026-09-08T19:59:00Z,2026-09-08T20:00:00Z,163,164
T_BEATO-3,BEATO-3,2026-09-08,43,2026-09-08T20:00:00Z,2026-09-08T20:30:00Z,163,163
T_BEATO-3,BEATO-3,2026-09-08,44,2026-09-08T20:30:00Z,2026-09-08T20:59:00Z,163,163
T_BEATO-3,BEATO-3,2026-09-08,44,2026-09-08T20:59:00Z,2026-09-08T21:00:00Z,163,164
T_BEATO-3,BEATO-3,2026-09-08,45,2026-09-08T21:00:00Z,2026-09-08T21:29:00Z,163,163
T_BEATO-3,BEATO-3,2026-09-08,45,2026-09-08T21:29:00Z,2026-09-08T21:30:00Z,163,162
T_BEATO-3,BEATO-3,2026-09-08,46,2026-09-08T21:30:00Z,2026-09-08T21:59:00Z,162,162
T_BEATO-3,BEATO-3,2026-09-08,46,2026-09-08T21:59:00Z,2026-09-08T22:00:00Z,162,161
T_BEATO-3,BEATO-3,2026-09-08,47,2026-09-08T22:00:00Z,2026-09-08T22:29:00Z,159,159
T_BEATO-3,BEATO-3,2026-09-08,47,2026-09-08T22:29:00Z,2026-09-08T22:30:00Z,159,158
T_BEATO-3,BEATO-3,2026-09-08,48,2026-09-08T22:30:00Z,2026-09-08T23:00:00Z,158,158
T_BEATO-4,BEATO-4,2026-09-08,1,2026-09-07T23:00:00Z,2026-09-07T23:30:00Z,167,167
T_BEATO-4,BEATO-4,2026-09-08,2,2026-09-07T23:30:00Z,2026-09-08T00:00:00Z,167,167
T_BEATO-4,BEATO-4,2026-09-08,3,2026-09-08T00:00:00Z,2026-09-08T00:30:00Z,167,167
T_BEATO-4,BEATO-4,2026-09-08,4,2026-09-08T00:30:00Z,2026-09-08T01:00:00Z,167,167
T_BEATO-4,BEATO-4,2026-09-08,5,2026-09-08T01:00:00Z,2026-09-08T01:30:00Z,167,167
T_BEATO-4,BEATO-4,2026-09-08,6,2026-09-08T01:30:00Z,2026-09-08T02:00:00Z,167,167
T_BEATO-4,BEATO-4,2026-09-08,7,2026-09-08T02:00:00Z,2026-09-08T02:30:00Z,167,167
T_BEATO-4,BEATO-4,2026-09-08,8,2026-09-08T02:30:00Z,2026-09-08T03:00:00Z,167,167
T_BEATO-4,BEATO-4,2026-09-08,9,2026-09-08T03:00:00Z,2026-09-08T03:30:00Z,167,167
T_BEATO-4,BEATO-4,2026-09-08,10,2026-09-08T03:30:00Z,2026-09-08T04:00:00Z,167,167
T_BEATO-4,BEATO-4,2026-09-08,11,2026-09-08T04:00:00Z,2026-09-08T04:30:00Z,167,167
T_BEATO-4,BEATO-4,2026-09-08,12,2026-09-08T04:30:00Z,2026-09-08T04:59:00Z,167,167
T_BEATO-4,BEATO-4,2026-09-08,12,2026-09-08T04:59:00Z,2026-09-08T05:00:00Z,167,166
T_BEATO-4,BEATO-4,2026-09-08,13,2026-09-08T05:00:00Z,2026-09-08T05:30:00Z,166,166
T_BEATO-4,BEATO-4,2026-09-08,14,2026-09-08T05:30:00Z,2026-09-08T06:00:00Z,166,166
T_BEATO-4,BEATO-4,2026-09-08,15,2026-09-08T06:00:00Z,2026-09-08T06:29:00Z,166,166
T_BEATO-4,BEATO-4,2026-09-08,15,2026-09-08T06:29:00Z,2026-09-08T06:30:00Z,166,167
T_BEATO-4,BEATO-4,2026-09-08,16,2026-09-08T06:30:00Z,2026-09-08T07:00:00Z,167,167
T_BEATO-4,BEATO-4,2026-09-08,17,2026-09-08T07:00:00Z,2026-09-08T07:30:00Z,167,167
T_BEATO-4,BEATO-4,2026-09-08,18,2026-09-08T07:30:00Z,2026-09-08T08:00:00Z,167,167
T_BEATO-4,BEATO-4,2026-09-08,19,2026-09-08T08:00:00Z,2026-09-08T08:30:00Z,167,167
T_BEATO-4,BEATO-4,2026-09-08,20,2026-09-08T08:30:00Z,2026-09-08T09:00:00Z,167,167
T_BEATO-4,BEATO-4,2026-09-08,21,2026-09-08T09:00:00Z,2026-09-08T09:30:00Z,167,167
T_BEATO-4,BEATO-4,2026-09-08,22,2026-09-08T09:30:00Z,2026-09-08T09:59:00Z,167,167
T_BEATO-4,BEATO-4,2026-09-08,22,2026-09-08T09:59:00Z,2026-09-08T10:00:00Z,167,166
T_BEATO-4,BEATO-4,2026-09-08,23,2026-09-08T10:00:00Z,2026-09-08T10:29:00Z,167,167
T_BEATO-4,BEATO-4,2026-09-08,23,2026-09-08T10:29:00Z,2026-09-08T10:30:00Z,167,161
T_BEATO-4,BEATO-4,2026-09-08,24,2026-09-08T10:30:00Z,2026-09-08T10:59:00Z,161,161
T_BEATO-4,BEATO-4,2026-09-08,24,2026-09-08T10:59:00Z,2026-09-08T11:00:00Z,161,155
T_BEATO-4,BEATO-4,2026-09-08,25,2026-09-08T11:00:00Z,2026-09-08T11:29:00Z,155,155
T_BEATO-4,BEATO-4,2026-09-08,25,2026-09-08T11:29:00Z,2026-09-08T11:30:00Z,155,121
T_BEATO-4,BEATO-4,2026-09-08,26,2026-09-08T11:30:00Z,2026-09-08T11:58:00Z,121,121
T_BEATO-4,BEATO-4,2026-09-08,26,2026-09-08T11:58:00Z,2026-09-08T11:59:00Z,121,100
T_BEATO-4,BEATO-4,2026-09-08,26,2026-09-08T11:59:00Z,2026-09-08T12:00:00Z,100,87
T_BEATO-4,BEATO-4,2026-09-08,27,2026-09-08T12:00:00Z,2026-09-08T12:29:00Z,91,91
T_BEATO-4,BEATO-4,2026-09-08,27,2026-09-08T12:29:00Z,2026-09-08T12:30:00Z,91,93
T_BEATO-4,BEATO-4,2026-09-08,28,2026-09-08T12:30:00Z,2026-09-08T12:59:00Z,93,93
T_BEATO-4,BEATO-4,2026-09-08,28,2026-09-08T12:59:00Z,2026-09-08T13:00:00Z,93,95
T_BEATO-4,BEATO-4,2026-09-08,29,2026-09-08T13:00:00Z,2026-09-08T13:28:00Z,95,95
T_BEATO-4,BEATO-4,2026-09-08,29,2026-09-08T13:28:00Z,2026-09-08T13:29:00Z,95,100
T_BEATO-4,BEATO-4,2026-09-08,29,2026-09-08T13:29:00Z,2026-09-08T13:30:00Z,100,130
T_BEATO-4,BEATO-4,2026-09-08,30,2026-09-08T13:30:00Z,2026-09-08T13:59:00Z,130,130
T_BEATO-4,BEATO-4,2026-09-08,30,2026-09-08T13:59:00Z,2026-09-08T14:00:00Z,130,165
T_BEATO-4,BEATO-4,2026-09-08,31,2026-09-08T14:00:00Z,2026-09-08T14:29:00Z,166,166
T_BEATO-4,BEATO-4,2026-09-08,31,2026-09-08T14:29:00Z,2026-09-08T14:30:00Z,166,167
T_BEATO-4,BEATO-4,2026-09-08,32,2026-09-08T14:30:00Z,2026-09-08T15:00:00Z,167,167
T_BEATO-4,BEATO-4,2026-09-08,33,2026-09-08T15:00:00Z,2026-09-08T15:30:00Z,167,167
T_BEATO-4,BEATO-4,2026-09-08,34,2026-09-08T15:30:00Z,2026-09-08T16:00:00Z,167,167
T_BEATO-4,BEATO-4,2026-09-08,35,2026-09-08T16:00:00Z,2026-09-08T16:30:00Z,167,167
T_BEATO-4,BEATO-4,2026-09-08,36,2026-09-08T16:30:00Z,2026-09-08T17:00:00Z,167,167
T_BEATO-4,BEATO-4,2026-09-08,37,2026-09-08T17:00:00Z,2026-09-08T17:29:00Z,167,167
T_BEATO-4,BEATO-4,2026-09-08,37,2026-09-08T17:29:00Z,2026-09-08T17:30:00Z,167,166
T_BEATO-4,BEATO-4,2026-09-08,38,2026-09-08T17:30:00Z,2026-09-08T17:59:00Z,166,166
T_BEATO-4,BEATO-4,2026-09-08,38,2026-09-08T17:59:00Z,2026-09-08T18:00:00Z,166,165
T_BEATO-4,BEATO-4,2026-09-08,39,2026-09-08T18:00:00Z,2026-09-08T18:29:00Z,166,166
T_BEATO-4,BEATO-4,2026-09-08,39,2026-09-08T18:29:00Z,2026-09-08T18:30:00Z,166,165
T_BEATO-4,BEATO-4,2026-09-08,40,2026-09-08T18:30:00Z,2026-09-08T18:59:00Z,165,165
T_BEATO-4,BEATO-4,2026-09-08,40,2026-09-08T18:59:00Z,2026-09-08T19:00:00Z,165,164
T_BEATO-4,BEATO-4,2026-09-08,41,2026-09-08T19:00:00Z,2026-09-08T19:29:00Z,162,162
T_BEATO-4,BEATO-4,2026-09-08,41,2026-09-08T19:29:00Z,2026-09-08T19:30:00Z,162,164
T_BEATO-4,BEATO-4,2026-09-08,42,2026-09-08T19:30:00Z,2026-09-08T19:59:00Z,164,164
T_BEATO-4,BEATO-4,2026-09-08,42,2026-09-08T19:59:00Z,2026-09-08T20:00:00Z,164,165
T_BEATO-4,BEATO-4,2026-09-08,43,2026-09-08T20:00:00Z,2026-09-08T20:30:00Z,164,164
T_BEATO-4,BEATO-4,2026-09-08,44,2026-09-08T20:30:00Z,2026-09-08T21:00:00Z,164,164
T_BEATO-4,BEATO-4,2026-09-08,45,2026-09-08T21:00:00Z,2026-09-08T21:29:00Z,164,164
T_BEATO-4,BEATO-4,2026-09-08,45,2026-09-08T21:29:00Z,2026-09-08T21:30:00Z,164,162
T_BEATO-4,BEATO-4,2026-09-08,46,2026-09-08T21:30:00Z,2026-09-08T21:59:00Z,162,162
T_BEATO-4,BEATO-4,2026-09-08,46,2026-09-08T21:59:00Z,2026-09-08T22:00:00Z,162,160
T_BEATO-4,BEATO-4,2026-09-08,47,2026-09-08T22:00:00Z,2026-09-08T22:30:00Z,158,158
T_BEATO-4,BEATO-4,2026-09-08,48,2026-09-08T22:30:00Z,2026-09-08T23:00:00Z,158,158
T_BEINW-1,BEINW-1,2026-09-08,1,2026-09-07T23:00:00Z,2026-09-07T23:30:00Z,94,94
T_BEINW-1,BEINW-1,2026-09-08,2,2026-09-07T23:30:00Z,2026-09-08T00:00:00Z,94,94
T_BEINW-1,BEINW-1,2026-09-08,3,2026-09-08T00:00:00Z,2026-09-08T00:30:00Z,94,94
T_BEINW-1,BEINW-1,2026-09-08,4,2026-09-08T00:30:00Z,2026-09-08T01:00:00Z,94,94
T_BEINW-1,BEINW-1,2026-09-08,5,2026-09-08T01:00:00Z,2026-09-08T01:30:00Z,94,94
T_BEINW-1,BEINW-1,2026-09-08,6,2026-09-08T01:30:00Z,2026-09-08T02:00:00Z,94,94
T_BEINW-1,BEINW-1,2026-09-08,7,2026-09-08T02:00:00Z,2026-09-08T02:30:00Z,94,94
T_BEINW-1,BEINW-1,2026-09-08,8,2026-09-08T02:30:00Z,2026-09-08T03:00:00Z,93,93
T_BEINW-1,BEINW-1,2026-09-08,9,2026-09-08T03:00:00Z,2026-09-08T03:30:00Z,92,92
T_BEINW-1,BEINW-1,2026-09-08,10,2026-09-08T03:30:00Z,2026-09-08T04:00:00Z,91,91
T_BEINW-1,BEINW-1,2026-09-08,11,2026-09-08T04:00:00Z,2026-09-08T04:30:00Z,86,86
T_BEINW-1,BEINW-1,2026-09-08,12,2026-09-08T04:30:00Z,2026-09-08T05:00:00Z,84,84
T_BEINW-1,BEINW-1,2026-09-08,13,2026-09-08T05:00:00Z,2026-09-08T05:30:00Z,84,84
T_BEINW-1,BEINW-1,2026-09-08,14,2026-09-08T05:30:00Z,2026-09-08T06:00:00Z,83,83
T_BEINW-1,BEINW-1,2026-09-08,15,2026-09-08T06:00:00Z,2026-09-08T06:30:00Z,82,82
T_BEINW-1,BEINW-1,2026-09-08,16,2026-09-08T06:30:00Z,2026-09-08T07:00:00Z,86,86
T_BEINW-1,BEINW-1,2026-09-08,17,2026-09-08T07:00:00Z,2026-09-08T07:30:00Z,90,90
T_BEINW-1,BEINW-1,2026-09-08,18,2026-09-08T07:30:00Z,2026-09-08T08:00:00Z,91,91
T_BEINW-1,BEINW-1,2026-09-08,19,2026-09-08T08:00:00Z,2026-09-08T08:30:00Z,92,92
T_BEINW-1,BEINW-1,2026-09-08,20,2026-09-08T08:30:00Z,2026-09-08T09:00:00Z,91,91
T_BEINW-1,BEINW-1,2026-09-08,21,2026-09-08T09:00:00Z,2026-09-08T09:30:00Z,90,90
T_BEINW-1,BEINW-1,2026-09-08,22,2026-09-08T09:30:00Z,2026-09-08T10:00:00Z,90,90
T_BEINW-1,BEINW-1,2026-09-08,23,2026-09-08T10:00:00Z,2026-09-08T10:30:00Z,87,87
T_BEINW-1,BEINW-1,2026-09-08,24,2026-09-08T10:30:00Z,2026-09-08T11:00:00Z,82,82
T_BEINW-1,BEINW-1,2026-09-08,25,2026-09-08T11:00:00Z,2026-09-08T11:30:00Z,79,79
T_BEINW-1,BEINW-1,2026-09-08,26,2026-09-08T11:30:00Z,2026-09-08T12:00:00Z,78,78
T_BEINW-1,BEINW-1,2026-09-08,27,2026-09-08T12:00:00Z,2026-09-08T12:30:00Z,77,77
T_BEINW-1,BEINW-1,2026-09-08,28,2026-09-08T12:30:00Z,2026-09-08T13:00:00Z,76,76
T_BEINW-1,BEINW-1,2026-09-08,29,2026-09-08T13:00:00Z,2026-09-08T13:30:00Z,75,75
T_BEINW-1,BEINW-1,2026-09-08,30,2026-09-08T13:30:00Z,2026-09-08T14:00:00Z,72,72
T_BEINW-1,BEINW-1,2026-09-08,31,2026-09-08T14:00:00Z,2026-09-08T14:30:00Z,68,68
T_BEINW-1,BEINW-1,2026-09-08,32,2026-09-08T14:30:00Z,2026-09-08T15:00:00Z,66,66
T_BEINW-1,BEINW-1,2026-09-08,33,2026-09-08T15:00:00Z,2026-09-08T15:30:00Z,68,68
T_BEINW-1,BEINW-1,2026-09-08,34,2026-09-08T15:30:00Z,2026-09-08T16:00:00Z,59,59
T_BEINW-1,BEINW-1,2026-09-08,35,2026-09-08T16:00:00Z,2026-09-08T16:30:00Z,57,57
T_BEINW-1,BEINW-1,2026-09-08,36,2026-09-08T16:30:00Z,2026-09-08T17:00:00Z,54,54
T_BEINW-1,BEINW-1,2026-09-08,37,2026-09-08T17:00:00Z,2026-09-08T17:30:00Z,53,53
T_BEINW-1,BEINW-1,2026-09-08,38,2026-09-08T17:30:00Z,2026-09-08T18:00:00Z,49,49
T_BEINW-1,BEINW-1,2026-09-08,39,2026-09-08T18:00:00Z,2026-09-08T18:30:00Z,47,47
T_BEINW-1,BEINW-1,2026-09-08,40,2026-09-08T18:30:00Z,2026-09-08T19:00:00Z,38,38
T_BEINW-1,BEINW-1,2026-09-08,41,2026-09-08T19:00:00Z,2026-09-08T19:30:00Z,34,34
T_BEINW-1,BEINW-1,2026-09-08,42,2026-09-08T19:30:00Z,2026-09-08T20:00:00Z,31,31
T_BEINW-1,BEINW-1,2026-09-08,43,2026-09-08T20:00:00Z,2026-09-08T20:30:00Z,28,28
T_BEINW-1,BEINW-1,2026-09-08,44,2026-09-08T20:30:00Z,2026-09-08T21:00:00Z,25,25
T_BEINW-1,BEINW-1,2026-09-08,45,2026-09-08T21:00:00Z,2026-09-08T21:30:00Z,23,23
T_BEINW-1,BEINW-1,2026-09-08,46,2026-09-08T21:30:00Z,2026-09-08T22:00:00Z,20,20
T_BEINW-1,BEINW-1,2026-09-08,47,2026-09-08T22:00:00Z,2026-09-08T22:30:00Z,17,17
T_BEINW-1,BEINW-1,2026-09-08,48,2026-09-08T22:30:00Z,2026-09-08T23:00:00Z,14,14
T_BENBW-1,BENBW-1,2026-09-08,1,2026-09-07T23:00:00Z,2026-09-07T23:30:00Z,36,37
T_BENBW-1,BENBW-1,2026-09-08,2,2026-09-07T23:30:00Z,2026-09-08T00:00:00Z,38,39
T_BENBW-1,BENBW-1,2026-09-08,3,2026-09-08T00:00:00Z,2026-09-08T00:30:00Z,39,40
T_BENBW-1,BENBW-1,2026-09-08,4,2026-09-08T00:30:00Z,2026-09-08T01:00:00Z,41,42
T_BENBW-1,BENBW-1,2026-09-08,5,2026-09-08T01:00:00Z,2026-09-08T01:30:00Z,42,42
T_BENBW-1,BENBW-1,2026-09-08,6,2026-09-08T01:30:00Z,2026-09-08T02:00:00Z,41,40
T_BENBW-1,BENBW-1,2026-09-08,7,2026-09-08T02:00:00Z,2026-09-08T02:30:00Z,40,40
T_BENBW-1,BENBW-1,2026-09-08,8,2026-09-08T02:30:00Z,2026-09-08T03:00:00Z,41,41
T_BENBW-1,BENBW-1,2026-09-08,9,2026-09-08T03:00:00Z,2026-09-08T03:30:00Z,41,42
T_BENBW-1,BENBW-1,2026-09-08,10,2026-09-08T03:30:00Z,2026-09-08T04:00:00Z,40,40
T_BENBW-1,BENBW-1,2026-09-08,11,2026-09-08T04:00:00Z,2026-09-08T04:30:00Z,41,41
T_BENBW-1,BENBW-1,2026-09-08,12,2026-09-08T04:30:00Z,2026-09-08T05:00:00Z,42,42
T_BENBW-1,BENBW-1,2026-09-08,13,2026-09-08T05:00:00Z,2026-09-08T05:30:00Z,42,43
T_BENBW-1,BENBW-1,2026-09-08,14,2026-09-08T05:30:00Z,2026-09-08T06:00:00Z,43,43
T_BENBW-1,BENBW-1,2026-09-08,15,2026-09-08T06:00:00Z,2026-09-08T06:30:00Z,43,43
T_BENBW-1,BENBW-1,2026-09-08,16,2026-09-08T06:30:00Z,2026-09-08T07:00:00Z,43,42
T_BENBW-1,BENBW-1,2026-09-08,17,2026-09-08T07:00:00Z,2026-09-08T07:30:00Z,42,42
T_BENBW-1,BENBW-1,2026-09-08,18,2026-09-08T07:30:00Z,2026-09-08T08:00:00Z,42,44
T_BENBW-1,BENBW-1,2026-09-08,19,2026-09-08T08:00:00Z,2026-09-08T08:30:00Z,44,50
T_BENBW-1,BENBW-1,2026-09-08,20,2026-09-08T08:30:00Z,2026-09-08T09:00:00Z,51,52
T_BENBW-1,BENBW-1,2026-09-08,21,2026-09-08T09:00:00Z,2026-09-08T09:30:00Z,53,56
T_BENBW-1,BENBW-1,2026-09-08,22,2026-09-08T09:30:00Z,2026-09-08T10:00:00Z,54,53
T_BENBW-1,BENBW-1,2026-09-08,23,2026-09-08T10:00:00Z,2026-09-08T10:30:00Z,53,54
T_BENBW-1,BENBW-1,2026-09-08,24,2026-09-08T10:30:00Z,2026-09-08T11:00:00Z,54,54
T_BENBW-1,BENBW-1,2026-09-08,25,2026-09-08T11:00:00Z,2026-09-08T11:30:00Z,55,55
T_BENBW-1,BENBW-1,2026-09-08,26,2026-09-08T11:30:00Z,2026-09-08T12:00:00Z,55,55
T_BENBW-1,BENBW-1,2026-09-08,27,2026-09-08T12:00:00Z,2026-09-08T12:30:00Z,55,56
T_BENBW-1,BENBW-1,2026-09-08,28,2026-09-08T12:30:00Z,2026-09-08T13:00:00Z,56,56
T_BENBW-1,BENBW-1,2026-09-08,29,2026-09-08T13:00:00Z,2026-09-08T13:30:00Z,56,56
T_BENBW-1,BENBW-1,2026-09-08,30,2026-09-08T13:30:00Z,2026-09-08T14:00:00Z,56,55
T_BENBW-1,BENBW-1,2026-09-08,31,2026-09-08T14:00:00Z,2026-09-08T14:30:00Z,55,55
T_BENBW-1,BENBW-1,2026-09-08,32,2026-09-08T14:30:00Z,2026-09-08T15:00:00Z,55,55
T_BENBW-1,BENBW-1,2026-09-08,33,2026-09-08T15:00:00Z,2026-09-08T15:30:00Z,55,55
T_BENBW-1,BENBW-1,2026-09-08,34,2026-09-08T15:30:00Z,2026-09-08T16:00:00Z,55,55
T_BENBW-1,BENBW-1,2026-09-08,35,2026-09-08T16:00:00Z,2026-09-08T16:30:00Z,55,55
T_BENBW-1,BENBW-1,2026-09-08,36,2026-09-08T16:30:00Z,2026-09-08T17:00:00Z,56,56
T_BENBW-1,BENBW-1,2026-09-08,37,2026-09-08T17:00:00Z,2026-09-08T17:30:00Z,56,56
T_BENBW-1,BENBW-1,2026-09-08,38,2026-09-08T17:30:00Z,2026-09-08T18:00:00Z,56,61
T_BENBW-1,BENBW-1,2026-09-08,39,2026-09-08T18:00:00Z,2026-09-08T18:30:00Z,61,58
T_BENBW-1,BENBW-1,2026-09-08,40,2026-09-08T18:30:00Z,2026-09-08T19:00:00Z,58,57
T_BENBW-1,BENBW-1,2026-09-08,41,2026-09-08T19:00:00Z,2026-09-08T19:30:00Z,57,45
T_BENBW-1,BENBW-1,2026-09-08,42,2026-09-08T19:30:00Z,2026-09-08T20:00:00Z,45,44
T_BENBW-1,BENBW-1,2026-09-08,43,2026-09-08T20:00:00Z,2026-09-08T20:30:00Z,43,45
T_BENBW-1,BENBW-1,2026-09-08,44,2026-09-08T20:30:00Z,2026-09-08T21:00:00Z,44,44
T_BENBW-1,BENBW-1,2026-09-08,45,2026-09-08T21:00:00Z,2026-09-08T21:30:00Z,43,42
T_BENBW-1,BENBW-1,2026-09-08,46,2026-09-08T21:30:00Z,2026-09-08T22:00:00Z,42,36
T_BENBW-1,BENBW-1,2026-09-08,47,2026-09-08T22:00:00Z,2026-09-08T22:30:00Z,35,37
T_BENBW-1,BENBW-1,2026-09-08,48,2026-09-08T22:30:00Z,2026-09-08T23:00:00Z,35,29
T_BHLAW-1,BHLAW-1,2026-09-08,1,2026-09-07T23:00:00Z,2026-09-07T23:30:00Z,107,107
T_BHLAW-1,BHLAW-1,2026-09-08,2,2026-09-07T23:30:00Z,2026-09-08T00:00:00Z,107,107
T_BHLAW-1,BHLAW-1,2026-09-08,3,2026-09-08T00:00:00Z,2026-09-08T00:29:00Z,107,107
T_BHLAW-1,BHLAW-1,2026-09-08,3,2026-09-08T00:29:00Z,2026-09-08T00:30:00Z,107,108
T_BHLAW-1,BHLAW-1,2026-09-08,4,2026-09-08T00:30:00Z,2026-09-08T00:59:00Z,108,108
T_BHLAW-1,BHLAW-1,2026-09-08,4,2026-09-08T00:59:00Z,2026-09-08T01:00:00Z,108,107
T_BHLAW-1,BHLAW-1,2026-09-08,5,2026-09-08T01:00:00Z,2026-09-08T01:29:00Z,106,106
T_BHLAW-1,BHLAW-1,2026-09-08,5,2026-09-08T01:29:00Z,2026-09-08T01:30:00Z,106,105
T_BHLAW-1,BHLAW-1,2026-09-08,6,2026-09-08T01:30:00Z,2026-09-08T01:59:00Z,105,105
T_BHLAW-1,BHLAW-1,2026-09-08,6,2026-09-08T01:59:00Z,2026-09-08T02:00:00Z,105,102
T_BHLAW-1,BHLAW-1,2026-09-08,7,2026-09-08T02:00:00Z,2026-09-08T02:29:00Z,103,103
T_BHLAW-1,BHLAW-1,2026-09-08,7,2026-09-08T02:29:00Z,2026-09-08T02:30:00Z,103,101
T_BHLAW-1,BHLAW-1,2026-09-08,8,2026-09-08T02:30:00Z,2026-09-08T02:58:00Z,101,101
T_BHLAW-1,BHLAW-1,2026-09-08,8,2026-09-08T02:58:00Z,2026-09-08T02:59:00Z,101,100
T_BHLAW-1,BHLAW-1,2026-09-08,8,2026-09-08T02:59:00Z,2026-09-08T03:00:00Z,100,99
T_BHLAW-1,BHLAW-1,2026-09-08,9,2026-09-08T03:00:00Z,2026-09-08T03:29:00Z,99,99
T_BHLAW-1,BHLAW-1,2026-09-08,9,2026-09-08T03:29:00Z,2026-09-08T03:30:00Z,99,94
T_BHLAW-1,BHLAW-1,2026-09-08,10,2026-09-08T03:30:00Z,2026-09-08T04:00:00Z,94,94
T_BHLAW-1,BHLAW-1,2026-09-08,11,2026-09-08T04:00:00Z,2026-09-08T04:29:00Z,93,93
T_BHLAW-1,BHLAW-1,2026-09-08,11,2026-09-08T04:29:00Z,2026-09-08T04:30:00Z,93,91
T_BHLAW-1,BHLAW-1,2026-09-08,12,2026-09-08T04:30:00Z,2026-09-08T04:59:00Z,91,91
T_BHLAW-1,BHLAW-1,2026-09-08,12,2026-09-08T04:59:00Z,2026-09-08T05:00:00Z,91,89
T_BHLAW-1,BHLAW-1,2026-09-08,13,2026-09-08T05:00:00Z,2026-09-08T05:29:00Z,89,89
T_BHLAW-1,BHLAW-1,2026-09-08,13,2026-09-08T05:29:00Z,2026-09-08T05:30:00Z,89,88
T_BHLAW-1,BHLAW-1,2026-09-08,14,2026-09-08T05:30:00Z,2026-09-08T05:59:00Z,88,88
T_BHLAW-1,BHLAW-1,2026-09-08,14,2026-09-08T05:59:00Z,2026-09-08T06:00:00Z,88,89
T_BHLAW-1,BHLAW-1,2026-09-08,15,2026-09-08T06:00:00Z,2026-09-08T06:30:00Z,88,88
T_BHLAW-1,BHLAW-1,2026-09-08,16,2026-09-08T06:30:00Z,2026-09-08T06:59:00Z,88,88
T_BHLAW-1,BHLAW-1,2026-09-08,16,2026-09-08T06:59:00Z,2026-09-08T07:00:00Z,88,91
T_BHLAW-1,BHLAW-1,2026-09-08,17,2026-09-08T07:00:00Z,2026-09-08T07:29:00Z,89,89
T_BHLAW-1,BHLAW-1,2026-09-08,17,2026-09-08T07:29:00Z,2026-09-08T07:30:00Z,89,90
T_BHLAW-1,BHLAW-1,2026-09-08,18,2026-09-08T07:30:00Z,2026-09-08T07:59:00Z,90,90
T_BHLAW-1,BHLAW-1,2026-09-08,18,2026-09-08T07:59:00Z,2026-09-08T08:00:00Z,90,95
T_BHLAW-1,BHLAW-1,2026-09-08,19,2026-09-08T08:00:00Z,2026-09-08T08:30:00Z,97,97
T_BHLAW-1,BHLAW-1,2026-09-08,20,2026-09-08T08:30:00Z,2026-09-08T09:00:00Z,97,97
T_BHLAW-1,BHLAW-1,2026-09-08,21,2026-09-08T09:00:00Z,2026-09-08T09:29:00Z,96,96
T_BHLAW-1,BHLAW-1,2026-09-08,21,2026-09-08T09:29:00Z,2026-09-08T09:30:00Z,96,98
T_BHLAW-1,BHLAW-1,2026-09-08,22,2026-09-08T09:30:00Z,2026-09-08T09:59:00Z,98,98
T_BHLAW-1,BHLAW-1,2026-09-08,22,2026-09-08T09:59:00Z,2026-09-08T10:00:00Z,98,94
T_BHLAW-1,BHLAW-1,2026-09-08,23,2026-09-08T10:00:00Z,2026-09-08T10:29:00Z,94,94
T_BHLAW-1,BHLAW-1,2026-09-08,23,2026-09-08T10:29:00Z,2026-09-08T10:30:00Z,94,92
T_BHLAW-1,BHLAW-1,2026-09-08,24,2026-09-08T10:30:00Z,2026-09-08T11:00:00Z,92,92
T_BHLAW-1,BHLAW-1,2026-09-08,25,2026-09-08T11:00:00Z,2026-09-08T11:30:00Z,92,92
T_BHLAW-1,BHLAW-1,2026-09-08,26,2026-09-08T11:30:00Z,2026-09-08T11:59:00Z,92,92
T_BHLAW-1,BHLAW-1,2026-09-08,26,2026-09-08T11:59:00Z,2026-09-08T12:00:00Z,92,85
T_BHLAW-1,BHLAW-1,2026-09-08,27,2026-09-08T12:00:00Z,2026-09-08T12:29:00Z,85,85
T_BHLAW-1,BHLAW-1,2026-09-08,27,2026-09-08T12:29:00Z,2026-09-08T12:30:00Z,85,87
T_BHLAW-1,BHLAW-1,2026-09-08,28,2026-09-08T12:30:00Z,2026-09-08T13:00:00Z,87,87
T_BHLAW-1,BHLAW-1,2026-09-08,29,2026-09-08T13:00:00Z,2026-09-08T13:29:00Z,87,87
T_BHLAW-1,BHLAW-1,2026-09-08,29,2026-09-08T13:29:00Z,2026-09-08T13:30:00Z,87,81
T_BHLAW-1,BHLAW-1,2026-09-08,30,2026-09-08T13:30:00Z,2026-09-08T13:59:00Z,75,75
T_BHLAW-1,BHLAW-1,2026-09-08,30,2026-09-08T13:59:00Z,2026-09-08T14:00:00Z,75,77
T_BHLAW-1,BHLAW-1,2026-09-08,31,2026-09-08T14:00:00Z,2026-09-08T14:29:00Z,76,76
T_BHLAW-1,BHLAW-1,2026-09-08,31,2026-09-08T14:29:00Z,2026-09-08T14:30:00Z,76,75
T_BHLAW-1,BHLAW-1,2026-09-08,32,2026-09-08T14:30:00Z,2026-09-08T14:59:00Z,75,75
T_BHLAW-1,BHLAW-1,2026-09-08,32,2026-09-08T14:59:00Z,2026-09-08T15:00:00Z,75,73
T_BHLAW-1,BHLAW-1,2026-09-08,33,2026-09-08T15:00:00Z,2026-09-08T15:29:00Z,73,73
T_BHLAW-1,BHLAW-1,2026-09-08,33,2026-09-08T15:29:00Z,2026-09-08T15:30:00Z,73,79
T_BHLAW-1,BHLAW-1,2026-09-08,34,2026-09-08T15:30:00Z,2026-09-08T15:59:00Z,79,79
T_BHLAW-1,BHLAW-1,2026-09-08,34,2026-09-08T15:59:00Z,2026-09-08T16:00:00Z,79,75
T_BHLAW-1,BHLAW-1,2026-09-08,35,2026-09-08T16:00:00Z,2026-09-08T16:29:00Z,75,75
T_BHLAW-1,BHLAW-1,2026-09-08,35,2026-09-08T16:29:00Z,2026-09-08T16:30:00Z,75,78
T_BHLAW-1,BHLAW-1,2026-09-08,36,2026-09-08T16:30:00Z,2026-09-08T17:00:00Z,78,78
T_BHLAW-1,BHLAW-1,2026-09-08,37,2026-09-08T17:00:00Z,2026-09-08T17:29:00Z,76,76
T_BHLAW-1,BHLAW-1,2026-09-08,37,2026-09-08T17:29:00Z,2026-09-08T17:30:00Z,76,75
T_BHLAW-1,BHLAW-1,2026-09-08,38,2026-09-08T17:30:00Z,2026-09-08T17:59:00Z,75,75
T_BHLAW-1,BHLAW-1,2026-09-08,38,2026-09-08T17:59:00Z,2026-09-08T18:00:00Z,75,74
T_BHLAW-1,BHLAW-1,2026-09-08,39,2026-09-08T18:00:00Z,2026-09-08T18:30:00Z,76,76
T_BHLAW-1,BHLAW-1,2026-09-08,40,2026-09-08T18:30:00Z,2026-09-08T18:59:00Z,76,76
T_BHLAW-1,BHLAW-1,2026-09-08,40,2026-09-08T18:59:00Z,2026-09-08T19:00:00Z,76,71
T_BHLAW-1,BHLAW-1,2026-09-08,41,2026-09-08T19:00:00Z,2026-09-08T19:29:00Z,70,70
T_BHLAW-1,BHLAW-1,2026-09-08,41,2026-09-08T19:29:00Z,2026-09-08T19:30:00Z,70,69
T_BHLAW-1,BHLAW-1,2026-09-08,42,2026-09-08T19:30:00Z,2026-09-08T19:59:00Z,69,69
T_BHLAW-1,BHLAW-1,2026-09-08,42,2026-09-08T19:59:00Z,2026-09-08T20:00:00Z,69,66
T_BHLAW-1,BHLAW-1,2026-09-08,43,2026-09-08T20:00:00Z,2026-09-08T20:30:00Z,69,69
T_BHLAW-1,BHLAW-1,2026-09-08,44,2026-09-08T20:30:00Z,2026-09-08T20:59:00Z,69,69
T_BHLAW-1,BHLAW-1,2026-09-08,44,2026-09-08T20:59:00Z,2026-09-08T21:00:00Z,69,63
T_BHLAW-1,BHLAW-1,2026-09-08,45,2026-09-08T21:00:00Z,2026-09-08T21:29:00Z,61,61
T_BHLAW-1,BHLAW-1,2026-09-08,45,2026-09-08T21:29:00Z,2026-09-08T21:30:00Z,61,52
T_BHLAW-1,BHLAW-1,2026-09-08,46,2026-09-08T21:30:00Z,2026-09-08T21:58:00Z,52,52
T_BHLAW-1,BHLAW-1,2026-09-08,46,2026-09-08T21:58:00Z,2026-09-08T21:59:00Z,52,50
T_BHLAW-1,BHLAW-1,2026-09-08,46,2026-09-08T21:59:00Z,2026-09-08T22:00:00Z,50,43
T_BHLAW-1,BHLAW-1,2026-09-08,47,2026-09-08T22:00:00Z,2026-09-08T22:29:00Z,40,40
T_BHLAW-1,BHLAW-1,2026-09-08,47,2026-09-08T22:29:00Z,2026-09-08T22:30:00Z,40,36
T_BHLAW-1,BHLAW-1,2026-09-08,48,2026-09-08T22:30:00Z,2026-09-08T22:59:00Z,36,36
T_BHLAW-1,BHLAW-1,2026-09-08,48,2026-09-08T22:59:00Z,2026-09-08T23:00:00Z,36,31
T_BLKWW-1,BLKWW-1,2026-09-08,1,2026-09-07T23:00:00Z,2026-09-07T23:30:00Z,22,22
T_BLKWW-1,BLKWW-1,2026-09-08,2,2026-09-07T23:30:00Z,2026-09-08T00:00:00Z,20,21
T_BLKWW-1,BLKWW-1,2026-09-08,3,2026-09-08T00:00:00Z,2026-09-08T00:30:00Z,18,19
T_BLKWW-1,BLKWW-1,2026-09-08,4,2026-09-08T00:30:00Z,2026-09-08T01:00:00Z,31,31
T_BLKWW-1,BLKWW-1,2026-09-08,5,2026-09-08T01:00:00Z,2026-09-08T01:30:00Z,38,38
T_BLKWW-1,BLKWW-1,2026-09-08,6,2026-09-08T01:30:00Z,2026-09-08T02:00:00Z,41,41
T_BLKWW-1,BLKWW-1,2026-09-08,7,2026-09-08T02:00:00Z,2026-09-08T02:30:00Z,45,46
T_BLKWW-1,BLKWW-1,2026-09-08,8,2026-09-08T02:30:00Z,2026-09-08T03:00:00Z,47,47
T_BLKWW-1,BLKWW-1,2026-09-08,9,2026-09-08T03:00:00Z,2026-09-08T03:30:00Z,52,53
T_BLKWW-1,BLKWW-1,2026-09-08,10,2026-09-08T03:30:00Z,2026-09-08T04:00:00Z,53,53
T_BLKWW-1,BLKWW-1,2026-09-08,11,2026-09-08T04:00:00Z,2026-09-08T04:30:00Z,52,52
T_BLKWW-1,BLKWW-1,2026-09-08,12,2026-09-08T04:30:00Z,2026-09-08T05:00:00Z,52,52
T_BLKWW-1,BLKWW-1,2026-09-08,13,2026-09-08T05:00:00Z,2026-09-08T05:30:00Z,52,52
T_BLKWW-1,BLKWW-1,2026-09-08,14,2026-09-08T05:30:00Z,2026-09-08T06:00:00Z,53,53
T_BLKWW-1,BLKWW-1,2026-09-08,15,2026-09-08T06:00:00Z,2026-09-08T06:30:00Z,51,51
T_BLKWW-1,BLKWW-1,2026-09-08,16,2026-09-08T06:30:00Z,2026-09-08T07:00:00Z,51,51
T_BLKWW-1,BLKWW-1,2026-09-08,17,2026-09-08T07:00:00Z,2026-09-08T07:30:00Z,51,51
T_BLKWW-1,BLKWW-1,2026-09-08,18,2026-09-08T07:30:00Z,2026-09-08T08:00:00Z,51,51
T_BLKWW-1,BLKWW-1,2026-09-08,19,2026-09-08T08:00:00Z,2026-09-08T08:30:00Z,51,52
T_BLKWW-1,BLKWW-1,2026-09-08,20,2026-09-08T08:30:00Z,2026-09-08T09:00:00Z,47,47
T_BLKWW-1,BLKWW-1,2026-09-08,21,2026-09-08T09:00:00Z,2026-09-08T09:30:00Z,47,46
T_BLKWW-1,BLKWW-1,2026-09-08,22,2026-09-08T09:30:00Z,2026-09-08T10:00:00Z,50,49
T_BLKWW-1,BLKWW-1,2026-09-08,23,2026-09-08T10:00:00Z,2026-09-08T10:30:00Z,43,44
T_BLKWW-1,BLKWW-1,2026-09-08,24,2026-09-08T10:30:00Z,2026-09-08T11:00:00Z,44,46
T_BLKWW-1,BLKWW-1,2026-09-08,25,2026-09-08T11:00:00Z,2026-09-08T11:30:00Z,48,48
T_BLKWW-1,BLKWW-1,2026-09-08,26,2026-09-08T11:30:00Z,2026-09-08T12:00:00Z,44,44
T_BLKWW-1,BLKWW-1,2026-09-08,27,2026-09-08T12:00:00Z,2026-09-08T12:30:00Z,41,41
T_BLKWW-1,BLKWW-1,2026-09-08,28,2026-09-08T12:30:00Z,2026-09-08T13:00:00Z,50,50
T_BLKWW-1,BLKWW-1,2026-09-08,29,2026-09-08T13:00:00Z,2026-09-08T13:30:00Z,52,52
T_BLKWW-1,BLKWW-1,2026-09-08,30,2026-09-08T13:30:00Z,2026-09-08T14:00:00Z,53,53
T_BLKWW-1,BLKWW-1,2026-09-08,31,2026-09-08T14:00:00Z,2026-09-08T14:30:00Z,53,53
T_BLKWW-1,BLKWW-1,2026-09-08,32,2026-09-08T14:30:00Z,2026-09-08T15:00:00Z,52,52
T_BLKWW-1,BLKWW-1,2026-09-08,33,2026-09-08T15:00:00Z,2026-09-08T15:30:00Z,52,52
T_BLKWW-1,BLKWW-1,2026-09-08,34,2026-09-08T15:30:00Z,2026-09-08T16:00:00Z,52,52
T_BLKWW-1,BLKWW-1,2026-09-08,35,2026-09-08T16:00:00Z,2026-09-08T16:30:00Z,52,52
T_BLKWW-1,BLKWW-1,2026-09-08,36,2026-09-08T16:30:00Z,2026-09-08T17:00:00Z,52,52
T_BLKWW-1,BLKWW-1,2026-09-08,37,2026-09-08T17:00:00Z,2026-09-08T17:30:00Z,52,52
T_BLKWW-1,BLKWW-1,2026-09-08,38,2026-09-08T17:30:00Z,2026-09-08T18:00:00Z,53,53
T_BLKWW-1,BLKWW-1,2026-09-08,39,2026-09-08T18:00:00Z,2026-09-08T18:30:00Z,53,53
T_BLKWW-1,BLKWW-1,2026-09-08,40,2026-09-08T18:30:00Z,2026-09-08T19:00:00Z,53,53
T_BLKWW-1,BLKWW-1,2026-09-08,41,2026-09-08T19:00:00Z,2026-09-08T19:30:00Z,52,52
T_BLKWW-1,BLKWW-1,2026-09-08,42,2026-09-08T19:30:00Z,2026-09-08T20:00:00Z,52,52
T_BLKWW-1,BLKWW-1,2026-09-08,43,2026-09-08T20:00:00Z,2026-09-08T20:30:00Z,53,53
T_BLKWW-1,BLKWW-1,2026-09-08,44,2026-09-08T20:30:00Z,2026-09-08T21:00:00Z,51,51
T_BLKWW-1,BLKWW-1,2026-09-08,45,2026-09-08T21:00:00Z,2026-09-08T21:30:00Z,51,50
T_BLKWW-1,BLKWW-1,2026-09-08,46,2026-09-08T21:30:00Z,2026-09-08T22:00:00Z,50,48
T_BLKWW-1,BLKWW-1,2026-09-08,47,2026-09-08T22:00:00Z,2026-09-08T22:30:00Z,45,41
T_BLKWW-1,BLKWW-1,2026-09-08,48,2026-09-08T22:30:00Z,2026-09-08T23:00:00Z,40,37
T_BLLA-1,BLLA-1,2026-09-08,1,2026-09-07T23:00:00Z,2026-09-07T23:30:00Z,55,55
T_BLLA-1,BLLA-1,2026-09-08,2,2026-09-07T23:30:00Z,2026-09-08T00:00:00Z,57,57
T_BLLA-1,BLLA-1,2026-09-08,3,2026-09-08T00:00:00Z,2026-09-08T00:30:00Z,57,57
T_BLLA-1,BLLA-1,2026-09-08,4,2026-09-08T00:30:00Z,2026-09-08T01:00:00Z,73,73
T_BLLA-1,BLLA-1,2026-09-08,5,2026-09-08T01:00:00Z,2026-09-08T01:30:00Z,75,75
T_BLLA-1,BLLA-1,2026-09-08,6,2026-09-08T01:30:00Z,2026-09-08T02:00:00Z,72,72
T_BLLA-1,BLLA-1,2026-09-08,7,2026-09-08T02:00:00Z,2026-09-08T02:30:00Z,78,78
T_BLLA-1,BLLA-1,2026-09-08,8,2026-09-08T02:30:00Z,2026-09-08T03:00:00Z,82,82
T_BLLA-1,BLLA-1,2026-09-08,9,2026-09-08T03:00:00Z,2026-09-08T03:30:00Z,82,82
T_BLLA-1,BLLA-1,2026-09-08,10,2026-09-08T03:30:00Z,2026-09-08T04:00:00Z,87,87
T_BLLA-1,BLLA-1,2026-09-08,11,2026-09-08T04:00:00Z,2026-09-08T04:30:00Z,83,83
T_BLLA-1,BLLA-1,2026-09-08,12,2026-09-08T04:30:00Z,2026-09-08T05:00:00Z,88,88
T_BLLA-1,BLLA-1,2026-09-08,13,2026-09-08T05:00:00Z,2026-09-08T05:30:00Z,81,81
T_BLLA-1,BLLA-1,2026-09-08,14,2026-09-08T05:30:00Z,2026-09-08T06:00:00Z,81,81
T_BLLA-1,BLLA-1,2026-09-08,15,2026-09-08T06:00:00Z,2026-09-08T06:30:00Z,74,74
T_BLLA-1,BLLA-1,2026-09-08,16,2026-09-08T06:30:00Z,2026-09-08T07:00:00Z,77,77
T_BLLA-1,BLLA-1,2026-09-08,17,2026-09-08T07:00:00Z,2026-09-08T07:30:00Z,66,66
T_BLLA-1,BLLA-1,2026-09-08,18,2026-09-08T07:30:00Z,2026-09-08T08:00:00Z,75,75
T_BLLA-1,BLLA-1,2026-09-08,19,2026-09-08T08:00:00Z,2026-09-08T08:30:00Z,74,74
T_BLLA-1,BLLA-1,2026-09-08,20,2026-09-08T08:30:00Z,2026-09-08T09:00:00Z,82,82
T_BLLA-1,BLLA-1,2026-09-08,21,2026-09-08T09:00:00Z,2026-09-08T09:30:00Z,67,67
T_BLLA-1,BLLA-1,2026-09-08,22,2026-09-08T09:30:00Z,2026-09-08T10:00:00Z,73,73
T_BLLA-1,BLLA-1,2026-09-08,23,2026-09-08T10:00:00Z,2026-09-08T10:30:00Z,63,63
T_BLLA-1,BLLA-1,2026-09-08,24,2026-09-08T10:30:00Z,2026-09-08T11:00:00Z,69,69
T_BLLA-1,BLLA-1,2026-09-08,25,2026-09-08T11:00:00Z,2026-09-08T11:30:00Z,72,72
T_BLLA-1,BLLA-1,2026-09-08,26,2026-09-08T11:30:00Z,2026-09-08T12:00:00Z,80,80
T_BLLA-1,BLLA-1,2026-09-08,27,2026-09-08T12:00:00Z,2026-09-08T12:30:00Z,81,81
T_BLLA-1,BLLA-1,2026-09-08,28,2026-09-08T12:30:00Z,2026-09-08T13:00:00Z,83,83
T_BLLA-1,BLLA-1,2026-09-08,29,2026-09-08T13:00:00Z,2026-09-08T13:30:00Z,79,79
T_BLLA-1,BLLA-1,2026-09-08,30,2026-09-08T13:30:00Z,2026-09-08T14:00:00Z,84,84
T_BLLA-1,BLLA-1,2026-09-08,31,2026-09-08T14:00:00Z,2026-09-08T14:30:00Z,77,77
T_BLLA-1,BLLA-1,2026-09-08,32,2026-09-08T14:30:00Z,2026-09-08T15:00:00Z,84,84
T_BLLA-1,BLLA-1,2026-09-08,33,2026-09-08T15:00:00Z,2026-09-08T15:30:00Z,78,78
T_BLLA-1,BLLA-1,2026-09-08,34,2026-09-08T15:30:00Z,2026-09-08T16:00:00Z,84,84
T_BLLA-1,BLLA-1,2026-09-08,35,2026-09-08T16:00:00Z,2026-09-08T16:30:00Z,76,76
T_BLLA-1,BLLA-1,2026-09-08,36,2026-09-08T16:30:00Z,2026-09-08T17:00:00Z,82,82
T_BLLA-1,BLLA-1,2026-09-08,37,2026-09-08T17:00:00Z,2026-09-08T17:30:00Z,61,61
T_BLLA-1,BLLA-1,2026-09-08,38,2026-09-08T17:30:00Z,2026-09-08T18:00:00Z,57,57
T_BLLA-1,BLLA-1,2026-09-08,39,2026-09-08T18:00:00Z,2026-09-08T18:30:00Z,55,55
T_BLLA-1,BLLA-1,2026-09-08,40,2026-09-08T18:30:00Z,2026-09-08T19:00:00Z,57,57
T_BLLA-1,BLLA-1,2026-09-08,41,2026-09-08T19:00:00Z,2026-09-08T19:30:00Z,46,46
T_BLLA-1,BLLA-1,2026-09-08,42,2026-09-08T19:30:00Z,2026-09-08T20:00:00Z,45,45
T_BLLA-1,BLLA-1,2026-09-08,43,2026-09-08T20:00:00Z,2026-09-08T20:30:00Z,36,36
T_BLLA-1,BLLA-1,2026-09-08,44,2026-09-08T20:30:00Z,2026-09-08T21:00:00Z,39,39
T_BLLA-1,BLLA-1,2026-09-08,45,2026-09-08T21:00:00Z,2026-09-08T21:30:00Z,28,28
T_BLLA-1,BLLA-1,2026-09-08,46,2026-09-08T21:30:00Z,2026-09-08T22:00:00Z,31,31
T_BLLA-1,BLLA-1,2026-09-08,47,2026-09-08T22:00:00Z,2026-09-08T22:30:00Z,24,24
T_BLLA-1,BLLA-1,2026-09-08,48,2026-09-08T22:30:00Z,2026-09-08T23:00:00Z,21,21
T_BLLA-2,BLLA-2,2026-09-08,1,2026-09-07T23:00:00Z,2026-09-07T23:30:00Z,27,27
T_BLLA-2,BLLA-2,2026-09-08,2,2026-09-07T23:30:00Z,2026-09-08T00:00:00Z,28,28
T_BLLA-2,BLLA-2,2026-09-08,3,2026-09-08T00:00:00Z,2026-09-08T00:30:00Z,29,29
T_BLLA-2,BLLA-2,2026-09-08,4,2026-09-08T00:30:00Z,2026-09-08T01:00:00Z,32,32
T_BLLA-2,BLLA-2,2026-09-08,5,2026-09-08T01:00:00Z,2026-09-08T01:30:00Z,31,31
T_BLLA-2,BLLA-2,2026-09-08,6,2026-09-08T01:30:00Z,2026-09-08T02:00:00Z,32,32
T_BLLA-2,BLLA-2,2026-09-08,7,2026-09-08T02:00:00Z,2026-09-08T02:30:00Z,34,34
T_BLLA-2,BLLA-2,2026-09-08,8,2026-09-08T02:30:00Z,2026-09-08T03:00:00Z,34,34
T_BLLA-2,BLLA-2,2026-09-08,9,2026-09-08T03:00:00Z,2026-09-08T03:30:00Z,34,34
T_BLLA-2,BLLA-2,2026-09-08,10,2026-09-08T03:30:00Z,2026-09-08T04:00:00Z,35,35
T_BLLA-2,BLLA-2,2026-09-08,11,2026-09-08T04:00:00Z,2026-09-08T04:30:00Z,36,36
T_BLLA-2,BLLA-2,2026-09-08,12,2026-09-08T04:30:00Z,2026-09-08T05:00:00Z,36,36
T_BLLA-2,BLLA-2,2026-09-08,13,2026-09-08T05:00:00Z,2026-09-08T05:30:00Z,35,35
T_BLLA-2,BLLA-2,2026-09-08,14,2026-09-08T05:30:00Z,2026-09-08T06:00:00Z,32,32
T_BLLA-2,BLLA-2,2026-09-08,15,2026-09-08T06:00:00Z,2026-09-08T06:30:00Z,32,32
T_BLLA-2,BLLA-2,2026-09-08,16,2026-09-08T06:30:00Z,2026-09-08T07:00:00Z,32,32
T_BLLA-2,BLLA-2,2026-09-08,17,2026-09-08T07:00:00Z,2026-09-08T07:30:00Z,33,33
T_BLLA-2,BLLA-2,2026-09-08,18,2026-09-08T07:30:00Z,2026-09-08T08:00:00Z,33,33
T_BLLA-2,BLLA-2,2026-09-08,19,2026-09-08T08:00:00Z,2026-09-08T08:30:00Z,34,34
T_BLLA-2,BLLA-2,2026-09-08,20,2026-09-08T08:30:00Z,2026-09-08T09:00:00Z,35,35
T_BLLA-2,BLLA-2,2026-09-08,21,2026-09-08T09:00:00Z,2026-09-08T09:30:00Z,32,32
T_BLLA-2,BLLA-2,2026-09-08,22,2026-09-08T09:30:00Z,2026-09-08T10:00:00Z,34,34
T_BLLA-2,BLLA-2,2026-09-08,23,2026-09-08T10:00:00Z,2026-09-08T10:30:00Z,35,35
T_BLLA-2,BLLA-2,2026-09-08,24,2026-09-08T10:30:00Z,2026-09-08T11:00:00Z,33,33
T_BLLA-2,BLLA-2,2026-09-08,25,2026-09-08T11:00:00Z,2026-09-08T11:30:00Z,35,35
T_BLLA-2,BLLA-2,2026-09-08,26,2026-09-08T11:30:00Z,2026-09-08T12:00:00Z,35,35
T_BLLA-2,BLLA-2,2026-09-08,27,2026-09-08T12:00:00Z,2026-09-08T12:30:00Z,37,37
T_BLLA-2,BLLA-2,2026-09-08,28,2026-09-08T12:30:00Z,2026-09-08T13:00:00Z,36,36
T_BLLA-2,BLLA-2,2026-09-08,29,2026-09-08T13:00:00Z,2026-09-08T13:30:00Z,37,37
T_BLLA-2,BLLA-2,2026-09-08,30,2026-09-08T13:30:00Z,2026-09-08T14:00:00Z,35,35
T_BLLA-2,BLLA-2,2026-09-08,31,2026-09-08T14:00:00Z,2026-09-08T14:30:00Z,35,35
T_BLLA-2,BLLA-2,2026-09-08,32,2026-09-08T14:30:00Z,2026-09-08T15:00:00Z,35,35
T_BLLA-2,BLLA-2,2026-09-08,33,2026-09-08T15:00:00Z,2026-09-08T15:30:00Z,36,36
T_BLLA-2,BLLA-2,2026-09-08,34,2026-09-08T15:30:00Z,2026-09-08T16:00:00Z,35,35
T_BLLA-2,BLLA-2,2026-09-08,35,2026-09-08T16:00:00Z,2026-09-08T16:30:00Z,35,35
T_BLLA-2,BLLA-2,2026-09-08,36,2026-09-08T16:30:00Z,2026-09-08T17:00:00Z,33,33
T_BLLA-2,BLLA-2,2026-09-08,37,2026-09-08T17:00:00Z,2026-09-08T17:30:00Z,30,30
T_BLLA-2,BLLA-2,2026-09-08,38,2026-09-08T17:30:00Z,2026-09-08T18:00:00Z,27,27
T_BLLA-2,BLLA-2,2026-09-08,39,2026-09-08T18:00:00Z,2026-09-08T18:30:00Z,27,27
T_BLLA-2,BLLA-2,2026-09-08,40,2026-09-08T18:30:00Z,2026-09-08T19:00:00Z,31,31
T_BLLA-2,BLLA-2,2026-09-08,41,2026-09-08T19:00:00Z,2026-09-08T19:30:00Z,29,29
T_BLLA-2,BLLA-2,2026-09-08,42,2026-09-08T19:30:00Z,2026-09-08T20:00:00Z,26,26
T_BLLA-2,BLLA-2,2026-09-08,43,2026-09-08T20:00:00Z,2026-09-08T20:30:00Z,24,24
T_BLLA-2,BLLA-2,2026-09-08,44,2026-09-08T20:30:00Z,2026-09-08T21:00:00Z,25,25
T_BLLA-2,BLLA-2,2026-09-08,45,2026-09-08T21:00:00Z,2026-09-08T21:30:00Z,19,19
T_BLLA-2,BLLA-2,2026-09-08,46,2026-09-08T21:30:00Z,2026-09-08T22:00:00Z,19,19
T_BLLA-2,BLLA-2,2026-09-08,47,2026-09-08T22:00:00Z,2026-09-08T22:30:00Z,15,15
T_BLLA-2,BLLA-2,2026-09-08,48,2026-09-08T22:30:00Z,2026-09-08T23:00:00Z,14,14
T_BOWLW-1,BOWLW-1,2026-09-08,1,2026-09-07T23:00:00Z,2026-09-07T23:30:00Z,31,33
T_BOWLW-1,BOWLW-1,2026-09-08,2,2026-09-07T23:30:00Z,2026-09-08T00:00:00Z,33,35
T_BOWLW-1,BOWLW-1,2026-09-08,3,2026-09-08T00:00:00Z,2026-09-08T00:30:00Z,47,48
T_BOWLW-1,BOWLW-1,2026-09-08,4,2026-09-08T00:30:00Z,2026-09-08T01:00:00Z,48,50
T_BOWLW-1,BOWLW-1,2026-09-08,5,2026-09-08T01:00:00Z,2026-09-08T01:30:00Z,53,52
T_BOWLW-1,BOWLW-1,2026-09-08,6,2026-09-08T01:30:00Z,2026-09-08T02:00:00Z,52,53
T_BOWLW-1,BOWLW-1,2026-09-08,7,2026-09-08T02:00:00Z,2026-09-08T02:30:00Z,53,52
T_BOWLW-1,BOWLW-1,2026-09-08,8,2026-09-08T02:30:00Z,2026-09-08T03:00:00Z,52,54
T_BOWLW-1,BOWLW-1,2026-09-08,9,2026-09-08T03:00:00Z,2026-09-08T03:30:00Z,42,42
T_BOWLW-1,BOWLW-1,2026-09-08,10,2026-09-08T03:30:00Z,2026-09-08T04:00:00Z,42,45
T_BOWLW-1,BOWLW-1,2026-09-08,11,2026-09-08T04:00:00Z,2026-09-08T04:30:00Z,55,56
T_BOWLW-1,BOWLW-1,2026-09-08,12,2026-09-08T04:30:00Z,2026-09-08T05:00:00Z,56,56
T_BOWLW-1,BOWLW-1,2026-09-08,13,2026-09-08T05:00:00Z,2026-09-08T05:30:00Z,58,58
T_BOWLW-1,BOWLW-1,2026-09-08,14,2026-09-08T05:30:00Z,2026-09-08T06:00:00Z,58,58
T_BOWLW-1,BOWLW-1,2026-09-08,15,2026-09-08T06:00:00Z,2026-09-08T06:30:00Z,58,56
T_BOWLW-1,BOWLW-1,2026-09-08,16,2026-09-08T06:30:00Z,2026-09-08T07:00:00Z,56,53
T_BOWLW-1,BOWLW-1,2026-09-08,17,2026-09-08T07:00:00Z,2026-09-08T07:30:00Z,56,55
T_BOWLW-1,BOWLW-1,2026-09-08,18,2026-09-08T07:30:00Z,2026-09-08T08:00:00Z,55,54
T_BOWLW-1,BOWLW-1,2026-09-08,19,2026-09-08T08:00:00Z,2026-09-08T08:30:00Z,46,45
T_BOWLW-1,BOWLW-1,2026-09-08,20,2026-09-08T08:30:00Z,2026-09-08T09:00:00Z,47,46
T_BOWLW-1,BOWLW-1,2026-09-08,21,2026-09-08T09:00:00Z,2026-09-08T09:30:00Z,52,53
T_BOWLW-1,BOWLW-1,2026-09-08,22,2026-09-08T09:30:00Z,2026-09-08T10:00:00Z,59,61
T_BOWLW-1,BOWLW-1,2026-09-08,23,2026-09-08T10:00:00Z,2026-09-08T10:30:00Z,61,65
T_BOWLW-1,BOWLW-1,2026-09-08,24,2026-09-08T10:30:00Z,2026-09-08T11:00:00Z,65,67
T_BOWLW-1,BOWLW-1,2026-09-08,25,2026-09-08T11:00:00Z,2026-09-08T11:30:00Z,67,68
T_BOWLW-1,BOWLW-1,2026-09-08,26,2026-09-08T11:30:00Z,2026-09-08T12:00:00Z,68,66
T_BOWLW-1,BOWLW-1,2026-09-08,27,2026-09-08T12:00:00Z,2026-09-08T12:30:00Z,69,65
T_BOWLW-1,BOWLW-1,2026-09-08,28,2026-09-08T12:30:00Z,2026-09-08T13:00:00Z,65,59
T_BOWLW-1,BOWLW-1,2026-09-08,29,2026-09-08T13:00:00Z,2026-09-08T13:30:00Z,56,52
T_BOWLW-1,BOWLW-1,2026-09-08,30,2026-09-08T13:30:00Z,2026-09-08T14:00:00Z,52,48
T_BOWLW-1,BOWLW-1,2026-09-08,31,2026-09-08T14:00:00Z,2026-09-08T14:30:00Z,43,42
T_BOWLW-1,BOWLW-1,2026-09-08,32,2026-09-08T14:30:00Z,2026-09-08T15:00:00Z,42,50
T_BOWLW-1,BOWLW-1,2026-09-08,33,2026-09-08T15:00:00Z,2026-09-08T15:30:00Z,35,39
T_BOWLW-1,BOWLW-1,2026-09-08,34,2026-09-08T15:30:00Z,2026-09-08T16:00:00Z,39,48
T_BOWLW-1,BOWLW-1,2026-09-08,35,2026-09-08T16:00:00Z,2026-09-08T16:30:00Z,65,70
T_BOWLW-1,BOWLW-1,2026-09-08,36,2026-09-08T16:30:00Z,2026-09-08T17:00:00Z,70,77
T_BOWLW-1,BOWLW-1,2026-09-08,37,2026-09-08T17:00:00Z,2026-09-08T17:30:00Z,72,79
T_BOWLW-1,BOWLW-1,2026-09-08,38,2026-09-08T17:30:00Z,2026-09-08T18:00:00Z,79,81
T_BOWLW-1,BOWLW-1,2026-09-08,39,2026-09-08T18:00:00Z,2026-09-08T18:30:00Z,77,79
T_BOWLW-1,BOWLW-1,2026-09-08,40,2026-09-08T18:30:00Z,2026-09-08T19:00:00Z,79,81
T_BOWLW-1,BOWLW-1,2026-09-08,41,2026-09-08T19:00:00Z,2026-09-08T19:30:00Z,77,79
T_BOWLW-1,BOWLW-1,2026-09-08,42,2026-09-08T19:30:00Z,2026-09-08T20:00:00Z,79,81
T_BOWLW-1,BOWLW-1,2026-09-08,43,2026-09-08T20:00:00Z,2026-09-08T20:30:00Z,76,78
T_BOWLW-1,BOWLW-1,2026-09-08,44,2026-09-08T20:30:00Z,2026-09-08T21:00:00Z,78,78
T_BOWLW-1,BOWLW-1,2026-09-08,45,2026-09-08T21:00:00Z,2026-09-08T21:30:00Z,71,72
T_BOWLW-1,BOWLW-1,2026-09-08,46,2026-09-08T21:30:00Z,2026-09-08T22:00:00Z,72,73
T_BOWLW-1,BOWLW-1,2026-09-08,47,2026-09-08T22:00:00Z,2026-09-08T22:30:00Z,68,68
T_BOWLW-1,BOWLW-1,2026-09-08,48,2026-09-08T22:30:00Z,2026-09-08T23:00:00Z,68,67
T_BRBEO-1,BRBEO-1,2026-09-08,1,2026-09-07T23:00:00Z,2026-09-07T23:30:00Z,158,164
T_BRBEO-1,BRBEO-1,2026-09-08,2,2026-09-07T23:30:00Z,2026-09-08T00:00:00Z,164,172
T_BRBEO-1,BRBEO-1,2026-09-08,3,2026-09-08T00:00:00Z,2026-09-08T00:30:00Z,193,193
T_BRBEO-1,BRBEO-1,2026-09-08,4,2026-09-08T00:30:00Z,2026-09-08T01:00:00Z,193,192
T_BRBEO-1,BRBEO-1,2026-09-08,5,2026-09-08T01:00:00Z,2026-09-08T01:30:00Z,181,180
T_BRBEO-1,BRBEO-1,2026-09-08,6,2026-09-08T01:30:00Z,2026-09-08T02:00:00Z,180,178
T_BRBEO-1,BRBEO-1,2026-09-08,7,2026-09-08T02:00:00Z,2026-09-08T02:30:00Z,168,169
T_BRBEO-1,BRBEO-1,2026-09-08,8,2026-09-08T02:30:00Z,2026-09-08T03:00:00Z,169,171
T_BRBEO-1,BRBEO-1,2026-09-08,9,2026-09-08T03:00:00Z,2026-09-08T03:30:00Z,177,180
T_BRBEO-1,BRBEO-1,2026-09-08,10,2026-09-08T03:30:00Z,2026-09-08T04:00:00Z,180,186
T_BRBEO-1,BRBEO-1,2026-09-08,11,2026-09-08T04:00:00Z,2026-09-08T04:30:00Z,184,190
T_BRBEO-1,BRBEO-1,2026-09-08,12,2026-09-08T04:30:00Z,2026-09-08T05:00:00Z,190,198
T_BRBEO-1,BRBEO-1,2026-09-08,13,2026-09-08T05:00:00Z,2026-09-08T05:30:00Z,197,203
T_BRBEO-1,BRBEO-1,2026-09-08,14,2026-09-08T05:30:00Z,2026-09-08T06:00:00Z,203,196
T_BRBEO-1,BRBEO-1,2026-09-08,15,2026-09-08T06:00:00Z,2026-09-08T06:30:00Z,201,204
T_BRBEO-1,BRBEO-1,2026-09-08,16,2026-09-08T06:30:00Z,2026-09-08T07:00:00Z,204,207
T_BRBEO-1,BRBEO-1,2026-09-08,17,2026-09-08T07:00:00Z,2026-09-08T07:30:00Z,200,209
T_BRBEO-1,BRBEO-1,2026-09-08,18,2026-09-08T07:30:00Z,2026-09-08T08:00:00Z,209,204
T_BRBEO-1,BRBEO-1,2026-09-08,19,2026-09-08T08:00:00Z,2026-09-08T08:30:00Z,206,213
T_BRBEO-1,BRBEO-1,2026-09-08,20,2026-09-08T08:30:00Z,2026-09-08T09:00:00Z,215,213
T_BRBEO-1,BRBEO-1,2026-09-08,21,2026-09-08T09:00:00Z,2026-09-08T09:30:00Z,220,221
T_BRBEO-1,BRBEO-1,2026-09-08,22,2026-09-08T09:30:00Z,2026-09-08T10:00:00Z,218,219
T_BRBEO-1,BRBEO-1,2026-09-08,23,2026-09-08T10:00:00Z,2026-09-08T10:30:00Z,222,224
T_BRBEO-1,BRBEO-1,2026-09-08,24,2026-09-08T10:30:00Z,2026-09-08T11:00:00Z,224,228
T_BRBEO-1,BRBEO-1,2026-09-08,25,2026-09-08T11:00:00Z,2026-09-08T11:30:00Z,228,231
T_BRBEO-1,BRBEO-1,2026-09-08,26,2026-09-08T11:30:00Z,2026-09-08T12:00:00Z,231,233
T_BRBEO-1,BRBEO-1,2026-09-08,27,2026-09-08T12:00:00Z,2026-09-08T12:30:00Z,232,234
T_BRBEO-1,BRBEO-1,2026-09-08,28,2026-09-08T12:30:00Z,2026-09-08T13:00:00Z,234,235
T_BRBEO-1,BRBEO-1,2026-09-08,29,2026-09-08T13:00:00Z,2026-09-08T13:30:00Z,237,237
T_BRBEO-1,BRBEO-1,2026-09-08,30,2026-09-08T13:30:00Z,2026-09-08T14:00:00Z,237,237
T_BRBEO-1,BRBEO-1,2026-09-08,31,2026-09-08T14:00:00Z,2026-09-08T14:30:00Z,236,236
T_BRBEO-1,BRBEO-1,2026-09-08,32,2026-09-08T14:30:00Z,2026-09-08T15:00:00Z,236,236
T_BRBEO-1,BRBEO-1,2026-09-08,33,2026-09-08T15:00:00Z,2026-09-08T15:30:00Z,235,234
T_BRBEO-1,BRBEO-1,2026-09-08,34,2026-09-08T15:30:00Z,2026-09-08T16:00:00Z,234,234
T_BRBEO-1,BRBEO-1,2026-09-08,35,2026-09-08T16:00:00Z,2026-09-08T16:30:00Z,228,231
T_BRBEO-1,BRBEO-1,2026-09-08,36,2026-09-08T16:30:00Z,2026-09-08T17:00:00Z,231,234
T_BRBEO-1,BRBEO-1,2026-09-08,37,2026-09-08T17:00:00Z,2026-09-08T17:30:00Z,225,226
T_BRBEO-1,BRBEO-1,2026-09-08,38,2026-09-08T17:30:00Z,2026-09-08T18:00:00Z,226,227
T_BRBEO-1,BRBEO-1,2026-09-08,39,2026-09-08T18:00:00Z,2026-09-08T18:30:00Z,227,228
T_BRBEO-1,BRBEO-1,2026-09-08,40,2026-09-08T18:30:00Z,2026-09-08T19:00:00Z,228,229
T_BRBEO-1,BRBEO-1,2026-09-08,41,2026-09-08T19:00:00Z,2026-09-08T19:30:00Z,229,229
T_BRBEO-1,BRBEO-1,2026-09-08,42,2026-09-08T19:30:00Z,2026-09-08T20:00:00Z,229,230
T_BRBEO-1,BRBEO-1,2026-09-08,43,2026-09-08T20:00:00Z,2026-09-08T20:30:00Z,229,229
T_BRBEO-1,BRBEO-1,2026-09-08,44,2026-09-08T20:30:00Z,2026-09-08T21:00:00Z,229,230
T_BRBEO-1,BRBEO-1,2026-09-08,45,2026-09-08T21:00:00Z,2026-09-08T21:30:00Z,229,229
T_BRBEO-1,BRBEO-1,2026-09-08,46,2026-09-08T21:30:00Z,2026-09-08T22:00:00Z,229,229
T_BRBEO-1,BRBEO-1,2026-09-08,47,2026-09-08T22:00:00Z,2026-09-08T22:30:00Z,228,228
T_BRBEO-1,BRBEO-1,2026-09-08,48,2026-09-08T22:30:00Z,2026-09-08T23:00:00Z,228,228
T_BROCW-1,BROCW-1,2026-09-08,1,2026-09-07T23:00:00Z,2026-09-07T23:30:00Z,22,24
T_BROCW-1,BROCW-1,2026-09-08,2,2026-09-07T23:30:00Z,2026-09-08T00:00:00Z,24,27
T_BROCW-1,BROCW-1,2026-09-08,3,2026-09-08T00:00:00Z,2026-09-08T00:30:00Z,27,27
T_BROCW-1,BROCW-1,2026-09-08,4,2026-09-08T00:30:00Z,2026-09-08T01:00:00Z,27,27
T_BROCW-1,BROCW-1,2026-09-08,5,2026-09-08T01:00:00Z,2026-09-08T01:30:00Z,27,28
T_BROCW-1,BROCW-1,2026-09-08,6,2026-09-08T01:30:00Z,2026-09-08T02:00:00Z,28,28
T_BROCW-1,BROCW-1,2026-09-08,7,2026-09-08T02:00:00Z,2026-09-08T02:30:00Z,28,28
T_BROCW-1,BROCW-1,2026-09-08,8,2026-09-08T02:30:00Z,2026-09-08T03:00:00Z,28,28
T_BROCW-1,BROCW-1,2026-09-08,9,2026-09-08T03:00:00Z,2026-09-08T03:30:00Z,28,28
T_BROCW-1,BROCW-1,2026-09-08,10,2026-09-08T03:30:00Z,2026-09-08T04:00:00Z,28,28
T_BROCW-1,BROCW-1,2026-09-08,11,2026-09-08T04:00:00Z,2026-09-08T04:30:00Z,28,28
T_BROCW-1,BROCW-1,2026-09-08,12,2026-09-08T04:30:00Z,2026-09-08T05:00:00Z,28,29
T_BROCW-1,BROCW-1,2026-09-08,13,2026-09-08T05:00:00Z,2026-09-08T05:30:00Z,29,29
T_BROCW-1,BROCW-1,2026-09-08,14,2026-09-08T05:30:00Z,2026-09-08T06:00:00Z,29,26
T_BROCW-1,BROCW-1,2026-09-08,15,2026-09-08T06:00:00Z,2026-09-08T06:30:00Z,26,28
T_BROCW-1,BROCW-1,2026-09-08,16,2026-09-08T06:30:00Z,2026-09-08T07:00:00Z,28,27
T_BROCW-1,BROCW-1,2026-09-08,17,2026-09-08T07:00:00Z,2026-09-08T07:30:00Z,27,30
T_BROCW-1,BROCW-1,2026-09-08,18,2026-09-08T07:30:00Z,2026-09-08T08:00:00Z,30,30
T_BROCW-1,BROCW-1,2026-09-08,19,2026-09-08T08:00:00Z,2026-09-08T08:30:00Z,30,33
T_BROCW-1,BROCW-1,2026-09-08,20,2026-09-08T08:30:00Z,2026-09-08T09:00:00Z,33,33
T_BROCW-1,BROCW-1,2026-09-08,21,2026-09-08T09:00:00Z,2026-09-08T09:30:00Z,33,34
T_BROCW-1,BROCW-1,2026-09-08,22,2026-09-08T09:30:00Z,2026-09-08T10:00:00Z,34,33
T_BROCW-1,BROCW-1,2026-09-08,23,2026-09-08T10:00:00Z,2026-09-08T10:30:00Z,33,34
T_BROCW-1,BROCW-1,2026-09-08,24,2026-09-08T10:30:00Z,2026-09-08T11:00:00Z,34,34
T_BROCW-1,BROCW-1,2026-09-08,25,2026-09-08T11:00:00Z,2026-09-08T11:30:00Z,34,38
T_BROCW-1,BROCW-1,2026-09-08,26,2026-09-08T11:30:00Z,2026-09-08T12:00:00Z,38,36
T_BROCW-1,BROCW-1,2026-09-08,27,2026-09-08T12:00:00Z,2026-09-08T12:30:00Z,36,37
T_BROCW-1,BROCW-1,2026-09-08,28,2026-09-08T12:30:00Z,2026-09-08T13:00:00Z,37,38
T_BROCW-1,BROCW-1,2026-09-08,29,2026-09-08T13:00:00Z,2026-09-08T13:30:00Z,38,38
T_BROCW-1,BROCW-1,2026-09-08,30,2026-09-08T13:30:00Z,2026-09-08T14:00:00Z,38,38
T_BROCW-1,BROCW-1,2026-09-08,31,2026-09-08T14:00:00Z,2026-09-08T14:30:00Z,38,36
T_BROCW-1,BROCW-1,2026-09-08,32,2026-09-08T14:30:00Z,2026-09-08T15:00:00Z,36,33
T_BROCW-1,BROCW-1,2026-09-08,33,2026-09-08T15:00:00Z,2026-09-08T15:30:00Z,33,33
T_BROCW-1,BROCW-1,2026-09-08,34,2026-09-08T15:30:00Z,2026-09-08T16:00:00Z,33,34
T_BROCW-1,BROCW-1,2026-09-08,35,2026-09-08T16:00:00Z,2026-09-08T16:30:00Z,34,33
T_BROCW-1,BROCW-1,2026-09-08,36,2026-09-08T16:30:00Z,2026-09-08T17:00:00Z,33,32
T_BROCW-1,BROCW-1,2026-09-08,37,2026-09-08T17:00:00Z,2026-09-08T17:30:00Z,32,33
T_BROCW-1,BROCW-1,2026-09-08,38,2026-09-08T17:30:00Z,2026-09-08T18:00:00Z,33,33
T_BROCW-1,BROCW-1,2026-09-08,39,2026-09-08T18:00:00Z,2026-09-08T18:30:00Z,33,33
T_BROCW-1,BROCW-1,2026-09-08,40,2026-09-08T18:30:00Z,2026-09-08T19:00:00Z,33,28
T_BROCW-1,BROCW-1,2026-09-08,41,2026-09-08T19:00:00Z,2026-09-08T19:30:00Z,28,26
T_BROCW-1,BROCW-1,2026-09-08,42,2026-09-08T19:30:00Z,2026-09-08T20:00:00Z,26,26
T_BROCW-1,BROCW-1,2026-09-08,43,2026-09-08T20:00:00Z,2026-09-08T20:30:00Z,26,25
T_BROCW-1,BROCW-1,2026-09-08,44,2026-09-08T20:30:00Z,2026-09-08T21:00:00Z,25,23
T_BROCW-1,BROCW-1,2026-09-08,45,2026-09-08T21:00:00Z,2026-09-08T21:30:00Z,23,20
T_BROCW-1,BROCW-1,2026-09-08,46,2026-09-08T21:30:00Z,2026-09-08T22:00:00Z,20,17
T_BROCW-1,BROCW-1,2026-09-08,47,2026-09-08T22:00:00Z,2026-09-08T22:30:00Z,17,15
T_BROCW-1,BROCW-1,2026-09-08,48,2026-09-08T22:30:00Z,2026-09-08T23:00:00Z,15,15
T_CGTHW-1,CGTHW-1,2026-09-08,1,2026-09-07T23:00:00Z,2026-09-07T23:30:00Z,68,68
T_CGTHW-1,CGTHW-1,2026-09-08,2,2026-09-07T23:30:00Z,2026-09-08T00:00:00Z,69,69
T_CGTHW-1,CGTHW-1,2026-09-08,3,2026-09-08T00:00:00Z,2026-09-08T00:30:00Z,69,69
T_CGTHW-1,CGTHW-1,2026-09-08,4,2026-09-08T00:30:00Z,2026-09-08T01:00:00Z,69,69
T_CGTHW-1,CGTHW-1,2026-09-08,5,2026-09-08T01:00:00Z,2026-09-08T01:30:00Z,69,69
T_CGTHW-1,CGTHW-1,2026-09-08,6,2026-09-08T01:30:00Z,2026-09-08T02:00:00Z,69,69
T_CGTHW-1,CGTHW-1,2026-09-08,7,2026-09-08T02:00:00Z,2026-09-08T02:30:00Z,69,67
T_CGTHW-1,CGTHW-1,2026-09-08,8,2026-09-08T02:30:00Z,2026-09-08T03:00:00Z,65,62
T_CGTHW-1,CGTHW-1,2026-09-08,9,2026-09-08T03:00:00Z,2026-09-08T03:30:00Z,62,63
T_CGTHW-1,CGTHW-1,2026-09-08,10,2026-09-08T03:30:00Z,2026-09-08T04:00:00Z,64,65
T_CGTHW-1,CGTHW-1,2026-09-08,11,2026-09-08T04:00:00Z,2026-09-08T04:30:00Z,66,66
T_CGTHW-1,CGTHW-1,2026-09-08,12,2026-09-08T04:30:00Z,2026-09-08T05:00:00Z,67,67
T_CGTHW-1,CGTHW-1,2026-09-08,13,2026-09-08T05:00:00Z,2026-09-08T05:30:00Z,67,67
T_CGTHW-1,CGTHW-1,2026-09-08,14,2026-09-08T05:30:00Z,2026-09-08T06:00:00Z,67,67
T_CGTHW-1,CGTHW-1,2026-09-08,15,2026-09-08T06:00:00Z,2026-09-08T06:30:00Z,66,68
T_CGTHW-1,CGTHW-1,2026-09-08,16,2026-09-08T06:30:00Z,2026-09-08T07:00:00Z,65,67
T_CGTHW-1,CGTHW-1,2026-09-08,17,2026-09-08T07:00:00Z,2026-09-08T07:30:00Z,65,65
T_CGTHW-1,CGTHW-1,2026-09-08,18,2026-09-08T07:30:00Z,2026-09-08T08:00:00Z,64,65
T_CGTHW-1,CGTHW-1,2026-09-08,19,2026-09-08T08:00:00Z,2026-09-08T08:30:00Z,64,64
T_CGTHW-1,CGTHW-1,2026-09-08,20,2026-09-08T08:30:00Z,2026-09-08T09:00:00Z,60,58
T_CGTHW-1,CGTHW-1,2026-09-08,21,2026-09-08T09:00:00Z,2026-09-08T09:30:00Z,58,56
T_CGTHW-1,CGTHW-1,2026-09-08,22,2026-09-08T09:30:00Z,2026-09-08T10:00:00Z,54,51
T_CGTHW-1,CGTHW-1,2026-09-08,23,2026-09-08T10:00:00Z,2026-09-08T10:30:00Z,51,47
T_CGTHW-1,CGTHW-1,2026-09-08,24,2026-09-08T10:30:00Z,2026-09-08T11:00:00Z,46,41
T_CGTHW-1,CGTHW-1,2026-09-08,25,2026-09-08T11:00:00Z,2026-09-08T11:30:00Z,40,35
T_CGTHW-1,CGTHW-1,2026-09-08,26,2026-09-08T11:30:00Z,2026-09-08T12:00:00Z,39,34
T_CGTHW-1,CGTHW-1,2026-09-08,27,2026-09-08T12:00:00Z,2026-09-08T12:30:00Z,31,37
T_CGTHW-1,CGTHW-1,2026-09-08,28,2026-09-08T12:30:00Z,2026-09-08T13:00:00Z,43,49
T_CGTHW-1,CGTHW-1,2026-09-08,29,2026-09-08T13:00:00Z,2026-09-08T13:30:00Z,49,49
T_CGTHW-1,CGTHW-1,2026-09-08,30,2026-09-08T13:30:00Z,2026-09-08T14:00:00Z,59,58
T_CGTHW-1,CGTHW-1,2026-09-08,31,2026-09-08T14:00:00Z,2026-09-08T14:30:00Z,58,55
T_CGTHW-1,CGTHW-1,2026-09-08,32,2026-09-08T14:30:00Z,2026-09-08T15:00:00Z,50,53
T_CGTHW-1,CGTHW-1,2026-09-08,33,2026-09-08T15:00:00Z,2026-09-08T15:30:00Z,52,48
T_CGTHW-1,CGTHW-1,2026-09-08,34,2026-09-08T15:30:00Z,2026-09-08T16:00:00Z,50,47
T_CGTHW-1,CGTHW-1,2026-09-08,35,2026-09-08T16:00:00Z,2026-09-08T16:30:00Z,47,46
T_CGTHW-1,CGTHW-1,2026-09-08,36,2026-09-08T16:30:00Z,2026-09-08T17:00:00Z,46,45
T_CGTHW-1,CGTHW-1,2026-09-08,37,2026-09-08T17:00:00Z,2026-09-08T17:30:00Z,45,47
T_CGTHW-1,CGTHW-1,2026-09-08,38,2026-09-08T17:30:00Z,2026-09-08T18:00:00Z,47,49
T_CGTHW-1,CGTHW-1,2026-09-08,39,2026-09-08T18:00:00Z,2026-09-08T18:30:00Z,49,47
T_CGTHW-1,CGTHW-1,2026-09-08,40,2026-09-08T18:30:00Z,2026-09-08T19:00:00Z,47,44
T_CGTHW-1,CGTHW-1,2026-09-08,41,2026-09-08T19:00:00Z,2026-09-08T19:30:00Z,44,41
T_CGTHW-1,CGTHW-1,2026-09-08,42,2026-09-08T19:30:00Z,2026-09-08T20:00:00Z,39,36
T_CGTHW-1,CGTHW-1,2026-09-08,43,2026-09-08T20:00:00Z,2026-09-08T20:30:00Z,31,27
T_CGTHW-1,CGTHW-1,2026-09-08,44,2026-09-08T20:30:00Z,2026-09-08T21:00:00Z,18,15
T_CGTHW-1,CGTHW-1,2026-09-08,45,2026-09-08T21:00:00Z,2026-09-08T21:30:00Z,12,11
T_CGTHW-1,CGTHW-1,2026-09-08,46,2026-09-08T21:30:00Z,2026-09-08T22:00:00Z,13,12
T_CGTHW-1,CGTHW-1,2026-09-08,47,2026-09-08T22:00:00Z,2026-09-08T22:30:00Z,11,8
T_CGTHW-1,CGTHW-1,2026-09-08,48,2026-09-08T22:30:00Z,2026-09-08T23:00:00Z,11,8
T_CLDCW-1,CLDCW-1,2026-09-08,1,2026-09-07T23:00:00Z,2026-09-07T23:29:00Z,113,113
T_CLDCW-1,CLDCW-1,2026-09-08,1,2026-09-07T23:29:00Z,2026-09-07T23:30:00Z,113,116
T_CLDCW-1,CLDCW-1,2026-09-08,2,2026-09-07T23:30:00Z,2026-09-07T23:59:00Z,116,116
T_CLDCW-1,CLDCW-1,2026-09-08,2,2026-09-07T23:59:00Z,2026-09-08T00:00:00Z,116,122
T_CLDCW-1,CLDCW-1,2026-09-08,3,2026-09-08T00:00:00Z,2026-09-08T00:29:00Z,120,120
T_CLDCW-1,CLDCW-1,2026-09-08,3,2026-09-08T00:29:00Z,2026-09-08T00:30:00Z,120,127
T_CLDCW-1,CLDCW-1,2026-09-08,4,2026-09-08T00:30:00Z,2026-09-08T00:59:00Z,127,127
T_CLDCW-1,CLDCW-1,2026-09-08,4,2026-09-08T00:59:00Z,2026-09-08T01:00:00Z,127,132
T_CLDCW-1,CLDCW-1,2026-09-08,5,2026-09-08T01:00:00Z,2026-09-08T01:29:00Z,130,130
T_CLDCW-1,CLDCW-1,2026-09-08,5,2026-09-08T01:29:00Z,2026-09-08T01:30:00Z,130,135
T_CLDCW-1,CLDCW-1,2026-09-08,6,2026-09-08T01:30:00Z,2026-09-08T01:59:00Z,135,135
T_CLDCW-1,CLDCW-1,2026-09-08,6,2026-09-08T01:59:00Z,2026-09-08T02:00:00Z,135,137
T_CLDCW-1,CLDCW-1,2026-09-08,7,2026-09-08T02:00:00Z,2026-09-08T02:29:00Z,136,136
T_CLDCW-1,CLDCW-1,2026-09-08,7,2026-09-08T02:29:00Z,2026-09-08T02:30:00Z,136,140
T_CLDCW-1,CLDCW-1,2026-09-08,8,2026-09-08T02:30:00Z,2026-09-08T02:59:00Z,140,140
T_CLDCW-1,CLDCW-1,2026-09-08,8,2026-09-08T02:59:00Z,2026-09-08T03:00:00Z,140,142
T_CLDCW-1,CLDCW-1,2026-09-08,9,2026-09-08T03:00:00Z,2026-09-08T03:29:00Z,141,141
T_CLDCW-1,CLDCW-1,2026-09-08,9,2026-09-08T03:29:00Z,2026-09-08T03:30:00Z,141,144
T_CLDCW-1,CLDCW-1,2026-09-08,10,2026-09-08T03:30:00Z,2026-09-08T04:00:00Z,144,144
T_CLDCW-1,CLDCW-1,2026-09-08,11,2026-09-08T04:00:00Z,2026-09-08T04:29:00Z,144,144
T_CLDCW-1,CLDCW-1,2026-09-08,11,2026-09-08T04:29:00Z,2026-09-08T04:30:00Z,144,145
T_CLDCW-1,CLDCW-1,2026-09-08,12,2026-09-08T04:30:00Z,2026-09-08T04:59:00Z,145,145
T_CLDCW-1,CLDCW-1,2026-09-08,12,2026-09-08T04:59:00Z,2026-09-08T05:00:00Z,145,144
T_CLDCW-1,CLDCW-1,2026-09-08,13,2026-09-08T05:00:00Z,2026-09-08T05:30:00Z,144,144
T_CLDCW-1,CLDCW-1,2026-09-08,14,2026-09-08T05:30:00Z,2026-09-08T06:00:00Z,144,144
T_CLDCW-1,CLDCW-1,2026-09-08,15,2026-09-08T06:00:00Z,2026-09-08T06:29:00Z,144,144
T_CLDCW-1,CLDCW-1,2026-09-08,15,2026-09-08T06:29:00Z,2026-09-08T06:30:00Z,144,145
T_CLDCW-1,CLDCW-1,2026-09-08,16,2026-09-08T06:30:00Z,2026-09-08T06:59:00Z,145,145
T_CLDCW-1,CLDCW-1,2026-09-08,16,2026-09-08T06:59:00Z,2026-09-08T07:00:00Z,145,146
T_CLDCW-1,CLDCW-1,2026-09-08,17,2026-09-08T07:00:00Z,2026-09-08T07:29:00Z,145,145
T_CLDCW-1,CLDCW-1,2026-09-08,17,2026-09-08T07:29:00Z,2026-09-08T07:30:00Z,145,147
T_CLDCW-1,CLDCW-1,2026-09-08,18,2026-09-08T07:30:00Z,2026-09-08T07:59:00Z,147,147
T_CLDCW-1,CLDCW-1,2026-09-08,18,2026-09-08T07:59:00Z,2026-09-08T08:00:00Z,147,148
T_CLDCW-1,CLDCW-1,2026-09-08,19,2026-09-08T08:00:00Z,2026-09-08T08:29:00Z,149,149
T_CLDCW-1,CLDCW-1,2026-09-08,19,2026-09-08T08:29:00Z,2026-09-08T08:30:00Z,149,150
T_CLDCW-1,CLDCW-1,2026-09-08,20,2026-09-08T08:30:00Z,2026-09-08T08:59:00Z,150,150
T_CLDCW-1,CLDCW-1,2026-09-08,20,2026-09-08T08:59:00Z,2026-09-08T09:00:00Z,150,153
T_CLDCW-1,CLDCW-1,2026-09-08,21,2026-09-08T09:00:00Z,2026-09-08T09:29:00Z,153,153
T_CLDCW-1,CLDCW-1,2026-09-08,21,2026-09-08T09:29:00Z,2026-09-08T09:30:00Z,153,155
T_CLDCW-1,CLDCW-1,2026-09-08,22,2026-09-08T09:30:00Z,2026-09-08T09:59:00Z,155,155
T_CLDCW-1,CLDCW-1,2026-09-08,22,2026-09-08T09:59:00Z,2026-09-08T10:00:00Z,155,158
T_CLDCW-1,CLDCW-1,2026-09-08,23,2026-09-08T10:00:00Z,2026-09-08T10:29:00Z,158,158
T_CLDCW-1,CLDCW-1,2026-09-08,23,2026-09-08T10:29:00Z,2026-09-08T10:30:00Z,158,160
T_CLDCW-1,CLDCW-1,2026-09-08,24,2026-09-08T10:30:00Z,2026-09-08T10:59:00Z,159,159
T_CLDCW-1,CLDCW-1,2026-09-08,24,2026-09-08T10:59:00Z,2026-09-08T11:00:00Z,159,164
T_CLDCW-1,CLDCW-1,2026-09-08,25,2026-09-08T11:00:00Z,2026-09-08T11:29:00Z,163,163
T_CLDCW-1,CLDCW-1,2026-09-08,25,2026-09-08T11:29:00Z,2026-09-08T11:30:00Z,163,168
T_CLDCW-1,CLDCW-1,2026-09-08,26,2026-09-08T11:30:00Z,2026-09-08T11:59:00Z,168,168
T_CLDCW-1,CLDCW-1,2026-09-08,26,2026-09-08T11:59:00Z,2026-09-08T12:00:00Z,168,171
T_CLDCW-1,CLDCW-1,2026-09-08,27,2026-09-08T12:00:00Z,2026-09-08T12:29:00Z,156,156
T_CLDCW-1,CLDCW-1,2026-09-08,27,2026-09-08T12:29:00Z,2026-09-08T12:30:00Z,156,159
T_CLDCW-1,CLDCW-1,2026-09-08,28,2026-09-08T12:30:00Z,2026-09-08T12:59:00Z,159,159
T_CLDCW-1,CLDCW-1,2026-09-08,28,2026-09-08T12:59:00Z,2026-09-08T13:00:00Z,159,160
T_CLDCW-1,CLDCW-1,2026-09-08,29,2026-09-08T13:00:00Z,2026-09-08T13:29:00Z,160,160
T_CLDCW-1,CLDCW-1,2026-09-08,29,2026-09-08T13:29:00Z,2026-09-08T13:30:00Z,160,161
T_CLDCW-1,CLDCW-1,2026-09-08,30,2026-09-08T13:30:00Z,2026-09-08T13:59:00Z,161,161
T_CLDCW-1,CLDCW-1,2026-09-08,30,2026-09-08T13:59:00Z,2026-09-08T14:00:00Z,161,165
T_CLDCW-1,CLDCW-1,2026-09-08,31,2026-09-08T14:00:00Z,2026-09-08T14:30:00Z,174,174
T_CLDCW-1,CLDCW-1,2026-09-08,32,2026-09-08T14:30:00Z,2026-09-08T14:59:00Z,174,174
T_CLDCW-1,CLDCW-1,2026-09-08,32,2026-09-08T14:59:00Z,2026-09-08T15:00:00Z,174,175
T_CLDCW-1,CLDCW-1,2026-09-08,33,2026-09-08T15:00:00Z,2026-09-08T15:29:00Z,174,174
T_CLDCW-1,CLDCW-1,2026-09-08,33,2026-09-08T15:29:00Z,2026-09-08T15:30:00Z,174,181
T_CLDCW-1,CLDCW-1,2026-09-08,34,2026-09-08T15:30:00Z,2026-09-08T16:00:00Z,181,181
T_CLDCW-1,CLDCW-1,2026-09-08,35,2026-09-08T16:00:00Z,2026-09-08T16:30:00Z,181,181
T_CLDCW-1,CLDCW-1,2026-09-08,36,2026-09-08T16:30:00Z,2026-09-08T16:59:00Z,181,181
T_CLDCW-1,CLDCW-1,2026-09-08,36,2026-09-08T16:59:00Z,2026-09-08T17:00:00Z,181,180
T_CLDCW-1,CLDCW-1,2026-09-08,37,2026-09-08T17:00:00Z,2026-09-08T17:29:00Z,175,175
T_CLDCW-1,CLDCW-1,2026-09-08,37,2026-09-08T17:29:00Z,2026-09-08T17:30:00Z,175,173
T_CLDCW-1,CLDCW-1,2026-09-08,38,2026-09-08T17:30:00Z,2026-09-08T17:59:00Z,178,178
T_CLDCW-1,CLDCW-1,2026-09-08,38,2026-09-08T17:59:00Z,2026-09-08T18:00:00Z,178,176
T_CLDCW-1,CLDCW-1,2026-09-08,39,2026-09-08T18:00:00Z,2026-09-08T18:29:00Z,172,172
T_CLDCW-1,CLDCW-1,2026-09-08,39,2026-09-08T18:29:00Z,2026-09-08T18:30:00Z,172,169
T_CLDCW-1,CLDCW-1,2026-09-08,40,2026-09-08T18:30:00Z,2026-09-08T18:59:00Z,169,169
T_CLDCW-1,CLDCW-1,2026-09-08,40,2026-09-08T18:59:00Z,2026-09-08T19:00:00Z,169,167
T_CLDCW-1,CLDCW-1,2026-09-08,41,2026-09-08T19:00:00Z,2026-09-08T19:29:00Z,167,167
T_CLDCW-1,CLDCW-1,2026-09-08,41,2026-09-08T19:29:00Z,2026-09-08T19:30:00Z,167,166
T_CLDCW-1,CLDCW-1,2026-09-08,42,2026-09-08T19:30:00Z,2026-09-08T19:59:00Z,166,166
T_CLDCW-1,CLDCW-1,2026-09-08,42,2026-09-08T19:59:00Z,2026-09-08T20:00:00Z,166,163
T_CLDCW-1,CLDCW-1,2026-09-08,43,2026-09-08T20:00:00Z,2026-09-08T20:29:00Z,164,164
T_CLDCW-1,CLDCW-1,2026-09-08,43,2026-09-08T20:29:00Z,2026-09-08T20:30:00Z,164,161
T_CLDCW-1,CLDCW-1,2026-09-08,44,2026-09-08T20:30:00Z,2026-09-08T20:59:00Z,161,161
T_CLDCW-1,CLDCW-1,2026-09-08,44,2026-09-08T20:59:00Z,2026-09-08T21:00:00Z,161,157
T_CLDCW-1,CLDCW-1,2026-09-08,45,2026-09-08T21:00:00Z,2026-09-08T21:29:00Z,157,157
T_CLDCW-1,CLDCW-1,2026-09-08,45,2026-09-08T21:29:00Z,2026-09-08T21:30:00Z,157,153
T_CLDCW-1,CLDCW-1,2026-09-08,46,2026-09-08T21:30:00Z,2026-09-08T21:59:00Z,153,153
T_CLDCW-1,CLDCW-1,2026-09-08,46,2026-09-08T21:59:00Z,2026-09-08T22:00:00Z,153,142
T_CLDCW-1,CLDCW-1,2026-09-08,47,2026-09-08T22:00:00Z,2026-09-08T22:29:00Z,143,143
T_CLDCW-1,CLDCW-1,2026-09-08,47,2026-09-08T22:29:00Z,2026-09-08T22:30:00Z,143,132
T_CLDCW-1,CLDCW-1,2026-09-08,48,2026-09-08T22:30:00Z,2026-09-08T22:59:00Z,132,132
T_CLDCW-1,CLDCW-1,2026-09-08,48,2026-09-08T22:59:00Z,2026-09-08T23:00:00Z,132,116
T_CLDNW-1,CLDNW-1,2026-09-08,1,2026-09-07T23:00:00Z,2026-09-07T23:29:00Z,113,113
T_CLDNW-1,CLDNW-1,2026-09-08,1,2026-09-07T23:29:00Z,2026-09-07T23:30:00Z,113,117
T_CLDNW-1,CLDNW-1,2026-09-08,2,2026-09-07T23:30:00Z,2026-09-07T23:59:00Z,117,117
T_CLDNW-1,CLDNW-1,2026-09-08,2,2026-09-07T23:59:00Z,2026-09-08T00:00:00Z,117,119
T_CLDNW-1,CLDNW-1,2026-09-08,3,2026-09-08T00:00:00Z,2026-09-08T00:29:00Z,117,117
T_CLDNW-1,CLDNW-1,2026-09-08,3,2026-09-08T00:29:00Z,2026-09-08T00:30:00Z,117,121
T_CLDNW-1,CLDNW-1,2026-09-08,4,2026-09-08T00:30:00Z,2026-09-08T00:59:00Z,121,121
T_CLDNW-1,CLDNW-1,2026-09-08,4,2026-09-08T00:59:00Z,2026-09-08T01:00:00Z,121,124
T_CLDNW-1,CLDNW-1,2026-09-08,5,2026-09-08T01:00:00Z,2026-09-08T01:29:00Z,122,122
T_CLDNW-1,CLDNW-1,2026-09-08,5,2026-09-08T01:29:00Z,2026-09-08T01:30:00Z,122,126
T_CLDNW-1,CLDNW-1,2026-09-08,6,2026-09-08T01:30:00Z,2026-09-08T01:59:00Z,126,126
T_CLDNW-1,CLDNW-1,2026-09-08,6,2026-09-08T01:59:00Z,2026-09-08T02:00:00Z,126,128
T_CLDNW-1,CLDNW-1,2026-09-08,7,2026-09-08T02:00:00Z,2026-09-08T02:29:00Z,127,127
T_CLDNW-1,CLDNW-1,2026-09-08,7,2026-09-08T02:29:00Z,2026-09-08T02:30:00Z,127,131
T_CLDNW-1,CLDNW-1,2026-09-08,8,2026-09-08T02:30:00Z,2026-09-08T02:59:00Z,131,131
T_CLDNW-1,CLDNW-1,2026-09-08,8,2026-09-08T02:59:00Z,2026-09-08T03:00:00Z,131,133
T_CLDNW-1,CLDNW-1,2026-09-08,9,2026-09-08T03:00:00Z,2026-09-08T03:29:00Z,132,132
T_CLDNW-1,CLDNW-1,2026-09-08,9,2026-09-08T03:29:00Z,2026-09-08T03:30:00Z,132,135
T_CLDNW-1,CLDNW-1,2026-09-08,10,2026-09-08T03:30:00Z,2026-09-08T04:00:00Z,135,135
T_CLDNW-1,CLDNW-1,2026-09-08,11,2026-09-08T04:00:00Z,2026-09-08T04:29:00Z,133,133
T_CLDNW-1,CLDNW-1,2026-09-08,11,2026-09-08T04:29:00Z,2026-09-08T04:30:00Z,133,136
T_CLDNW-1,CLDNW-1,2026-09-08,12,2026-09-08T04:30:00Z,2026-09-08T05:00:00Z,136,136
T_CLDNW-1,CLDNW-1,2026-09-08,13,2026-09-08T05:00:00Z,2026-09-08T05:29:00Z,135,135
T_CLDNW-1,CLDNW-1,2026-09-08,13,2026-09-08T05:29:00Z,2026-09-08T05:30:00Z,135,136
T_CLDNW-1,CLDNW-1,2026-09-08,14,2026-09-08T05:30:00Z,2026-09-08T06:00:00Z,136,136
T_CLDNW-1,CLDNW-1,2026-09-08,15,2026-09-08T06:00:00Z,2026-09-08T06:29:00Z,134,134
T_CLDNW-1,CLDNW-1,2026-09-08,15,2026-09-08T06:29:00Z,2026-09-08T06:30:00Z,134,136
T_CLDNW-1,CLDNW-1,2026-09-08,16,2026-09-08T06:30:00Z,2026-09-08T07:00:00Z,136,136
T_CLDNW-1,CLDNW-1,2026-09-08,17,2026-09-08T07:00:00Z,2026-09-08T07:29:00Z,134,134
T_CLDNW-1,CLDNW-1,2026-09-08,17,2026-09-08T07:29:00Z,2026-09-08T07:30:00Z,134,136
T_CLDNW-1,CLDNW-1,2026-09-08,18,2026-09-08T07:30:00Z,2026-09-08T08:00:00Z,136,136
T_CLDNW-1,CLDNW-1,2026-09-08,19,2026-09-08T08:00:00Z,2026-09-08T08:29:00Z,136,136
T_CLDNW-1,CLDNW-1,2026-09-08,19,2026-09-08T08:29:00Z,2026-09-08T08:30:00Z,136,137
T_CLDNW-1,CLDNW-1,2026-09-08,20,2026-09-08T08:30:00Z,2026-09-08T09:00:00Z,137,137
T_CLDNW-1,CLDNW-1,2026-09-08,21,2026-09-08T09:00:00Z,2026-09-08T09:29:00Z,135,135
T_CLDNW-1,CLDNW-1,2026-09-08,21,2026-09-08T09:29:00Z,2026-09-08T09:30:00Z,135,137
T_CLDNW-1,CLDNW-1,2026-09-08,22,2026-09-08T09:30:00Z,2026-09-08T09:59:00Z,137,137
T_CLDNW-1,CLDNW-1,2026-09-08,22,2026-09-08T09:59:00Z,2026-09-08T10:00:00Z,137,139
T_CLDNW-1,CLDNW-1,2026-09-08,23,2026-09-08T10:00:00Z,2026-09-08T10:29:00Z,136,136
T_CLDNW-1,CLDNW-1,2026-09-08,23,2026-09-08T10:29:00Z,2026-09-08T10:30:00Z,136,139
T_CLDNW-1,CLDNW-1,2026-09-08,24,2026-09-08T10:30:00Z,2026-09-08T10:59:00Z,139,139
T_CLDNW-1,CLDNW-1,2026-09-08,24,2026-09-08T10:59:00Z,2026-09-08T11:00:00Z,139,146
T_CLDNW-1,CLDNW-1,2026-09-08,25,2026-09-08T11:00:00Z,2026-09-08T11:29:00Z,143,143
T_CLDNW-1,CLDNW-1,2026-09-08,25,2026-09-08T11:29:00Z,2026-09-08T11:30:00Z,143,151
T_CLDNW-1,CLDNW-1,2026-09-08,26,2026-09-08T11:30:00Z,2026-09-08T11:59:00Z,151,151
T_CLDNW-1,CLDNW-1,2026-09-08,26,2026-09-08T11:59:00Z,2026-09-08T12:00:00Z,151,154
T_CLDNW-1,CLDNW-1,2026-09-08,27,2026-09-08T12:00:00Z,2026-09-08T12:29:00Z,151,151
T_CLDNW-1,CLDNW-1,2026-09-08,27,2026-09-08T12:29:00Z,2026-09-08T12:30:00Z,151,156
T_CLDNW-1,CLDNW-1,2026-09-08,28,2026-09-08T12:30:00Z,2026-09-08T12:59:00Z,156,156
T_CLDNW-1,CLDNW-1,2026-09-08,28,2026-09-08T12:59:00Z,2026-09-08T13:00:00Z,156,157
T_CLDNW-1,CLDNW-1,2026-09-08,29,2026-09-08T13:00:00Z,2026-09-08T13:29:00Z,157,157
T_CLDNW-1,CLDNW-1,2026-09-08,29,2026-09-08T13:29:00Z,2026-09-08T13:30:00Z,157,159
T_CLDNW-1,CLDNW-1,2026-09-08,30,2026-09-08T13:30:00Z,2026-09-08T13:59:00Z,159,159
T_CLDNW-1,CLDNW-1,2026-09-08,30,2026-09-08T13:59:00Z,2026-09-08T14:00:00Z,159,160
T_CLDNW-1,CLDNW-1,2026-09-08,31,2026-09-08T14:00:00Z,2026-09-08T14:29:00Z,157,157
T_CLDNW-1,CLDNW-1,2026-09-08,31,2026-09-08T14:29:00Z,2026-09-08T14:30:00Z,157,159
T_CLDNW-1,CLDNW-1,2026-09-08,32,2026-09-08T14:30:00Z,2026-09-08T14:59:00Z,159,159
T_CLDNW-1,CLDNW-1,2026-09-08,32,2026-09-08T14:59:00Z,2026-09-08T15:00:00Z,159,160
T_CLDNW-1,CLDNW-1,2026-09-08,33,2026-09-08T15:00:00Z,2026-09-08T15:29:00Z,158,158
T_CLDNW-1,CLDNW-1,2026-09-08,33,2026-09-08T15:29:00Z,2026-09-08T15:30:00Z,158,159
T_CLDNW-1,CLDNW-1,2026-09-08,34,2026-09-08T15:30:00Z,2026-09-08T15:59:00Z,159,159
T_CLDNW-1,CLDNW-1,2026-09-08,34,2026-09-08T15:59:00Z,2026-09-08T16:00:00Z,159,160
T_CLDNW-1,CLDNW-1,2026-09-08,35,2026-09-08T16:00:00Z,2026-09-08T16:29:00Z,159,159
T_CLDNW-1,CLDNW-1,2026-09-08,35,2026-09-08T16:29:00Z,2026-09-08T16:30:00Z,159,160
T_CLDNW-1,CLDNW-1,2026-09-08,36,2026-09-08T16:30:00Z,2026-09-08T17:00:00Z,160,160
T_CLDNW-1,CLDNW-1,2026-09-08,37,2026-09-08T17:00:00Z,2026-09-08T17:29:00Z,158,158
T_CLDNW-1,CLDNW-1,2026-09-08,37,2026-09-08T17:29:00Z,2026-09-08T17:30:00Z,158,159
T_CLDNW-1,CLDNW-1,2026-09-08,38,2026-09-08T17:30:00Z,2026-09-08T17:59:00Z,159,159
T_CLDNW-1,CLDNW-1,2026-09-08,38,2026-09-08T17:59:00Z,2026-09-08T18:00:00Z,159,158
T_CLDNW-1,CLDNW-1,2026-09-08,39,2026-09-08T18:00:00Z,2026-09-08T18:29:00Z,156,156
T_CLDNW-1,CLDNW-1,2026-09-08,39,2026-09-08T18:29:00Z,2026-09-08T18:30:00Z,156,157
T_CLDNW-1,CLDNW-1,2026-09-08,40,2026-09-08T18:30:00Z,2026-09-08T18:59:00Z,157,157
T_CLDNW-1,CLDNW-1,2026-09-08,40,2026-09-08T18:59:00Z,2026-09-08T19:00:00Z,157,153
T_CLDNW-1,CLDNW-1,2026-09-08,41,2026-09-08T19:00:00Z,2026-09-08T19:29:00Z,152,152
T_CLDNW-1,CLDNW-1,2026-09-08,41,2026-09-08T19:29:00Z,2026-09-08T19:30:00Z,152,150
T_CLDNW-1,CLDNW-1,2026-09-08,42,2026-09-08T19:30:00Z,2026-09-08T19:59:00Z,150,150
T_CLDNW-1,CLDNW-1,2026-09-08,42,2026-09-08T19:59:00Z,2026-09-08T20:00:00Z,150,144
T_CLDNW-1,CLDNW-1,2026-09-08,43,2026-09-08T20:00:00Z,2026-09-08T20:29:00Z,142,142
T_CLDNW-1,CLDNW-1,2026-09-08,43,2026-09-08T20:29:00Z,2026-09-08T20:30:00Z,142,139
T_CLDNW-1,CLDNW-1,2026-09-08,44,2026-09-08T20:30:00Z,2026-09-08T20:59:00Z,139,139
T_CLDNW-1,CLDNW-1,2026-09-08,44,2026-09-08T20:59:00Z,2026-09-08T21:00:00Z,139,135
T_CLDNW-1,CLDNW-1,2026-09-08,45,2026-09-08T21:00:00Z,2026-09-08T21:29:00Z,134,134
T_CLDNW-1,CLDNW-1,2026-09-08,45,2026-09-08T21:29:00Z,2026-09-08T21:30:00Z,134,132
T_CLDNW-1,CLDNW-1,2026-09-08,46,2026-09-08T21:30:00Z,2026-09-08T21:59:00Z,132,132
T_CLDNW-1,CLDNW-1,2026-09-08,46,2026-09-08T21:59:00Z,2026-09-08T22:00:00Z,132,125
T_CLDNW-1,CLDNW-1,2026-09-08,47,2026-09-08T22:00:00Z,2026-09-08T22:29:00Z,123,123
T_CLDNW-1,CLDNW-1,2026-09-08,47,2026-09-08T22:29:00Z,2026-09-08T22:30:00Z,123,119
T_CLDNW-1,CLDNW-1,2026-09-08,48,2026-09-08T22:30:00Z,2026-09-08T22:59:00Z,119,119
T_CLDNW-1,CLDNW-1,2026-09-08,48,2026-09-08T22:59:00Z,2026-09-08T23:00:00Z,119,109
T_CLDSW-1,CLDSW-1,2026-09-08,1,2026-09-07T23:00:00Z,2026-09-07T23:29:00Z,76,76
T_CLDSW-1,CLDSW-1,2026-09-08,1,2026-09-07T23:29:00Z,2026-09-07T23:30:00Z,76,78
T_CLDSW-1,CLDSW-1,2026-09-08,2,2026-09-07T23:30:00Z,2026-09-07T23:59:00Z,78,78
T_CLDSW-1,CLDSW-1,2026-09-08,2,2026-09-07T23:59:00Z,2026-09-08T00:00:00Z,78,80
T_CLDSW-1,CLDSW-1,2026-09-08,3,2026-09-08T00:00:00Z,2026-09-08T00:29:00Z,78,78
T_CLDSW-1,CLDSW-1,2026-09-08,3,2026-09-08T00:29:00Z,2026-09-08T00:30:00Z,78,81
T_CLDSW-1,CLDSW-1,2026-09-08,4,2026-09-08T00:30:00Z,2026-09-08T00:59:00Z,81,81
T_CLDSW-1,CLDSW-1,2026-09-08,4,2026-09-08T00:59:00Z,2026-09-08T01:00:00Z,81,85
T_CLDSW-1,CLDSW-1,2026-09-08,5,2026-09-08T01:00:00Z,2026-09-08T01:29:00Z,82,82
T_CLDSW-1,CLDSW-1,2026-09-08,5,2026-09-08T01:29:00Z,2026-09-08T01:30:00Z,82,87
T_CLDSW-1,CLDSW-1,2026-09-08,6,2026-09-08T01:30:00Z,2026-09-08T01:59:00Z,87,87
T_CLDSW-1,CLDSW-1,2026-09-08,6,2026-09-08T01:59:00Z,2026-09-08T02:00:00Z,87,89
T_CLDSW-1,CLDSW-1,2026-09-08,7,2026-09-08T02:00:00Z,2026-09-08T02:29:00Z,88,88
T_CLDSW-1,CLDSW-1,2026-09-08,7,2026-09-08T02:29:00Z,2026-09-08T02:30:00Z,88,90
T_CLDSW-1,CLDSW-1,2026-09-08,8,2026-09-08T02:30:00Z,2026-09-08T02:59:00Z,90,90
T_CLDSW-1,CLDSW-1,2026-09-08,8,2026-09-08T02:59:00Z,2026-09-08T03:00:00Z,90,92
T_CLDSW-1,CLDSW-1,2026-09-08,9,2026-09-08T03:00:00Z,2026-09-08T03:29:00Z,91,91
T_CLDSW-1,CLDSW-1,2026-09-08,9,2026-09-08T03:29:00Z,2026-09-08T03:30:00Z,91,93
T_CLDSW-1,CLDSW-1,2026-09-08,10,2026-09-08T03:30:00Z,2026-09-08T03:59:00Z,93,93
T_CLDSW-1,CLDSW-1,2026-09-08,10,2026-09-08T03:59:00Z,2026-09-08T04:00:00Z,93,94
T_CLDSW-1,CLDSW-1,2026-09-08,11,2026-09-08T04:00:00Z,2026-09-08T04:29:00Z,93,93
T_CLDSW-1,CLDSW-1,2026-09-08,11,2026-09-08T04:29:00Z,2026-09-08T04:30:00Z,93,94
T_CLDSW-1,CLDSW-1,2026-09-08,12,2026-09-08T04:30:00Z,2026-09-08T05:00:00Z,94,94
T_CLDSW-1,CLDSW-1,2026-09-08,13,2026-09-08T05:00:00Z,2026-09-08T05:30:00Z,93,93
T_CLDSW-1,CLDSW-1,2026-09-08,14,2026-09-08T05:30:00Z,2026-09-08T06:00:00Z,93,93
T_CLDSW-1,CLDSW-1,2026-09-08,15,2026-09-08T06:00:00Z,2026-09-08T06:30:00Z,93,93
T_CLDSW-1,CLDSW-1,2026-09-08,16,2026-09-08T06:30:00Z,2026-09-08T06:59:00Z,93,93
T_CLDSW-1,CLDSW-1,2026-09-08,16,2026-09-08T06:59:00Z,2026-09-08T07:00:00Z,93,94
T_CLDSW-1,CLDSW-1,2026-09-08,17,2026-09-08T07:00:00Z,2026-09-08T07:29:00Z,93,93
T_CLDSW-1,CLDSW-1,2026-09-08,17,2026-09-08T07:29:00Z,2026-09-08T07:30:00Z,93,92
T_CLDSW-1,CLDSW-1,2026-09-08,18,2026-09-08T07:30:00Z,2026-09-08T07:59:00Z,92,92
T_CLDSW-1,CLDSW-1,2026-09-08,18,2026-09-08T07:59:00Z,2026-09-08T08:00:00Z,92,94
T_CLDSW-1,CLDSW-1,2026-09-08,19,2026-09-08T08:00:00Z,2026-09-08T08:29:00Z,69,69
T_CLDSW-1,CLDSW-1,2026-09-08,19,2026-09-08T08:29:00Z,2026-09-08T08:30:00Z,69,70
T_CLDSW-1,CLDSW-1,2026-09-08,20,2026-09-08T08:30:00Z,2026-09-08T08:59:00Z,70,70
T_CLDSW-1,CLDSW-1,2026-09-08,20,2026-09-08T08:59:00Z,2026-09-08T09:00:00Z,70,72
T_CLDSW-1,CLDSW-1,2026-09-08,21,2026-09-08T09:00:00Z,2026-09-08T09:29:00Z,72,72
T_CLDSW-1,CLDSW-1,2026-09-08,21,2026-09-08T09:29:00Z,2026-09-08T09:30:00Z,72,75
T_CLDSW-1,CLDSW-1,2026-09-08,22,2026-09-08T09:30:00Z,2026-09-08T09:59:00Z,75,75
T_CLDSW-1,CLDSW-1,2026-09-08,22,2026-09-08T09:59:00Z,2026-09-08T10:00:00Z,75,80
T_CLDSW-1,CLDSW-1,2026-09-08,23,2026-09-08T10:00:00Z,2026-09-08T10:29:00Z,80,80
T_CLDSW-1,CLDSW-1,2026-09-08,23,2026-09-08T10:29:00Z,2026-09-08T10:30:00Z,80,85
T_CLDSW-1,CLDSW-1,2026-09-08,24,2026-09-08T10:30:00Z,2026-09-08T10:59:00Z,85,85
T_CLDSW-1,CLDSW-1,2026-09-08,24,2026-09-08T10:59:00Z,2026-09-08T11:00:00Z,85,90
T_CLDSW-1,CLDSW-1,2026-09-08,25,2026-09-08T11:00:00Z,2026-09-08T11:29:00Z,90,90
T_CLDSW-1,CLDSW-1,2026-09-08,25,2026-09-08T11:29:00Z,2026-09-08T11:30:00Z,90,95
T_CLDSW-1,CLDSW-1,2026-09-08,26,2026-09-08T11:30:00Z,2026-09-08T11:59:00Z,95,95
T_CLDSW-1,CLDSW-1,2026-09-08,26,2026-09-08T11:59:00Z,2026-09-08T12:00:00Z,95,100
T_CLDSW-1,CLDSW-1,2026-09-08,27,2026-09-08T12:00:00Z,2026-09-08T12:29:00Z,100,100
T_CLDSW-1,CLDSW-1,2026-09-08,27,2026-09-08T12:29:00Z,2026-09-08T12:30:00Z,100,105
T_CLDSW-1,CLDSW-1,2026-09-08,28,2026-09-08T12:30:00Z,2026-09-08T12:59:00Z,105,105
T_CLDSW-1,CLDSW-1,2026-09-08,28,2026-09-08T12:59:00Z,2026-09-08T13:00:00Z,105,112
T_CLDSW-1,CLDSW-1,2026-09-08,29,2026-09-08T13:00:00Z,2026-09-08T13:29:00Z,112,112
T_CLDSW-1,CLDSW-1,2026-09-08,29,2026-09-08T13:29:00Z,2026-09-08T13:30:00Z,112,113
T_CLDSW-1,CLDSW-1,2026-09-08,30,2026-09-08T13:30:00Z,2026-09-08T14:00:00Z,113,113
T_CLDSW-1,CLDSW-1,2026-09-08,31,2026-09-08T14:00:00Z,2026-09-08T14:30:00Z,112,112
T_CLDSW-1,CLDSW-1,2026-09-08,32,2026-09-08T14:30:00Z,2026-09-08T15:00:00Z,112,112
T_CLDSW-1,CLDSW-1,2026-09-08,33,2026-09-08T15:00:00Z,2026-09-08T15:29:00Z,113,113
T_CLDSW-1,CLDSW-1,2026-09-08,33,2026-09-08T15:29:00Z,2026-09-08T15:30:00Z,113,124
T_CLDSW-1,CLDSW-1,2026-09-08,34,2026-09-08T15:30:00Z,2026-09-08T16:00:00Z,124,124
T_CLDSW-1,CLDSW-1,2026-09-08,35,2026-09-08T16:00:00Z,2026-09-08T16:30:00Z,124,124
T_CLDSW-1,CLDSW-1,2026-09-08,36,2026-09-08T16:30:00Z,2026-09-08T17:00:00Z,124,124
T_CLDSW-1,CLDSW-1,2026-09-08,37,2026-09-08T17:00:00Z,2026-09-08T17:30:00Z,119,119
T_CLDSW-1,CLDSW-1,2026-09-08,38,2026-09-08T17:30:00Z,2026-09-08T17:59:00Z,124,124
T_CLDSW-1,CLDSW-1,2026-09-08,38,2026-09-08T17:59:00Z,2026-09-08T18:00:00Z,124,123
T_CLDSW-1,CLDSW-1,2026-09-08,39,2026-09-08T18:00:00Z,2026-09-08T18:29:00Z,119,119
T_CLDSW-1,CLDSW-1,2026-09-08,39,2026-09-08T18:29:00Z,2026-09-08T18:30:00Z,119,118
T_CLDSW-1,CLDSW-1,2026-09-08,40,2026-09-08T18:30:00Z,2026-09-08T18:59:00Z,118,118
T_CLDSW-1,CLDSW-1,2026-09-08,40,2026-09-08T18:59:00Z,2026-09-08T19:00:00Z,118,117
T_CLDSW-1,CLDSW-1,2026-09-08,41,2026-09-08T19:00:00Z,2026-09-08T19:30:00Z,117,117
T_CLDSW-1,CLDSW-1,2026-09-08,42,2026-09-08T19:30:00Z,2026-09-08T19:59:00Z,117,117
T_CLDSW-1,CLDSW-1,2026-09-08,42,2026-09-08T19:59:00Z,2026-09-08T20:00:00Z,117,116
T_CLDSW-1,CLDSW-1,2026-09-08,43,2026-09-08T20:00:00Z,2026-09-08T20:29:00Z,115,115
T_CLDSW-1,CLDSW-1,2026-09-08,43,2026-09-08T20:29:00Z,2026-09-08T20:30:00Z,115,114
T_CLDSW-1,CLDSW-1,2026-09-08,44,2026-09-08T20:30:00Z,2026-09-08T20:59:00Z,114,114
T_CLDSW-1,CLDSW-1,2026-09-08,44,2026-09-08T20:59:00Z,2026-09-08T21:00:00Z,114,112
T_CLDSW-1,CLDSW-1,2026-09-08,45,2026-09-08T21:00:00Z,2026-09-08T21:29:00Z,112,112
T_CLDSW-1,CLDSW-1,2026-09-08,45,2026-09-08T21:29:00Z,2026-09-08T21:30:00Z,112,110
T_CLDSW-1,CLDSW-1,2026-09-08,46,2026-09-08T21:30:00Z,2026-09-08T21:59:00Z,110,110
T_CLDSW-1,CLDSW-1,2026-09-08,46,2026-09-08T21:59:00Z,2026-09-08T22:00:00Z,110,103
T_CLDSW-1,CLDSW-1,2026-09-08,47,2026-09-08T22:00:00Z,2026-09-08T22:28:00Z,103,103
T_CLDSW-1,CLDSW-1,2026-09-08,47,2026-09-08T22:28:00Z,2026-09-08T22:29:00Z,103,100
T_CLDSW-1,CLDSW-1,2026-09-08,47,2026-09-08T22:29:00Z,2026-09-08T22:30:00Z,100,96
T_CLDSW-1,CLDSW-1,2026-09-08,48,2026-09-08T22:30:00Z,2026-09-08T22:59:00Z,96,96
T_CLDSW-1,CLDSW-1,2026-09-08,48,2026-09-08T22:59:00Z,2026-09-08T23:00:00Z,96,83
T_COUWW-1,COUWW-1,2026-09-08,1,2026-09-07T23:00:00Z,2026-09-07T23:30:00Z,19,19
T_COUWW-1,COUWW-1,2026-09-08,2,2026-09-07T23:30:00Z,2026-09-08T00:00:00Z,19,19
T_COUWW-1,COUWW-1,2026-09-08,3,2026-09-08T00:00:00Z,2026-09-08T00:30:00Z,19,19
T_COUWW-1,COUWW-1,2026-09-08,4,2026-09-08T00:30:00Z,2026-09-08T01:00:00Z,19,19
T_COUWW-1,COUWW-1,2026-09-08,5,2026-09-08T01:00:00Z,2026-09-08T01:30:00Z,19,19
T_COUWW-1,COUWW-1,2026-09-08,6,2026-09-08T01:30:00Z,2026-09-08T02:00:00Z,19,19
T_COUWW-1,COUWW-1,2026-09-08,7,2026-09-08T02:00:00Z,2026-09-08T02:30:00Z,19,19
T_COUWW-1,COUWW-1,2026-09-08,8,2026-09-08T02:30:00Z,2026-09-08T03:00:00Z,20,20
T_COUWW-1,COUWW-1,2026-09-08,9,2026-09-08T03:00:00Z,2026-09-08T03:30:00Z,20,20
T_COUWW-1,COUWW-1,2026-09-08,10,2026-09-08T03:30:00Z,2026-09-08T04:00:00Z,19,19
T_COUWW-1,COUWW-1,2026-09-08,11,2026-09-08T04:00:00Z,2026-09-08T04:30:00Z,20,20
T_COUWW-1,COUWW-1,2026-09-08,12,2026-09-08T04:30:00Z,2026-09-08T05:00:00Z,19,19
T_COUWW-1,COUWW-1,2026-09-08,13,2026-09-08T05:00:00Z,2026-09-08T05:30:00Z,19,19
T_COUWW-1,COUWW-1,2026-09-08,14,2026-09-08T05:30:00Z,2026-09-08T06:00:00Z,19,19
T_COUWW-1,COUWW-1,2026-09-08,15,2026-09-08T06:00:00Z,2026-09-08T06:30:00Z,19,19
T_COUWW-1,COUWW-1,2026-09-08,16,2026-09-08T06:30:00Z,2026-09-08T07:00:00Z,19,19
T_COUWW-1,COUWW-1,2026-09-08,17,2026-09-08T07:00:00Z,2026-09-08T07:30:00Z,18,18
T_COUWW-1,COUWW-1,2026-09-08,18,2026-09-08T07:30:00Z,2026-09-08T08:00:00Z,18,18
T_COUWW-1,COUWW-1,2026-09-08,19,2026-09-08T08:00:00Z,2026-09-08T08:30:00Z,18,18
T_COUWW-1,COUWW-1,2026-09-08,20,2026-09-08T08:30:00Z,2026-09-08T09:00:00Z,18,18
T_COUWW-1,COUWW-1,2026-09-08,21,2026-09-08T09:00:00Z,2026-09-08T09:30:00Z,18,18
T_COUWW-1,COUWW-1,2026-09-08,22,2026-09-08T09:30:00Z,2026-09-08T10:00:00Z,19,19
T_COUWW-1,COUWW-1,2026-09-08,23,2026-09-08T10:00:00Z,2026-09-08T10:30:00Z,19,19
T_COUWW-1,COUWW-1,2026-09-08,24,2026-09-08T10:30:00Z,2026-09-08T11:00:00Z,18,18
T_COUWW-1,COUWW-1,2026-09-08,25,2026-09-08T11:00:00Z,2026-09-08T11:30:00Z,19,19
T_COUWW-1,COUWW-1,2026-09-08,26,2026-09-08T11:30:00Z,2026-09-08T12:00:00Z,19,19
T_COUWW-1,COUWW-1,2026-09-08,27,2026-09-08T12:00:00Z,2026-09-08T12:30:00Z,19,19
T_COUWW-1,COUWW-1,2026-09-08,28,2026-09-08T12:30:00Z,2026-09-08T13:00:00Z,19,19
T_COUWW-1,COUWW-1,2026-09-08,29,2026-09-08T13:00:00Z,2026-09-08T13:30:00Z,19,19
T_COUWW-1,COUWW-1,2026-09-08,30,2026-09-08T13:30:00Z,2026-09-08T14:00:00Z,19,19
T_COUWW-1,COUWW-1,2026-09-08,31,2026-09-08T14:00:00Z,2026-09-08T14:30:00Z,19,19
T_COUWW-1,COUWW-1,2026-09-08,32,2026-09-08T14:30:00Z,2026-09-08T15:00:00Z,19,19
T_COUWW-1,COUWW-1,2026-09-08,33,2026-09-08T15:00:00Z,2026-09-08T15:30:00Z,20,20
T_COUWW-1,COUWW-1,2026-09-08,34,2026-09-08T15:30:00Z,2026-09-08T16:00:00Z,19,19
T_COUWW-1,COUWW-1,2026-09-08,35,2026-09-08T16:00:00Z,2026-09-08T16:30:00Z,19,19
T_COUWW-1,COUWW-1,2026-09-08,36,2026-09-08T16:30:00Z,2026-09-08T17:00:00Z,19,19
T_COUWW-1,COUWW-1,2026-09-08,37,2026-09-08T17:00:00Z,2026-09-08T17:30:00Z,20,20
T_COUWW-1,COUWW-1,2026-09-08,38,2026-09-08T17:30:00Z,2026-09-08T18:00:00Z,19,19
T_COUWW-1,COUWW-1,2026-09-08,39,2026-09-08T18:00:00Z,2026-09-08T18:30:00Z,19,19
T_COUWW-1,COUWW-1,2026-09-08,40,2026-09-08T18:30:00Z,2026-09-08T19:00:00Z,19,19
T_COUWW-1,COUWW-1,2026-09-08,41,2026-09-08T19:00:00Z,2026-09-08T19:30:00Z,19,19
T_COUWW-1,COUWW-1,2026-09-08,42,2026-09-08T19:30:00Z,2026-09-08T20:00:00Z,18,18
T_COUWW-1,COUWW-1,2026-09-08,43,2026-09-08T20:00:00Z,2026-09-08T20:30:00Z,18,18
T_COUWW-1,COUWW-1,2026-09-08,44,2026-09-08T20:30:00Z,2026-09-08T21:00:00Z,17,17
T_COUWW-1,COUWW-1,2026-09-08,45,2026-09-08T21:00:00Z,2026-09-08T21:30:00Z,17,17
T_COUWW-1,COUWW-1,2026-09-08,46,2026-09-08T21:30:00Z,2026-09-08T22:00:00Z,17,17
T_COUWW-1,COUWW-1,2026-09-08,47,2026-09-08T22:00:00Z,2026-09-08T22:30:00Z,16,16
T_COUWW-1,COUWW-1,2026-09-08,48,2026-09-08T22:30:00Z,2026-09-08T23:00:00Z,16,16
T_CRDEW-1,CRDEW-1,2026-09-08,1,2026-09-07T23:00:00Z,2026-09-07T23:30:00Z,18,18
T_CRDEW-1,CRDEW-1,2026-09-08,2,2026-09-07T23:30:00Z,2026-09-08T00:00:00Z,20,20
T_CRDEW-1,CRDEW-1,2026-09-08,3,2026-09-08T00:00:00Z,2026-09-08T00:30:00Z,22,22
T_CRDEW-1,CRDEW-1,2026-09-08,4,2026-09-08T00:30:00Z,2026-09-08T01:00:00Z,23,23
T_CRDEW-1,CRDEW-1,2026-09-08,5,2026-09-08T01:00:00Z,2026-09-08T01:30:00Z,23,23
T_CRDEW-1,CRDEW-1,2026-09-08,6,2026-09-08T01:30:00Z,2026-09-08T02:00:00Z,22,22
T_CRDEW-1,CRDEW-1,2026-09-08,7,2026-09-08T02:00:00Z,2026-09-08T02:30:00Z,22,22
T_CRDEW-1,CRDEW-1,2026-09-08,8,2026-09-08T02:30:00Z,2026-09-08T03:00:00Z,21,21
T_CRDEW-1,CRDEW-1,2026-09-08,9,2026-09-08T03:00:00Z,2026-09-08T03:30:00Z,21,21
T_CRDEW-1,CRDEW-1,2026-09-08,10,2026-09-08T03:30:00Z,2026-09-08T04:00:00Z,21,21
T_CRDEW-1,CRDEW-1,2026-09-08,11,2026-09-08T04:00:00Z,2026-09-08T04:30:00Z,22,22
T_CRDEW-1,CRDEW-1,2026-09-08,12,2026-09-08T04:30:00Z,2026-09-08T05:00:00Z,21,21
T_CRDEW-1,CRDEW-1,2026-09-08,13,2026-09-08T05:00:00Z,2026-09-08T05:30:00Z,21,21
T_CRDEW-1,CRDEW-1,2026-09-08,14,2026-09-08T05:30:00Z,2026-09-08T06:00:00Z,21,21
T_CRDEW-1,CRDEW-1,2026-09-08,15,2026-09-08T06:00:00Z,2026-09-08T06:30:00Z,22,22
T_CRDEW-1,CRDEW-1,2026-09-08,16,2026-09-08T06:30:00Z,2026-09-08T07:00:00Z,20,20
T_CRDEW-1,CRDEW-1,2026-09-08,17,2026-09-08T07:00:00Z,2026-09-08T07:30:00Z,21,21
T_CRDEW-1,CRDEW-1,2026-09-08,18,2026-09-08T07:30:00Z,2026-09-08T08:00:00Z,21,21
T_CRDEW-1,CRDEW-1,2026-09-08,19,2026-09-08T08:00:00Z,2026-09-08T08:30:00Z,22,22
T_CRDEW-1,CRDEW-1,2026-09-08,20,2026-09-08T08:30:00Z,2026-09-08T09:00:00Z,20,20
T_CRDEW-1,CRDEW-1,2026-09-08,21,2026-09-08T09:00:00Z,2026-09-08T09:30:00Z,19,19
T_CRDEW-1,CRDEW-1,2026-09-08,22,2026-09-08T09:30:00Z,2026-09-08T10:00:00Z,17,17
T_CRDEW-1,CRDEW-1,2026-09-08,23,2026-09-08T10:00:00Z,2026-09-08T10:30:00Z,17,17
T_CRDEW-1,CRDEW-1,2026-09-08,24,2026-09-08T10:30:00Z,2026-09-08T11:00:00Z,16,16
T_CRDEW-1,CRDEW-1,2026-09-08,25,2026-09-08T11:00:00Z,2026-09-08T11:30:00Z,16,16
T_CRDEW-1,CRDEW-1,2026-09-08,26,2026-09-08T11:30:00Z,2026-09-08T12:00:00Z,16,16
T_CRDEW-1,CRDEW-1,2026-09-08,27,2026-09-08T12:00:00Z,2026-09-08T12:30:00Z,16,16
T_CRDEW-1,CRDEW-1,2026-09-08,28,2026-09-08T12:30:00Z,2026-09-08T13:00:00Z,16,16
T_CRDEW-1,CRDEW-1,2026-09-08,29,2026-09-08T13:00:00Z,2026-09-08T13:30:00Z,16,16
T_CRDEW-1,CRDEW-1,2026-09-08,30,2026-09-08T13:30:00Z,2026-09-08T14:00:00Z,17,17
T_CRDEW-1,CRDEW-1,2026-09-08,31,2026-09-08T14:00:00Z,2026-09-08T14:30:00Z,18,18
T_CRDEW-1,CRDEW-1,2026-09-08,32,2026-09-08T14:30:00Z,2026-09-08T15:00:00Z,17,17
T_CRDEW-1,CRDEW-1,2026-09-08,33,2026-09-08T15:00:00Z,2026-09-08T15:30:00Z,18,18
T_CRDEW-1,CRDEW-1,2026-09-08,34,2026-09-08T15:30:00Z,2026-09-08T16:00:00Z,18,18
T_CRDEW-1,CRDEW-1,2026-09-08,35,2026-09-08T16:00:00Z,2026-09-08T16:30:00Z,17,17
T_CRDEW-1,CRDEW-1,2026-09-08,36,2026-09-08T16:30:00Z,2026-09-08T17:00:00Z,18,18
T_CRDEW-1,CRDEW-1,2026-09-08,37,2026-09-08T17:00:00Z,2026-09-08T17:30:00Z,19,19
T_CRDEW-1,CRDEW-1,2026-09-08,38,2026-09-08T17:30:00Z,2026-09-08T18:00:00Z,17,17
T_CRDEW-1,CRDEW-1,2026-09-08,39,2026-09-08T18:00:00Z,2026-09-08T18:30:00Z,16,16
T_CRDEW-1,CRDEW-1,2026-09-08,40,2026-09-08T18:30:00Z,2026-09-08T19:00:00Z,16,16
T_CRDEW-1,CRDEW-1,2026-09-08,41,2026-09-08T19:00:00Z,2026-09-08T19:30:00Z,16,16
T_CRDEW-1,CRDEW-1,2026-09-08,42,2026-09-08T19:30:00Z,2026-09-08T20:00:00Z,17,17
T_CRDEW-1,CRDEW-1,2026-09-08,43,2026-09-08T20:00:00Z,2026-09-08T20:30:00Z,18,18
T_CRDEW-1,CRDEW-1,2026-09-08,44,2026-09-08T20:30:00Z,2026-09-08T21:00:00Z,14,14
T_CRDEW-1,CRDEW-1,2026-09-08,45,2026-09-08T21:00:00Z,2026-09-08T21:30:00Z,12,12
T_CRDEW-1,CRDEW-1,2026-09-08,46,2026-09-08T21:30:00Z,2026-09-08T22:00:00Z,11,11
T_CRDEW-1,CRDEW-1,2026-09-08,47,2026-09-08T22:00:00Z,2026-09-08T22:30:00Z,10,10
T_CRDEW-1,CRDEW-1,2026-09-08,48,2026-09-08T22:30:00Z,2026-09-08T23:00:00Z,9,9
T_CRDEW-2,CRDEW-2,2026-09-08,1,2026-09-07T23:00:00Z,2026-09-07T23:30:00Z,18,18
T_CRDEW-2,CRDEW-2,2026-09-08,2,2026-09-07T23:30:00Z,2026-09-08T00:00:00Z,20,20
T_CRDEW-2,CRDEW-2,2026-09-08,3,2026-09-08T00:00:00Z,2026-09-08T00:30:00Z,22,22
T_CRDEW-2,CRDEW-2,2026-09-08,4,2026-09-08T00:30:00Z,2026-09-08T01:00:00Z,23,23
T_CRDEW-2,CRDEW-2,2026-09-08,5,2026-09-08T01:00:00Z,2026-09-08T01:30:00Z,23,23
T_CRDEW-2,CRDEW-2,2026-09-08,6,2026-09-08T01:30:00Z,2026-09-08T02:00:00Z,22,22
T_CRDEW-2,CRDEW-2,2026-09-08,7,2026-09-08T02:00:00Z,2026-09-08T02:30:00Z,22,22
T_CRDEW-2,CRDEW-2,2026-09-08,8,2026-09-08T02:30:00Z,2026-09-08T03:00:00Z,21,21
T_CRDEW-2,CRDEW-2,2026-09-08,9,2026-09-08T03:00:00Z,2026-09-08T03:30:00Z,21,21
T_CRDEW-2,CRDEW-2,2026-09-08,10,2026-09-08T03:30:00Z,2026-09-08T04:00:00Z,21,21
T_CRDEW-2,CRDEW-2,2026-09-08,11,2026-09-08T04:00:00Z,2026-09-08T04:30:00Z,22,22
T_CRDEW-2,CRDEW-2,2026-09-08,12,2026-09-08T04:30:00Z,2026-09-08T05:00:00Z,21,21
T_CRDEW-2,CRDEW-2,2026-09-08,13,2026-09-08T05:00:00Z,2026-09-08T05:30:00Z,21,21
T_CRDEW-2,CRDEW-2,2026-09-08,14,2026-09-08T05:30:00Z,2026-09-08T06:00:00Z,21,21
T_CRDEW-2,CRDEW-2,2026-09-08,15,2026-09-08T06:00:00Z,2026-09-08T06:30:00Z,22,22
T_CRDEW-2,CRDEW-2,2026-09-08,16,2026-09-08T06:30:00Z,2026-09-08T07:00:00Z,20,20
T_CRDEW-2,CRDEW-2,2026-09-08,17,2026-09-08T07:00:00Z,2026-09-08T07:30:00Z,21,21
T_CRDEW-2,CRDEW-2,2026-09-08,18,2026-09-08T07:30:00Z,2026-09-08T08:00:00Z,21,21
T_CRDEW-2,CRDEW-2,2026-09-08,19,2026-09-08T08:00:00Z,2026-09-08T08:30:00Z,22,22
T_CRDEW-2,CRDEW-2,2026-09-08,20,2026-09-08T08:30:00Z,2026-09-08T09:00:00Z,20,20
T_CRDEW-2,CRDEW-2,2026-09-08,21,2026-09-08T09:00:00Z,2026-09-08T09:30:00Z,19,19
T_CRDEW-2,CRDEW-2,2026-09-08,22,2026-09-08T09:30:00Z,2026-09-08T10:00:00Z,17,17
T_CRDEW-2,CRDEW-2,2026-09-08,23,2026-09-08T10:00:00Z,2026-09-08T10:30:00Z,17,17
T_CRDEW-2,CRDEW-2,2026-09-08,24,2026-09-08T10:30:00Z,2026-09-08T11:00:00Z,16,16
T_CRDEW-2,CRDEW-2,2026-09-08,25,2026-09-08T11:00:00Z,2026-09-08T11:30:00Z,16,16
T_CRDEW-2,CRDEW-2,2026-09-08,26,2026-09-08T11:30:00Z,2026-09-08T12:00:00Z,16,16
T_CRDEW-2,CRDEW-2,2026-09-08,27,2026-09-08T12:00:00Z,2026-09-08T12:30:00Z,16,16
T_CRDEW-2,CRDEW-2,2026-09-08,28,2026-09-08T12:30:00Z,2026-09-08T13:00:00Z,16,16
T_CRDEW-2,CRDEW-2,2026-09-08,29,2026-09-08T13:00:00Z,2026-09-08T13:30:00Z,16,16
T_CRDEW-2,CRDEW-2,2026-09-08,30,2026-09-08T13:30:00Z,2026-09-08T14:00:00Z,17,17
T_CRDEW-2,CRDEW-2,2026-09-08,31,2026-09-08T14:00:00Z,2026-09-08T14:30:00Z,18,18
T_CRDEW-2,CRDEW-2,2026-09-08,32,2026-09-08T14:30:00Z,2026-09-08T15:00:00Z,17,17
T_CRDEW-2,CRDEW-2,2026-09-08,33,2026-09-08T15:00:00Z,2026-09-08T15:30:00Z,18,18
T_CRDEW-2,CRDEW-2,2026-09-08,34,2026-09-08T15:30:00Z,2026-09-08T16:00:00Z,18,18
T_CRDEW-2,CRDEW-2,2026-09-08,35,2026-09-08T16:00:00Z,2026-09-08T16:30:00Z,17,17
T_CRDEW-2,CRDEW-2,2026-09-08,36,2026-09-08T16:30:00Z,2026-09-08T17:00:00Z,18,18
T_CRDEW-2,CRDEW-2,2026-09-08,37,2026-09-08T17:00:00Z,2026-09-08T17:30:00Z,19,19
T_CRDEW-2,CRDEW-2,2026-09-08,38,2026-09-08T17:30:00Z,2026-09-08T18:00:00Z,17,17
T_CRDEW-2,CRDEW-2,2026-09-08,39,2026-09-08T18:00:00Z,2026-09-08T18:30:00Z,16,16
T_CRDEW-2,CRDEW-2,2026-09-08,40,2026-09-08T18:30:00Z,2026-09-08T19:00:00Z,16,16
T_CRDEW-2,CRDEW-2,2026-09-08,41,2026-09-08T19:00:00Z,2026-09-08T19:30:00Z,16,16
T_CRDEW-2,CRDEW-2,2026-09-08,42,2026-09-08T19:30:00Z,2026-09-08T20:00:00Z,17,17
T_CRDEW-2,CRDEW-2,2026-09-08,43,2026-09-08T20:00:00Z,2026-09-08T20:30:00Z,18,18
T_CRDEW-2,CRDEW-2,2026-09-08,44,2026-09-08T20:30:00Z,2026-09-08T21:00:00Z,14,14
T_CRDEW-2,CRDEW-2,2026-09-08,45,2026-09-08T21:00:00Z,2026-09-08T21:30:00Z,12,12
T_CRDEW-2,CRDEW-2,2026-09-08,46,2026-09-08T21:30:00Z,2026-09-08T22:00:00Z,11,11
T_CRDEW-2,CRDEW-2,2026-09-08,47,2026-09-08T22:00:00Z,2026-09-08T22:30:00Z,10,10
T_CRDEW-2,CRDEW-2,2026-09-08,48,2026-09-08T22:30:00Z,2026-09-08T23:00:00Z,9,9
T_CREAW-1,CREAW-1,2026-09-08,1,2026-09-07T23:00:00Z,2026-09-07T23:30:00Z,85,85
T_CREAW-1,CREAW-1,2026-09-08,2,2026-09-07T23:30:00Z,2026-09-08T00:00:00Z,85,86
T_CREAW-1,CREAW-1,2026-09-08,3,2026-09-08T00:00:00Z,2026-09-08T00:30:00Z,86,87
T_CREAW-1,CREAW-1,2026-09-08,4,2026-09-08T00:30:00Z,2026-09-08T01:00:00Z,86,87
T_CREAW-1,CREAW-1,2026-09-08,5,2026-09-08T01:00:00Z,2026-09-08T01:30:00Z,85,82
T_CREAW-1,CREAW-1,2026-09-08,6,2026-09-08T01:30:00Z,2026-09-08T02:00:00Z,73,73
T_CREAW-1,CREAW-1,2026-09-08,7,2026-09-08T02:00:00Z,2026-09-08T02:30:00Z,69,69
T_CREAW-1,CREAW-1,2026-09-08,8,2026-09-08T02:30:00Z,2026-09-08T03:00:00Z,69,70
T_CREAW-1,CREAW-1,2026-09-08,9,2026-09-08T03:00:00Z,2026-09-08T03:30:00Z,70,73
T_CREAW-1,CREAW-1,2026-09-08,10,2026-09-08T03:30:00Z,2026-09-08T04:00:00Z,73,76
T_CREAW-1,CREAW-1,2026-09-08,11,2026-09-08T04:00:00Z,2026-09-08T04:30:00Z,76,79
T_CREAW-1,CREAW-1,2026-09-08,12,2026-09-08T04:30:00Z,2026-09-08T05:00:00Z,79,82
T_CREAW-1,CREAW-1,2026-09-08,13,2026-09-08T05:00:00Z,2026-09-08T05:30:00Z,82,84
T_CREAW-1,CREAW-1,2026-09-08,14,2026-09-08T05:30:00Z,2026-09-08T06:00:00Z,84,85
T_CREAW-1,CREAW-1,2026-09-08,15,2026-09-08T06:00:00Z,2026-09-08T06:30:00Z,85,84
T_CREAW-1,CREAW-1,2026-09-08,16,2026-09-08T06:30:00Z,2026-09-08T07:00:00Z,84,82
T_CREAW-1,CREAW-1,2026-09-08,17,2026-09-08T07:00:00Z,2026-09-08T07:30:00Z,85,75
T_CREAW-1,CREAW-1,2026-09-08,18,2026-09-08T07:30:00Z,2026-09-08T08:00:00Z,73,63
T_CREAW-1,CREAW-1,2026-09-08,19,2026-09-08T08:00:00Z,2026-09-08T08:30:00Z,64,61
T_CREAW-1,CREAW-1,2026-09-08,20,2026-09-08T08:30:00Z,2026-09-08T09:00:00Z,62,60
T_CREAW-1,CREAW-1,2026-09-08,21,2026-09-08T09:00:00Z,2026-09-08T09:30:00Z,60,54
T_CREAW-1,CREAW-1,2026-09-08,22,2026-09-08T09:30:00Z,2026-09-08T10:00:00Z,61,57
T_CREAW-1,CREAW-1,2026-09-08,23,2026-09-08T10:00:00Z,2026-09-08T10:30:00Z,60,59
T_CREAW-1,CREAW-1,2026-09-08,24,2026-09-08T10:30:00Z,2026-09-08T11:00:00Z,65,64
T_CREAW-1,CREAW-1,2026-09-08,25,2026-09-08T11:00:00Z,2026-09-08T11:30:00Z,66,69
T_CREAW-1,CREAW-1,2026-09-08,26,2026-09-08T11:30:00Z,2026-09-08T12:00:00Z,70,71
T_CREAW-1,CREAW-1,2026-09-08,27,2026-09-08T12:00:00Z,2026-09-08T12:30:00Z,71,71
T_CREAW-1,CREAW-1,2026-09-08,28,2026-09-08T12:30:00Z,2026-09-08T13:00:00Z,71,70
T_CREAW-1,CREAW-1,2026-09-08,29,2026-09-08T13:00:00Z,2026-09-08T13:30:00Z,70,69
T_CREAW-1,CREAW-1,2026-09-08,30,2026-09-08T13:30:00Z,2026-09-08T14:00:00Z,70,69
T_CREAW-1,CREAW-1,2026-09-08,31,2026-09-08T14:00:00Z,2026-09-08T14:30:00Z,70,69
T_CREAW-1,CREAW-1,2026-09-08,32,2026-09-08T14:30:00Z,2026-09-08T15:00:00Z,67,66
T_CREAW-1,CREAW-1,2026-09-08,33,2026-09-08T15:00:00Z,2026-09-08T15:30:00Z,68,77
T_CREAW-1,CREAW-1,2026-09-08,34,2026-09-08T15:30:00Z,2026-09-08T16:00:00Z,78,88
T_CREAW-1,CREAW-1,2026-09-08,35,2026-09-08T16:00:00Z,2026-09-08T16:30:00Z,88,88
T_CREAW-1,CREAW-1,2026-09-08,36,2026-09-08T16:30:00Z,2026-09-08T17:00:00Z,88,89
T_CREAW-1,CREAW-1,2026-09-08,37,2026-09-08T17:00:00Z,2026-09-08T17:30:00Z,89,87
T_CREAW-1,CREAW-1,2026-09-08,38,2026-09-08T17:30:00Z,2026-09-08T18:00:00Z,87,85
T_CREAW-1,CREAW-1,2026-09-08,39,2026-09-08T18:00:00Z,2026-09-08T18:30:00Z,85,80
T_CREAW-1,CREAW-1,2026-09-08,40,2026-09-08T18:30:00Z,2026-09-08T19:00:00Z,79,74
T_CREAW-1,CREAW-1,2026-09-08,41,2026-09-08T19:00:00Z,2026-09-08T19:30:00Z,69,67
T_CREAW-1,CREAW-1,2026-09-08,42,2026-09-08T19:30:00Z,2026-09-08T20:00:00Z,60,53
T_CREAW-1,CREAW-1,2026-09-08,43,2026-09-08T20:00:00Z,2026-09-08T20:30:00Z,45,41
T_CREAW-1,CREAW-1,2026-09-08,44,2026-09-08T20:30:00Z,2026-09-08T21:00:00Z,41,37
T_CREAW-1,CREAW-1,2026-09-08,45,2026-09-08T21:00:00Z,2026-09-08T21:30:00Z,32,28
T_CREAW-1,CREAW-1,2026-09-08,46,2026-09-08T21:30:00Z,2026-09-08T22:00:00Z,31,28
T_CREAW-1,CREAW-1,2026-09-08,47,2026-09-08T22:00:00Z,2026-09-08T22:30:00Z,23,23
T_CREAW-1,CREAW-1,2026-09-08,48,2026-09-08T22:30:00Z,2026-09-08T23:00:00Z,23,23
T_CRGHW-1,CRGHW-1,2026-09-08,1,2026-09-07T23:00:00Z,2026-09-07T23:30:00Z,45,46
T_CRGHW-1,CRGHW-1,2026-09-08,2,2026-09-07T23:30:00Z,2026-09-08T00:00:00Z,45,45
T_CRGHW-1,CRGHW-1,2026-09-08,3,2026-09-08T00:00:00Z,2026-09-08T00:30:00Z,46,46
T_CRGHW-1,CRGHW-1,2026-09-08,4,2026-09-08T00:30:00Z,2026-09-08T01:00:00Z,45,45
T_CRGHW-1,CRGHW-1,2026-09-08,5,2026-09-08T01:00:00Z,2026-09-08T01:30:00Z,45,45
T_CRGHW-1,CRGHW-1,2026-09-08,6,2026-09-08T01:30:00Z,2026-09-08T02:00:00Z,42,42
T_CRGHW-1,CRGHW-1,2026-09-08,7,2026-09-08T02:00:00Z,2026-09-08T02:30:00Z,43,44
T_CRGHW-1,CRGHW-1,2026-09-08,8,2026-09-08T02:30:00Z,2026-09-08T03:00:00Z,45,46
T_CRGHW-1,CRGHW-1,2026-09-08,9,2026-09-08T03:00:00Z,2026-09-08T03:30:00Z,45,45
T_CRGHW-1,CRGHW-1,2026-09-08,10,2026-09-08T03:30:00Z,2026-09-08T04:00:00Z,45,45
T_CRGHW-1,CRGHW-1,2026-09-08,11,2026-09-08T04:00:00Z,2026-09-08T04:30:00Z,46,41
T_CRGHW-1,CRGHW-1,2026-09-08,12,2026-09-08T04:30:00Z,2026-09-08T05:00:00Z,43,39
T_CRGHW-1,CRGHW-1,2026-09-08,13,2026-09-08T05:00:00Z,2026-09-08T05:30:00Z,44,41
T_CRGHW-1,CRGHW-1,2026-09-08,14,2026-09-08T05:30:00Z,2026-09-08T06:00:00Z,42,41
T_CRGHW-1,CRGHW-1,2026-09-08,15,2026-09-08T06:00:00Z,2026-09-08T06:30:00Z,41,43
T_CRGHW-1,CRGHW-1,2026-09-08,16,2026-09-08T06:30:00Z,2026-09-08T07:00:00Z,43,46
T_CRGHW-1,CRGHW-1,2026-09-08,17,2026-09-08T07:00:00Z,2026-09-08T07:30:00Z,46,46
T_CRGHW-1,CRGHW-1,2026-09-08,18,2026-09-08T07:30:00Z,2026-09-08T08:00:00Z,44,46
T_CRGHW-1,CRGHW-1,2026-09-08,19,2026-09-08T08:00:00Z,2026-09-08T08:30:00Z,45,46
T_CRGHW-1,CRGHW-1,2026-09-08,20,2026-09-08T08:30:00Z,2026-09-08T09:00:00Z,35,38
T_CRGHW-1,CRGHW-1,2026-09-08,21,2026-09-08T09:00:00Z,2026-09-08T09:30:00Z,31,31
T_CRGHW-1,CRGHW-1,2026-09-08,22,2026-09-08T09:30:00Z,2026-09-08T10:00:00Z,24,24
T_CRGHW-1,CRGHW-1,2026-09-08,23,2026-09-08T10:00:00Z,2026-09-08T10:30:00Z,27,27
T_CRGHW-1,CRGHW-1,2026-09-08,24,2026-09-08T10:30:00Z,2026-09-08T11:00:00Z,32,31
T_CRGHW-1,CRGHW-1,2026-09-08,25,2026-09-08T11:00:00Z,2026-09-08T11:30:00Z,40,41
T_CRGHW-1,CRGHW-1,2026-09-08,26,2026-09-08T11:30:00Z,2026-09-08T12:00:00Z,40,41
T_CRGHW-1,CRGHW-1,2026-09-08,27,2026-09-08T12:00:00Z,2026-09-08T12:30:00Z,44,41
T_CRGHW-1,CRGHW-1,2026-09-08,28,2026-09-08T12:30:00Z,2026-09-08T13:00:00Z,41,39
T_CRGHW-1,CRGHW-1,2026-09-08,29,2026-09-08T13:00:00Z,2026-09-08T13:30:00Z,37,39
T_CRGHW-1,CRGHW-1,2026-09-08,30,2026-09-08T13:30:00Z,2026-09-08T14:00:00Z,25,26
T_CRGHW-1,CRGHW-1,2026-09-08,31,2026-09-08T14:00:00Z,2026-09-08T14:30:00Z,26,28
T_CRGHW-1,CRGHW-1,2026-09-08,32,2026-09-08T14:30:00Z,2026-09-08T15:00:00Z,31,34
T_CRGHW-1,CRGHW-1,2026-09-08,33,2026-09-08T15:00:00Z,2026-09-08T15:30:00Z,34,36
T_CRGHW-1,CRGHW-1,2026-09-08,34,2026-09-08T15:30:00Z,2026-09-08T16:00:00Z,46,46
T_CRGHW-1,CRGHW-1,2026-09-08,35,2026-09-08T16:00:00Z,2026-09-08T16:30:00Z,46,46
T_CRGHW-1,CRGHW-1,2026-09-08,36,2026-09-08T16:30:00Z,2026-09-08T17:00:00Z,46,46
T_CRGHW-1,CRGHW-1,2026-09-08,37,2026-09-08T17:00:00Z,2026-09-08T17:30:00Z,46,46
T_CRGHW-1,CRGHW-1,2026-09-08,38,2026-09-08T17:30:00Z,2026-09-08T18:00:00Z,46,46
T_CRGHW-1,CRGHW-1,2026-09-08,39,2026-09-08T18:00:00Z,2026-09-08T18:30:00Z,46,44
T_CRGHW-1,CRGHW-1,2026-09-08,40,2026-09-08T18:30:00Z,2026-09-08T19:00:00Z,44,43
T_CRGHW-1,CRGHW-1,2026-09-08,41,2026-09-08T19:00:00Z,2026-09-08T19:30:00Z,42,42
T_CRGHW-1,CRGHW-1,2026-09-08,42,2026-09-08T19:30:00Z,2026-09-08T20:00:00Z,40,37
T_CRGHW-1,CRGHW-1,2026-09-08,43,2026-09-08T20:00:00Z,2026-09-08T20:30:00Z,31,29
T_CRGHW-1,CRGHW-1,2026-09-08,44,2026-09-08T20:30:00Z,2026-09-08T21:00:00Z,33,30
T_CRGHW-1,CRGHW-1,2026-09-08,45,2026-09-08T21:00:00Z,2026-09-08T21:30:00Z,29,25
T_CRGHW-1,CRGHW-1,2026-09-08,46,2026-09-08T21:30:00Z,2026-09-08T22:00:00Z,31,26
T_CRGHW-1,CRGHW-1,2026-09-08,47,2026-09-08T22:00:00Z,2026-09-08T22:30:00Z,25,22
T_CRGHW-1,CRGHW-1,2026-09-08,48,2026-09-08T22:30:00Z,2026-09-08T23:00:00Z,22,20
T_CRMLW-1,CRMLW-1,2026-09-08,1,2026-09-07T23:00:00Z,2026-09-07T23:30:00Z,11,11
T_CRMLW-1,CRMLW-1,2026-09-08,2,2026-09-07T23:30:00Z,2026-09-08T00:00:00Z,11,11
T_CRMLW-1,CRMLW-1,2026-09-08,3,2026-09-08T00:00:00Z,2026-09-08T00:30:00Z,11,11
T_CRMLW-1,CRMLW-1,2026-09-08,4,2026-09-08T00:30:00Z,2026-09-08T01:00:00Z,11,11
T_CRMLW-1,CRMLW-1,2026-09-08,5,2026-09-08T01:00:00Z,2026-09-08T01:30:00Z,11,11
T_CRMLW-1,CRMLW-1,2026-09-08,6,2026-09-08T01:30:00Z,2026-09-08T02:00:00Z,11,11
T_CRMLW-1,CRMLW-1,2026-09-08,7,2026-09-08T02:00:00Z,2026-09-08T02:30:00Z,11,11
T_CRMLW-1,CRMLW-1,2026-09-08,8,2026-09-08T02:30:00Z,2026-09-08T03:00:00Z,11,11
T_CRMLW-1,CRMLW-1,2026-09-08,9,2026-09-08T03:00:00Z,2026-09-08T03:30:00Z,11,11
T_CRMLW-1,CRMLW-1,2026-09-08,10,2026-09-08T03:30:00Z,2026-09-08T04:00:00Z,11,11
T_CRMLW-1,CRMLW-1,2026-09-08,11,2026-09-08T04:00:00Z,2026-09-08T04:30:00Z,10,10
T_CRMLW-1,CRMLW-1,2026-09-08,12,2026-09-08T04:30:00Z,2026-09-08T05:00:00Z,10,11
T_CRMLW-1,CRMLW-1,2026-09-08,13,2026-09-08T05:00:00Z,2026-09-08T05:30:00Z,10,10
T_CRMLW-1,CRMLW-1,2026-09-08,14,2026-09-08T05:30:00Z,2026-09-08T06:00:00Z,10,10
T_CRMLW-1,CRMLW-1,2026-09-08,15,2026-09-08T06:00:00Z,2026-09-08T06:30:00Z,10,10
T_CRMLW-1,CRMLW-1,2026-09-08,16,2026-09-08T06:30:00Z,2026-09-08T07:00:00Z,10,10
T_CRMLW-1,CRMLW-1,2026-09-08,17,2026-09-08T07:00:00Z,2026-09-08T07:30:00Z,10,10
T_CRMLW-1,CRMLW-1,2026-09-08,18,2026-09-08T07:30:00Z,2026-09-08T08:00:00Z,10,10
T_CRMLW-1,CRMLW-1,2026-09-08,19,2026-09-08T08:00:00Z,2026-09-08T08:30:00Z,10,10
T_CRMLW-1,CRMLW-1,2026-09-08,20,2026-09-08T08:30:00Z,2026-09-08T09:00:00Z,10,10
T_CRMLW-1,CRMLW-1,2026-09-08,21,2026-09-08T09:00:00Z,2026-09-08T09:30:00Z,15,15
T_CRMLW-1,CRMLW-1,2026-09-08,22,2026-09-08T09:30:00Z,2026-09-08T10:00:00Z,15,15
T_CRMLW-1,CRMLW-1,2026-09-08,23,2026-09-08T10:00:00Z,2026-09-08T10:30:00Z,15,15
T_CRMLW-1,CRMLW-1,2026-09-08,24,2026-09-08T10:30:00Z,2026-09-08T11:00:00Z,14,14
T_CRMLW-1,CRMLW-1,2026-09-08,25,2026-09-08T11:00:00Z,2026-09-08T11:30:00Z,12,12
T_CRMLW-1,CRMLW-1,2026-09-08,26,2026-09-08T11:30:00Z,2026-09-08T12:00:00Z,14,14
T_CRMLW-1,CRMLW-1,2026-09-08,27,2026-09-08T12:00:00Z,2026-09-08T12:30:00Z,13,13
T_CRMLW-1,CRMLW-1,2026-09-08,28,2026-09-08T12:30:00Z,2026-09-08T13:00:00Z,13,12
T_CRMLW-1,CRMLW-1,2026-09-08,29,2026-09-08T13:00:00Z,2026-09-08T13:30:00Z,14,13
T_CRMLW-1,CRMLW-1,2026-09-08,30,2026-09-08T13:30:00Z,2026-09-08T14:00:00Z,14,14
T_CRMLW-1,CRMLW-1,2026-09-08,31,2026-09-08T14:00:00Z,2026-09-08T14:30:00Z,14,14
T_CRMLW-1,CRMLW-1,2026-09-08,32,2026-09-08T14:30:00Z,2026-09-08T15:00:00Z,14,14
T_CRMLW-1,CRMLW-1,2026-09-08,33,2026-09-08T15:00:00Z,2026-09-08T15:30:00Z,14,14
T_CRMLW-1,CRMLW-1,2026-09-08,34,2026-09-08T15:30:00Z,2026-09-08T16:00:00Z,14,14
T_CRMLW-1,CRMLW-1,2026-09-08,35,2026-09-08T16:00:00Z,2026-09-08T16:30:00Z,14,13
T_CRMLW-1,CRMLW-1,2026-09-08,36,2026-09-08T16:30:00Z,2026-09-08T17:00:00Z,13,12
T_CRMLW-1,CRMLW-1,2026-09-08,37,2026-09-08T17:00:00Z,2026-09-08T17:30:00Z,12,12
T_CRMLW-1,CRMLW-1,2026-09-08,38,2026-09-08T17:30:00Z,2026-09-08T18:00:00Z,13,13
T_CRMLW-1,CRMLW-1,2026-09-08,39,2026-09-08T18:00:00Z,2026-09-08T18:30:00Z,12,12
T_CRMLW-1,CRMLW-1,2026-09-08,40,2026-09-08T18:30:00Z,2026-09-08T19:00:00Z,11,11
T_CRMLW-1,CRMLW-1,2026-09-08,41,2026-09-08T19:00:00Z,2026-09-08T19:30:00Z,11,11
T_CRMLW-1,CRMLW-1,2026-09-08,42,2026-09-08T19:30:00Z,2026-09-08T20:00:00Z,9,9
T_CRMLW-1,CRMLW-1,2026-09-08,43,2026-09-08T20:00:00Z,2026-09-08T20:30:00Z,9,9
T_CRMLW-1,CRMLW-1,2026-09-08,44,2026-09-08T20:30:00Z,2026-09-08T21:00:00Z,10,10
T_CRMLW-1,CRMLW-1,2026-09-08,45,2026-09-08T21:00:00Z,2026-09-08T21:30:00Z,9,9
T_CRMLW-1,CRMLW-1,2026-09-08,46,2026-09-08T21:30:00Z,2026-09-08T22:00:00Z,9,9
T_CRMLW-1,CRMLW-1,2026-09-08,47,2026-09-08T22:00:00Z,2026-09-08T22:30:00Z,10,10
T_CRMLW-1,CRMLW-1,2026-09-08,48,2026-09-08T22:30:00Z,2026-09-08T23:00:00Z,7,7
T_CRYRW-2,CRYRW-2,2026-09-08,1,2026-09-07T23:00:00Z,2026-09-07T23:30:00Z,103,103
T_CRYRW-2,CRYRW-2,2026-09-08,2,2026-09-07T23:30:00Z,2026-09-08T00:00:00Z,121,121
T_CRYRW-2,CRYRW-2,2026-09-08,3,2026-09-08T00:00:00Z,2026-09-08T00:30:00Z,120,121
T_CRYRW-2,CRYRW-2,2026-09-08,4,2026-09-08T00:30:00Z,2026-09-08T01:00:00Z,128,128
T_CRYRW-2,CRYRW-2,2026-09-08,5,2026-09-08T01:00:00Z,2026-09-08T01:30:00Z,123,123
T_CRYRW-2,CRYRW-2,2026-09-08,6,2026-09-08T01:30:00Z,2026-09-08T02:00:00Z,109,110
T_CRYRW-2,CRYRW-2,2026-09-08,7,2026-09-08T02:00:00Z,2026-09-08T02:30:00Z,102,103
T_CRYRW-2,CRYRW-2,2026-09-08,8,2026-09-08T02:30:00Z,2026-09-08T03:00:00Z,101,101
T_CRYRW-2,CRYRW-2,2026-09-08,9,2026-09-08T03:00:00Z,2026-09-08T03:30:00Z,97,97
T_CRYRW-2,CRYRW-2,2026-09-08,10,2026-09-08T03:30:00Z,2026-09-08T04:00:00Z,74,75
T_CRYRW-2,CRYRW-2,2026-09-08,11,2026-09-08T04:00:00Z,2026-09-08T04:30:00Z,86,86
T_CRYRW-2,CRYRW-2,2026-09-08,12,2026-09-08T04:30:00Z,2026-09-08T05:00:00Z,103,103
T_CRYRW-2,CRYRW-2,2026-09-08,13,2026-09-08T05:00:00Z,2026-09-08T05:30:00Z,102,101
T_CRYRW-2,CRYRW-2,2026-09-08,14,2026-09-08T05:30:00Z,2026-09-08T06:00:00Z,110,108
T_CRYRW-2,CRYRW-2,2026-09-08,15,2026-09-08T06:00:00Z,2026-09-08T06:30:00Z,110,112
T_CRYRW-2,CRYRW-2,2026-09-08,16,2026-09-08T06:30:00Z,2026-09-08T07:00:00Z,117,118
T_CRYRW-2,CRYRW-2,2026-09-08,17,2026-09-08T07:00:00Z,2026-09-08T07:30:00Z,123,121
T_CRYRW-2,CRYRW-2,2026-09-08,18,2026-09-08T07:30:00Z,2026-09-08T08:00:00Z,121,120
T_CRYRW-2,CRYRW-2,2026-09-08,19,2026-09-08T08:00:00Z,2026-09-08T08:30:00Z,123,124
T_CRYRW-2,CRYRW-2,2026-09-08,20,2026-09-08T08:30:00Z,2026-09-08T09:00:00Z,121,121
T_CRYRW-2,CRYRW-2,2026-09-08,21,2026-09-08T09:00:00Z,2026-09-08T09:30:00Z,121,121
T_CRYRW-2,CRYRW-2,2026-09-08,22,2026-09-08T09:30:00Z,2026-09-08T10:00:00Z,120,120
T_CRYRW-2,CRYRW-2,2026-09-08,23,2026-09-08T10:00:00Z,2026-09-08T10:30:00Z,123,123
T_CRYRW-2,CRYRW-2,2026-09-08,24,2026-09-08T10:30:00Z,2026-09-08T11:00:00Z,122,122
T_CRYRW-2,CRYRW-2,2026-09-08,25,2026-09-08T11:00:00Z,2026-09-08T11:30:00Z,120,120
T_CRYRW-2,CRYRW-2,2026-09-08,26,2026-09-08T11:30:00Z,2026-09-08T12:00:00Z,121,121
T_CRYRW-2,CRYRW-2,2026-09-08,27,2026-09-08T12:00:00Z,2026-09-08T12:30:00Z,117,117
T_CRYRW-2,CRYRW-2,2026-09-08,28,2026-09-08T12:30:00Z,2026-09-08T13:00:00Z,120,120
T_CRYRW-2,CRYRW-2,2026-09-08,29,2026-09-08T13:00:00Z,2026-09-08T13:30:00Z,118,122
T_CRYRW-2,CRYRW-2,2026-09-08,30,2026-09-08T13:30:00Z,2026-09-08T14:00:00Z,120,124
T_CRYRW-2,CRYRW-2,2026-09-08,31,2026-09-08T14:00:00Z,2026-09-08T14:30:00Z,125,125
T_CRYRW-2,CRYRW-2,2026-09-08,32,2026-09-08T14:30:00Z,2026-09-08T15:00:00Z,131,132
T_CRYRW-2,CRYRW-2,2026-09-08,33,2026-09-08T15:00:00Z,2026-09-08T15:30:00Z,129,127
T_CRYRW-2,CRYRW-2,2026-09-08,34,2026-09-08T15:30:00Z,2026-09-08T16:00:00Z,128,127
T_CRYRW-2,CRYRW-2,2026-09-08,35,2026-09-08T16:00:00Z,2026-09-08T16:30:00Z,130,130
T_CRYRW-2,CRYRW-2,2026-09-08,36,2026-09-08T16:30:00Z,2026-09-08T17:00:00Z,129,129
T_CRYRW-2,CRYRW-2,2026-09-08,37,2026-09-08T17:00:00Z,2026-09-08T17:30:00Z,128,129
T_CRYRW-2,CRYRW-2,2026-09-08,38,2026-09-08T17:30:00Z,2026-09-08T18:00:00Z,129,129
T_CRYRW-2,CRYRW-2,2026-09-08,39,2026-09-08T18:00:00Z,2026-09-08T18:30:00Z,128,128
T_CRYRW-2,CRYRW-2,2026-09-08,40,2026-09-08T18:30:00Z,2026-09-08T19:00:00Z,119,119
T_CRYRW-2,CRYRW-2,2026-09-08,41,2026-09-08T19:00:00Z,2026-09-08T19:30:00Z,115,115
T_CRYRW-2,CRYRW-2,2026-09-08,42,2026-09-08T19:30:00Z,2026-09-08T20:00:00Z,117,116
T_CRYRW-2,CRYRW-2,2026-09-08,43,2026-09-08T20:00:00Z,2026-09-08T20:30:00Z,120,117
T_CRYRW-2,CRYRW-2,2026-09-08,44,2026-09-08T20:30:00Z,2026-09-08T21:00:00Z,103,100
T_CRYRW-2,CRYRW-2,2026-09-08,45,2026-09-08T21:00:00Z,2026-09-08T21:30:00Z,117,112
T_CRYRW-2,CRYRW-2,2026-09-08,46,2026-09-08T21:30:00Z,2026-09-08T22:00:00Z,111,107
T_CRYRW-2,CRYRW-2,2026-09-08,47,2026-09-08T22:00:00Z,2026-09-08T22:30:00Z,93,90
T_CRYRW-2,CRYRW-2,2026-09-08,48,2026-09-08T22:30:00Z,2026-09-08T23:00:00Z,103,99
T_CRYRW-3,CRYRW-3,2026-09-08,1,2026-09-07T23:00:00Z,2026-09-07T23:30:00Z,12,12
T_CRYRW-3,CRYRW-3,2026-09-08,2,2026-09-07T23:30:00Z,2026-09-08T00:00:00Z,13,13
T_CRYRW-3,CRYRW-3,2026-09-08,3,2026-09-08T00:00:00Z,2026-09-08T00:30:00Z,13,13
T_CRYRW-3,CRYRW-3,2026-09-08,4,2026-09-08T00:30:00Z,2026-09-08T01:00:00Z,13,13
T_CRYRW-3,CRYRW-3,2026-09-08,5,2026-09-08T01:00:00Z,2026-09-08T01:30:00Z,13,13
T_CRYRW-3,CRYRW-3,2026-09-08,6,2026-09-08T01:30:00Z,2026-09-08T02:00:00Z,12,12
T_CRYRW-3,CRYRW-3,2026-09-08,7,2026-09-08T02:00:00Z,2026-09-08T02:30:00Z,12,12
T_CRYRW-3,CRYRW-3,2026-09-08,8,2026-09-08T02:30:00Z,2026-09-08T03:00:00Z,11,11
T_CRYRW-3,CRYRW-3,2026-09-08,9,2026-09-08T03:00:00Z,2026-09-08T03:30:00Z,10,10
T_CRYRW-3,CRYRW-3,2026-09-08,10,2026-09-08T03:30:00Z,2026-09-08T04:00:00Z,9,9
T_CRYRW-3,CRYRW-3,2026-09-08,11,2026-09-08T04:00:00Z,2026-09-08T04:30:00Z,10,10
T_CRYRW-3,CRYRW-3,2026-09-08,12,2026-09-08T04:30:00Z,2026-09-08T05:00:00Z,12,12
T_CRYRW-3,CRYRW-3,2026-09-08,13,2026-09-08T05:00:00Z,2026-09-08T05:30:00Z,12,12
T_CRYRW-3,CRYRW-3,2026-09-08,14,2026-09-08T05:30:00Z,2026-09-08T06:00:00Z,13,13
T_CRYRW-3,CRYRW-3,2026-09-08,15,2026-09-08T06:00:00Z,2026-09-08T06:30:00Z,13,13
T_CRYRW-3,CRYRW-3,2026-09-08,16,2026-09-08T06:30:00Z,2026-09-08T07:00:00Z,12,12
T_CRYRW-3,CRYRW-3,2026-09-08,17,2026-09-08T07:00:00Z,2026-09-08T07:30:00Z,13,13
T_CRYRW-3,CRYRW-3,2026-09-08,18,2026-09-08T07:30:00Z,2026-09-08T08:00:00Z,13,13
T_CRYRW-3,CRYRW-3,2026-09-08,19,2026-09-08T08:00:00Z,2026-09-08T08:30:00Z,13,13
T_CRYRW-3,CRYRW-3,2026-09-08,20,2026-09-08T08:30:00Z,2026-09-08T09:00:00Z,13,13
T_CRYRW-3,CRYRW-3,2026-09-08,21,2026-09-08T09:00:00Z,2026-09-08T09:30:00Z,13,13
T_CRYRW-3,CRYRW-3,2026-09-08,22,2026-09-08T09:30:00Z,2026-09-08T10:00:00Z,13,13
T_CRYRW-3,CRYRW-3,2026-09-08,23,2026-09-08T10:00:00Z,2026-09-08T10:30:00Z,14,14
T_CRYRW-3,CRYRW-3,2026-09-08,24,2026-09-08T10:30:00Z,2026-09-08T11:00:00Z,13,13
T_CRYRW-3,CRYRW-3,2026-09-08,25,2026-09-08T11:00:00Z,2026-09-08T11:30:00Z,13,13
T_CRYRW-3,CRYRW-3,2026-09-08,26,2026-09-08T11:30:00Z,2026-09-08T12:00:00Z,13,13
T_CRYRW-3,CRYRW-3,2026-09-08,27,2026-09-08T12:00:00Z,2026-09-08T12:30:00Z,13,13
T_CRYRW-3,CRYRW-3,2026-09-08,28,2026-09-08T12:30:00Z,2026-09-08T13:00:00Z,13,13
T_CRYRW-3,CRYRW-3,2026-09-08,29,2026-09-08T13:00:00Z,2026-09-08T13:30:00Z,13,13
T_CRYRW-3,CRYRW-3,2026-09-08,30,2026-09-08T13:30:00Z,2026-09-08T14:00:00Z,10,10
T_CRYRW-3,CRYRW-3,2026-09-08,31,2026-09-08T14:00:00Z,2026-09-08T14:30:00Z,10,10
T_CRYRW-3,CRYRW-3,2026-09-08,32,2026-09-08T14:30:00Z,2026-09-08T15:00:00Z,13,13
T_CRYRW-3,CRYRW-3,2026-09-08,33,2026-09-08T15:00:00Z,2026-09-08T15:30:00Z,13,13
T_CRYRW-3,CRYRW-3,2026-09-08,34,2026-09-08T15:30:00Z,2026-09-08T16:00:00Z,14,14
T_CRYRW-3,CRYRW-3,2026-09-08,35,2026-09-08T16:00:00Z,2026-09-08T16:30:00Z,14,14
T_CRYRW-3,CRYRW-3,2026-09-08,36,2026-09-08T16:30:00Z,2026-09-08T17:00:00Z,13,13
T_CRYRW-3,CRYRW-3,2026-09-08,37,2026-09-08T17:00:00Z,2026-09-08T17:30:00Z,13,13
T_CRYRW-3,CRYRW-3,2026-09-08,38,2026-09-08T17:30:00Z,2026-09-08T18:00:00Z,11,11
T_CRYRW-3,CRYRW-3,2026-09-08,39,2026-09-08T18:00:00Z,2026-09-08T18:30:00Z,13,13
T_CRYRW-3,CRYRW-3,2026-09-08,40,2026-09-08T18:30:00Z,2026-09-08T19:00:00Z,13,13
T_CRYRW-3,CRYRW-3,2026-09-08,41,2026-09-08T19:00:00Z,2026-09-08T19:30:00Z,13,13
T_CRYRW-3,CRYRW-3,2026-09-08,42,2026-09-08T19:30:00Z,2026-09-08T20:00:00Z,12,12
T_CRYRW-3,CRYRW-3,2026-09-08,43,2026-09-08T20:00:00Z,2026-09-08T20:30:00Z,13,13
T_CRYRW-3,CRYRW-3,2026-09-08,44,2026-09-08T20:30:00Z,2026-09-08T21:00:00Z,13,13
T_CRYRW-3,CRYRW-3,2026-09-08,45,2026-09-08T21:00:00Z,2026-09-08T21:30:00Z,13,13
T_CRYRW-3,CRYRW-3,2026-09-08,46,2026-09-08T21:30:00Z,2026-09-08T22:00:00Z,13,12
T_CRYRW-3,CRYRW-3,2026-09-08,47,2026-09-08T22:00:00Z,2026-09-08T22:30:00Z,12,12
T_CRYRW-3,CRYRW-3,2026-09-08,48,2026-09-08T22:30:00Z,2026-09-08T23:00:00Z,12,11
T_CRYRW-4,CRYRW-4,2026-09-08,1,2026-09-07T23:00:00Z,2026-09-07T23:30:00Z,33,33
T_CRYRW-4,CRYRW-4,2026-09-08,2,2026-09-07T23:30:00Z,2026-09-08T00:00:00Z,33,33
T_CRYRW-4,CRYRW-4,2026-09-08,3,2026-09-08T00:00:00Z,2026-09-08T00:30:00Z,33,33
T_CRYRW-4,CRYRW-4,2026-09-08,4,2026-09-08T00:30:00Z,2026-09-08T01:00:00Z,33,33
T_CRYRW-4,CRYRW-4,2026-09-08,5,2026-09-08T01:00:00Z,2026-09-08T01:30:00Z,33,33
T_CRYRW-4,CRYRW-4,2026-09-08,6,2026-09-08T01:30:00Z,2026-09-08T02:00:00Z,33,33
T_CRYRW-4,CRYRW-4,2026-09-08,7,2026-09-08T02:00:00Z,2026-09-08T02:30:00Z,33,33
T_CRYRW-4,CRYRW-4,2026-09-08,8,2026-09-08T02:30:00Z,2026-09-08T03:00:00Z,33,33
T_CRYRW-4,CRYRW-4,2026-09-08,9,2026-09-08T03:00:00Z,2026-09-08T03:30:00Z,33,33
T_CRYRW-4,CRYRW-4,2026-09-08,10,2026-09-08T03:30:00Z,2026-09-08T04:00:00Z,33,33
T_CRYRW-4,CRYRW-4,2026-09-08,11,2026-09-08T04:00:00Z,2026-09-08T04:30:00Z,33,33
T_CRYRW-4,CRYRW-4,2026-09-08,12,2026-09-08T04:30:00Z,2026-09-08T05:00:00Z,33,33
T_CRYRW-4,CRYRW-4,2026-09-08,13,2026-09-08T05:00:00Z,2026-09-08T05:30:00Z,33,33
T_CRYRW-4,CRYRW-4,2026-09-08,14,2026-09-08T05:30:00Z,2026-09-08T06:00:00Z,33,31
T_CRYRW-4,CRYRW-4,2026-09-08,15,2026-09-08T06:00:00Z,2026-09-08T06:30:00Z,32,32
T_CRYRW-4,CRYRW-4,2026-09-08,16,2026-09-08T06:30:00Z,2026-09-08T07:00:00Z,32,32
T_CRYRW-4,CRYRW-4,2026-09-08,17,2026-09-08T07:00:00Z,2026-09-08T07:30:00Z,32,32
T_CRYRW-4,CRYRW-4,2026-09-08,18,2026-09-08T07:30:00Z,2026-09-08T08:00:00Z,32,32
T_CRYRW-4,CRYRW-4,2026-09-08,19,2026-09-08T08:00:00Z,2026-09-08T08:30:00Z,32,32
T_CRYRW-4,CRYRW-4,2026-09-08,20,2026-09-08T08:30:00Z,2026-09-08T09:00:00Z,32,32
T_CRYRW-4,CRYRW-4,2026-09-08,21,2026-09-08T09:00:00Z,2026-09-08T09:30:00Z,32,32
T_CRYRW-4,CRYRW-4,2026-09-08,22,2026-09-08T09:30:00Z,2026-09-08T10:00:00Z,32,32
T_CRYRW-4,CRYRW-4,2026-09-08,23,2026-09-08T10:00:00Z,2026-09-08T10:30:00Z,32,32
T_CRYRW-4,CRYRW-4,2026-09-08,24,2026-09-08T10:30:00Z,2026-09-08T11:00:00Z,32,32
T_CRYRW-4,CRYRW-4,2026-09-08,25,2026-09-08T11:00:00Z,2026-09-08T11:30:00Z,32,33
T_CRYRW-4,CRYRW-4,2026-09-08,26,2026-09-08T11:30:00Z,2026-09-08T12:00:00Z,33,33
T_CRYRW-4,CRYRW-4,2026-09-08,27,2026-09-08T12:00:00Z,2026-09-08T12:30:00Z,33,33
T_CRYRW-4,CRYRW-4,2026-09-08,28,2026-09-08T12:30:00Z,2026-09-08T13:00:00Z,33,33
T_CRYRW-4,CRYRW-4,2026-09-08,29,2026-09-08T13:00:00Z,2026-09-08T13:30:00Z,33,33
T_CRYRW-4,CRYRW-4,2026-09-08,30,2026-09-08T13:30:00Z,2026-09-08T14:00:00Z,33,36
T_CRYRW-4,CRYRW-4,2026-09-08,31,2026-09-08T14:00:00Z,2026-09-08T14:30:00Z,36,36
T_CRYRW-4,CRYRW-4,2026-09-08,32,2026-09-08T14:30:00Z,2026-09-08T15:00:00Z,36,37
T_CRYRW-4,CRYRW-4,2026-09-08,33,2026-09-08T15:00:00Z,2026-09-08T15:30:00Z,37,37
T_CRYRW-4,CRYRW-4,2026-09-08,34,2026-09-08T15:30:00Z,2026-09-08T16:00:00Z,37,37
T_CRYRW-4,CRYRW-4,2026-09-08,35,2026-09-08T16:00:00Z,2026-09-08T16:30:00Z,37,37
T_CRYRW-4,CRYRW-4,2026-09-08,36,2026-09-08T16:30:00Z,2026-09-08T17:00:00Z,37,36
T_CRYRW-4,CRYRW-4,2026-09-08,37,2026-09-08T17:00:00Z,2026-09-08T17:30:00Z,36,36
T_CRYRW-4,CRYRW-4,2026-09-08,38,2026-09-08T17:30:00Z,2026-09-08T18:00:00Z,36,36
T_CRYRW-4,CRYRW-4,2026-09-08,39,2026-09-08T18:00:00Z,2026-09-08T18:30:00Z,36,36
T_CRYRW-4,CRYRW-4,2026-09-08,40,2026-09-08T18:30:00Z,2026-09-08T19:00:00Z,36,36
T_CRYRW-4,CRYRW-4,2026-09-08,41,2026-09-08T19:00:00Z,2026-09-08T19:30:00Z,36,36
T_CRYRW-4,CRYRW-4,2026-09-08,42,2026-09-08T19:30:00Z,2026-09-08T20:00:00Z,36,36
T_CRYRW-4,CRYRW-4,2026-09-08,43,2026-09-08T20:00:00Z,2026-09-08T20:30:00Z,36,36
T_CRYRW-4,CRYRW-4,2026-09-08,44,2026-09-08T20:30:00Z,2026-09-08T21:00:00Z,36,36
T_CRYRW-4,CRYRW-4,2026-09-08,45,2026-09-08T21:00:00Z,2026-09-08T21:30:00Z,36,36
T_CRYRW-4,CRYRW-4,2026-09-08,46,2026-09-08T21:30:00Z,2026-09-08T22:00:00Z,36,36
T_CRYRW-4,CRYRW-4,2026-09-08,47,2026-09-08T22:00:00Z,2026-09-08T22:30:00Z,35,35
T_CRYRW-4,CRYRW-4,2026-09-08,48,2026-09-08T22:30:00Z,2026-09-08T23:00:00Z,35,34
T_CUMHW-1,CUMHW-1,2026-09-08,1,2026-09-07T23:00:00Z,2026-09-07T23:01:00Z,38,39
T_CUMHW-1,CUMHW-1,2026-09-08,1,2026-09-07T23:01:00Z,2026-09-07T23:30:00Z,39,39
T_CUMHW-1,CUMHW-1,2026-09-08,2,2026-09-07T23:30:00Z,2026-09-07T23:31:00Z,39,40
T_CUMHW-1,CUMHW-1,2026-09-08,2,2026-09-07T23:31:00Z,2026-09-08T00:00:00Z,40,40
T_CUMHW-1,CUMHW-1,2026-09-08,3,2026-09-08T00:00:00Z,2026-09-08T00:01:00Z,40,41
T_CUMHW-1,CUMHW-1,2026-09-08,3,2026-09-08T00:01:00Z,2026-09-08T00:30:00Z,41,41
T_CUMHW-1,CUMHW-1,2026-09-08,4,2026-09-08T00:30:00Z,2026-09-08T01:00:00Z,41,41
T_CUMHW-1,CUMHW-1,2026-09-08,5,2026-09-08T01:00:00Z,2026-09-08T01:30:00Z,41,41
T_CUMHW-1,CUMHW-1,2026-09-08,6,2026-09-08T01:30:00Z,2026-09-08T01:31:00Z,41,42
T_CUMHW-1,CUMHW-1,2026-09-08,6,2026-09-08T01:31:00Z,2026-09-08T02:00:00Z,42,42
T_CUMHW-1,CUMHW-1,2026-09-08,7,2026-09-08T02:00:00Z,2026-09-08T02:30:00Z,42,42
T_CUMHW-1,CUMHW-1,2026-09-08,8,2026-09-08T02:30:00Z,2026-09-08T02:31:00Z,42,43
T_CUMHW-1,CUMHW-1,2026-09-08,8,2026-09-08T02:31:00Z,2026-09-08T03:00:00Z,43,43
T_CUMHW-1,CUMHW-1,2026-09-08,9,2026-09-08T03:00:00Z,2026-09-08T03:30:00Z,43,43
T_CUMHW-1,CUMHW-1,2026-09-08,10,2026-09-08T03:30:00Z,2026-09-08T04:00:00Z,43,43
T_CUMHW-1,CUMHW-1,2026-09-08,11,2026-09-08T04:00:00Z,2026-09-08T04:30:00Z,43,43
T_CUMHW-1,CUMHW-1,2026-09-08,12,2026-09-08T04:30:00Z,2026-09-08T04:31:00Z,38,39
T_CUMHW-1,CUMHW-1,2026-09-08,12,2026-09-08T04:31:00Z,2026-09-08T05:00:00Z,39,39
T_CUMHW-1,CUMHW-1,2026-09-08,13,2026-09-08T05:00:00Z,2026-09-08T05:30:00Z,39,39
T_CUMHW-1,CUMHW-1,2026-09-08,14,2026-09-08T05:30:00Z,2026-09-08T05:31:00Z,39,40
T_CUMHW-1,CUMHW-1,2026-09-08,14,2026-09-08T05:31:00Z,2026-09-08T06:00:00Z,40,40
T_CUMHW-1,CUMHW-1,2026-09-08,15,2026-09-08T06:00:00Z,2026-09-08T06:30:00Z,39,39
T_CUMHW-1,CUMHW-1,2026-09-08,16,2026-09-08T06:30:00Z,2026-09-08T07:00:00Z,39,39
T_CUMHW-1,CUMHW-1,2026-09-08,17,2026-09-08T07:00:00Z,2026-09-08T07:30:00Z,39,39
T_CUMHW-1,CUMHW-1,2026-09-08,18,2026-09-08T07:30:00Z,2026-09-08T08:00:00Z,39,39
T_CUMHW-1,CUMHW-1,2026-09-08,19,2026-09-08T08:00:00Z,2026-09-08T08:01:00Z,39,0
T_CUMHW-1,CUMHW-1,2026-09-08,19,2026-09-08T08:01:00Z,2026-09-08T08:30:00Z,0,0
T_CUMHW-1,CUMHW-1,2026-09-08,20,2026-09-08T08:30:00Z,2026-09-08T09:00:00Z,0,0
T_CUMHW-1,CUMHW-1,2026-09-08,21,2026-09-08T09:00:00Z,2026-09-08T09:30:00Z,0,0
T_CUMHW-1,CUMHW-1,2026-09-08,22,2026-09-08T09:30:00Z,2026-09-08T10:00:00Z,0,0
T_CUMHW-1,CUMHW-1,2026-09-08,23,2026-09-08T10:00:00Z,2026-09-08T10:30:00Z,0,0
T_CUMHW-1,CUMHW-1,2026-09-08,24,2026-09-08T10:30:00Z,2026-09-08T11:00:00Z,0,0
T_CUMHW-1,CUMHW-1,2026-09-08,25,2026-09-08T11:00:00Z,2026-09-08T11:30:00Z,0,0
T_CUMHW-1,CUMHW-1,2026-09-08,26,2026-09-08T11:30:00Z,2026-09-08T12:00:00Z,0,0
T_CUMHW-1,CUMHW-1,2026-09-08,27,2026-09-08T12:00:00Z,2026-09-08T12:30:00Z,0,0
T_CUMHW-1,CUMHW-1,2026-09-08,28,2026-09-08T12:30:00Z,2026-09-08T13:00:00Z,0,0
T_CUMHW-1,CUMHW-1,2026-09-08,29,2026-09-08T13:00:00Z,2026-09-08T13:01:00Z,0,43
T_CUMHW-1,CUMHW-1,2026-09-08,29,2026-09-08T13:01:00Z,2026-09-08T13:30:00Z,43,43
T_CUMHW-1,CUMHW-1,2026-09-08,30,2026-09-08T13:30:00Z,2026-09-08T14:00:00Z,43,43
T_CUMHW-1,CUMHW-1,2026-09-08,31,2026-09-08T14:00:00Z,2026-09-08T14:30:00Z,43,43
T_CUMHW-1,CUMHW-1,2026-09-08,32,2026-09-08T14:30:00Z,2026-09-08T15:00:00Z,43,43
T_CUMHW-1,CUMHW-1,2026-09-08,33,2026-09-08T15:00:00Z,2026-09-08T15:01:00Z,43,42
T_CUMHW-1,CUMHW-1,2026-09-08,33,2026-09-08T15:01:00Z,2026-09-08T15:30:00Z,42,42
T_CUMHW-1,CUMHW-1,2026-09-08,34,2026-09-08T15:30:00Z,2026-09-08T16:00:00Z,42,42
T_CUMHW-1,CUMHW-1,2026-09-08,35,2026-09-08T16:00:00Z,2026-09-08T16:30:00Z,42,42
T_CUMHW-1,CUMHW-1,2026-09-08,36,2026-09-08T16:30:00Z,2026-09-08T17:00:00Z,42,42
T_CUMHW-1,CUMHW-1,2026-09-08,37,2026-09-08T17:00:00Z,2026-09-08T17:30:00Z,42,42
T_CUMHW-1,CUMHW-1,2026-09-08,38,2026-09-08T17:30:00Z,2026-09-08T18:00:00Z,42,42
T_CUMHW-1,CUMHW-1,2026-09-08,39,2026-09-08T18:00:00Z,2026-09-08T18:01:00Z,42,41
T_CUMHW-1,CUMHW-1,2026-09-08,39,2026-09-08T18:01:00Z,2026-09-08T18:30:00Z,41,41
T_CUMHW-1,CUMHW-1,2026-09-08,40,2026-09-08T18:30:00Z,2026-09-08T19:00:00Z,41,41
T_CUMHW-1,CUMHW-1,2026-09-08,41,2026-09-08T19:00:00Z,2026-09-08T19:30:00Z,41,41
T_CUMHW-1,CUMHW-1,2026-09-08,42,2026-09-08T19:30:00Z,2026-09-08T19:31:00Z,41,40
T_CUMHW-1,CUMHW-1,2026-09-08,42,2026-09-08T19:31:00Z,2026-09-08T20:00:00Z,40,40
T_CUMHW-1,CUMHW-1,2026-09-08,43,2026-09-08T20:00:00Z,2026-09-08T20:01:00Z,40,39
T_CUMHW-1,CUMHW-1,2026-09-08,43,2026-09-08T20:01:00Z,2026-09-08T20:30:00Z,39,39
T_CUMHW-1,CUMHW-1,2026-09-08,44,2026-09-08T20:30:00Z,2026-09-08T20:31:00Z,39,38
T_CUMHW-1,CUMHW-1,2026-09-08,44,2026-09-08T20:31:00Z,2026-09-08T21:00:00Z,38,38
T_CUMHW-1,CUMHW-1,2026-09-08,45,2026-09-08T21:00:00Z,2026-09-08T21:01:00Z,38,37
T_CUMHW-1,CUMHW-1,2026-09-08,45,2026-09-08T21:01:00Z,2026-09-08T21:30:00Z,37,37
T_CUMHW-1,CUMHW-1,2026-09-08,46,2026-09-08T21:30:00Z,2026-09-08T21:31:00Z,37,36
T_CUMHW-1,CUMHW-1,2026-09-08,46,2026-09-08T21:31:00Z,2026-09-08T22:00:00Z,36,36
T_CUMHW-1,CUMHW-1,2026-09-08,47,2026-09-08T22:00:00Z,2026-09-08T22:01:00Z,36,35
T_CUMHW-1,CUMHW-1,2026-09-08,47,2026-09-08T22:01:00Z,2026-09-08T22:30:00Z,35,35
T_CUMHW-1,CUMHW-1,2026-09-08,48,2026-09-08T22:30:00Z,2026-09-08T22:31:00Z,32,30
T_CUMHW-1,CUMHW-1,2026-09-08,48,2026-09-08T22:31:00Z,2026-09-08T23:00:00Z,30,30
T_CUMHW-2,CUMHW-2,2026-09-08,1,2026-09-07T23:00:00Z,2026-09-07T23:30:00Z,96,96
T_CUMHW-2,CUMHW-2,2026-09-08,2,2026-09-07T23:30:00Z,2026-09-08T00:00:00Z,95,95
T_CUMHW-2,CUMHW-2,2026-09-08,3,2026-09-08T00:00:00Z,2026-09-08T00:30:00Z,95,95
T_CUMHW-2,CUMHW-2,2026-09-08,4,2026-09-08T00:30:00Z,2026-09-08T01:00:00Z,48,48
T_CUMHW-2,CUMHW-2,2026-09-08,5,2026-09-08T01:00:00Z,2026-09-08T01:30:00Z,48,48
T_CUMHW-2,CUMHW-2,2026-09-08,6,2026-09-08T01:30:00Z,2026-09-08T02:00:00Z,48,48
T_CUMHW-2,CUMHW-2,2026-09-08,7,2026-09-08T02:00:00Z,2026-09-08T02:30:00Z,48,48
T_CUMHW-2,CUMHW-2,2026-09-08,8,2026-09-08T02:30:00Z,2026-09-08T03:00:00Z,49,49
T_CUMHW-2,CUMHW-2,2026-09-08,9,2026-09-08T03:00:00Z,2026-09-08T03:30:00Z,49,49
T_CUMHW-2,CUMHW-2,2026-09-08,10,2026-09-08T03:30:00Z,2026-09-08T04:00:00Z,49,49
T_CUMHW-2,CUMHW-2,2026-09-08,11,2026-09-08T04:00:00Z,2026-09-08T04:30:00Z,48,48
T_CUMHW-2,CUMHW-2,2026-09-08,12,2026-09-08T04:30:00Z,2026-09-08T05:00:00Z,48,48
T_CUMHW-2,CUMHW-2,2026-09-08,13,2026-09-08T05:00:00Z,2026-09-08T05:30:00Z,48,48
T_CUMHW-2,CUMHW-2,2026-09-08,14,2026-09-08T05:30:00Z,2026-09-08T06:00:00Z,48,48
T_CUMHW-2,CUMHW-2,2026-09-08,15,2026-09-08T06:00:00Z,2026-09-08T06:30:00Z,48,48
T_CUMHW-2,CUMHW-2,2026-09-08,16,2026-09-08T06:30:00Z,2026-09-08T07:00:00Z,48,48
T_CUMHW-2,CUMHW-2,2026-09-08,17,2026-09-08T07:00:00Z,2026-09-08T07:30:00Z,47,47
T_CUMHW-2,CUMHW-2,2026-09-08,18,2026-09-08T07:30:00Z,2026-09-08T08:00:00Z,47,47
T_CUMHW-2,CUMHW-2,2026-09-08,19,2026-09-08T08:00:00Z,2026-09-08T08:30:00Z,47,47
T_CUMHW-2,CUMHW-2,2026-09-08,20,2026-09-08T08:30:00Z,2026-09-08T09:00:00Z,47,47
T_CUMHW-2,CUMHW-2,2026-09-08,21,2026-09-08T09:00:00Z,2026-09-08T09:30:00Z,47,47
T_CUMHW-2,CUMHW-2,2026-09-08,22,2026-09-08T09:30:00Z,2026-09-08T10:00:00Z,48,48
T_CUMHW-2,CUMHW-2,2026-09-08,23,2026-09-08T10:00:00Z,2026-09-08T10:30:00Z,48,48
T_CUMHW-2,CUMHW-2,2026-09-08,24,2026-09-08T10:30:00Z,2026-09-08T11:00:00Z,49,49
T_CUMHW-2,CUMHW-2,2026-09-08,25,2026-09-08T11:00:00Z,2026-09-08T11:30:00Z,49,49
T_CUMHW-2,CUMHW-2,2026-09-08,26,2026-09-08T11:30:00Z,2026-09-08T12:00:00Z,49,49
T_CUMHW-2,CUMHW-2,2026-09-08,27,2026-09-08T12:00:00Z,2026-09-08T12:30:00Z,49,49
T_CUMHW-2,CUMHW-2,2026-09-08,28,2026-09-08T12:30:00Z,2026-09-08T13:00:00Z,50,50
T_CUMHW-2,CUMHW-2,2026-09-08,29,2026-09-08T13:00:00Z,2026-09-08T13:30:00Z,51,51
T_CUMHW-2,CUMHW-2,2026-09-08,30,2026-09-08T13:30:00Z,2026-09-08T14:00:00Z,50,50
T_CUMHW-2,CUMHW-2,2026-09-08,31,2026-09-08T14:00:00Z,2026-09-08T14:30:00Z,50,50
T_CUMHW-2,CUMHW-2,2026-09-08,32,2026-09-08T14:30:00Z,2026-09-08T15:00:00Z,49,49
T_CUMHW-2,CUMHW-2,2026-09-08,33,2026-09-08T15:00:00Z,2026-09-08T15:30:00Z,49,49
T_CUMHW-2,CUMHW-2,2026-09-08,34,2026-09-08T15:30:00Z,2026-09-08T16:00:00Z,48,48
T_CUMHW-2,CUMHW-2,2026-09-08,35,2026-09-08T16:00:00Z,2026-09-08T16:30:00Z,96,96
T_CUMHW-2,CUMHW-2,2026-09-08,36,2026-09-08T16:30:00Z,2026-09-08T17:00:00Z,96,96
T_CUMHW-2,CUMHW-2,2026-09-08,37,2026-09-08T17:00:00Z,2026-09-08T17:30:00Z,96,96
T_CUMHW-2,CUMHW-2,2026-09-08,38,2026-09-08T17:30:00Z,2026-09-08T18:00:00Z,48,48
T_CUMHW-2,CUMHW-2,2026-09-08,39,2026-09-08T18:00:00Z,2026-09-08T18:30:00Z,48,48
T_CUMHW-2,CUMHW-2,2026-09-08,40,2026-09-08T18:30:00Z,2026-09-08T19:00:00Z,48,48
T_CUMHW-2,CUMHW-2,2026-09-08,41,2026-09-08T19:00:00Z,2026-09-08T19:30:00Z,48,48
T_CUMHW-2,CUMHW-2,2026-09-08,42,2026-09-08T19:30:00Z,2026-09-08T20:00:00Z,48,48
T_CUMHW-2,CUMHW-2,2026-09-08,43,2026-09-08T20:00:00Z,2026-09-08T20:30:00Z,48,48
T_CUMHW-2,CUMHW-2,2026-09-08,44,2026-09-08T20:30:00Z,2026-09-08T21:00:00Z,48,48
T_CUMHW-2,CUMHW-2,2026-09-08,45,2026-09-08T21:00:00Z,2026-09-08T21:30:00Z,48,48
T_CUMHW-2,CUMHW-2,2026-09-08,46,2026-09-08T21:30:00Z,2026-09-08T22:00:00Z,48,48
T_CUMHW-2,CUMHW-2,2026-09-08,47,2026-09-08T22:00:00Z,2026-09-08T22:30:00Z,48,48
T_CUMHW-2,CUMHW-2,2026-09-08,48,2026-09-08T22:30:00Z,2026-09-08T23:00:00Z,48,48
T_DALQW-1,DALQW-1,2026-09-08,1,2026-09-07T23:00:00Z,2026-09-07T23:30:00Z,21,21
T_DALQW-1,DALQW-1,2026-09-08,2,2026-09-07T23:30:00Z,2026-09-08T00:00:00Z,21,21
T_DALQW-1,DALQW-1,2026-09-08,3,2026-09-08T00:00:00Z,2026-09-08T00:30:00Z,18,18
T_DALQW-1,DALQW-1,2026-09-08,4,2026-09-08T00:30:00Z,2026-09-08T01:00:00Z,18,18
T_DALQW-1,DALQW-1,2026-09-08,5,2026-09-08T01:00:00Z,2026-09-08T01:30:00Z,18,19
T_DALQW-1,DALQW-1,2026-09-08,6,2026-09-08T01:30:00Z,2026-09-08T02:00:00Z,21,21
T_DALQW-1,DALQW-1,2026-09-08,7,2026-09-08T02:00:00Z,2026-09-08T02:30:00Z,17,18
T_DALQW-1,DALQW-1,2026-09-08,8,2026-09-08T02:30:00Z,2026-09-08T03:00:00Z,19,20
T_DALQW-1,DALQW-1,2026-09-08,9,2026-09-08T03:00:00Z,2026-09-08T03:30:00Z,20,20
T_DALQW-1,DALQW-1,2026-09-08,10,2026-09-08T03:30:00Z,2026-09-08T04:00:00Z,22,23
T_DALQW-1,DALQW-1,2026-09-08,11,2026-09-08T04:00:00Z,2026-09-08T04:30:00Z,21,20
T_DALQW-1,DALQW-1,2026-09-08,12,2026-09-08T04:30:00Z,2026-09-08T05:00:00Z,22,22
T_DALQW-1,DALQW-1,2026-09-08,13,2026-09-08T05:00:00Z,2026-09-08T05:30:00Z,22,21
T_DALQW-1,DALQW-1,2026-09-08,14,2026-09-08T05:30:00Z,2026-09-08T06:00:00Z,23,23
T_DALQW-1,DALQW-1,2026-09-08,15,2026-09-08T06:00:00Z,2026-09-08T06:30:00Z,24,24
T_DALQW-1,DALQW-1,2026-09-08,16,2026-09-08T06:30:00Z,2026-09-08T07:00:00Z,26,26
T_DALQW-1,DALQW-1,2026-09-08,17,2026-09-08T07:00:00Z,2026-09-08T07:30:00Z,25,19
T_DALQW-1,DALQW-1,2026-09-08,18,2026-09-08T07:30:00Z,2026-09-08T08:00:00Z,20,14
T_DALQW-1,DALQW-1,2026-09-08,19,2026-09-08T08:00:00Z,2026-09-08T08:30:00Z,16,16
T_DALQW-1,DALQW-1,2026-09-08,20,2026-09-08T08:30:00Z,2026-09-08T09:00:00Z,16,16
T_DALQW-1,DALQW-1,2026-09-08,21,2026-09-08T09:00:00Z,2026-09-08T09:30:00Z,15,15
T_DALQW-1,DALQW-1,2026-09-08,22,2026-09-08T09:30:00Z,2026-09-08T10:00:00Z,0,0
T_DALQW-1,DALQW-1,2026-09-08,23,2026-09-08T10:00:00Z,2026-09-08T10:30:00Z,0,0
T_DALQW-1,DALQW-1,2026-09-08,24,2026-09-08T10:30:00Z,2026-09-08T11:00:00Z,0,0
T_DALQW-1,DALQW-1,2026-09-08,25,2026-09-08T11:00:00Z,2026-09-08T11:30:00Z,0,0
T_DALQW-1,DALQW-1,2026-09-08,26,2026-09-08T11:30:00Z,2026-09-08T12:00:00Z,0,0
T_DALQW-1,DALQW-1,2026-09-08,27,2026-09-08T12:00:00Z,2026-09-08T12:30:00Z,0,0
T_DALQW-1,DALQW-1,2026-09-08,28,2026-09-08T12:30:00Z,2026-09-08T13:00:00Z,0,0
T_DALQW-1,DALQW-1,2026-09-08,29,2026-09-08T13:00:00Z,2026-09-08T13:30:00Z,0,21
T_DALQW-1,DALQW-1,2026-09-08,30,2026-09-08T13:30:00Z,2026-09-08T14:00:00Z,21,42
T_DALQW-1,DALQW-1,2026-09-08,31,2026-09-08T14:00:00Z,2026-09-08T14:30:00Z,42,42
T_DALQW-1,DALQW-1,2026-09-08,32,2026-09-08T14:30:00Z,2026-09-08T15:00:00Z,42,42
T_DALQW-1,DALQW-1,2026-09-08,33,2026-09-08T15:00:00Z,2026-09-08T15:30:00Z,42,42
T_DALQW-1,DALQW-1,2026-09-08,34,2026-09-08T15:30:00Z,2026-09-08T16:00:00Z,42,42
T_DALQW-1,DALQW-1,2026-09-08,35,2026-09-08T16:00:00Z,2026-09-08T16:30:00Z,42,40
T_DALQW-1,DALQW-1,2026-09-08,36,2026-09-08T16:30:00Z,2026-09-08T17:00:00Z,42,42
T_DALQW-1,DALQW-1,2026-09-08,37,2026-09-08T17:00:00Z,2026-09-08T17:30:00Z,35,35
T_DALQW-1,DALQW-1,2026-09-08,38,2026-09-08T17:30:00Z,2026-09-08T18:00:00Z,38,38
T_DALQW-1,DALQW-1,2026-09-08,39,2026-09-08T18:00:00Z,2026-09-08T18:30:00Z,39,38
T_DALQW-1,DALQW-1,2026-09-08,40,2026-09-08T18:30:00Z,2026-09-08T19:00:00Z,40,39
T_DALQW-1,DALQW-1,2026-09-08,41,2026-09-08T19:00:00Z,2026-09-08T19:30:00Z,39,38
T_DALQW-1,DALQW-1,2026-09-08,42,2026-09-08T19:30:00Z,2026-09-08T20:00:00Z,40,39
T_DALQW-1,DALQW-1,2026-09-08,43,2026-09-08T20:00:00Z,2026-09-08T20:30:00Z,37,36
T_DALQW-1,DALQW-1,2026-09-08,44,2026-09-08T20:30:00Z,2026-09-08T21:00:00Z,31,30
T_DALQW-1,DALQW-1,2026-09-08,45,2026-09-08T21:00:00Z,2026-09-08T21:30:00Z,22,21
T_DALQW-1,DALQW-1,2026-09-08,46,2026-09-08T21:30:00Z,2026-09-08T22:00:00Z,25,24
T_DALQW-1,DALQW-1,2026-09-08,47,2026-09-08T22:00:00Z,2026-09-08T22:30:00Z,19,18
T_DALQW-1,DALQW-1,2026-09-08,48,2026-09-08T22:30:00Z,2026-09-08T23:00:00Z,18,17
T_DBAWO-1,DBAWO-1,2026-09-08,1,2026-09-07T23:00:00Z,2026-09-07T23:30:00Z,101,101
T_DBAWO-1,DBAWO-1,2026-09-08,2,2026-09-07T23:30:00Z,2026-09-08T00:00:00Z,101,101
T_DBAWO-1,DBAWO-1,2026-09-08,3,2026-09-08T00:00:00Z,2026-09-08T00:30:00Z,101,101
T_DBAWO-1,DBAWO-1,2026-09-08,4,2026-09-08T00:30:00Z,2026-09-08T01:00:00Z,101,101
T_DBAWO-1,DBAWO-1,2026-09-08,5,2026-09-08T01:00:00Z,2026-09-08T01:30:00Z,101,101
T_DBAWO-1,DBAWO-1,2026-09-08,6,2026-09-08T01:30:00Z,2026-09-08T02:00:00Z,101,101
T_DBAWO-1,DBAWO-1,2026-09-08,7,2026-09-08T02:00:00Z,2026-09-08T02:30:00Z,101,101
T_DBAWO-1,DBAWO-1,2026-09-08,8,2026-09-08T02:30:00Z,2026-09-08T03:00:00Z,100,100
T_DBAWO-1,DBAWO-1,2026-09-08,9,2026-09-08T03:00:00Z,2026-09-08T03:30:00Z,101,101
T_DBAWO-1,DBAWO-1,2026-09-08,10,2026-09-08T03:30:00Z,2026-09-08T04:00:00Z,101,101
T_DBAWO-1,DBAWO-1,2026-09-08,11,2026-09-08T04:00:00Z,2026-09-08T04:30:00Z,101,101
T_DBAWO-1,DBAWO-1,2026-09-08,12,2026-09-08T04:30:00Z,2026-09-08T05:00:00Z,101,101
T_DBAWO-1,DBAWO-1,2026-09-08,13,2026-09-08T05:00:00Z,2026-09-08T05:30:00Z,101,101
T_DBAWO-1,DBAWO-1,2026-09-08,14,2026-09-08T05:30:00Z,2026-09-08T06:00:00Z,102,102
T_DBAWO-1,DBAWO-1,2026-09-08,15,2026-09-08T06:00:00Z,2026-09-08T06:30:00Z,101,101
T_DBAWO-1,DBAWO-1,2026-09-08,16,2026-09-08T06:30:00Z,2026-09-08T07:00:00Z,100,100
T_DBAWO-1,DBAWO-1,2026-09-08,17,2026-09-08T07:00:00Z,2026-09-08T07:30:00Z,100,100
T_DBAWO-1,DBAWO-1,2026-09-08,18,2026-09-08T07:30:00Z,2026-09-08T08:00:00Z,96,96
T_DBAWO-1,DBAWO-1,2026-09-08,19,2026-09-08T08:00:00Z,2026-09-08T08:30:00Z,100,100
T_DBAWO-1,DBAWO-1,2026-09-08,20,2026-09-08T08:30:00Z,2026-09-08T09:00:00Z,102,102
T_DBAWO-1,DBAWO-1,2026-09-08,21,2026-09-08T09:00:00Z,2026-09-08T09:30:00Z,101,101
T_DBAWO-1,DBAWO-1,2026-09-08,22,2026-09-08T09:30:00Z,2026-09-08T10:00:00Z,101,101
T_DBAWO-1,DBAWO-1,2026-09-08,23,2026-09-08T10:00:00Z,2026-09-08T10:30:00Z,100,100
T_DBAWO-1,DBAWO-1,2026-09-08,24,2026-09-08T10:30:00Z,2026-09-08T11:00:00Z,101,101
T_DBAWO-1,DBAWO-1,2026-09-08,25,2026-09-08T11:00:00Z,2026-09-08T11:30:00Z,102,102
T_DBAWO-1,DBAWO-1,2026-09-08,26,2026-09-08T11:30:00Z,2026-09-08T12:00:00Z,101,101
T_DBAWO-1,DBAWO-1,2026-09-08,27,2026-09-08T12:00:00Z,2026-09-08T12:30:00Z,101,101
T_DBAWO-1,DBAWO-1,2026-09-08,28,2026-09-08T12:30:00Z,2026-09-08T13:00:00Z,101,101
T_DBAWO-1,DBAWO-1,2026-09-08,29,2026-09-08T13:00:00Z,2026-09-08T13:30:00Z,101,101
T_DBAWO-1,DBAWO-1,2026-09-08,30,2026-09-08T13:30:00Z,2026-09-08T14:00:00Z,101,101
T_DBAWO-1,DBAWO-1,2026-09-08,31,2026-09-08T14:00:00Z,2026-09-08T14:30:00Z,101,101
T_DBAWO-1,DBAWO-1,2026-09-08,32,2026-09-08T14:30:00Z,2026-09-08T15:00:00Z,101,101
T_DBAWO-1,DBAWO-1,2026-09-08,33,2026-09-08T15:00:00Z,2026-09-08T15:30:00Z,102,102
T_DBAWO-1,DBAWO-1,2026-09-08,34,2026-09-08T15:30:00Z,2026-09-08T16:00:00Z,102,102
T_DBAWO-1,DBAWO-1,2026-09-08,35,2026-09-08T16:00:00Z,2026-09-08T16:30:00Z,101,101
T_DBAWO-1,DBAWO-1,2026-09-08,36,2026-09-08T16:30:00Z,2026-09-08T17:00:00Z,102,102
T_DBAWO-1,DBAWO-1,2026-09-08,37,2026-09-08T17:00:00Z,2026-09-08T17:30:00Z,101,101
T_DBAWO-1,DBAWO-1,2026-09-08,38,2026-09-08T17:30:00Z,2026-09-08T18:00:00Z,100,100
T_DBAWO-1,DBAWO-1,2026-09-08,39,2026-09-08T18:00:00Z,2026-09-08T18:30:00Z,100,100
T_DBAWO-1,DBAWO-1,2026-09-08,40,2026-09-08T18:30:00Z,2026-09-08T19:00:00Z,101,101
T_DBAWO-1,DBAWO-1,2026-09-08,41,2026-09-08T19:00:00Z,2026-09-08T19:30:00Z,101,101
T_DBAWO-1,DBAWO-1,2026-09-08,42,2026-09-08T19:30:00Z,2026-09-08T20:00:00Z,100,100
T_DBAWO-1,DBAWO-1,2026-09-08,43,2026-09-08T20:00:00Z,2026-09-08T20:30:00Z,101,101
T_DBAWO-1,DBAWO-1,2026-09-08,44,2026-09-08T20:30:00Z,2026-09-08T21:00:00Z,123,123
T_DBAWO-1,DBAWO-1,2026-09-08,45,2026-09-08T21:00:00Z,2026-09-08T21:30:00Z,123,123
T_DBAWO-1,DBAWO-1,2026-09-08,46,2026-09-08T21:30:00Z,2026-09-08T22:00:00Z,123,123
T_DBAWO-1,DBAWO-1,2026-09-08,47,2026-09-08T22:00:00Z,2026-09-08T22:30:00Z,123,123
T_DBAWO-1,DBAWO-1,2026-09-08,48,2026-09-08T22:30:00Z,2026-09-08T23:00:00Z,124,124
T_DBAWO-2,DBAWO-2,2026-09-08,1,2026-09-07T23:00:00Z,2026-09-07T23:30:00Z,127,127
T_DBAWO-2,DBAWO-2,2026-09-08,2,2026-09-07T23:30:00Z,2026-09-08T00:00:00Z,126,126
T_DBAWO-2,DBAWO-2,2026-09-08,3,2026-09-08T00:00:00Z,2026-09-08T00:30:00Z,127,127
T_DBAWO-2,DBAWO-2,2026-09-08,4,2026-09-08T00:30:00Z,2026-09-08T01:00:00Z,127,127
T_DBAWO-2,DBAWO-2,2026-09-08,5,2026-09-08T01:00:00Z,2026-09-08T01:30:00Z,127,127
T_DBAWO-2,DBAWO-2,2026-09-08,6,2026-09-08T01:30:00Z,2026-09-08T02:00:00Z,127,127
T_DBAWO-2,DBAWO-2,2026-09-08,7,2026-09-08T02:00:00Z,2026-09-08T02:30:00Z,127,127
T_DBAWO-2,DBAWO-2,2026-09-08,8,2026-09-08T02:30:00Z,2026-09-08T03:00:00Z,127,127
T_DBAWO-2,DBAWO-2,2026-09-08,9,2026-09-08T03:00:00Z,2026-09-08T03:30:00Z,127,127
T_DBAWO-2,DBAWO-2,2026-09-08,10,2026-09-08T03:30:00Z,2026-09-08T04:00:00Z,127,127
T_DBAWO-2,DBAWO-2,2026-09-08,11,2026-09-08T04:00:00Z,2026-09-08T04:30:00Z,126,126
T_DBAWO-2,DBAWO-2,2026-09-08,12,2026-09-08T04:30:00Z,2026-09-08T05:00:00Z,127,127
T_DBAWO-2,DBAWO-2,2026-09-08,13,2026-09-08T05:00:00Z,2026-09-08T05:30:00Z,127,127
T_DBAWO-2,DBAWO-2,2026-09-08,14,2026-09-08T05:30:00Z,2026-09-08T06:00:00Z,128,128
T_DBAWO-2,DBAWO-2,2026-09-08,15,2026-09-08T06:00:00Z,2026-09-08T06:30:00Z,127,127
T_DBAWO-2,DBAWO-2,2026-09-08,16,2026-09-08T06:30:00Z,2026-09-08T07:00:00Z,127,127
T_DBAWO-2,DBAWO-2,2026-09-08,17,2026-09-08T07:00:00Z,2026-09-08T07:30:00Z,127,127
T_DBAWO-2,DBAWO-2,2026-09-08,18,2026-09-08T07:30:00Z,2026-09-08T08:00:00Z,126,126
T_DBAWO-2,DBAWO-2,2026-09-08,19,2026-09-08T08:00:00Z,2026-09-08T08:30:00Z,126,126
T_DBAWO-2,DBAWO-2,2026-09-08,20,2026-09-08T08:30:00Z,2026-09-08T09:00:00Z,128,128
T_DBAWO-2,DBAWO-2,2026-09-08,21,2026-09-08T09:00:00Z,2026-09-08T09:30:00Z,127,127
T_DBAWO-2,DBAWO-2,2026-09-08,22,2026-09-08T09:30:00Z,2026-09-08T10:00:00Z,127,127
T_DBAWO-2,DBAWO-2,2026-09-08,23,2026-09-08T10:00:00Z,2026-09-08T10:30:00Z,127,127
T_DBAWO-2,DBAWO-2,2026-09-08,24,2026-09-08T10:30:00Z,2026-09-08T11:00:00Z,127,127
T_DBAWO-2,DBAWO-2,2026-09-08,25,2026-09-08T11:00:00Z,2026-09-08T11:30:00Z,128,128
T_DBAWO-2,DBAWO-2,2026-09-08,26,2026-09-08T11:30:00Z,2026-09-08T12:00:00Z,127,127
T_DBAWO-2,DBAWO-2,2026-09-08,27,2026-09-08T12:00:00Z,2026-09-08T12:30:00Z,127,127
T_DBAWO-2,DBAWO-2,2026-09-08,28,2026-09-08T12:30:00Z,2026-09-08T13:00:00Z,127,127
T_DBAWO-2,DBAWO-2,2026-09-08,29,2026-09-08T13:00:00Z,2026-09-08T13:30:00Z,127,127
T_DBAWO-2,DBAWO-2,2026-09-08,30,2026-09-08T13:30:00Z,2026-09-08T14:00:00Z,126,126
T_DBAWO-2,DBAWO-2,2026-09-08,31,2026-09-08T14:00:00Z,2026-09-08T14:30:00Z,127,127
T_DBAWO-2,DBAWO-2,2026-09-08,32,2026-09-08T14:30:00Z,2026-09-08T15:00:00Z,127,127
T_DBAWO-2,DBAWO-2,2026-09-08,33,2026-09-08T15:00:00Z,2026-09-08T15:30:00Z,128,128
T_DBAWO-2,DBAWO-2,2026-09-08,34,2026-09-08T15:30:00Z,2026-09-08T16:00:00Z,128,128
T_DBAWO-2,DBAWO-2,2026-09-08,35,2026-09-08T16:00:00Z,2026-09-08T16:30:00Z,126,126
T_DBAWO-2,DBAWO-2,2026-09-08,36,2026-09-08T16:30:00Z,2026-09-08T17:00:00Z,128,128
T_DBAWO-2,DBAWO-2,2026-09-08,37,2026-09-08T17:00:00Z,2026-09-08T17:30:00Z,126,126
T_DBAWO-2,DBAWO-2,2026-09-08,38,2026-09-08T17:30:00Z,2026-09-08T18:00:00Z,127,127
T_DBAWO-2,DBAWO-2,2026-09-08,39,2026-09-08T18:00:00Z,2026-09-08T18:30:00Z,127,127
T_DBAWO-2,DBAWO-2,2026-09-08,40,2026-09-08T18:30:00Z,2026-09-08T19:00:00Z,127,127
T_DBAWO-2,DBAWO-2,2026-09-08,41,2026-09-08T19:00:00Z,2026-09-08T19:30:00Z,127,127
T_DBAWO-2,DBAWO-2,2026-09-08,42,2026-09-08T19:30:00Z,2026-09-08T20:00:00Z,127,127
T_DBAWO-2,DBAWO-2,2026-09-08,43,2026-09-08T20:00:00Z,2026-09-08T20:30:00Z,127,127
T_DBAWO-2,DBAWO-2,2026-09-08,44,2026-09-08T20:30:00Z,2026-09-08T21:00:00Z,127,127
T_DBAWO-2,DBAWO-2,2026-09-08,45,2026-09-08T21:00:00Z,2026-09-08T21:30:00Z,127,127
T_DBAWO-2,DBAWO-2,2026-09-08,46,2026-09-08T21:30:00Z,2026-09-08T22:00:00Z,127,127
T_DBAWO-2,DBAWO-2,2026-09-08,47,2026-09-08T22:00:00Z,2026-09-08T22:30:00Z,127,127
T_DBAWO-2,DBAWO-2,2026-09-08,48,2026-09-08T22:30:00Z,2026-09-08T23:00:00Z,127,127
T_DBAWO-3,DBAWO-3,2026-09-08,1,2026-09-07T23:00:00Z,2026-09-07T23:30:00Z,142,142
T_DBAWO-3,DBAWO-3,2026-09-08,2,2026-09-07T23:30:00Z,2026-09-08T00:00:00Z,143,143
T_DBAWO-3,DBAWO-3,2026-09-08,3,2026-09-08T00:00:00Z,2026-09-08T00:30:00Z,143,143
T_DBAWO-3,DBAWO-3,2026-09-08,4,2026-09-08T00:30:00Z,2026-09-08T01:00:00Z,143,143
T_DBAWO-3,DBAWO-3,2026-09-08,5,2026-09-08T01:00:00Z,2026-09-08T01:30:00Z,143,143
T_DBAWO-3,DBAWO-3,2026-09-08,6,2026-09-08T01:30:00Z,2026-09-08T02:00:00Z,143,143
T_DBAWO-3,DBAWO-3,2026-09-08,7,2026-09-08T02:00:00Z,2026-09-08T02:30:00Z,140,140
T_DBAWO-3,DBAWO-3,2026-09-08,8,2026-09-08T02:30:00Z,2026-09-08T03:00:00Z,143,143
T_DBAWO-3,DBAWO-3,2026-09-08,9,2026-09-08T03:00:00Z,2026-09-08T03:30:00Z,143,143
T_DBAWO-3,DBAWO-3,2026-09-08,10,2026-09-08T03:30:00Z,2026-09-08T04:00:00Z,142,142
T_DBAWO-3,DBAWO-3,2026-09-08,11,2026-09-08T04:00:00Z,2026-09-08T04:30:00Z,143,143
T_DBAWO-3,DBAWO-3,2026-09-08,12,2026-09-08T04:30:00Z,2026-09-08T05:00:00Z,143,143
T_DBAWO-3,DBAWO-3,2026-09-08,13,2026-09-08T05:00:00Z,2026-09-08T05:30:00Z,143,143
T_DBAWO-3,DBAWO-3,2026-09-08,14,2026-09-08T05:30:00Z,2026-09-08T06:00:00Z,144,144
T_DBAWO-3,DBAWO-3,2026-09-08,15,2026-09-08T06:00:00Z,2026-09-08T06:30:00Z,143,143
T_DBAWO-3,DBAWO-3,2026-09-08,16,2026-09-08T06:30:00Z,2026-09-08T07:00:00Z,142,142
T_DBAWO-3,DBAWO-3,2026-09-08,17,2026-09-08T07:00:00Z,2026-09-08T07:30:00Z,143,143
T_DBAWO-3,DBAWO-3,2026-09-08,18,2026-09-08T07:30:00Z,2026-09-08T08:00:00Z,141,141
T_DBAWO-3,DBAWO-3,2026-09-08,19,2026-09-08T08:00:00Z,2026-09-08T08:30:00Z,141,141
T_DBAWO-3,DBAWO-3,2026-09-08,20,2026-09-08T08:30:00Z,2026-09-08T09:00:00Z,144,144
T_DBAWO-3,DBAWO-3,2026-09-08,21,2026-09-08T09:00:00Z,2026-09-08T09:30:00Z,143,143
T_DBAWO-3,DBAWO-3,2026-09-08,22,2026-09-08T09:30:00Z,2026-09-08T10:00:00Z,143,143
T_DBAWO-3,DBAWO-3,2026-09-08,23,2026-09-08T10:00:00Z,2026-09-08T10:30:00Z,143,143
T_DBAWO-3,DBAWO-3,2026-09-08,24,2026-09-08T10:30:00Z,2026-09-08T11:00:00Z,143,143
T_DBAWO-3,DBAWO-3,2026-09-08,25,2026-09-08T11:00:00Z,2026-09-08T11:30:00Z,144,144
T_DBAWO-3,DBAWO-3,2026-09-08,26,2026-09-08T11:30:00Z,2026-09-08T12:00:00Z,143,143
T_DBAWO-3,DBAWO-3,2026-09-08,27,2026-09-08T12:00:00Z,2026-09-08T12:30:00Z,143,143
T_DBAWO-3,DBAWO-3,2026-09-08,28,2026-09-08T12:30:00Z,2026-09-08T13:00:00Z,143,143
T_DBAWO-3,DBAWO-3,2026-09-08,29,2026-09-08T13:00:00Z,2026-09-08T13:30:00Z,143,143
T_DBAWO-3,DBAWO-3,2026-09-08,30,2026-09-08T13:30:00Z,2026-09-08T14:00:00Z,142,142
T_DBAWO-3,DBAWO-3,2026-09-08,31,2026-09-08T14:00:00Z,2026-09-08T14:30:00Z,143,143
T_DBAWO-3,DBAWO-3,2026-09-08,32,2026-09-08T14:30:00Z,2026-09-08T15:00:00Z,143,143
T_DBAWO-3,DBAWO-3,2026-09-08,33,2026-09-08T15:00:00Z,2026-09-08T15:30:00Z,144,144
T_DBAWO-3,DBAWO-3,2026-09-08,34,2026-09-08T15:30:00Z,2026-09-08T16:00:00Z,144,144
T_DBAWO-3,DBAWO-3,2026-09-08,35,2026-09-08T16:00:00Z,2026-09-08T16:30:00Z,143,143
T_DBAWO-3,DBAWO-3,2026-09-08,36,2026-09-08T16:30:00Z,2026-09-08T17:00:00Z,144,144
T_DBAWO-3,DBAWO-3,2026-09-08,37,2026-09-08T17:00:00Z,2026-09-08T17:30:00Z,143,143
T_DBAWO-3,DBAWO-3,2026-09-08,38,2026-09-08T17:30:00Z,2026-09-08T18:00:00Z,143,143
T_DBAWO-3,DBAWO-3,2026-09-08,39,2026-09-08T18:00:00Z,2026-09-08T18:30:00Z,143,143
T_DBAWO-3,DBAWO-3,2026-09-08,40,2026-09-08T18:30:00Z,2026-09-08T19:00:00Z,143,143
T_DBAWO-3,DBAWO-3,2026-09-08,41,2026-09-08T19:00:00Z,2026-09-08T19:30:00Z,143,143
T_DBAWO-3,DBAWO-3,2026-09-08,42,2026-09-08T19:30:00Z,2026-09-08T20:00:00Z,143,143
T_DBAWO-3,DBAWO-3,2026-09-08,43,2026-09-08T20:00:00Z,2026-09-08T20:30:00Z,142,142
T_DBAWO-3,DBAWO-3,2026-09-08,44,2026-09-08T20:30:00Z,2026-09-08T21:00:00Z,143,143
T_DBAWO-3,DBAWO-3,2026-09-08,45,2026-09-08T21:00:00Z,2026-09-08T21:30:00Z,143,143
T_DBAWO-3,DBAWO-3,2026-09-08,46,2026-09-08T21:30:00Z,2026-09-08T22:00:00Z,143,143
T_DBAWO-3,DBAWO-3,2026-09-08,47,2026-09-08T22:00:00Z,2026-09-08T22:30:00Z,143,143
T_DBAWO-3,DBAWO-3,2026-09-08,48,2026-09-08T22:30:00Z,2026-09-08T23:00:00Z,143,143
T_DBAWO-4,DBAWO-4,2026-09-08,1,2026-09-07T23:00:00Z,2026-09-07T23:30:00Z,93,93
T_DBAWO-4,DBAWO-4,2026-09-08,2,2026-09-07T23:30:00Z,2026-09-08T00:00:00Z,93,93
T_DBAWO-4,DBAWO-4,2026-09-08,3,2026-09-08T00:00:00Z,2026-09-08T00:30:00Z,93,93
T_DBAWO-4,DBAWO-4,2026-09-08,4,2026-09-08T00:30:00Z,2026-09-08T01:00:00Z,93,93
T_DBAWO-4,DBAWO-4,2026-09-08,5,2026-09-08T01:00:00Z,2026-09-08T01:30:00Z,93,93
T_DBAWO-4,DBAWO-4,2026-09-08,6,2026-09-08T01:30:00Z,2026-09-08T02:00:00Z,93,93
T_DBAWO-4,DBAWO-4,2026-09-08,7,2026-09-08T02:00:00Z,2026-09-08T02:30:00Z,93,93
T_DBAWO-4,DBAWO-4,2026-09-08,8,2026-09-08T02:30:00Z,2026-09-08T03:00:00Z,93,93
T_DBAWO-4,DBAWO-4,2026-09-08,9,2026-09-08T03:00:00Z,2026-09-08T03:30:00Z,93,93
T_DBAWO-4,DBAWO-4,2026-09-08,10,2026-09-08T03:30:00Z,2026-09-08T04:00:00Z,93,93
T_DBAWO-4,DBAWO-4,2026-09-08,11,2026-09-08T04:00:00Z,2026-09-08T04:30:00Z,93,93
T_DBAWO-4,DBAWO-4,2026-09-08,12,2026-09-08T04:30:00Z,2026-09-08T05:00:00Z,93,93
T_DBAWO-4,DBAWO-4,2026-09-08,13,2026-09-08T05:00:00Z,2026-09-08T05:30:00Z,93,93
T_DBAWO-4,DBAWO-4,2026-09-08,14,2026-09-08T05:30:00Z,2026-09-08T06:00:00Z,94,94
T_DBAWO-4,DBAWO-4,2026-09-08,15,2026-09-08T06:00:00Z,2026-09-08T06:30:00Z,93,93
T_DBAWO-4,DBAWO-4,2026-09-08,16,2026-09-08T06:30:00Z,2026-09-08T07:00:00Z,92,92
T_DBAWO-4,DBAWO-4,2026-09-08,17,2026-09-08T07:00:00Z,2026-09-08T07:30:00Z,93,93
T_DBAWO-4,DBAWO-4,2026-09-08,18,2026-09-08T07:30:00Z,2026-09-08T08:00:00Z,92,92
T_DBAWO-4,DBAWO-4,2026-09-08,19,2026-09-08T08:00:00Z,2026-09-08T08:30:00Z,92,92
T_DBAWO-4,DBAWO-4,2026-09-08,20,2026-09-08T08:30:00Z,2026-09-08T09:00:00Z,94,94
T_DBAWO-4,DBAWO-4,2026-09-08,21,2026-09-08T09:00:00Z,2026-09-08T09:30:00Z,93,93
T_DBAWO-4,DBAWO-4,2026-09-08,22,2026-09-08T09:30:00Z,2026-09-08T10:00:00Z,93,93
T_DBAWO-4,DBAWO-4,2026-09-08,23,2026-09-08T10:00:00Z,2026-09-08T10:30:00Z,93,93
T_DBAWO-4,DBAWO-4,2026-09-08,24,2026-09-08T10:30:00Z,2026-09-08T11:00:00Z,93,93
T_DBAWO-4,DBAWO-4,2026-09-08,25,2026-09-08T11:00:00Z,2026-09-08T11:30:00Z,94,94
T_DBAWO-4,DBAWO-4,2026-09-08,26,2026-09-08T11:30:00Z,2026-09-08T12:00:00Z,93,93
T_DBAWO-4,DBAWO-4,2026-09-08,27,2026-09-08T12:00:00Z,2026-09-08T12:30:00Z,93,93
T_DBAWO-4,DBAWO-4,2026-09-08,28,2026-09-08T12:30:00Z,2026-09-08T13:00:00Z,93,93
T_DBAWO-4,DBAWO-4,2026-09-08,29,2026-09-08T13:00:00Z,2026-09-08T13:30:00Z,93,93
T_DBAWO-4,DBAWO-4,2026-09-08,30,2026-09-08T13:30:00Z,2026-09-08T14:00:00Z,93,93
T_DBAWO-4,DBAWO-4,2026-09-08,31,2026-09-08T14:00:00Z,2026-09-08T14:30:00Z,93,93
T_DBAWO-4,DBAWO-4,2026-09-08,32,2026-09-08T14:30:00Z,2026-09-08T15:00:00Z,93,93
T_DBAWO-4,DBAWO-4,2026-09-08,33,2026-09-08T15:00:00Z,2026-09-08T15:30:00Z,94,94
T_DBAWO-4,DBAWO-4,2026-09-08,34,2026-09-08T15:30:00Z,2026-09-08T16:00:00Z,94,94
T_DBAWO-4,DBAWO-4,2026-09-08,35,2026-09-08T16:00:00Z,2026-09-08T16:30:00Z,93,93
T_DBAWO-4,DBAWO-4,2026-09-08,36,2026-09-08T16:30:00Z,2026-09-08T17:00:00Z,94,94
T_DBAWO-4,DBAWO-4,2026-09-08,37,2026-09-08T17:00:00Z,2026-09-08T17:30:00Z,91,91
T_DBAWO-4,DBAWO-4,2026-09-08,38,2026-09-08T17:30:00Z,2026-09-08T18:00:00Z,93,93
T_DBAWO-4,DBAWO-4,2026-09-08,39,2026-09-08T18:00:00Z,2026-09-08T18:30:00Z,91,91
T_DBAWO-4,DBAWO-4,2026-09-08,40,2026-09-08T18:30:00Z,2026-09-08T19:00:00Z,93,93
T_DBAWO-4,DBAWO-4,2026-09-08,41,2026-09-08T19:00:00Z,2026-09-08T19:30:00Z,91,91
T_DBAWO-4,DBAWO-4,2026-09-08,42,2026-09-08T19:30:00Z,2026-09-08T20:00:00Z,93,93
T_DBAWO-4,DBAWO-4,2026-09-08,43,2026-09-08T20:00:00Z,2026-09-08T20:30:00Z,93,93
T_DBAWO-4,DBAWO-4,2026-09-08,44,2026-09-08T20:30:00Z,2026-09-08T21:00:00Z,93,93
T_DBAWO-4,DBAWO-4,2026-09-08,45,2026-09-08T21:00:00Z,2026-09-08T21:30:00Z,93,93
T_DBAWO-4,DBAWO-4,2026-09-08,46,2026-09-08T21:30:00Z,2026-09-08T22:00:00Z,93,93
T_DBAWO-4,DBAWO-4,2026-09-08,47,2026-09-08T22:00:00Z,2026-09-08T22:30:00Z,93,93
T_DBAWO-4,DBAWO-4,2026-09-08,48,2026-09-08T22:30:00Z,2026-09-08T23:00:00Z,93,93
T_DBAWO-5,DBAWO-5,2026-09-08,1,2026-09-07T23:00:00Z,2026-09-07T23:30:00Z,65,65
T_DBAWO-5,DBAWO-5,2026-09-08,2,2026-09-07T23:30:00Z,2026-09-08T00:00:00Z,65,65
T_DBAWO-5,DBAWO-5,2026-09-08,3,2026-09-08T00:00:00Z,2026-09-08T00:30:00Z,65,65
T_DBAWO-5,DBAWO-5,2026-09-08,4,2026-09-08T00:30:00Z,2026-09-08T01:00:00Z,65,65
T_DBAWO-5,DBAWO-5,2026-09-08,5,2026-09-08T01:00:00Z,2026-09-08T01:30:00Z,65,65
T_DBAWO-5,DBAWO-5,2026-09-08,6,2026-09-08T01:30:00Z,2026-09-08T02:00:00Z,65,65
T_DBAWO-5,DBAWO-5,2026-09-08,7,2026-09-08T02:00:00Z,2026-09-08T02:30:00Z,65,65
T_DBAWO-5,DBAWO-5,2026-09-08,8,2026-09-08T02:30:00Z,2026-09-08T03:00:00Z,65,65
T_DBAWO-5,DBAWO-5,2026-09-08,9,2026-09-08T03:00:00Z,2026-09-08T03:30:00Z,65,65
T_DBAWO-5,DBAWO-5,2026-09-08,10,2026-09-08T03:30:00Z,2026-09-08T04:00:00Z,65,65
T_DBAWO-5,DBAWO-5,2026-09-08,11,2026-09-08T04:00:00Z,2026-09-08T04:30:00Z,66,66
T_DBAWO-5,DBAWO-5,2026-09-08,12,2026-09-08T04:30:00Z,2026-09-08T05:00:00Z,65,65
T_DBAWO-5,DBAWO-5,2026-09-08,13,2026-09-08T05:00:00Z,2026-09-08T05:30:00Z,65,65
T_DBAWO-5,DBAWO-5,2026-09-08,14,2026-09-08T05:30:00Z,2026-09-08T06:00:00Z,66,66
T_DBAWO-5,DBAWO-5,2026-09-08,15,2026-09-08T06:00:00Z,2026-09-08T06:30:00Z,54,54
T_DBAWO-5,DBAWO-5,2026-09-08,16,2026-09-08T06:30:00Z,2026-09-08T07:00:00Z,54,54
T_DBAWO-5,DBAWO-5,2026-09-08,17,2026-09-08T07:00:00Z,2026-09-08T07:30:00Z,54,54
T_DBAWO-5,DBAWO-5,2026-09-08,18,2026-09-08T07:30:00Z,2026-09-08T08:00:00Z,54,54
T_DBAWO-5,DBAWO-5,2026-09-08,19,2026-09-08T08:00:00Z,2026-09-08T08:30:00Z,54,54
T_DBAWO-5,DBAWO-5,2026-09-08,20,2026-09-08T08:30:00Z,2026-09-08T09:00:00Z,55,55
T_DBAWO-5,DBAWO-5,2026-09-08,21,2026-09-08T09:00:00Z,2026-09-08T09:30:00Z,54,54
T_DBAWO-5,DBAWO-5,2026-09-08,22,2026-09-08T09:30:00Z,2026-09-08T10:00:00Z,54,54
T_DBAWO-5,DBAWO-5,2026-09-08,23,2026-09-08T10:00:00Z,2026-09-08T10:30:00Z,54,54
T_DBAWO-5,DBAWO-5,2026-09-08,24,2026-09-08T10:30:00Z,2026-09-08T11:00:00Z,54,54
T_DBAWO-5,DBAWO-5,2026-09-08,25,2026-09-08T11:00:00Z,2026-09-08T11:30:00Z,55,55
T_DBAWO-5,DBAWO-5,2026-09-08,26,2026-09-08T11:30:00Z,2026-09-08T12:00:00Z,54,54
T_DBAWO-5,DBAWO-5,2026-09-08,27,2026-09-08T12:00:00Z,2026-09-08T12:30:00Z,54,54
T_DBAWO-5,DBAWO-5,2026-09-08,28,2026-09-08T12:30:00Z,2026-09-08T13:00:00Z,54,54
T_DBAWO-5,DBAWO-5,2026-09-08,29,2026-09-08T13:00:00Z,2026-09-08T13:30:00Z,54,54
T_DBAWO-5,DBAWO-5,2026-09-08,30,2026-09-08T13:30:00Z,2026-09-08T14:00:00Z,54,54
T_DBAWO-5,DBAWO-5,2026-09-08,31,2026-09-08T14:00:00Z,2026-09-08T14:30:00Z,54,54
T_DBAWO-5,DBAWO-5,2026-09-08,32,2026-09-08T14:30:00Z,2026-09-08T15:00:00Z,54,54
T_DBAWO-5,DBAWO-5,2026-09-08,33,2026-09-08T15:00:00Z,2026-09-08T15:30:00Z,55,55
T_DBAWO-5,DBAWO-5,2026-09-08,34,2026-09-08T15:30:00Z,2026-09-08T16:00:00Z,55,55
T_DBAWO-5,DBAWO-5,2026-09-08,35,2026-09-08T16:00:00Z,2026-09-08T16:30:00Z,41,41
T_DBAWO-5,DBAWO-5,2026-09-08,36,2026-09-08T16:30:00Z,2026-09-08T17:00:00Z,48,48
T_DBAWO-5,DBAWO-5,2026-09-08,37,2026-09-08T17:00:00Z,2026-09-08T17:30:00Z,52,52
T_DBAWO-5,DBAWO-5,2026-09-08,38,2026-09-08T17:30:00Z,2026-09-08T18:00:00Z,52,52
T_DBAWO-5,DBAWO-5,2026-09-08,39,2026-09-08T18:00:00Z,2026-09-08T18:30:00Z,52,52
T_DBAWO-5,DBAWO-5,2026-09-08,40,2026-09-08T18:30:00Z,2026-09-08T19:00:00Z,41,41
T_DBAWO-5,DBAWO-5,2026-09-08,41,2026-09-08T19:00:00Z,2026-09-08T19:30:00Z,41,41
T_DBAWO-5,DBAWO-5,2026-09-08,42,2026-09-08T19:30:00Z,2026-09-08T20:00:00Z,41,41
T_DBAWO-5,DBAWO-5,2026-09-08,43,2026-09-08T20:00:00Z,2026-09-08T20:30:00Z,41,41
T_DBAWO-5,DBAWO-5,2026-09-08,44,2026-09-08T20:30:00Z,2026-09-08T21:00:00Z,41,41
T_DBAWO-5,DBAWO-5,2026-09-08,45,2026-09-08T21:00:00Z,2026-09-08T21:30:00Z,41,41
T_DBAWO-5,DBAWO-5,2026-09-08,46,2026-09-08T21:30:00Z,2026-09-08T22:00:00Z,41,41
T_DBAWO-5,DBAWO-5,2026-09-08,47,2026-09-08T22:00:00Z,2026-09-08T22:30:00Z,41,41
T_DBAWO-5,DBAWO-5,2026-09-08,48,2026-09-08T22:30:00Z,2026-09-08T23:00:00Z,41,41
T_DBBWO-1,DBBWO-1,2026-09-08,1,2026-09-07T23:00:00Z,2026-09-07T23:30:00Z,276,276
T_DBBWO-1,DBBWO-1,2026-09-08,2,2026-09-07T23:30:00Z,2026-09-08T00:00:00Z,276,276
T_DBBWO-1,DBBWO-1,2026-09-08,3,2026-09-08T00:00:00Z,2026-09-08T00:30:00Z,276,276
T_DBBWO-1,DBBWO-1,2026-09-08,4,2026-09-08T00:30:00Z,2026-09-08T01:00:00Z,276,276
T_DBBWO-1,DBBWO-1,2026-09-08,5,2026-09-08T01:00:00Z,2026-09-08T01:30:00Z,276,276
T_DBBWO-1,DBBWO-1,2026-09-08,6,2026-09-08T01:30:00Z,2026-09-08T02:00:00Z,276,276
T_DBBWO-1,DBBWO-1,2026-09-08,7,2026-09-08T02:00:00Z,2026-09-08T02:30:00Z,276,276
T_DBBWO-1,DBBWO-1,2026-09-08,8,2026-09-08T02:30:00Z,2026-09-08T03:00:00Z,282,282
T_DBBWO-1,DBBWO-1,2026-09-08,9,2026-09-08T03:00:00Z,2026-09-08T03:30:00Z,282,282
T_DBBWO-1,DBBWO-1,2026-09-08,10,2026-09-08T03:30:00Z,2026-09-08T04:00:00Z,282,282
T_DBBWO-1,DBBWO-1,2026-09-08,11,2026-09-08T04:00:00Z,2026-09-08T04:30:00Z,282,282
T_DBBWO-1,DBBWO-1,2026-09-08,12,2026-09-08T04:30:00Z,2026-09-08T05:00:00Z,293,293
T_DBBWO-1,DBBWO-1,2026-09-08,13,2026-09-08T05:00:00Z,2026-09-08T05:30:00Z,293,293
T_DBBWO-1,DBBWO-1,2026-09-08,14,2026-09-08T05:30:00Z,2026-09-08T06:00:00Z,297,297
T_DBBWO-1,DBBWO-1,2026-09-08,15,2026-09-08T06:00:00Z,2026-09-08T06:30:00Z,295,295
T_DBBWO-1,DBBWO-1,2026-09-08,16,2026-09-08T06:30:00Z,2026-09-08T07:00:00Z,295,295
T_DBBWO-1,DBBWO-1,2026-09-08,17,2026-09-08T07:00:00Z,2026-09-08T07:30:00Z,294,294
T_DBBWO-1,DBBWO-1,2026-09-08,18,2026-09-08T07:30:00Z,2026-09-08T08:00:00Z,295,295
T_DBBWO-1,DBBWO-1,2026-09-08,19,2026-09-08T08:00:00Z,2026-09-08T08:30:00Z,295,295
T_DBBWO-1,DBBWO-1,2026-09-08,20,2026-09-08T08:30:00Z,2026-09-08T09:00:00Z,297,297
T_DBBWO-1,DBBWO-1,2026-09-08,21,2026-09-08T09:00:00Z,2026-09-08T09:30:00Z,295,295
T_DBBWO-1,DBBWO-1,2026-09-08,22,2026-09-08T09:30:00Z,2026-09-08T10:00:00Z,295,295
T_DBBWO-1,DBBWO-1,2026-09-08,23,2026-09-08T10:00:00Z,2026-09-08T10:30:00Z,295,295
T_DBBWO-1,DBBWO-1,2026-09-08,24,2026-09-08T10:30:00Z,2026-09-08T11:00:00Z,295,295
T_DBBWO-1,DBBWO-1,2026-09-08,25,2026-09-08T11:00:00Z,2026-09-08T11:30:00Z,297,297
T_DBBWO-1,DBBWO-1,2026-09-08,26,2026-09-08T11:30:00Z,2026-09-08T12:00:00Z,295,295
T_DBBWO-1,DBBWO-1,2026-09-08,27,2026-09-08T12:00:00Z,2026-09-08T12:30:00Z,295,295
T_DBBWO-1,DBBWO-1,2026-09-08,28,2026-09-08T12:30:00Z,2026-09-08T13:00:00Z,296,296
T_DBBWO-1,DBBWO-1,2026-09-08,29,2026-09-08T13:00:00Z,2026-09-08T13:30:00Z,296,296
T_DBBWO-1,DBBWO-1,2026-09-08,30,2026-09-08T13:30:00Z,2026-09-08T14:00:00Z,295,295
T_DBBWO-1,DBBWO-1,2026-09-08,31,2026-09-08T14:00:00Z,2026-09-08T14:30:00Z,296,296
T_DBBWO-1,DBBWO-1,2026-09-08,32,2026-09-08T14:30:00Z,2026-09-08T15:00:00Z,295,295
T_DBBWO-1,DBBWO-1,2026-09-08,33,2026-09-08T15:00:00Z,2026-09-08T15:30:00Z,297,297
T_DBBWO-1,DBBWO-1,2026-09-08,34,2026-09-08T15:30:00Z,2026-09-08T16:00:00Z,297,297
T_DBBWO-1,DBBWO-1,2026-09-08,35,2026-09-08T16:00:00Z,2026-09-08T16:30:00Z,295,295
T_DBBWO-1,DBBWO-1,2026-09-08,36,2026-09-08T16:30:00Z,2026-09-08T17:00:00Z,297,297
T_DBBWO-1,DBBWO-1,2026-09-08,37,2026-09-08T17:00:00Z,2026-09-08T17:30:00Z,295,295
T_DBBWO-1,DBBWO-1,2026-09-08,38,2026-09-08T17:30:00Z,2026-09-08T18:00:00Z,295,295
T_DBBWO-1,DBBWO-1,2026-09-08,39,2026-09-08T18:00:00Z,2026-09-08T18:30:00Z,295,295
T_DBBWO-1,DBBWO-1,2026-09-08,40,2026-09-08T18:30:00Z,2026-09-08T19:00:00Z,295,295
T_DBBWO-1,DBBWO-1,2026-09-08,41,2026-09-08T19:00:00Z,2026-09-08T19:30:00Z,296,296
T_DBBWO-1,DBBWO-1,2026-09-08,42,2026-09-08T19:30:00Z,2026-09-08T20:00:00Z,295,295
T_DBBWO-1,DBBWO-1,2026-09-08,43,2026-09-08T20:00:00Z,2026-09-08T20:30:00Z,295,295
T_DBBWO-1,DBBWO-1,2026-09-08,44,2026-09-08T20:30:00Z,2026-09-08T21:00:00Z,296,296
T_DBBWO-1,DBBWO-1,2026-09-08,45,2026-09-08T21:00:00Z,2026-09-08T21:30:00Z,295,295
T_DBBWO-1,DBBWO-1,2026-09-08,46,2026-09-08T21:30:00Z,2026-09-08T22:00:00Z,295,295
T_DBBWO-1,DBBWO-1,2026-09-08,47,2026-09-08T22:00:00Z,2026-09-08T22:30:00Z,295,295
T_DBBWO-1,DBBWO-1,2026-09-08,48,2026-09-08T22:30:00Z,2026-09-08T23:00:00Z,295,295
T_DBBWO-2,DBBWO-2,2026-09-08,1,2026-09-07T23:00:00Z,2026-09-07T23:30:00Z,0,0
T_DBBWO-2,DBBWO-2,2026-09-08,2,2026-09-07T23:30:00Z,2026-09-08T00:00:00Z,0,0
T_DBBWO-2,DBBWO-2,2026-09-08,3,2026-09-08T00:00:00Z,2026-09-08T00:30:00Z,0,0
T_DBBWO-2,DBBWO-2,2026-09-08,4,2026-09-08T00:30:00Z,2026-09-08T01:00:00Z,0,0
T_DBBWO-2,DBBWO-2,2026-09-08,5,2026-09-08T01:00:00Z,2026-09-08T01:30:00Z,0,0
T_DBBWO-2,DBBWO-2,2026-09-08,6,2026-09-08T01:30:00Z,2026-09-08T02:00:00Z,0,0
T_DBBWO-2,DBBWO-2,2026-09-08,7,2026-09-08T02:00:00Z,2026-09-08T02:30:00Z,0,0
T_DBBWO-2,DBBWO-2,2026-09-08,8,2026-09-08T02:30:00Z,2026-09-08T03:00:00Z,0,0
T_DBBWO-2,DBBWO-2,2026-09-08,9,2026-09-08T03:00:00Z,2026-09-08T03:30:00Z,0,0
T_DBBWO-2,DBBWO-2,2026-09-08,10,2026-09-08T03:30:00Z,2026-09-08T04:00:00Z,0,0
T_DBBWO-2,DBBWO-2,2026-09-08,11,2026-09-08T04:00:00Z,2026-09-08T04:30:00Z,0,0
T_DBBWO-2,DBBWO-2,2026-09-08,12,2026-09-08T04:30:00Z,2026-09-08T05:00:00Z,0,0
T_DBBWO-2,DBBWO-2,2026-09-08,13,2026-09-08T05:00:00Z,2026-09-08T05:30:00Z,0,0
T_DBBWO-2,DBBWO-2,2026-09-08,14,2026-09-08T05:30:00Z,2026-09-08T06:00:00Z,0,0
T_DBBWO-2,DBBWO-2,2026-09-08,15,2026-09-08T06:00:00Z,2026-09-08T06:30:00Z,0,0
T_DBBWO-2,DBBWO-2,2026-09-08,16,2026-09-08T06:30:00Z,2026-09-08T07:00:00Z,0,0
T_DBBWO-2,DBBWO-2,2026-09-08,17,2026-09-08T07:00:00Z,2026-09-08T07:30:00Z,0,0
T_DBBWO-2,DBBWO-2,2026-09-08,18,2026-09-08T07:30:00Z,2026-09-08T08:00:00Z,0,0
T_DBBWO-2,DBBWO-2,2026-09-08,19,2026-09-08T08:00:00Z,2026-09-08T08:30:00Z,0,0
T_DBBWO-2,DBBWO-2,2026-09-08,20,2026-09-08T08:30:00Z,2026-09-08T09:00:00Z,0,0
T_DBBWO-2,DBBWO-2,2026-09-08,21,2026-09-08T09:00:00Z,2026-09-08T09:30:00Z,0,0
T_DBBWO-2,DBBWO-2,2026-09-08,22,2026-09-08T09:30:00Z,2026-09-08T10:00:00Z,0,0
T_DBBWO-2,DBBWO-2,2026-09-08,23,2026-09-08T10:00:00Z,2026-09-08T10:30:00Z,0,0
T_DBBWO-2,DBBWO-2,2026-09-08,24,2026-09-08T10:30:00Z,2026-09-08T11:00:00Z,0,0
T_DBBWO-2,DBBWO-2,2026-09-08,25,2026-09-08T11:00:00Z,2026-09-08T11:30:00Z,0,0
T_DBBWO-2,DBBWO-2,2026-09-08,26,2026-09-08T11:30:00Z,2026-09-08T12:00:00Z,0,0
T_DBBWO-2,DBBWO-2,2026-09-08,27,2026-09-08T12:00:00Z,2026-09-08T12:30:00Z,0,0
T_DBBWO-2,DBBWO-2,2026-09-08,28,2026-09-08T12:30:00Z,2026-09-08T13:00:00Z,0,0
T_DBBWO-2,DBBWO-2,2026-09-08,29,2026-09-08T13:00:00Z,2026-09-08T13:30:00Z,0,0
T_DBBWO-2,DBBWO-2,2026-09-08,30,2026-09-08T13:30:00Z,2026-09-08T14:00:00Z,0,0
T_DBBWO-2,DBBWO-2,2026-09-08,31,2026-09-08T14:00:00Z,2026-09-08T14:30:00Z,0,0
T_DBBWO-2,DBBWO-2,2026-09-08,32,2026-09-08T14:30:00Z,2026-09-08T15:00:00Z,0,0
T_DBBWO-2,DBBWO-2,2026-09-08,33,2026-09-08T15:00:00Z,2026-09-08T15:30:00Z,0,0
T_DBBWO-2,DBBWO-2,2026-09-08,34,2026-09-08T15:30:00Z,2026-09-08T16:00:00Z,0,0
T_DBBWO-2,DBBWO-2,2026-09-08,35,2026-09-08T16:00:00Z,2026-09-08T16:30:00Z,0,0
T_DBBWO-2,DBBWO-2,2026-09-08,36,2026-09-08T16:30:00Z,2026-09-08T17:00:00Z,0,0
T_DBBWO-2,DBBWO-2,2026-09-08,37,2026-09-08T17:00:00Z,2026-09-08T17:30:00Z,0,0
T_DBBWO-2,DBBWO-2,2026-09-08,38,2026-09-08T17:30:00Z,2026-09-08T18:00:00Z,0,0
T_DBBWO-2,DBBWO-2,2026-09-08,39,2026-09-08T18:00:00Z,2026-09-08T18:30:00Z,0,0
T_DBBWO-2,DBBWO-2,2026-09-08,40,2026-09-08T18:30:00Z,2026-09-08T19:00:00Z,0,0
T_DBBWO-2,DBBWO-2,2026-09-08,41,2026-09-08T19:00:00Z,2026-09-08T19:30:00Z,0,0
T_DBBWO-2,DBBWO-2,2026-09-08,42,2026-09-08T19:30:00Z,2026-09-08T20:00:00Z,0,0
T_DBBWO-2,DBBWO-2,2026-09-08,43,2026-09-08T20:00:00Z,2026-09-08T20:30:00Z,0,0
T_DBBWO-2,DBBWO-2,2026-09-08,44,2026-09-08T20:30:00Z,2026-09-08T21:00:00Z,0,0
T_DBBWO-2,DBBWO-2,2026-09-08,45,2026-09-08T21:00:00Z,2026-09-08T21:30:00Z,0,0
T_DBBWO-2,DBBWO-2,2026-09-08,46,2026-09-08T21:30:00Z,2026-09-08T22:00:00Z,0,0
T_DBBWO-2,DBBWO-2,2026-09-08,47,2026-09-08T22:00:00Z,2026-09-08T22:30:00Z,0,0
T_DBBWO-2,DBBWO-2,2026-09-08,48,2026-09-08T22:30:00Z,2026-09-08T23:00:00Z,0,0
T_DBBWO-3,DBBWO-3,2026-09-08,1,2026-09-07T23:00:00Z,2026-09-07T23:30:00Z,196,196
T_DBBWO-3,DBBWO-3,2026-09-08,2,2026-09-07T23:30:00Z,2026-09-08T00:00:00Z,194,194
T_DBBWO-3,DBBWO-3,2026-09-08,3,2026-09-08T00:00:00Z,2026-09-08T00:30:00Z,194,194
T_DBBWO-3,DBBWO-3,2026-09-08,4,2026-09-08T00:30:00Z,2026-09-08T01:00:00Z,194,194
T_DBBWO-3,DBBWO-3,2026-09-08,5,2026-09-08T01:00:00Z,2026-09-08T01:30:00Z,194,194
T_DBBWO-3,DBBWO-3,2026-09-08,6,2026-09-08T01:30:00Z,2026-09-08T02:00:00Z,195,195
T_DBBWO-3,DBBWO-3,2026-09-08,7,2026-09-08T02:00:00Z,2026-09-08T02:30:00Z,194,194
T_DBBWO-3,DBBWO-3,2026-09-08,8,2026-09-08T02:30:00Z,2026-09-08T03:00:00Z,194,194
T_DBBWO-3,DBBWO-3,2026-09-08,9,2026-09-08T03:00:00Z,2026-09-08T03:30:00Z,194,194
T_DBBWO-3,DBBWO-3,2026-09-08,10,2026-09-08T03:30:00Z,2026-09-08T04:00:00Z,194,194
T_DBBWO-3,DBBWO-3,2026-09-08,11,2026-09-08T04:00:00Z,2026-09-08T04:30:00Z,194,194
T_DBBWO-3,DBBWO-3,2026-09-08,12,2026-09-08T04:30:00Z,2026-09-08T05:00:00Z,194,194
T_DBBWO-3,DBBWO-3,2026-09-08,13,2026-09-08T05:00:00Z,2026-09-08T05:30:00Z,194,194
T_DBBWO-3,DBBWO-3,2026-09-08,14,2026-09-08T05:30:00Z,2026-09-08T06:00:00Z,198,198
T_DBBWO-3,DBBWO-3,2026-09-08,15,2026-09-08T06:00:00Z,2026-09-08T06:30:00Z,194,194
T_DBBWO-3,DBBWO-3,2026-09-08,16,2026-09-08T06:30:00Z,2026-09-08T07:00:00Z,195,195
T_DBBWO-3,DBBWO-3,2026-09-08,17,2026-09-08T07:00:00Z,2026-09-08T07:30:00Z,196,196
T_DBBWO-3,DBBWO-3,2026-09-08,18,2026-09-08T07:30:00Z,2026-09-08T08:00:00Z,196,196
T_DBBWO-3,DBBWO-3,2026-09-08,19,2026-09-08T08:00:00Z,2026-09-08T08:30:00Z,194,194
T_DBBWO-3,DBBWO-3,2026-09-08,20,2026-09-08T08:30:00Z,2026-09-08T09:00:00Z,185,185
T_DBBWO-3,DBBWO-3,2026-09-08,21,2026-09-08T09:00:00Z,2026-09-08T09:30:00Z,184,184
T_DBBWO-3,DBBWO-3,2026-09-08,22,2026-09-08T09:30:00Z,2026-09-08T10:00:00Z,184,184
T_DBBWO-3,DBBWO-3,2026-09-08,23,2026-09-08T10:00:00Z,2026-09-08T10:30:00Z,184,184
T_DBBWO-3,DBBWO-3,2026-09-08,24,2026-09-08T10:30:00Z,2026-09-08T11:00:00Z,184,184
T_DBBWO-3,DBBWO-3,2026-09-08,25,2026-09-08T11:00:00Z,2026-09-08T11:30:00Z,185,185
T_DBBWO-3,DBBWO-3,2026-09-08,26,2026-09-08T11:30:00Z,2026-09-08T12:00:00Z,184,184
T_DBBWO-3,DBBWO-3,2026-09-08,27,2026-09-08T12:00:00Z,2026-09-08T12:30:00Z,172,172
T_DBBWO-3,DBBWO-3,2026-09-08,28,2026-09-08T12:30:00Z,2026-09-08T13:00:00Z,171,171
T_DBBWO-3,DBBWO-3,2026-09-08,29,2026-09-08T13:00:00Z,2026-09-08T13:30:00Z,171,171
T_DBBWO-3,DBBWO-3,2026-09-08,30,2026-09-08T13:30:00Z,2026-09-08T14:00:00Z,184,184
T_DBBWO-3,DBBWO-3,2026-09-08,31,2026-09-08T14:00:00Z,2026-09-08T14:30:00Z,184,184
T_DBBWO-3,DBBWO-3,2026-09-08,32,2026-09-08T14:30:00Z,2026-09-08T15:00:00Z,194,194
T_DBBWO-3,DBBWO-3,2026-09-08,33,2026-09-08T15:00:00Z,2026-09-08T15:30:00Z,198,198
T_DBBWO-3,DBBWO-3,2026-09-08,34,2026-09-08T15:30:00Z,2026-09-08T16:00:00Z,198,198
T_DBBWO-3,DBBWO-3,2026-09-08,35,2026-09-08T16:00:00Z,2026-09-08T16:30:00Z,194,194
T_DBBWO-3,DBBWO-3,2026-09-08,36,2026-09-08T16:30:00Z,2026-09-08T17:00:00Z,198,198
T_DBBWO-3,DBBWO-3,2026-09-08,37,2026-09-08T17:00:00Z,2026-09-08T17:30:00Z,196,196
T_DBBWO-3,DBBWO-3,2026-09-08,38,2026-09-08T17:30:00Z,2026-09-08T18:00:00Z,196,196
T_DBBWO-3,DBBWO-3,2026-09-08,39,2026-09-08T18:00:00Z,2026-09-08T18:30:00Z,197,197
T_DBBWO-3,DBBWO-3,2026-09-08,40,2026-09-08T18:30:00Z,2026-09-08T19:00:00Z,197,197
T_DBBWO-3,DBBWO-3,2026-09-08,41,2026-09-08T19:00:00Z,2026-09-08T19:30:00Z,197,197
T_DBBWO-3,DBBWO-3,2026-09-08,42,2026-09-08T19:30:00Z,2026-09-08T20:00:00Z,197,197
T_DBBWO-3,DBBWO-3,2026-09-08,43,2026-09-08T20:00:00Z,2026-09-08T20:30:00Z,196,196
T_DBBWO-3,DBBWO-3,2026-09-08,44,2026-09-08T20:30:00Z,2026-09-08T21:00:00Z,197,197
T_DBBWO-3,DBBWO-3,2026-09-08,45,2026-09-08T21:00:00Z,2026-09-08T21:30:00Z,196,196
T_DBBWO-3,DBBWO-3,2026-09-08,46,2026-09-08T21:30:00Z,2026-09-08T22:00:00Z,197,197
T_DBBWO-3,DBBWO-3,2026-09-08,47,2026-09-08T22:00:00Z,2026-09-08T22:30:00Z,197,197
T_DBBWO-3,DBBWO-3,2026-09-08,48,2026-09-08T22:30:00Z,2026-09-08T23:00:00Z,197,197
T_DBBWO-4,DBBWO-4,2026-09-08,1,2026-09-07T23:00:00Z,2026-09-07T23:30:00Z,0,0
T_DBBWO-4,DBBWO-4,2026-09-08,2,2026-09-07T23:30:00Z,2026-09-08T00:00:00Z,0,0
T_DBBWO-4,DBBWO-4,2026-09-08,3,2026-09-08T00:00:00Z,2026-09-08T00:30:00Z,0,0
T_DBBWO-4,DBBWO-4,2026-09-08,4,2026-09-08T00:30:00Z,2026-09-08T01:00:00Z,0,0
T_DBBWO-4,DBBWO-4,2026-09-08,5,2026-09-08T01:00:00Z,2026-09-08T01:30:00Z,0,0
T_DBBWO-4,DBBWO-4,2026-09-08,6,2026-09-08T01:30:00Z,2026-09-08T02:00:00Z,0,0
T_DBBWO-4,DBBWO-4,2026-09-08,7,2026-09-08T02:00:00Z,2026-09-08T02:30:00Z,0,0
T_DBBWO-4,DBBWO-4,2026-09-08,8,2026-09-08T02:30:00Z,2026-09-08T03:00:00Z,0,0
T_DBBWO-4,DBBWO-4,2026-09-08,9,2026-09-08T03:00:00Z,2026-09-08T03:30:00Z,0,0
T_DBBWO-4,DBBWO-4,2026-09-08,10,2026-09-08T03:30:00Z,2026-09-08T04:00:00Z,0,0
T_DBBWO-4,DBBWO-4,2026-09-08,11,2026-09-08T04:00:00Z,2026-09-08T04:30:00Z,0,0
T_DBBWO-4,DBBWO-4,2026-09-08,12,2026-09-08T04:30:00Z,2026-09-08T05:00:00Z,0,0
T_DBBWO-4,DBBWO-4,2026-09-08,13,2026-09-08T05:00:00Z,2026-09-08T05:30:00Z,0,0
T_DBBWO-4,DBBWO-4,2026-09-08,14,2026-09-08T05:30:00Z,2026-09-08T06:00:00Z,0,0
T_DBBWO-4,DBBWO-4,2026-09-08,15,2026-09-08T06:00:00Z,2026-09-08T06:30:00Z,0,0
T_DBBWO-4,DBBWO-4,2026-09-08,16,2026-09-08T06:30:00Z,2026-09-08T07:00:00Z,0,0
T_DBBWO-4,DBBWO-4,2026-09-08,17,2026-09-08T07:00:00Z,2026-09-08T07:30:00Z,0,0
T_DBBWO-4,DBBWO-4,2026-09-08,18,2026-09-08T07:30:00Z,2026-09-08T08:00:00Z,0,0
T_DBBWO-4,DBBWO-4,2026-09-08,19,2026-09-08T08:00:00Z,2026-09-08T08:30:00Z,0,0
T_DBBWO-4,DBBWO-4,2026-09-08,20,2026-09-08T08:30:00Z,2026-09-08T09:00:00Z,0,0
T_DBBWO-4,DBBWO-4,2026-09-08,21,2026-09-08T09:00:00Z,2026-09-08T09:30:00Z,0,0
T_DBBWO-4,DBBWO-4,2026-09-08,22,2026-09-08T09:30:00Z,2026-09-08T10:00:00Z,0,0
T_DBBWO-4,DBBWO-4,2026-09-08,23,2026-09-08T10:00:00Z,2026-09-08T10:30:00Z,0,0
T_DBBWO-4,DBBWO-4,2026-09-08,24,2026-09-08T10:30:00Z,2026-09-08T11:00:00Z,0,0
T_DBBWO-4,DBBWO-4,2026-09-08,25,2026-09-08T11:00:00Z,2026-09-08T11:30:00Z,0,0
T_DBBWO-4,DBBWO-4,2026-09-08,26,2026-09-08T11:30:00Z,2026-09-08T12:00:00Z,0,0
T_DBBWO-4,DBBWO-4,2026-09-08,27,2026-09-08T12:00:00Z,2026-09-08T12:30:00Z,0,0
T_DBBWO-4,DBBWO-4,2026-09-08,28,2026-09-08T12:30:00Z,2026-09-08T13:00:00Z,0,0
T_DBBWO-4,DBBWO-4,2026-09-08,29,2026-09-08T13:00:00Z,2026-09-08T13:30:00Z,0,0
T_DBBWO-4,DBBWO-4,2026-09-08,30,2026-09-08T13:30:00Z,2026-09-08T14:00:00Z,0,0
T_DBBWO-4,DBBWO-4,2026-09-08,31,2026-09-08T14:00:00Z,2026-09-08T14:30:00Z,0,0
T_DBBWO-4,DBBWO-4,2026-09-08,32,2026-09-08T14:30:00Z,2026-09-08T15:00:00Z,0,0
T_DBBWO-4,DBBWO-4,2026-09-08,33,2026-09-08T15:00:00Z,2026-09-08T15:30:00Z,0,0
T_DBBWO-4,DBBWO-4,2026-09-08,34,2026-09-08T15:30:00Z,2026-09-08T16:00:00Z,0,0
T_DBBWO-4,DBBWO-4,2026-09-08,35,2026-09-08T16:00:00Z,2026-09-08T16:30:00Z,0,0
T_DBBWO-4,DBBWO-4,2026-09-08,36,2026-09-08T16:30:00Z,2026-09-08T17:00:00Z,0,0
T_DBBWO-4,DBBWO-4,2026-09-08,37,2026-09-08T17:00:00Z,2026-09-08T17:30:00Z,0,0
T_DBBWO-4,DBBWO-4,2026-09-08,38,2026-09-08T17:30:00Z,2026-09-08T18:00:00Z,0,0
T_DBBWO-4,DBBWO-4,2026-09-08,39,2026-09-08T18:00:00Z,2026-09-08T18:30:00Z,0,0
T_DBBWO-4,DBBWO-4,2026-09-08,40,2026-09-08T18:30:00Z,2026-09-08T19:00:00Z,0,0
T_DBBWO-4,DBBWO-4,2026-09-08,41,2026-09-08T19:00:00Z,2026-09-08T19:30:00Z,0,0
T_DBBWO-4,DBBWO-4,2026-09-08,42,2026-09-08T19:30:00Z,2026-09-08T20:00:00Z,0,0
T_DBBWO-4,DBBWO-4,2026-09-08,43,2026-09-08T20:00:00Z,2026-09-08T20:30:00Z,0,0
T_DBBWO-4,DBBWO-4,2026-09-08,44,2026-09-08T20:30:00Z,2026-09-08T21:00:00Z,0,0
T_DBBWO-4,DBBWO-4,2026-09-08,45,2026-09-08T21:00:00Z,2026-09-08T21:30:00Z,0,0
T_DBBWO-4,DBBWO-4,2026-09-08,46,2026-09-08T21:30:00Z,2026-09-08T22:00:00Z,0,0
T_DBBWO-4,DBBWO-4,2026-09-08,47,2026-09-08T22:00:00Z,2026-09-08T22:30:00Z,0,0
T_DBBWO-4,DBBWO-4,2026-09-08,48,2026-09-08T22:30:00Z,2026-09-08T23:00:00Z,0,0
T_DBBWO-5,DBBWO-5,2026-09-08,1,2026-09-07T23:00:00Z,2026-09-07T23:30:00Z,0,0
T_DBBWO-5,DBBWO-5,2026-09-08,2,2026-09-07T23:30:00Z,2026-09-08T00:00:00Z,0,0
T_DBBWO-5,DBBWO-5,2026-09-08,3,2026-09-08T00:00:00Z,2026-09-08T00:30:00Z,0,0
T_DBBWO-5,DBBWO-5,2026-09-08,4,2026-09-08T00:30:00Z,2026-09-08T01:00:00Z,0,0
T_DBBWO-5,DBBWO-5,2026-09-08,5,2026-09-08T01:00:00Z,2026-09-08T01:30:00Z,0,0
T_DBBWO-5,DBBWO-5,2026-09-08,6,2026-09-08T01:30:00Z,2026-09-08T02:00:00Z,0,0
T_DBBWO-5,DBBWO-5,2026-09-08,7,2026-09-08T02:00:00Z,2026-09-08T02:30:00Z,0,0
T_DBBWO-5,DBBWO-5,2026-09-08,8,2026-09-08T02:30:00Z,2026-09-08T03:00:00Z,0,0
T_DBBWO-5,DBBWO-5,2026-09-08,9,2026-09-08T03:00:00Z,2026-09-08T03:30:00Z,0,0
T_DBBWO-5,DBBWO-5,2026-09-08,10,2026-09-08T03:30:00Z,2026-09-08T04:00:00Z,0,0
T_DBBWO-5,DBBWO-5,2026-09-08,11,2026-09-08T04:00:00Z,2026-09-08T04:30:00Z,0,0
T_DBBWO-5,DBBWO-5,2026-09-08,12,2026-09-08T04:30:00Z,2026-09-08T05:00:00Z,0,0
T_DBBWO-5,DBBWO-5,2026-09-08,13,2026-09-08T05:00:00Z,2026-09-08T05:30:00Z,0,0
T_DBBWO-5,DBBWO-5,2026-09-08,14,2026-09-08T05:30:00Z,2026-09-08T06:00:00Z,0,0
T_DBBWO-5,DBBWO-5,2026-09-08,15,2026-09-08T06:00:00Z,2026-09-08T06:30:00Z,0,0
T_DBBWO-5,DBBWO-5,2026-09-08,16,2026-09-08T06:30:00Z,2026-09-08T07:00:00Z,0,0
T_DBBWO-5,DBBWO-5,2026-09-08,17,2026-09-08T07:00:00Z,2026-09-08T07:30:00Z,0,0
T_DBBWO-5,DBBWO-5,2026-09-08,18,2026-09-08T07:30:00Z,2026-09-08T08:00:00Z,0,0
T_DBBWO-5,DBBWO-5,2026-09-08,19,2026-09-08T08:00:00Z,2026-09-08T08:30:00Z,0,0
T_DBBWO-5,DBBWO-5,2026-09-08,20,2026-09-08T08:30:00Z,2026-09-08T09:00:00Z,0,0
T_DBBWO-5,DBBWO-5,2026-09-08,21,2026-09-08T09:00:00Z,2026-09-08T09:30:00Z,0,0
T_DBBWO-5,DBBWO-5,2026-09-08,22,2026-09-08T09:30:00Z,2026-09-08T10:00:00Z,0,0
T_DBBWO-5,DBBWO-5,2026-09-08,23,2026-09-08T10:00:00Z,2026-09-08T10:30:00Z,0,0
T_DBBWO-5,DBBWO-5,2026-09-08,24,2026-09-08T10:30:00Z,2026-09-08T11:00:00Z,0,0
T_DBBWO-5,DBBWO-5,2026-09-08,25,2026-09-08T11:00:00Z,2026-09-08T11:30:00Z,0,0
T_DBBWO-5,DBBWO-5,2026-09-08,26,2026-09-08T11:30:00Z,2026-09-08T12:00:00Z,0,0
T_DBBWO-5,DBBWO-5,2026-09-08,27,2026-09-08T12:00:00Z,2026-09-08T12:30:00Z,0,0
T_DBBWO-5,DBBWO-5,2026-09-08,28,2026-09-08T12:30:00Z,2026-09-08T13:00:00Z,0,0
T_DBBWO-5,DBBWO-5,2026-09-08,29,2026-09-08T13:00:00Z,2026-09-08T13:30:00Z,0,0
T_DBBWO-5,DBBWO-5,2026-09-08,30,2026-09-08T13:30:00Z,2026-09-08T14:00:00Z,0,0
T_DBBWO-5,DBBWO-5,2026-09-08,31,2026-09-08T14:00:00Z,2026-09-08T14:30:00Z,0,0
T_DBBWO-5,DBBWO-5,2026-09-08,32,2026-09-08T14:30:00Z,2026-09-08T15:00:00Z,0,0
T_DBBWO-5,DBBWO-5,2026-09-08,33,2026-09-08T15:00:00Z,2026-09-08T15:30:00Z,0,0
T_DBBWO-5,DBBWO-5,2026-09-08,34,2026-09-08T15:30:00Z,2026-09-08T16:00:00Z,0,0
T_DBBWO-5,DBBWO-5,2026-09-08,35,2026-09-08T16:00:00Z,2026-09-08T16:30:00Z,0,0
T_DBBWO-5,DBBWO-5,2026-09-08,36,2026-09-08T16:30:00Z,2026-09-08T17:00:00Z,0,0
T_DBBWO-5,DBBWO-5,2026-09-08,37,2026-09-08T17:00:00Z,2026-09-08T17:30:00Z,0,0
T_DBBWO-5,DBBWO-5,2026-09-08,38,2026-09-08T17:30:00Z,2026-09-08T18:00:00Z,0,0
T_DBBWO-5,DBBWO-5,2026-09-08,39,2026-09-08T18:00:00Z,2026-09-08T18:30:00Z,0,0
T_DBBWO-5,DBBWO-5,2026-09-08,40,2026-09-08T18:30:00Z,2026-09-08T19:00:00Z,0,0
T_DBBWO-5,DBBWO-5,2026-09-08,41,2026-09-08T19:00:00Z,2026-09-08T19:30:00Z,0,0
T_DBBWO-5,DBBWO-5,2026-09-08,42,2026-09-08T19:30:00Z,2026-09-08T20:00:00Z,0,0
T_DBBWO-5,DBBWO-5,2026-09-08,43,2026-09-08T20:00:00Z,2026-09-08T20:30:00Z,0,0
T_DBBWO-5,DBBWO-5,2026-09-08,44,2026-09-08T20:30:00Z,2026-09-08T21:00:00Z,0,0
T_DBBWO-5,DBBWO-5,2026-09-08,45,2026-09-08T21:00:00Z,2026-09-08T21:30:00Z,0,0
T_DBBWO-5,DBBWO-5,2026-09-08,46,2026-09-08T21:30:00Z,2026-09-08T22:00:00Z,0,0
T_DBBWO-5,DBBWO-5,2026-09-08,47,2026-09-08T22:00:00Z,2026-09-08T22:30:00Z,0,0
T_DBBWO-5,DBBWO-5,2026-09-08,48,2026-09-08T22:30:00Z,2026-09-08T23:00:00Z,0,0
T_DDGNO-1,DDGNO-1,2026-09-08,1,2026-09-07T23:00:00Z,2026-09-07T23:30:00Z,74,74
T_DDGNO-1,DDGNO-1,2026-09-08,2,2026-09-07T23:30:00Z,2026-09-08T00:00:00Z,76,76
T_DDGNO-1,DDGNO-1,2026-09-08,3,2026-09-08T00:00:00Z,2026-09-08T00:30:00Z,72,72
T_DDGNO-1,DDGNO-1,2026-09-08,4,2026-09-08T00:30:00Z,2026-09-08T01:00:00Z,74,74
T_DDGNO-1,DDGNO-1,2026-09-08,5,2026-09-08T01:00:00Z,2026-09-08T01:30:00Z,75,75
T_DDGNO-1,DDGNO-1,2026-09-08,6,2026-09-08T01:30:00Z,2026-09-08T02:00:00Z,64,64
T_DDGNO-1,DDGNO-1,2026-09-08,7,2026-09-08T02:00:00Z,2026-09-08T02:30:00Z,63,63
T_DDGNO-1,DDGNO-1,2026-09-08,8,2026-09-08T02:30:00Z,2026-09-08T03:00:00Z,78,78
T_DDGNO-1,DDGNO-1,2026-09-08,9,2026-09-08T03:00:00Z,2026-09-08T03:30:00Z,90,90
T_DDGNO-1,DDGNO-1,2026-09-08,10,2026-09-08T03:30:00Z,2026-09-08T04:00:00Z,92,92
T_DDGNO-1,DDGNO-1,2026-09-08,11,2026-09-08T04:00:00Z,2026-09-08T04:30:00Z,88,88
T_DDGNO-1,DDGNO-1,2026-09-08,12,2026-09-08T04:30:00Z,2026-09-08T05:00:00Z,87,87
T_DDGNO-1,DDGNO-1,2026-09-08,13,2026-09-08T05:00:00Z,2026-09-08T05:30:00Z,92,92
T_DDGNO-1,DDGNO-1,2026-09-08,14,2026-09-08T05:30:00Z,2026-09-08T06:00:00Z,88,88
T_DDGNO-1,DDGNO-1,2026-09-08,15,2026-09-08T06:00:00Z,2026-09-08T06:30:00Z,89,89
T_DDGNO-1,DDGNO-1,2026-09-08,16,2026-09-08T06:30:00Z,2026-09-08T07:00:00Z,91,91
T_DDGNO-1,DDGNO-1,2026-09-08,17,2026-09-08T07:00:00Z,2026-09-08T07:30:00Z,87,87
T_DDGNO-1,DDGNO-1,2026-09-08,18,2026-09-08T07:30:00Z,2026-09-08T08:00:00Z,88,88
T_DDGNO-1,DDGNO-1,2026-09-08,19,2026-09-08T08:00:00Z,2026-09-08T08:30:00Z,82,82
T_DDGNO-1,DDGNO-1,2026-09-08,20,2026-09-08T08:30:00Z,2026-09-08T09:00:00Z,71,71
T_DDGNO-1,DDGNO-1,2026-09-08,21,2026-09-08T09:00:00Z,2026-09-08T09:30:00Z,65,65
T_DDGNO-1,DDGNO-1,2026-09-08,22,2026-09-08T09:30:00Z,2026-09-08T10:00:00Z,48,48
T_DDGNO-1,DDGNO-1,2026-09-08,23,2026-09-08T10:00:00Z,2026-09-08T10:30:00Z,30,30
T_DDGNO-1,DDGNO-1,2026-09-08,24,2026-09-08T10:30:00Z,2026-09-08T11:00:00Z,8,8
T_DDGNO-1,DDGNO-1,2026-09-08,25,2026-09-08T11:00:00Z,2026-09-08T11:30:00Z,9,9
T_DDGNO-1,DDGNO-1,2026-09-08,26,2026-09-08T11:30:00Z,2026-09-08T12:00:00Z,12,12
T_DDGNO-1,DDGNO-1,2026-09-08,27,2026-09-08T12:00:00Z,2026-09-08T12:30:00Z,9,9
T_DDGNO-1,DDGNO-1,2026-09-08,28,2026-09-08T12:30:00Z,2026-09-08T13:00:00Z,17,17
T_DDGNO-1,DDGNO-1,2026-09-08,29,2026-09-08T13:00:00Z,2026-09-08T13:30:00Z,24,24
T_DDGNO-1,DDGNO-1,2026-09-08,30,2026-09-08T13:30:00Z,2026-09-08T14:00:00Z,33,33
T_DDGNO-1,DDGNO-1,2026-09-08,31,2026-09-08T14:00:00Z,2026-09-08T14:30:00Z,33,33
T_DDGNO-1,DDGNO-1,2026-09-08,32,2026-09-08T14:30:00Z,2026-09-08T15:00:00Z,29,29
T_DDGNO-1,DDGNO-1,2026-09-08,33,2026-09-08T15:00:00Z,2026-09-08T15:30:00Z,31,31
T_DDGNO-1,DDGNO-1,2026-09-08,34,2026-09-08T15:30:00Z,2026-09-08T16:00:00Z,40,40
T_DDGNO-1,DDGNO-1,2026-09-08,35,2026-09-08T16:00:00Z,2026-09-08T16:30:00Z,57,57
T_DDGNO-1,DDGNO-1,2026-09-08,36,2026-09-08T16:30:00Z,2026-09-08T17:00:00Z,77,77
T_DDGNO-1,DDGNO-1,2026-09-08,37,2026-09-08T17:00:00Z,2026-09-08T17:30:00Z,79,79
T_DDGNO-1,DDGNO-1,2026-09-08,38,2026-09-08T17:30:00Z,2026-09-08T18:00:00Z,81,81
T_DDGNO-1,DDGNO-1,2026-09-08,39,2026-09-08T18:00:00Z,2026-09-08T18:30:00Z,73,73
T_DDGNO-1,DDGNO-1,2026-09-08,40,2026-09-08T18:30:00Z,2026-09-08T19:00:00Z,65,65
T_DDGNO-1,DDGNO-1,2026-09-08,41,2026-09-08T19:00:00Z,2026-09-08T19:30:00Z,75,75
T_DDGNO-1,DDGNO-1,2026-09-08,42,2026-09-08T19:30:00Z,2026-09-08T20:00:00Z,95,95
T_DDGNO-1,DDGNO-1,2026-09-08,43,2026-09-08T20:00:00Z,2026-09-08T20:30:00Z,96,96
T_DDGNO-1,DDGNO-1,2026-09-08,44,2026-09-08T20:30:00Z,2026-09-08T21:00:00Z,96,96
T_DDGNO-1,DDGNO-1,2026-09-08,45,2026-09-08T21:00:00Z,2026-09-08T21:30:00Z,96,96
T_DDGNO-1,DDGNO-1,2026-09-08,46,2026-09-08T21:30:00Z,2026-09-08T22:00:00Z,96,96
T_DDGNO-1,DDGNO-1,2026-09-08,47,2026-09-08T22:00:00Z,2026-09-08T22:30:00Z,96,96
T_DDGNO-1,DDGNO-1,2026-09-08,48,2026-09-08T22:30:00Z,2026-09-08T23:00:00Z,96,96
T_DDGNO-2,DDGNO-2,2026-09-08,1,2026-09-07T23:00:00Z,2026-09-07T23:30:00Z,73,73
T_DDGNO-2,DDGNO-2,2026-09-08,2,2026-09-07T23:30:00Z,2026-09-08T00:00:00Z,72,72
T_DDGNO-2,DDGNO-2,2026-09-08,3,2026-09-08T00:00:00Z,2026-09-08T00:30:00Z,64,64
T_DDGNO-2,DDGNO-2,2026-09-08,4,2026-09-08T00:30:00Z,2026-09-08T01:00:00Z,70,70
T_DDGNO-2,DDGNO-2,2026-09-08,5,2026-09-08T01:00:00Z,2026-09-08T01:30:00Z,68,68
T_DDGNO-2,DDGNO-2,2026-09-08,6,2026-09-08T01:30:00Z,2026-09-08T02:00:00Z,58,58
T_DDGNO-2,DDGNO-2,2026-09-08,7,2026-09-08T02:00:00Z,2026-09-08T02:30:00Z,54,54
T_DDGNO-2,DDGNO-2,2026-09-08,8,2026-09-08T02:30:00Z,2026-09-08T03:00:00Z,68,68
T_DDGNO-2,DDGNO-2,2026-09-08,9,2026-09-08T03:00:00Z,2026-09-08T03:30:00Z,77,77
T_DDGNO-2,DDGNO-2,2026-09-08,10,2026-09-08T03:30:00Z,2026-09-08T04:00:00Z,79,79
T_DDGNO-2,DDGNO-2,2026-09-08,11,2026-09-08T04:00:00Z,2026-09-08T04:30:00Z,76,76
T_DDGNO-2,DDGNO-2,2026-09-08,12,2026-09-08T04:30:00Z,2026-09-08T05:00:00Z,78,78
T_DDGNO-2,DDGNO-2,2026-09-08,13,2026-09-08T05:00:00Z,2026-09-08T05:30:00Z,80,80
T_DDGNO-2,DDGNO-2,2026-09-08,14,2026-09-08T05:30:00Z,2026-09-08T06:00:00Z,77,77
T_DDGNO-2,DDGNO-2,2026-09-08,15,2026-09-08T06:00:00Z,2026-09-08T06:30:00Z,76,76
T_DDGNO-2,DDGNO-2,2026-09-08,16,2026-09-08T06:30:00Z,2026-09-08T07:00:00Z,77,77
T_DDGNO-2,DDGNO-2,2026-09-08,17,2026-09-08T07:00:00Z,2026-09-08T07:30:00Z,74,74
T_DDGNO-2,DDGNO-2,2026-09-08,18,2026-09-08T07:30:00Z,2026-09-08T08:00:00Z,76,76
T_DDGNO-2,DDGNO-2,2026-09-08,19,2026-09-08T08:00:00Z,2026-09-08T08:30:00Z,71,71
T_DDGNO-2,DDGNO-2,2026-09-08,20,2026-09-08T08:30:00Z,2026-09-08T09:00:00Z,62,62
T_DDGNO-2,DDGNO-2,2026-09-08,21,2026-09-08T09:00:00Z,2026-09-08T09:30:00Z,58,58
T_DDGNO-2,DDGNO-2,2026-09-08,22,2026-09-08T09:30:00Z,2026-09-08T10:00:00Z,42,42
T_DDGNO-2,DDGNO-2,2026-09-08,23,2026-09-08T10:00:00Z,2026-09-08T10:30:00Z,29,29
T_DDGNO-2,DDGNO-2,2026-09-08,24,2026-09-08T10:30:00Z,2026-09-08T11:00:00Z,15,15
T_DDGNO-2,DDGNO-2,2026-09-08,25,2026-09-08T11:00:00Z,2026-09-08T11:30:00Z,6,6
T_DDGNO-2,DDGNO-2,2026-09-08,26,2026-09-08T11:30:00Z,2026-09-08T12:00:00Z,9,9
T_DDGNO-2,DDGNO-2,2026-09-08,27,2026-09-08T12:00:00Z,2026-09-08T12:30:00Z,4,4
T_DDGNO-2,DDGNO-2,2026-09-08,28,2026-09-08T12:30:00Z,2026-09-08T13:00:00Z,12,12
T_DDGNO-2,DDGNO-2,2026-09-08,29,2026-09-08T13:00:00Z,2026-09-08T13:30:00Z,21,21
T_DDGNO-2,DDGNO-2,2026-09-08,30,2026-09-08T13:30:00Z,2026-09-08T14:00:00Z,28,28
T_DDGNO-2,DDGNO-2,2026-09-08,31,2026-09-08T14:00:00Z,2026-09-08T14:30:00Z,29,29
T_DDGNO-2,DDGNO-2,2026-09-08,32,2026-09-08T14:30:00Z,2026-09-08T15:00:00Z,27,27
T_DDGNO-2,DDGNO-2,2026-09-08,33,2026-09-08T15:00:00Z,2026-09-08T15:30:00Z,27,27
T_DDGNO-2,DDGNO-2,2026-09-08,34,2026-09-08T15:30:00Z,2026-09-08T16:00:00Z,34,34
T_DDGNO-2,DDGNO-2,2026-09-08,35,2026-09-08T16:00:00Z,2026-09-08T16:30:00Z,53,53
T_DDGNO-2,DDGNO-2,2026-09-08,36,2026-09-08T16:30:00Z,2026-09-08T17:00:00Z,73,73
T_DDGNO-2,DDGNO-2,2026-09-08,37,2026-09-08T17:00:00Z,2026-09-08T17:30:00Z,71,71
T_DDGNO-2,DDGNO-2,2026-09-08,38,2026-09-08T17:30:00Z,2026-09-08T18:00:00Z,71,71
T_DDGNO-2,DDGNO-2,2026-09-08,39,2026-09-08T18:00:00Z,2026-09-08T18:30:00Z,66,66
T_DDGNO-2,DDGNO-2,2026-09-08,40,2026-09-08T18:30:00Z,2026-09-08T19:00:00Z,61,61
T_DDGNO-2,DDGNO-2,2026-09-08,41,2026-09-08T19:00:00Z,2026-09-08T19:30:00Z,63,63
T_DDGNO-2,DDGNO-2,2026-09-08,42,2026-09-08T19:30:00Z,2026-09-08T20:00:00Z,83,83
T_DDGNO-2,DDGNO-2,2026-09-08,43,2026-09-08T20:00:00Z,2026-09-08T20:30:00Z,84,84
T_DDGNO-2,DDGNO-2,2026-09-08,44,2026-09-08T20:30:00Z,2026-09-08T21:00:00Z,84,84
T_DDGNO-2,DDGNO-2,2026-09-08,45,2026-09-08T21:00:00Z,2026-09-08T21:30:00Z,84,84
T_DDGNO-2,DDGNO-2,2026-09-08,46,2026-09-08T21:30:00Z,2026-09-08T22:00:00Z,84,84
T_DDGNO-2,DDGNO-2,2026-09-08,47,2026-09-08T22:00:00Z,2026-09-08T22:30:00Z,84,84
T_DDGNO-2,DDGNO-2,2026-09-08,48,2026-09-08T22:30:00Z,2026-09-08T23:00:00Z,84,84
T_DDGNO-3,DDGNO-3,2026-09-08,1,2026-09-07T23:00:00Z,2026-09-07T23:30:00Z,74,74
T_DDGNO-3,DDGNO-3,2026-09-08,2,2026-09-07T23:30:00Z,2026-09-08T00:00:00Z,76,76
T_DDGNO-3,DDGNO-3,2026-09-08,3,2026-09-08T00:00:00Z,2026-09-08T00:30:00Z,72,72
T_DDGNO-3,DDGNO-3,2026-09-08,4,2026-09-08T00:30:00Z,2026-09-08T01:00:00Z,75,75
T_DDGNO-3,DDGNO-3,2026-09-08,5,2026-09-08T01:00:00Z,2026-09-08T01:30:00Z,75,75
T_DDGNO-3,DDGNO-3,2026-09-08,6,2026-09-08T01:30:00Z,2026-09-08T02:00:00Z,64,64
T_DDGNO-3,DDGNO-3,2026-09-08,7,2026-09-08T02:00:00Z,2026-09-08T02:30:00Z,64,64
T_DDGNO-3,DDGNO-3,2026-09-08,8,2026-09-08T02:30:00Z,2026-09-08T03:00:00Z,79,79
T_DDGNO-3,DDGNO-3,2026-09-08,9,2026-09-08T03:00:00Z,2026-09-08T03:30:00Z,88,88
T_DDGNO-3,DDGNO-3,2026-09-08,10,2026-09-08T03:30:00Z,2026-09-08T04:00:00Z,90,90
T_DDGNO-3,DDGNO-3,2026-09-08,11,2026-09-08T04:00:00Z,2026-09-08T04:30:00Z,87,87
T_DDGNO-3,DDGNO-3,2026-09-08,12,2026-09-08T04:30:00Z,2026-09-08T05:00:00Z,83,83
T_DDGNO-3,DDGNO-3,2026-09-08,13,2026-09-08T05:00:00Z,2026-09-08T05:30:00Z,88,88
T_DDGNO-3,DDGNO-3,2026-09-08,14,2026-09-08T05:30:00Z,2026-09-08T06:00:00Z,86,86
T_DDGNO-3,DDGNO-3,2026-09-08,15,2026-09-08T06:00:00Z,2026-09-08T06:30:00Z,87,87
T_DDGNO-3,DDGNO-3,2026-09-08,16,2026-09-08T06:30:00Z,2026-09-08T07:00:00Z,89,89
T_DDGNO-3,DDGNO-3,2026-09-08,17,2026-09-08T07:00:00Z,2026-09-08T07:30:00Z,85,85
T_DDGNO-3,DDGNO-3,2026-09-08,18,2026-09-08T07:30:00Z,2026-09-08T08:00:00Z,85,85
T_DDGNO-3,DDGNO-3,2026-09-08,19,2026-09-08T08:00:00Z,2026-09-08T08:30:00Z,81,81
T_DDGNO-3,DDGNO-3,2026-09-08,20,2026-09-08T08:30:00Z,2026-09-08T09:00:00Z,70,70
T_DDGNO-3,DDGNO-3,2026-09-08,21,2026-09-08T09:00:00Z,2026-09-08T09:30:00Z,64,64
T_DDGNO-3,DDGNO-3,2026-09-08,22,2026-09-08T09:30:00Z,2026-09-08T10:00:00Z,44,44
T_DDGNO-3,DDGNO-3,2026-09-08,23,2026-09-08T10:00:00Z,2026-09-08T10:30:00Z,24,24
T_DDGNO-3,DDGNO-3,2026-09-08,24,2026-09-08T10:30:00Z,2026-09-08T11:00:00Z,12,12
T_DDGNO-3,DDGNO-3,2026-09-08,25,2026-09-08T11:00:00Z,2026-09-08T11:30:00Z,10,10
T_DDGNO-3,DDGNO-3,2026-09-08,26,2026-09-08T11:30:00Z,2026-09-08T12:00:00Z,12,12
T_DDGNO-3,DDGNO-3,2026-09-08,27,2026-09-08T12:00:00Z,2026-09-08T12:30:00Z,9,9
T_DDGNO-3,DDGNO-3,2026-09-08,28,2026-09-08T12:30:00Z,2026-09-08T13:00:00Z,16,16
T_DDGNO-3,DDGNO-3,2026-09-08,29,2026-09-08T13:00:00Z,2026-09-08T13:30:00Z,24,24
T_DDGNO-3,DDGNO-3,2026-09-08,30,2026-09-08T13:30:00Z,2026-09-08T14:00:00Z,32,32
T_DDGNO-3,DDGNO-3,2026-09-08,31,2026-09-08T14:00:00Z,2026-09-08T14:30:00Z,33,33
T_DDGNO-3,DDGNO-3,2026-09-08,32,2026-09-08T14:30:00Z,2026-09-08T15:00:00Z,29,29
T_DDGNO-3,DDGNO-3,2026-09-08,33,2026-09-08T15:00:00Z,2026-09-08T15:30:00Z,30,30
T_DDGNO-3,DDGNO-3,2026-09-08,34,2026-09-08T15:30:00Z,2026-09-08T16:00:00Z,40,40
T_DDGNO-3,DDGNO-3,2026-09-08,35,2026-09-08T16:00:00Z,2026-09-08T16:30:00Z,56,56
T_DDGNO-3,DDGNO-3,2026-09-08,36,2026-09-08T16:30:00Z,2026-09-08T17:00:00Z,77,77
T_DDGNO-3,DDGNO-3,2026-09-08,37,2026-09-08T17:00:00Z,2026-09-08T17:30:00Z,80,80
T_DDGNO-3,DDGNO-3,2026-09-08,38,2026-09-08T17:30:00Z,2026-09-08T18:00:00Z,80,80
T_DDGNO-3,DDGNO-3,2026-09-08,39,2026-09-08T18:00:00Z,2026-09-08T18:30:00Z,72,72
T_DDGNO-3,DDGNO-3,2026-09-08,40,2026-09-08T18:30:00Z,2026-09-08T19:00:00Z,65,65
T_DDGNO-3,DDGNO-3,2026-09-08,41,2026-09-08T19:00:00Z,2026-09-08T19:30:00Z,81,81
T_DDGNO-3,DDGNO-3,2026-09-08,42,2026-09-08T19:30:00Z,2026-09-08T20:00:00Z,93,93
T_DDGNO-3,DDGNO-3,2026-09-08,43,2026-09-08T20:00:00Z,2026-09-08T20:30:00Z,93,93
T_DDGNO-3,DDGNO-3,2026-09-08,44,2026-09-08T20:30:00Z,2026-09-08T21:00:00Z,93,93
T_DDGNO-3,DDGNO-3,2026-09-08,45,2026-09-08T21:00:00Z,2026-09-08T21:30:00Z,93,93
T_DDGNO-3,DDGNO-3,2026-09-08,46,2026-09-08T21:30:00Z,2026-09-08T22:00:00Z,93,93
T_DDGNO-3,DDGNO-3,2026-09-08,47,2026-09-08T22:00:00Z,2026-09-08T22:30:00Z,93,93
T_DDGNO-3,DDGNO-3,2026-09-08,48,2026-09-08T22:30:00Z,2026-09-08T23:00:00Z,93,93
T_DDGNO-4,DDGNO-4,2026-09-08,1,2026-09-07T23:00:00Z,2026-09-07T23:30:00Z,75,75
T_DDGNO-4,DDGNO-4,2026-09-08,2,2026-09-07T23:30:00Z,2026-09-08T00:00:00Z,78,78
T_DDGNO-4,DDGNO-4,2026-09-08,3,2026-09-08T00:00:00Z,2026-09-08T00:30:00Z,72,72
T_DDGNO-4,DDGNO-4,2026-09-08,4,2026-09-08T00:30:00Z,2026-09-08T01:00:00Z,78,78
T_DDGNO-4,DDGNO-4,2026-09-08,5,2026-09-08T01:00:00Z,2026-09-08T01:30:00Z,75,75
T_DDGNO-4,DDGNO-4,2026-09-08,6,2026-09-08T01:30:00Z,2026-09-08T02:00:00Z,66,66
T_DDGNO-4,DDGNO-4,2026-09-08,7,2026-09-08T02:00:00Z,2026-09-08T02:30:00Z,65,65
T_DDGNO-4,DDGNO-4,2026-09-08,8,2026-09-08T02:30:00Z,2026-09-08T03:00:00Z,81,81
T_DDGNO-4,DDGNO-4,2026-09-08,9,2026-09-08T03:00:00Z,2026-09-08T03:30:00Z,93,93
T_DDGNO-4,DDGNO-4,2026-09-08,10,2026-09-08T03:30:00Z,2026-09-08T04:00:00Z,93,93
T_DDGNO-4,DDGNO-4,2026-09-08,11,2026-09-08T04:00:00Z,2026-09-08T04:30:00Z,88,88
T_DDGNO-4,DDGNO-4,2026-09-08,12,2026-09-08T04:30:00Z,2026-09-08T05:00:00Z,86,86
T_DDGNO-4,DDGNO-4,2026-09-08,13,2026-09-08T05:00:00Z,2026-09-08T05:30:00Z,91,91
T_DDGNO-4,DDGNO-4,2026-09-08,14,2026-09-08T05:30:00Z,2026-09-08T06:00:00Z,91,91
T_DDGNO-4,DDGNO-4,2026-09-08,15,2026-09-08T06:00:00Z,2026-09-08T06:30:00Z,91,91
T_DDGNO-4,DDGNO-4,2026-09-08,16,2026-09-08T06:30:00Z,2026-09-08T07:00:00Z,90,90
T_DDGNO-4,DDGNO-4,2026-09-08,17,2026-09-08T07:00:00Z,2026-09-08T07:30:00Z,86,86
T_DDGNO-4,DDGNO-4,2026-09-08,18,2026-09-08T07:30:00Z,2026-09-08T08:00:00Z,86,86
T_DDGNO-4,DDGNO-4,2026-09-08,19,2026-09-08T08:00:00Z,2026-09-08T08:30:00Z,81,81
T_DDGNO-4,DDGNO-4,2026-09-08,20,2026-09-08T08:30:00Z,2026-09-08T09:00:00Z,71,71
T_DDGNO-4,DDGNO-4,2026-09-08,21,2026-09-08T09:00:00Z,2026-09-08T09:30:00Z,61,61
T_DDGNO-4,DDGNO-4,2026-09-08,22,2026-09-08T09:30:00Z,2026-09-08T10:00:00Z,43,43
T_DDGNO-4,DDGNO-4,2026-09-08,23,2026-09-08T10:00:00Z,2026-09-08T10:30:00Z,32,32
T_DDGNO-4,DDGNO-4,2026-09-08,24,2026-09-08T10:30:00Z,2026-09-08T11:00:00Z,6,6
T_DDGNO-4,DDGNO-4,2026-09-08,25,2026-09-08T11:00:00Z,2026-09-08T11:30:00Z,9,9
T_DDGNO-4,DDGNO-4,2026-09-08,26,2026-09-08T11:30:00Z,2026-09-08T12:00:00Z,11,11
T_DDGNO-4,DDGNO-4,2026-09-08,27,2026-09-08T12:00:00Z,2026-09-08T12:30:00Z,8,8
T_DDGNO-4,DDGNO-4,2026-09-08,28,2026-09-08T12:30:00Z,2026-09-08T13:00:00Z,16,16
T_DDGNO-4,DDGNO-4,2026-09-08,29,2026-09-08T13:00:00Z,2026-09-08T13:30:00Z,24,24
T_DDGNO-4,DDGNO-4,2026-09-08,30,2026-09-08T13:30:00Z,2026-09-08T14:00:00Z,33,33
T_DDGNO-4,DDGNO-4,2026-09-08,31,2026-09-08T14:00:00Z,2026-09-08T14:30:00Z,33,33
T_DDGNO-4,DDGNO-4,2026-09-08,32,2026-09-08T14:30:00Z,2026-09-08T15:00:00Z,30,30
T_DDGNO-4,DDGNO-4,2026-09-08,33,2026-09-08T15:00:00Z,2026-09-08T15:30:00Z,31,31
T_DDGNO-4,DDGNO-4,2026-09-08,34,2026-09-08T15:30:00Z,2026-09-08T16:00:00Z,40,40
T_DDGNO-4,DDGNO-4,2026-09-08,35,2026-09-08T16:00:00Z,2026-09-08T16:30:00Z,57,57
T_DDGNO-4,DDGNO-4,2026-09-08,36,2026-09-08T16:30:00Z,2026-09-08T17:00:00Z,76,76
T_DDGNO-4,DDGNO-4,2026-09-08,37,2026-09-08T17:00:00Z,2026-09-08T17:30:00Z,80,80
T_DDGNO-4,DDGNO-4,2026-09-08,38,2026-09-08T17:30:00Z,2026-09-08T18:00:00Z,81,81
T_DDGNO-4,DDGNO-4,2026-09-08,39,2026-09-08T18:00:00Z,2026-09-08T18:30:00Z,73,73
T_DDGNO-4,DDGNO-4,2026-09-08,40,2026-09-08T18:30:00Z,2026-09-08T19:00:00Z,66,66
T_DDGNO-4,DDGNO-4,2026-09-08,41,2026-09-08T19:00:00Z,2026-09-08T19:30:00Z,71,71
T_DDGNO-4,DDGNO-4,2026-09-08,42,2026-09-08T19:30:00Z,2026-09-08T20:00:00Z,94,94
T_DDGNO-4,DDGNO-4,2026-09-08,43,2026-09-08T20:00:00Z,2026-09-08T20:30:00Z,96,96
T_DDGNO-4,DDGNO-4,2026-09-08,44,2026-09-08T20:30:00Z,2026-09-08T21:00:00Z,95,95
T_DDGNO-4,DDGNO-4,2026-09-08,45,2026-09-08T21:00:00Z,2026-09-08T21:30:00Z,96,96
T_DDGNO-4,DDGNO-4,2026-09-08,46,2026-09-08T21:30:00Z,2026-09-08T22:00:00Z,96,96
T_DDGNO-4,DDGNO-4,2026-09-08,47,2026-09-08T22:00:00Z,2026-09-08T22:30:00Z,96,96
T_DDGNO-4,DDGNO-4,2026-09-08,48,2026-09-08T22:30:00Z,2026-09-08T23:00:00Z,96,96
T_DNLWW-1,DNLWW-1,2026-09-08,1,2026-09-07T23:00:00Z,2026-09-07T23:30:00Z,14,14
T_DNLWW-1,DNLWW-1,2026-09-08,2,2026-09-07T23:30:00Z,2026-09-08T00:00:00Z,11,11
T_DNLWW-1,DNLWW-1,2026-09-08,3,2026-09-08T00:00:00Z,2026-09-08T00:30:00Z,15,15
T_DNLWW-1,DNLWW-1,2026-09-08,4,2026-09-08T00:30:00Z,2026-09-08T01:00:00Z,11,11
T_DNLWW-1,DNLWW-1,2026-09-08,5,2026-09-08T01:00:00Z,2026-09-08T01:30:00Z,15,15
T_DNLWW-1,DNLWW-1,2026-09-08,6,2026-09-08T01:30:00Z,2026-09-08T02:00:00Z,14,14
T_DNLWW-1,DNLWW-1,2026-09-08,7,2026-09-08T02:00:00Z,2026-09-08T02:30:00Z,18,18
T_DNLWW-1,DNLWW-1,2026-09-08,8,2026-09-08T02:30:00Z,2026-09-08T03:00:00Z,19,19
T_DNLWW-1,DNLWW-1,2026-09-08,9,2026-09-08T03:00:00Z,2026-09-08T03:30:00Z,15,15
T_DNLWW-1,DNLWW-1,2026-09-08,10,2026-09-08T03:30:00Z,2026-09-08T04:00:00Z,15,15
T_DNLWW-1,DNLWW-1,2026-09-08,11,2026-09-08T04:00:00Z,2026-09-08T04:30:00Z,16,16
T_DNLWW-1,DNLWW-1,2026-09-08,12,2026-09-08T04:30:00Z,2026-09-08T05:00:00Z,18,18
T_DNLWW-1,DNLWW-1,2026-09-08,13,2026-09-08T05:00:00Z,2026-09-08T05:30:00Z,16,16
T_DNLWW-1,DNLWW-1,2026-09-08,14,2026-09-08T05:30:00Z,2026-09-08T06:00:00Z,16,16
T_DNLWW-1,DNLWW-1,2026-09-08,15,2026-09-08T06:00:00Z,2026-09-08T06:30:00Z,18,18
T_DNLWW-1,DNLWW-1,2026-09-08,16,2026-09-08T06:30:00Z,2026-09-08T07:00:00Z,19,19
T_DNLWW-1,DNLWW-1,2026-09-08,17,2026-09-08T07:00:00Z,2026-09-08T07:30:00Z,18,18
T_DNLWW-1,DNLWW-1,2026-09-08,18,2026-09-08T07:30:00Z,2026-09-08T08:00:00Z,17,17
T_DNLWW-1,DNLWW-1,2026-09-08,19,2026-09-08T08:00:00Z,2026-09-08T08:30:00Z,18,18
T_DNLWW-1,DNLWW-1,2026-09-08,20,2026-09-08T08:30:00Z,2026-09-08T09:00:00Z,18,18
T_DNLWW-1,DNLWW-1,2026-09-08,21,2026-09-08T09:00:00Z,2026-09-08T09:30:00Z,16,16
T_DNLWW-1,DNLWW-1,2026-09-08,22,2026-09-08T09:30:00Z,2026-09-08T10:00:00Z,17,17
T_DNLWW-1,DNLWW-1,2026-09-08,23,2026-09-08T10:00:00Z,2026-09-08T10:30:00Z,16,16
T_DNLWW-1,DNLWW-1,2026-09-08,24,2026-09-08T10:30:00Z,2026-09-08T11:00:00Z,19,19
T_DNLWW-1,DNLWW-1,2026-09-08,25,2026-09-08T11:00:00Z,2026-09-08T11:30:00Z,22,22
T_DNLWW-1,DNLWW-1,2026-09-08,26,2026-09-08T11:30:00Z,2026-09-08T12:00:00Z,21,21
T_DNLWW-1,DNLWW-1,2026-09-08,27,2026-09-08T12:00:00Z,2026-09-08T12:30:00Z,21,21
T_DNLWW-1,DNLWW-1,2026-09-08,28,2026-09-08T12:30:00Z,2026-09-08T13:00:00Z,21,21
T_DNLWW-1,DNLWW-1,2026-09-08,29,2026-09-08T13:00:00Z,2026-09-08T13:30:00Z,22,22
T_DNLWW-1,DNLWW-1,2026-09-08,30,2026-09-08T13:30:00Z,2026-09-08T14:00:00Z,21,21
T_DNLWW-1,DNLWW-1,2026-09-08,31,2026-09-08T14:00:00Z,2026-09-08T14:30:00Z,24,24
T_DNLWW-1,DNLWW-1,2026-09-08,32,2026-09-08T14:30:00Z,2026-09-08T15:00:00Z,23,23
T_DNLWW-1,DNLWW-1,2026-09-08,33,2026-09-08T15:00:00Z,2026-09-08T15:30:00Z,23,23
T_DNLWW-1,DNLWW-1,2026-09-08,34,2026-09-08T15:30:00Z,2026-09-08T16:00:00Z,22,22
T_DNLWW-1,DNLWW-1,2026-09-08,35,2026-09-08T16:00:00Z,2026-09-08T16:30:00Z,22,22
T_DNLWW-1,DNLWW-1,2026-09-08,36,2026-09-08T16:30:00Z,2026-09-08T17:00:00Z,22,22
T_DNLWW-1,DNLWW-1,2026-09-08,37,2026-09-08T17:00:00Z,2026-09-08T17:30:00Z,21,21
T_DNLWW-1,DNLWW-1,2026-09-08,38,2026-09-08T17:30:00Z,2026-09-08T18:00:00Z,23,23
T_DNLWW-1,DNLWW-1,2026-09-08,39,2026-09-08T18:00:00Z,2026-09-08T18:30:00Z,21,21
T_DNLWW-1,DNLWW-1,2026-09-08,40,2026-09-08T18:30:00Z,2026-09-08T19:00:00Z,21,21
T_DNLWW-1,DNLWW-1,2026-09-08,41,2026-09-08T19:00:00Z,2026-09-08T19:30:00Z,19,19
T_DNLWW-1,DNLWW-1,2026-09-08,42,2026-09-08T19:30:00Z,2026-09-08T20:00:00Z,20,20
T_DNLWW-1,DNLWW-1,2026-09-08,43,2026-09-08T20:00:00Z,2026-09-08T20:30:00Z,19,19
T_DNLWW-1,DNLWW-1,2026-09-08,44,2026-09-08T20:30:00Z,2026-09-08T21:00:00Z,20,20
T_DNLWW-1,DNLWW-1,2026-09-08,45,2026-09-08T21:00:00Z,2026-09-08T21:30:00Z,15,15
T_DNLWW-1,DNLWW-1,2026-09-08,46,2026-09-08T21:30:00Z,2026-09-08T22:00:00Z,16,16
T_DNLWW-1,DNLWW-1,2026-09-08,47,2026-09-08T22:00:00Z,2026-09-08T22:30:00Z,18,18
T_DNLWW-1,DNLWW-1,2026-09-08,48,2026-09-08T22:30:00Z,2026-09-08T23:00:00Z,15,15
T_DOREW-1,DOREW-1,2026-09-08,1,2026-09-07T23:00:00Z,2026-09-07T23:30:00Z,88,87
T_DOREW-1,DOREW-1,2026-09-08,2,2026-09-07T23:30:00Z,2026-09-08T00:00:00Z,87,86
T_DOREW-1,DOREW-1,2026-09-08,3,2026-09-08T00:00:00Z,2026-09-08T00:30:00Z,86,85
T_DOREW-1,DOREW-1,2026-09-08,4,2026-09-08T00:30:00Z,2026-09-08T01:00:00Z,85,83
T_DOREW-1,DOREW-1,2026-09-08,5,2026-09-08T01:00:00Z,2026-09-08T01:30:00Z,83,79
T_DOREW-1,DOREW-1,2026-09-08,6,2026-09-08T01:30:00Z,2026-09-08T02:00:00Z,83,84
T_DOREW-1,DOREW-1,2026-09-08,7,2026-09-08T02:00:00Z,2026-09-08T02:30:00Z,84,88
T_DOREW-1,DOREW-1,2026-09-08,8,2026-09-08T02:30:00Z,2026-09-08T03:00:00Z,88,93
T_DOREW-1,DOREW-1,2026-09-08,9,2026-09-08T03:00:00Z,2026-09-08T03:30:00Z,93,94
T_DOREW-1,DOREW-1,2026-09-08,10,2026-09-08T03:30:00Z,2026-09-08T04:00:00Z,94,95
T_DOREW-1,DOREW-1,2026-09-08,11,2026-09-08T04:00:00Z,2026-09-08T04:30:00Z,95,95
T_DOREW-1,DOREW-1,2026-09-08,12,2026-09-08T04:30:00Z,2026-09-08T05:00:00Z,95,94
T_DOREW-1,DOREW-1,2026-09-08,13,2026-09-08T05:00:00Z,2026-09-08T05:30:00Z,94,93
T_DOREW-1,DOREW-1,2026-09-08,14,2026-09-08T05:30:00Z,2026-09-08T06:00:00Z,93,92
T_DOREW-1,DOREW-1,2026-09-08,15,2026-09-08T06:00:00Z,2026-09-08T06:30:00Z,92,92
T_DOREW-1,DOREW-1,2026-09-08,16,2026-09-08T06:30:00Z,2026-09-08T07:00:00Z,92,93
T_DOREW-1,DOREW-1,2026-09-08,17,2026-09-08T07:00:00Z,2026-09-08T07:30:00Z,93,89
T_DOREW-1,DOREW-1,2026-09-08,18,2026-09-08T07:30:00Z,2026-09-08T08:00:00Z,87,83
T_DOREW-1,DOREW-1,2026-09-08,19,2026-09-08T08:00:00Z,2026-09-08T08:30:00Z,83,88
T_DOREW-1,DOREW-1,2026-09-08,20,2026-09-08T08:30:00Z,2026-09-08T09:00:00Z,88,93
T_DOREW-1,DOREW-1,2026-09-08,21,2026-09-08T09:00:00Z,2026-09-08T09:30:00Z,93,95
T_DOREW-1,DOREW-1,2026-09-08,22,2026-09-08T09:30:00Z,2026-09-08T10:00:00Z,95,96
T_DOREW-1,DOREW-1,2026-09-08,23,2026-09-08T10:00:00Z,2026-09-08T10:30:00Z,96,96
T_DOREW-1,DOREW-1,2026-09-08,24,2026-09-08T10:30:00Z,2026-09-08T11:00:00Z,96,96
T_DOREW-1,DOREW-1,2026-09-08,25,2026-09-08T11:00:00Z,2026-09-08T11:30:00Z,96,96
T_DOREW-1,DOREW-1,2026-09-08,26,2026-09-08T11:30:00Z,2026-09-08T12:00:00Z,96,96
T_DOREW-1,DOREW-1,2026-09-08,27,2026-09-08T12:00:00Z,2026-09-08T12:30:00Z,96,96
T_DOREW-1,DOREW-1,2026-09-08,28,2026-09-08T12:30:00Z,2026-09-08T13:00:00Z,96,96
T_DOREW-1,DOREW-1,2026-09-08,29,2026-09-08T13:00:00Z,2026-09-08T13:30:00Z,96,96
T_DOREW-1,DOREW-1,2026-09-08,30,2026-09-08T13:30:00Z,2026-09-08T14:00:00Z,96,96
T_DOREW-1,DOREW-1,2026-09-08,31,2026-09-08T14:00:00Z,2026-09-08T14:30:00Z,96,96
T_DOREW-1,DOREW-1,2026-09-08,32,2026-09-08T14:30:00Z,2026-09-08T15:00:00Z,96,96
T_DOREW-1,DOREW-1,2026-09-08,33,2026-09-08T15:00:00Z,2026-09-08T15:30:00Z,96,96
T_DOREW-1,DOREW-1,2026-09-08,34,2026-09-08T15:30:00Z,2026-09-08T16:00:00Z,96,96
T_DOREW-1,DOREW-1,2026-09-08,35,2026-09-08T16:00:00Z,2026-09-08T16:30:00Z,96,96
T_DOREW-1,DOREW-1,2026-09-08,36,2026-09-08T16:30:00Z,2026-09-08T17:00:00Z,96,96
T_DOREW-1,DOREW-1,2026-09-08,37,2026-09-08T17:00:00Z,2026-09-08T17:30:00Z,96,96
T_DOREW-1,DOREW-1,2026-09-08,38,2026-09-08T17:30:00Z,2026-09-08T18:00:00Z,96,96
T_DOREW-1,DOREW-1,2026-09-08,39,2026-09-08T18:00:00Z,2026-09-08T18:30:00Z,96,96
T_DOREW-1,DOREW-1,2026-09-08,40,2026-09-08T18:30:00Z,2026-09-08T19:00:00Z,96,96
T_DOREW-1,DOREW-1,2026-09-08,41,2026-09-08T19:00:00Z,2026-09-08T19:30:00Z,96,96
T_DOREW-1,DOREW-1,2026-09-08,42,2026-09-08T19:30:00Z,2026-09-08T20:00:00Z,96,96
T_DOREW-1,DOREW-1,2026-09-08,43,2026-09-08T20:00:00Z,2026-09-08T20:30:00Z,96,96
T_DOREW-1,DOREW-1,2026-09-08,44,2026-09-08T20:30:00Z,2026-09-08T21:00:00Z,96,96
T_DOREW-1,DOREW-1,2026-09-08,45,2026-09-08T21:00:00Z,2026-09-08T21:30:00Z,95,94
T_DOREW-1,DOREW-1,2026-09-08,46,2026-09-08T21:30:00Z,2026-09-08T22:00:00Z,93,92
T_DOREW-1,DOREW-1,2026-09-08,47,2026-09-08T22:00:00Z,2026-09-08T22:30:00Z,87,83
T_DOREW-1,DOREW-1,2026-09-08,48,2026-09-08T22:30:00Z,2026-09-08T23:00:00Z,81,77
T_DOREW-2,DOREW-2,2026-09-08,1,2026-09-07T23:00:00Z,2026-09-07T23:30:00Z,74,74
T_DOREW-2,DOREW-2,2026-09-08,2,2026-09-07T23:30:00Z,2026-09-08T00:00:00Z,74,73
T_DOREW-2,DOREW-2,2026-09-08,3,2026-09-08T00:00:00Z,2026-09-08T00:30:00Z,73,71
T_DOREW-2,DOREW-2,2026-09-08,4,2026-09-08T00:30:00Z,2026-09-08T01:00:00Z,71,70
T_DOREW-2,DOREW-2,2026-09-08,5,2026-09-08T01:00:00Z,2026-09-08T01:30:00Z,70,67
T_DOREW-2,DOREW-2,2026-09-08,6,2026-09-08T01:30:00Z,2026-09-08T02:00:00Z,70,71
T_DOREW-2,DOREW-2,2026-09-08,7,2026-09-08T02:00:00Z,2026-09-08T02:30:00Z,71,74
T_DOREW-2,DOREW-2,2026-09-08,8,2026-09-08T02:30:00Z,2026-09-08T03:00:00Z,74,78
T_DOREW-2,DOREW-2,2026-09-08,9,2026-09-08T03:00:00Z,2026-09-08T03:30:00Z,78,79
T_DOREW-2,DOREW-2,2026-09-08,10,2026-09-08T03:30:00Z,2026-09-08T04:00:00Z,79,81
T_DOREW-2,DOREW-2,2026-09-08,11,2026-09-08T04:00:00Z,2026-09-08T04:30:00Z,81,80
T_DOREW-2,DOREW-2,2026-09-08,12,2026-09-08T04:30:00Z,2026-09-08T05:00:00Z,80,80
T_DOREW-2,DOREW-2,2026-09-08,13,2026-09-08T05:00:00Z,2026-09-08T05:30:00Z,80,79
T_DOREW-2,DOREW-2,2026-09-08,14,2026-09-08T05:30:00Z,2026-09-08T06:00:00Z,79,78
T_DOREW-2,DOREW-2,2026-09-08,15,2026-09-08T06:00:00Z,2026-09-08T06:30:00Z,78,78
T_DOREW-2,DOREW-2,2026-09-08,16,2026-09-08T06:30:00Z,2026-09-08T07:00:00Z,78,78
T_DOREW-2,DOREW-2,2026-09-08,17,2026-09-08T07:00:00Z,2026-09-08T07:30:00Z,78,75
T_DOREW-2,DOREW-2,2026-09-08,18,2026-09-08T07:30:00Z,2026-09-08T08:00:00Z,73,70
T_DOREW-2,DOREW-2,2026-09-08,19,2026-09-08T08:00:00Z,2026-09-08T08:30:00Z,70,74
T_DOREW-2,DOREW-2,2026-09-08,20,2026-09-08T08:30:00Z,2026-09-08T09:00:00Z,74,78
T_DOREW-2,DOREW-2,2026-09-08,21,2026-09-08T09:00:00Z,2026-09-08T09:30:00Z,78,80
T_DOREW-2,DOREW-2,2026-09-08,22,2026-09-08T09:30:00Z,2026-09-08T10:00:00Z,80,81
T_DOREW-2,DOREW-2,2026-09-08,23,2026-09-08T10:00:00Z,2026-09-08T10:30:00Z,81,81
T_DOREW-2,DOREW-2,2026-09-08,24,2026-09-08T10:30:00Z,2026-09-08T11:00:00Z,81,81
T_DOREW-2,DOREW-2,2026-09-08,25,2026-09-08T11:00:00Z,2026-09-08T11:30:00Z,81,81
T_DOREW-2,DOREW-2,2026-09-08,26,2026-09-08T11:30:00Z,2026-09-08T12:00:00Z,81,81
T_DOREW-2,DOREW-2,2026-09-08,27,2026-09-08T12:00:00Z,2026-09-08T12:30:00Z,81,81
T_DOREW-2,DOREW-2,2026-09-08,28,2026-09-08T12:30:00Z,2026-09-08T13:00:00Z,81,81
T_DOREW-2,DOREW-2,2026-09-08,29,2026-09-08T13:00:00Z,2026-09-08T13:30:00Z,81,81
T_DOREW-2,DOREW-2,2026-09-08,30,2026-09-08T13:30:00Z,2026-09-08T14:00:00Z,81,81
T_DOREW-2,DOREW-2,2026-09-08,31,2026-09-08T14:00:00Z,2026-09-08T14:30:00Z,81,81
T_DOREW-2,DOREW-2,2026-09-08,32,2026-09-08T14:30:00Z,2026-09-08T15:00:00Z,81,81
T_DOREW-2,DOREW-2,2026-09-08,33,2026-09-08T15:00:00Z,2026-09-08T15:30:00Z,81,81
T_DOREW-2,DOREW-2,2026-09-08,34,2026-09-08T15:30:00Z,2026-09-08T16:00:00Z,80,79
T_DOREW-2,DOREW-2,2026-09-08,35,2026-09-08T16:00:00Z,2026-09-08T16:30:00Z,79,80
T_DOREW-2,DOREW-2,2026-09-08,36,2026-09-08T16:30:00Z,2026-09-08T17:00:00Z,81,81
T_DOREW-2,DOREW-2,2026-09-08,37,2026-09-08T17:00:00Z,2026-09-08T17:30:00Z,81,81
T_DOREW-2,DOREW-2,2026-09-08,38,2026-09-08T17:30:00Z,2026-09-08T18:00:00Z,81,81
T_DOREW-2,DOREW-2,2026-09-08,39,2026-09-08T18:00:00Z,2026-09-08T18:30:00Z,81,81
T_DOREW-2,DOREW-2,2026-09-08,40,2026-09-08T18:30:00Z,2026-09-08T19:00:00Z,81,81
T_DOREW-2,DOREW-2,2026-09-08,41,2026-09-08T19:00:00Z,2026-09-08T19:30:00Z,81,81
T_DOREW-2,DOREW-2,2026-09-08,42,2026-09-08T19:30:00Z,2026-09-08T20:00:00Z,81,81
T_DOREW-2,DOREW-2,2026-09-08,43,2026-09-08T20:00:00Z,2026-09-08T20:30:00Z,81,79
T_DOREW-2,DOREW-2,2026-09-08,44,2026-09-08T20:30:00Z,2026-09-08T21:00:00Z,80,79
T_DOREW-2,DOREW-2,2026-09-08,45,2026-09-08T21:00:00Z,2026-09-08T21:30:00Z,76,74
T_DOREW-2,DOREW-2,2026-09-08,46,2026-09-08T21:30:00Z,2026-09-08T22:00:00Z,73,71
T_DOREW-2,DOREW-2,2026-09-08,47,2026-09-08T22:00:00Z,2026-09-08T22:30:00Z,64,60
T_DOREW-2,DOREW-2,2026-09-08,48,2026-09-08T22:30:00Z,2026-09-08T23:00:00Z,58,54
T_DOUGW-1,DOUGW-1,2026-09-08,1,2026-09-07T23:00:00Z,2026-09-07T23:30:00Z,26,26
T_DOUGW-1,DOUGW-1,2026-09-08,2,2026-09-07T23:30:00Z,2026-09-08T00:00:00Z,26,26
T_DOUGW-1,DOUGW-1,2026-09-08,3,2026-09-08T00:00:00Z,2026-09-08T00:30:00Z,25,27
T_DOUGW-1,DOUGW-1,2026-09-08,4,2026-09-08T00:30:00Z,2026-09-08T01:00:00Z,27,28
T_DOUGW-1,DOUGW-1,2026-09-08,5,2026-09-08T01:00:00Z,2026-09-08T01:30:00Z,28,29
T_DOUGW-1,DOUGW-1,2026-09-08,6,2026-09-08T01:30:00Z,2026-09-08T02:00:00Z,29,29
T_DOUGW-1,DOUGW-1,2026-09-08,7,2026-09-08T02:00:00Z,2026-09-08T02:30:00Z,29,30
T_DOUGW-1,DOUGW-1,2026-09-08,8,2026-09-08T02:30:00Z,2026-09-08T03:00:00Z,30,31
T_DOUGW-1,DOUGW-1,2026-09-08,9,2026-09-08T03:00:00Z,2026-09-08T03:30:00Z,32,32
T_DOUGW-1,DOUGW-1,2026-09-08,10,2026-09-08T03:30:00Z,2026-09-08T04:00:00Z,32,32
T_DOUGW-1,DOUGW-1,2026-09-08,11,2026-09-08T04:00:00Z,2026-09-08T04:30:00Z,33,33
T_DOUGW-1,DOUGW-1,2026-09-08,12,2026-09-08T04:30:00Z,2026-09-08T05:00:00Z,33,34
T_DOUGW-1,DOUGW-1,2026-09-08,13,2026-09-08T05:00:00Z,2026-09-08T05:30:00Z,34,33
T_DOUGW-1,DOUGW-1,2026-09-08,14,2026-09-08T05:30:00Z,2026-09-08T06:00:00Z,33,32
T_DOUGW-1,DOUGW-1,2026-09-08,15,2026-09-08T06:00:00Z,2026-09-08T06:30:00Z,32,31
T_DOUGW-1,DOUGW-1,2026-09-08,16,2026-09-08T06:30:00Z,2026-09-08T07:00:00Z,31,31
T_DOUGW-1,DOUGW-1,2026-09-08,17,2026-09-08T07:00:00Z,2026-09-08T07:30:00Z,31,33
T_DOUGW-1,DOUGW-1,2026-09-08,18,2026-09-08T07:30:00Z,2026-09-08T08:00:00Z,33,31
T_DOUGW-1,DOUGW-1,2026-09-08,19,2026-09-08T08:00:00Z,2026-09-08T08:30:00Z,31,30
T_DOUGW-1,DOUGW-1,2026-09-08,20,2026-09-08T08:30:00Z,2026-09-08T09:00:00Z,30,28
T_DOUGW-1,DOUGW-1,2026-09-08,21,2026-09-08T09:00:00Z,2026-09-08T09:30:00Z,27,26
T_DOUGW-1,DOUGW-1,2026-09-08,22,2026-09-08T09:30:00Z,2026-09-08T10:00:00Z,26,26
T_DOUGW-1,DOUGW-1,2026-09-08,23,2026-09-08T10:00:00Z,2026-09-08T10:30:00Z,25,25
T_DOUGW-1,DOUGW-1,2026-09-08,24,2026-09-08T10:30:00Z,2026-09-08T11:00:00Z,25,28
T_DOUGW-1,DOUGW-1,2026-09-08,25,2026-09-08T11:00:00Z,2026-09-08T11:30:00Z,28,30
T_DOUGW-1,DOUGW-1,2026-09-08,26,2026-09-08T11:30:00Z,2026-09-08T12:00:00Z,30,32
T_DOUGW-1,DOUGW-1,2026-09-08,27,2026-09-08T12:00:00Z,2026-09-08T12:30:00Z,32,33
T_DOUGW-1,DOUGW-1,2026-09-08,28,2026-09-08T12:30:00Z,2026-09-08T13:00:00Z,33,34
T_DOUGW-1,DOUGW-1,2026-09-08,29,2026-09-08T13:00:00Z,2026-09-08T13:30:00Z,35,35
T_DOUGW-1,DOUGW-1,2026-09-08,30,2026-09-08T13:30:00Z,2026-09-08T14:00:00Z,35,35
T_DOUGW-1,DOUGW-1,2026-09-08,31,2026-09-08T14:00:00Z,2026-09-08T14:30:00Z,35,35
T_DOUGW-1,DOUGW-1,2026-09-08,32,2026-09-08T14:30:00Z,2026-09-08T15:00:00Z,35,37
T_DOUGW-1,DOUGW-1,2026-09-08,33,2026-09-08T15:00:00Z,2026-09-08T15:30:00Z,36,36
T_DOUGW-1,DOUGW-1,2026-09-08,34,2026-09-08T15:30:00Z,2026-09-08T16:00:00Z,36,35
T_DOUGW-1,DOUGW-1,2026-09-08,35,2026-09-08T16:00:00Z,2026-09-08T16:30:00Z,35,34
T_DOUGW-1,DOUGW-1,2026-09-08,36,2026-09-08T16:30:00Z,2026-09-08T17:00:00Z,34,34
T_DOUGW-1,DOUGW-1,2026-09-08,37,2026-09-08T17:00:00Z,2026-09-08T17:30:00Z,34,34
T_DOUGW-1,DOUGW-1,2026-09-08,38,2026-09-08T17:30:00Z,2026-09-08T18:00:00Z,34,34
T_DOUGW-1,DOUGW-1,2026-09-08,39,2026-09-08T18:00:00Z,2026-09-08T18:30:00Z,33,33
T_DOUGW-1,DOUGW-1,2026-09-08,40,2026-09-08T18:30:00Z,2026-09-08T19:00:00Z,33,33
T_DOUGW-1,DOUGW-1,2026-09-08,41,2026-09-08T19:00:00Z,2026-09-08T19:30:00Z,33,31
T_DOUGW-1,DOUGW-1,2026-09-08,42,2026-09-08T19:30:00Z,2026-09-08T20:00:00Z,31,28
T_DOUGW-1,DOUGW-1,2026-09-08,43,2026-09-08T20:00:00Z,2026-09-08T20:30:00Z,28,26
T_DOUGW-1,DOUGW-1,2026-09-08,44,2026-09-08T20:30:00Z,2026-09-08T21:00:00Z,26,25
T_DOUGW-1,DOUGW-1,2026-09-08,45,2026-09-08T21:00:00Z,2026-09-08T21:30:00Z,26,24
T_DOUGW-1,DOUGW-1,2026-09-08,46,2026-09-08T21:30:00Z,2026-09-08T22:00:00Z,24,22
T_DOUGW-1,DOUGW-1,2026-09-08,47,2026-09-08T22:00:00Z,2026-09-08T22:30:00Z,22,21
T_DOUGW-1,DOUGW-1,2026-09-08,48,2026-09-08T22:30:00Z,2026-09-08T23:00:00Z,21,19
T_DRSLW-1,DRSLW-1,2026-09-08,1,2026-09-07T23:00:00Z,2026-09-07T23:30:00Z,41,41
T_DRSLW-1,DRSLW-1,2026-09-08,2,2026-09-07T23:30:00Z,2026-09-08T00:00:00Z,38,38
T_DRSLW-1,DRSLW-1,2026-09-08,3,2026-09-08T00:00:00Z,2026-09-08T00:30:00Z,40,40
T_DRSLW-1,DRSLW-1,2026-09-08,4,2026-09-08T00:30:00Z,2026-09-08T01:00:00Z,38,38
T_DRSLW-1,DRSLW-1,2026-09-08,5,2026-09-08T01:00:00Z,2026-09-08T01:30:00Z,45,45
T_DRSLW-1,DRSLW-1,2026-09-08,6,2026-09-08T01:30:00Z,2026-09-08T02:00:00Z,43,43
T_DRSLW-1,DRSLW-1,2026-09-08,7,2026-09-08T02:00:00Z,2026-09-08T02:30:00Z,48,48
T_DRSLW-1,DRSLW-1,2026-09-08,8,2026-09-08T02:30:00Z,2026-09-08T03:00:00Z,42,42
T_DRSLW-1,DRSLW-1,2026-09-08,9,2026-09-08T03:00:00Z,2026-09-08T03:30:00Z,53,53
T_DRSLW-1,DRSLW-1,2026-09-08,10,2026-09-08T03:30:00Z,2026-09-08T04:00:00Z,54,54
T_DRSLW-1,DRSLW-1,2026-09-08,11,2026-09-08T04:00:00Z,2026-09-08T04:30:00Z,56,56
T_DRSLW-1,DRSLW-1,2026-09-08,12,2026-09-08T04:30:00Z,2026-09-08T05:00:00Z,53,53
T_DRSLW-1,DRSLW-1,2026-09-08,13,2026-09-08T05:00:00Z,2026-09-08T05:30:00Z,58,58
T_DRSLW-1,DRSLW-1,2026-09-08,14,2026-09-08T05:30:00Z,2026-09-08T06:00:00Z,55,55
T_DRSLW-1,DRSLW-1,2026-09-08,15,2026-09-08T06:00:00Z,2026-09-08T06:30:00Z,55,55
T_DRSLW-1,DRSLW-1,2026-09-08,16,2026-09-08T06:30:00Z,2026-09-08T07:00:00Z,48,48
T_DRSLW-1,DRSLW-1,2026-09-08,17,2026-09-08T07:00:00Z,2026-09-08T07:30:00Z,57,57
T_DRSLW-1,DRSLW-1,2026-09-08,18,2026-09-08T07:30:00Z,2026-09-08T08:00:00Z,57,57
T_DRSLW-1,DRSLW-1,2026-09-08,19,2026-09-08T08:00:00Z,2026-09-08T08:30:00Z,54,54
T_DRSLW-1,DRSLW-1,2026-09-08,20,2026-09-08T08:30:00Z,2026-09-08T09:00:00Z,54,54
T_DRSLW-1,DRSLW-1,2026-09-08,21,2026-09-08T09:00:00Z,2026-09-08T09:30:00Z,61,61
T_DRSLW-1,DRSLW-1,2026-09-08,22,2026-09-08T09:30:00Z,2026-09-08T10:00:00Z,61,61
T_DRSLW-1,DRSLW-1,2026-09-08,23,2026-09-08T10:00:00Z,2026-09-08T10:30:00Z,61,61
T_DRSLW-1,DRSLW-1,2026-09-08,24,2026-09-08T10:30:00Z,2026-09-08T11:00:00Z,63,63
T_DRSLW-1,DRSLW-1,2026-09-08,25,2026-09-08T11:00:00Z,2026-09-08T11:30:00Z,58,58
T_DRSLW-1,DRSLW-1,2026-09-08,26,2026-09-08T11:30:00Z,2026-09-08T12:00:00Z,51,51
T_DRSLW-1,DRSLW-1,2026-09-08,27,2026-09-08T12:00:00Z,2026-09-08T12:30:00Z,57,57
T_DRSLW-1,DRSLW-1,2026-09-08,28,2026-09-08T12:30:00Z,2026-09-08T13:00:00Z,56,56
T_DRSLW-1,DRSLW-1,2026-09-08,29,2026-09-08T13:00:00Z,2026-09-08T13:30:00Z,63,63
T_DRSLW-1,DRSLW-1,2026-09-08,30,2026-09-08T13:30:00Z,2026-09-08T14:00:00Z,62,62
T_DRSLW-1,DRSLW-1,2026-09-08,31,2026-09-08T14:00:00Z,2026-09-08T14:30:00Z,62,62
T_DRSLW-1,DRSLW-1,2026-09-08,32,2026-09-08T14:30:00Z,2026-09-08T15:00:00Z,65,65
T_DRSLW-1,DRSLW-1,2026-09-08,33,2026-09-08T15:00:00Z,2026-09-08T15:30:00Z,66,66
T_DRSLW-1,DRSLW-1,2026-09-08,34,2026-09-08T15:30:00Z,2026-09-08T16:00:00Z,64,64
T_DRSLW-1,DRSLW-1,2026-09-08,35,2026-09-08T16:00:00Z,2026-09-08T16:30:00Z,64,64
T_DRSLW-1,DRSLW-1,2026-09-08,36,2026-09-08T16:30:00Z,2026-09-08T17:00:00Z,63,63
T_DRSLW-1,DRSLW-1,2026-09-08,37,2026-09-08T17:00:00Z,2026-09-08T17:30:00Z,60,60
T_DRSLW-1,DRSLW-1,2026-09-08,38,2026-09-08T17:30:00Z,2026-09-08T18:00:00Z,58,58
T_DRSLW-1,DRSLW-1,2026-09-08,39,2026-09-08T18:00:00Z,2026-09-08T18:30:00Z,58,58
T_DRSLW-1,DRSLW-1,2026-09-08,40,2026-09-08T18:30:00Z,2026-09-08T19:00:00Z,59,59
T_DRSLW-1,DRSLW-1,2026-09-08,41,2026-09-08T19:00:00Z,2026-09-08T19:30:00Z,52,52
T_DRSLW-1,DRSLW-1,2026-09-08,42,2026-09-08T19:30:00Z,2026-09-08T20:00:00Z,51,51
T_DRSLW-1,DRSLW-1,2026-09-08,43,2026-09-08T20:00:00Z,2026-09-08T20:30:00Z,49,49
T_DRSLW-1,DRSLW-1,2026-09-08,44,2026-09-08T20:30:00Z,2026-09-08T21:00:00Z,54,54
T_DRSLW-1,DRSLW-1,2026-09-08,45,2026-09-08T21:00:00Z,2026-09-08T21:30:00Z,49,49
T_DRSLW-1,DRSLW-1,2026-09-08,46,2026-09-08T21:30:00Z,2026-09-08T22:00:00Z,47,47
T_DRSLW-1,DRSLW-1,2026-09-08,47,2026-09-08T22:00:00Z,2026-09-08T22:30:00Z,31,31
T_DRSLW-1,DRSLW-1,2026-09-08,48,2026-09-08T22:30:00Z,2026-09-08T23:00:00Z,26,26
T_DUNGW-1,DUNGW-1,2026-09-08,1,2026-09-07T23:00:00Z,2026-09-07T23:30:00Z,76,76
T_DUNGW-1,DUNGW-1,2026-09-08,2,2026-09-07T23:30:00Z,2026-09-08T00:00:00Z,76,76
T_DUNGW-1,DUNGW-1,2026-09-08,3,2026-09-08T00:00:00Z,2026-09-08T00:30:00Z,76,76
T_DUNGW-1,DUNGW-1,2026-09-08,4,2026-09-08T00:30:00Z,2026-09-08T01:00:00Z,76,76
T_DUNGW-1,DUNGW-1,2026-09-08,5,2026-09-08T01:00:00Z,2026-09-08T01:30:00Z,76,76
T_DUNGW-1,DUNGW-1,2026-09-08,6,2026-09-08T01:30:00Z,2026-09-08T02:00:00Z,76,76
T_DUNGW-1,DUNGW-1,2026-09-08,7,2026-09-08T02:00:00Z,2026-09-08T02:30:00Z,76,76
T_DUNGW-1,DUNGW-1,2026-09-08,8,2026-09-08T02:30:00Z,2026-09-08T03:00:00Z,76,76
T_DUNGW-1,DUNGW-1,2026-09-08,9,2026-09-08T03:00:00Z,2026-09-08T03:30:00Z,76,76
T_DUNGW-1,DUNGW-1,2026-09-08,10,2026-09-08T03:30:00Z,2026-09-08T04:00:00Z,76,76
T_DUNGW-1,DUNGW-1,2026-09-08,11,2026-09-08T04:00:00Z,2026-09-08T04:30:00Z,76,76
T_DUNGW-1,DUNGW-1,2026-09-08,12,2026-09-08T04:30:00Z,2026-09-08T05:00:00Z,76,76
T_DUNGW-1,DUNGW-1,2026-09-08,13,2026-09-08T05:00:00Z,2026-09-08T05:30:00Z,76,76
T_DUNGW-1,DUNGW-1,2026-09-08,14,2026-09-08T05:30:00Z,2026-09-08T06:00:00Z,76,76
T_DUNGW-1,DUNGW-1,2026-09-08,15,2026-09-08T06:00:00Z,2026-09-08T06:30:00Z,76,76
T_DUNGW-1,DUNGW-1,2026-09-08,16,2026-09-08T06:30:00Z,2026-09-08T07:00:00Z,76,76
T_DUNGW-1,DUNGW-1,2026-09-08,17,2026-09-08T07:00:00Z,2026-09-08T07:30:00Z,76,76
T_DUNGW-1,DUNGW-1,2026-09-08,18,2026-09-08T07:30:00Z,2026-09-08T08:00:00Z,76,76
T_DUNGW-1,DUNGW-1,2026-09-08,19,2026-09-08T08:00:00Z,2026-09-08T08:30:00Z,76,76
T_DUNGW-1,DUNGW-1,2026-09-08,20,2026-09-08T08:30:00Z,2026-09-08T09:00:00Z,76,76
T_DUNGW-1,DUNGW-1,2026-09-08,21,2026-09-08T09:00:00Z,2026-09-08T09:30:00Z,70,70
T_DUNGW-1,DUNGW-1,2026-09-08,22,2026-09-08T09:30:00Z,2026-09-08T10:00:00Z,70,70
T_DUNGW-1,DUNGW-1,2026-09-08,23,2026-09-08T10:00:00Z,2026-09-08T10:30:00Z,70,70
T_DUNGW-1,DUNGW-1,2026-09-08,24,2026-09-08T10:30:00Z,2026-09-08T11:00:00Z,70,70
T_DUNGW-1,DUNGW-1,2026-09-08,25,2026-09-08T11:00:00Z,2026-09-08T11:30:00Z,70,70
T_DUNGW-1,DUNGW-1,2026-09-08,26,2026-09-08T11:30:00Z,2026-09-08T12:00:00Z,70,70
T_DUNGW-1,DUNGW-1,2026-09-08,27,2026-09-08T12:00:00Z,2026-09-08T12:29:00Z,70,70
T_DUNGW-1,DUNGW-1,2026-09-08,27,2026-09-08T12:29:00Z,2026-09-08T12:30:00Z,70,69
T_DUNGW-1,DUNGW-1,2026-09-08,28,2026-09-08T12:30:00Z,2026-09-08T13:00:00Z,69,69
T_DUNGW-1,DUNGW-1,2026-09-08,29,2026-09-08T13:00:00Z,2026-09-08T13:29:00Z,69,69
T_DUNGW-1,DUNGW-1,2026-09-08,29,2026-09-08T13:29:00Z,2026-09-08T13:30:00Z,69,72
T_DUNGW-1,DUNGW-1,2026-09-08,30,2026-09-08T13:30:00Z,2026-09-08T13:59:00Z,72,72
T_DUNGW-1,DUNGW-1,2026-09-08,30,2026-09-08T13:59:00Z,2026-09-08T14:00:00Z,72,71
T_DUNGW-1,DUNGW-1,2026-09-08,31,2026-09-08T14:00:00Z,2026-09-08T14:30:00Z,71,71
T_DUNGW-1,DUNGW-1,2026-09-08,32,2026-09-08T14:30:00Z,2026-09-08T14:59:00Z,71,71
T_DUNGW-1,DUNGW-1,2026-09-08,32,2026-09-08T14:59:00Z,2026-09-08T15:00:00Z,71,70
T_DUNGW-1,DUNGW-1,2026-09-08,33,2026-09-08T15:00:00Z,2026-09-08T15:29:00Z,70,70
T_DUNGW-1,DUNGW-1,2026-09-08,33,2026-09-08T15:29:00Z,2026-09-08T15:30:00Z,70,72
T_DUNGW-1,DUNGW-1,2026-09-08,34,2026-09-08T15:30:00Z,2026-09-08T16:00:00Z,72,72
T_DUNGW-1,DUNGW-1,2026-09-08,35,2026-09-08T16:00:00Z,2026-09-08T16:29:00Z,72,72
T_DUNGW-1,DUNGW-1,2026-09-08,35,2026-09-08T16:29:00Z,2026-09-08T16:30:00Z,72,71
T_DUNGW-1,DUNGW-1,2026-09-08,36,2026-09-08T16:30:00Z,2026-09-08T16:59:00Z,71,71
T_DUNGW-1,DUNGW-1,2026-09-08,36,2026-09-08T16:59:00Z,2026-09-08T17:00:00Z,71,70
T_DUNGW-1,DUNGW-1,2026-09-08,37,2026-09-08T17:00:00Z,2026-09-08T17:29:00Z,70,70
T_DUNGW-1,DUNGW-1,2026-09-08,37,2026-09-08T17:29:00Z,2026-09-08T17:30:00Z,70,69
T_DUNGW-1,DUNGW-1,2026-09-08,38,2026-09-08T17:30:00Z,2026-09-08T17:59:00Z,69,69
T_DUNGW-1,DUNGW-1,2026-09-08,38,2026-09-08T17:59:00Z,2026-09-08T18:00:00Z,69,67
T_DUNGW-1,DUNGW-1,2026-09-08,39,2026-09-08T18:00:00Z,2026-09-08T18:29:00Z,67,67
T_DUNGW-1,DUNGW-1,2026-09-08,39,2026-09-08T18:29:00Z,2026-09-08T18:30:00Z,67,68
T_DUNGW-1,DUNGW-1,2026-09-08,40,2026-09-08T18:30:00Z,2026-09-08T18:59:00Z,68,68
T_DUNGW-1,DUNGW-1,2026-09-08,40,2026-09-08T18:59:00Z,2026-09-08T19:00:00Z,68,65
T_DUNGW-1,DUNGW-1,2026-09-08,41,2026-09-08T19:00:00Z,2026-09-08T19:29:00Z,64,64
T_DUNGW-1,DUNGW-1,2026-09-08,41,2026-09-08T19:29:00Z,2026-09-08T19:30:00Z,64,61
T_DUNGW-1,DUNGW-1,2026-09-08,42,2026-09-08T19:30:00Z,2026-09-08T19:59:00Z,61,61
T_DUNGW-1,DUNGW-1,2026-09-08,42,2026-09-08T19:59:00Z,2026-09-08T20:00:00Z,61,57
T_DUNGW-1,DUNGW-1,2026-09-08,43,2026-09-08T20:00:00Z,2026-09-08T20:29:00Z,57,57
T_DUNGW-1,DUNGW-1,2026-09-08,43,2026-09-08T20:29:00Z,2026-09-08T20:30:00Z,57,53
T_DUNGW-1,DUNGW-1,2026-09-08,44,2026-09-08T20:30:00Z,2026-09-08T20:59:00Z,53,53
T_DUNGW-1,DUNGW-1,2026-09-08,44,2026-09-08T20:59:00Z,2026-09-08T21:00:00Z,53,50
T_DUNGW-1,DUNGW-1,2026-09-08,45,2026-09-08T21:00:00Z,2026-09-08T21:29:00Z,48,48
T_DUNGW-1,DUNGW-1,2026-09-08,45,2026-09-08T21:29:00Z,2026-09-08T21:30:00Z,48,44
T_DUNGW-1,DUNGW-1,2026-09-08,46,2026-09-08T21:30:00Z,2026-09-08T21:59:00Z,44,44
T_DUNGW-1,DUNGW-1,2026-09-08,46,2026-09-08T21:59:00Z,2026-09-08T22:00:00Z,44,39
T_DUNGW-1,DUNGW-1,2026-09-08,47,2026-09-08T22:00:00Z,2026-09-08T22:29:00Z,39,39
T_DUNGW-1,DUNGW-1,2026-09-08,47,2026-09-08T22:29:00Z,2026-09-08T22:30:00Z,39,34
T_DUNGW-1,DUNGW-1,2026-09-08,48,2026-09-08T22:30:00Z,2026-09-08T22:59:00Z,34,34
T_DUNGW-1,DUNGW-1,2026-09-08,48,2026-09-08T22:59:00Z,2026-09-08T23:00:00Z,34,29
T_DWEXW-1,DWEXW-1,2026-09-08,1,2026-09-07T23:00:00Z,2026-09-07T23:30:00Z,33,33
T_DWEXW-1,DWEXW-1,2026-09-08,2,2026-09-07T23:30:00Z,2026-09-08T00:00:00Z,33,33
T_DWEXW-1,DWEXW-1,2026-09-08,3,2026-09-08T00:00:00Z,2026-09-08T00:30:00Z,33,33
T_DWEXW-1,DWEXW-1,2026-09-08,4,2026-09-08T00:30:00Z,2026-09-08T01:00:00Z,33,33
T_DWEXW-1,DWEXW-1,2026-09-08,5,2026-09-08T01:00:00Z,2026-09-08T01:30:00Z,33,33
T_DWEXW-1,DWEXW-1,2026-09-08,6,2026-09-08T01:30:00Z,2026-09-08T02:00:00Z,33,33
T_DWEXW-1,DWEXW-1,2026-09-08,7,2026-09-08T02:00:00Z,2026-09-08T02:30:00Z,33,33
T_DWEXW-1,DWEXW-1,2026-09-08,8,2026-09-08T02:30:00Z,2026-09-08T03:00:00Z,33,33
T_DWEXW-1,DWEXW-1,2026-09-08,9,2026-09-08T03:00:00Z,2026-09-08T03:30:00Z,33,33
T_DWEXW-1,DWEXW-1,2026-09-08,10,2026-09-08T03:30:00Z,2026-09-08T04:00:00Z,33,33
T_DWEXW-1,DWEXW-1,2026-09-08,11,2026-09-08T04:00:00Z,2026-09-08T04:30:00Z,33,33
T_DWEXW-1,DWEXW-1,2026-09-08,12,2026-09-08T04:30:00Z,2026-09-08T05:00:00Z,33,33
T_DWEXW-1,DWEXW-1,2026-09-08,13,2026-09-08T05:00:00Z,2026-09-08T05:30:00Z,33,33
T_DWEXW-1,DWEXW-1,2026-09-08,14,2026-09-08T05:30:00Z,2026-09-08T06:00:00Z,33,33
T_DWEXW-1,DWEXW-1,2026-09-08,15,2026-09-08T06:00:00Z,2026-09-08T06:30:00Z,33,33
T_DWEXW-1,DWEXW-1,2026-09-08,16,2026-09-08T06:30:00Z,2026-09-08T07:00:00Z,33,33
T_DWEXW-1,DWEXW-1,2026-09-08,17,2026-09-08T07:00:00Z,2026-09-08T07:30:00Z,33,33
T_DWEXW-1,DWEXW-1,2026-09-08,18,2026-09-08T07:30:00Z,2026-09-08T08:00:00Z,33,33
T_DWEXW-1,DWEXW-1,2026-09-08,19,2026-09-08T08:00:00Z,2026-09-08T08:30:00Z,33,33
T_DWEXW-1,DWEXW-1,2026-09-08,20,2026-09-08T08:30:00Z,2026-09-08T09:00:00Z,33,33
T_DWEXW-1,DWEXW-1,2026-09-08,21,2026-09-08T09:00:00Z,2026-09-08T09:30:00Z,33,33
T_DWEXW-1,DWEXW-1,2026-09-08,22,2026-09-08T09:30:00Z,2026-09-08T10:00:00Z,33,33
T_DWEXW-1,DWEXW-1,2026-09-08,23,2026-09-08T10:00:00Z,2026-09-08T10:30:00Z,33,33
T_DWEXW-1,DWEXW-1,2026-09-08,24,2026-09-08T10:30:00Z,2026-09-08T11:00:00Z,33,33
T_DWEXW-1,DWEXW-1,2026-09-08,25,2026-09-08T11:00:00Z,2026-09-08T11:30:00Z,33,33
T_DWEXW-1,DWEXW-1,2026-09-08,26,2026-09-08T11:30:00Z,2026-09-08T12:00:00Z,33,33
T_DWEXW-1,DWEXW-1,2026-09-08,27,2026-09-08T12:00:00Z,2026-09-08T12:30:00Z,33,33
T_DWEXW-1,DWEXW-1,2026-09-08,28,2026-09-08T12:30:00Z,2026-09-08T13:00:00Z,33,33
T_DWEXW-1,DWEXW-1,2026-09-08,29,2026-09-08T13:00:00Z,2026-09-08T13:30:00Z,33,33
T_DWEXW-1,DWEXW-1,2026-09-08,30,2026-09-08T13:30:00Z,2026-09-08T14:00:00Z,33,33
T_DWEXW-1,DWEXW-1,2026-09-08,31,2026-09-08T14:00:00Z,2026-09-08T14:30:00Z,33,33
T_DWEXW-1,DWEXW-1,2026-09-08,32,2026-09-08T14:30:00Z,2026-09-08T15:00:00Z,33,33
T_DWEXW-1,DWEXW-1,2026-09-08,33,2026-09-08T15:00:00Z,2026-09-08T15:30:00Z,33,33
T_DWEXW-1,DWEXW-1,2026-09-08,34,2026-09-08T15:30:00Z,2026-09-08T16:00:00Z,33,33
T_DWEXW-1,DWEXW-1,2026-09-08,35,2026-09-08T16:00:00Z,2026-09-08T16:30:00Z,33,33
T_DWEXW-1,DWEXW-1,2026-09-08,36,2026-09-08T16:30:00Z,2026-09-08T17:00:00Z,33,33
T_DWEXW-1,DWEXW-1,2026-09-08,37,2026-09-08T17:00:00Z,2026-09-08T17:30:00Z,33,33
T_DWEXW-1,DWEXW-1,2026-09-08,38,2026-09-08T17:30:00Z,2026-09-08T18:00:00Z,33,33
T_DWEXW-1,DWEXW-1,2026-09-08,39,2026-09-08T18:00:00Z,2026-09-08T18:30:00Z,33,33
T_DWEXW-1,DWEXW-1,2026-09-08,40,2026-09-08T18:30:00Z,2026-09-08T19:00:00Z,33,33
T_DWEXW-1,DWEXW-1,2026-09-08,41,2026-09-08T19:00:00Z,2026-09-08T19:30:00Z,33,33
T_DWEXW-1,DWEXW-1,2026-09-08,42,2026-09-08T19:30:00Z,2026-09-08T20:00:00Z,33,33
T_DWEXW-1,DWEXW-1,2026-09-08,43,2026-09-08T20:00:00Z,2026-09-08T20:30:00Z,33,33
T_DWEXW-1,DWEXW-1,2026-09-08,44,2026-09-08T20:30:00Z,2026-09-08T21:00:00Z,33,33
T_DWEXW-1,DWEXW-1,2026-09-08,45,2026-09-08T21:00:00Z,2026-09-08T21:30:00Z,33,33
T_DWEXW-1,DWEXW-1,2026-09-08,46,2026-09-08T21:30:00Z,2026-09-08T22:00:00Z,33,33
T_DWEXW-1,DWEXW-1,2026-09-08,47,2026-09-08T22:00:00Z,2026-09-08T22:30:00Z,33,33
T_DWEXW-1,DWEXW-1,2026-09-08,48,2026-09-08T22:30:00Z,2026-09-08T23:00:00Z,33,33
T_EAAO-1,EAAO-1,2026-09-08,1,2026-09-07T23:00:00Z,2026-09-07T23:30:00Z,276,276
T_EAAO-1,EAAO-1,2026-09-08,2,2026-09-07T23:30:00Z,2026-09-08T00:00:00Z,289,289
T_EAAO-1,EAAO-1,2026-09-08,3,2026-09-08T00:00:00Z,2026-09-08T00:30:00Z,259,259
T_EAAO-1,EAAO-1,2026-09-08,4,2026-09-08T00:30:00Z,2026-09-08T01:00:00Z,252,252
T_EAAO-1,EAAO-1,2026-09-08,5,2026-09-08T01:00:00Z,2026-09-08T01:30:00Z,299,299
T_EAAO-1,EAAO-1,2026-09-08,6,2026-09-08T01:30:00Z,2026-09-08T02:00:00Z,200,200
T_EAAO-1,EAAO-1,2026-09-08,7,2026-09-08T02:00:00Z,2026-09-08T02:30:00Z,264,264
T_EAAO-1,EAAO-1,2026-09-08,8,2026-09-08T02:30:00Z,2026-09-08T03:00:00Z,143,143
T_EAAO-1,EAAO-1,2026-09-08,9,2026-09-08T03:00:00Z,2026-09-08T03:30:00Z,232,232
T_EAAO-1,EAAO-1,2026-09-08,10,2026-09-08T03:30:00Z,2026-09-08T04:00:00Z,234,234
T_EAAO-1,EAAO-1,2026-09-08,11,2026-09-08T04:00:00Z,2026-09-08T04:30:00Z,207,207
T_EAAO-1,EAAO-1,2026-09-08,12,2026-09-08T04:30:00Z,2026-09-08T05:00:00Z,215,215
T_EAAO-1,EAAO-1,2026-09-08,13,2026-09-08T05:00:00Z,2026-09-08T05:30:00Z,222,222
T_EAAO-1,EAAO-1,2026-09-08,14,2026-09-08T05:30:00Z,2026-09-08T06:00:00Z,251,251
T_EAAO-1,EAAO-1,2026-09-08,15,2026-09-08T06:00:00Z,2026-09-08T06:30:00Z,243,243
T_EAAO-1,EAAO-1,2026-09-08,16,2026-09-08T06:30:00Z,2026-09-08T07:00:00Z,265,265
T_EAAO-1,EAAO-1,2026-09-08,17,2026-09-08T07:00:00Z,2026-09-08T07:30:00Z,250,250
T_EAAO-1,EAAO-1,2026-09-08,18,2026-09-08T07:30:00Z,2026-09-08T08:00:00Z,218,218
T_EAAO-1,EAAO-1,2026-09-08,19,2026-09-08T08:00:00Z,2026-09-08T08:30:00Z,217,217
T_EAAO-1,EAAO-1,2026-09-08,20,2026-09-08T08:30:00Z,2026-09-08T09:00:00Z,236,236
T_EAAO-1,EAAO-1,2026-09-08,21,2026-09-08T09:00:00Z,2026-09-08T09:30:00Z,156,156
T_EAAO-1,EAAO-1,2026-09-08,22,2026-09-08T09:30:00Z,2026-09-08T10:00:00Z,156,156
T_EAAO-1,EAAO-1,2026-09-08,23,2026-09-08T10:00:00Z,2026-09-08T10:30:00Z,172,172
T_EAAO-1,EAAO-1,2026-09-08,24,2026-09-08T10:30:00Z,2026-09-08T11:00:00Z,159,159
T_EAAO-1,EAAO-1,2026-09-08,25,2026-09-08T11:00:00Z,2026-09-08T11:30:00Z,195,195
T_EAAO-1,EAAO-1,2026-09-08,26,2026-09-08T11:30:00Z,2026-09-08T12:00:00Z,150,150
T_EAAO-1,EAAO-1,2026-09-08,27,2026-09-08T12:00:00Z,2026-09-08T12:30:00Z,165,165
T_EAAO-1,EAAO-1,2026-09-08,28,2026-09-08T12:30:00Z,2026-09-08T13:00:00Z,151,151
T_EAAO-1,EAAO-1,2026-09-08,29,2026-09-08T13:00:00Z,2026-09-08T13:30:00Z,97,97
T_EAAO-1,EAAO-1,2026-09-08,30,2026-09-08T13:30:00Z,2026-09-08T14:00:00Z,95,95
T_EAAO-1,EAAO-1,2026-09-08,31,2026-09-08T14:00:00Z,2026-09-08T14:30:00Z,83,83
T_EAAO-1,EAAO-1,2026-09-08,32,2026-09-08T14:30:00Z,2026-09-08T15:00:00Z,142,142
T_EAAO-1,EAAO-1,2026-09-08,33,2026-09-08T15:00:00Z,2026-09-08T15:30:00Z,100,100
T_EAAO-1,EAAO-1,2026-09-08,34,2026-09-08T15:30:00Z,2026-09-08T16:00:00Z,99,99
T_EAAO-1,EAAO-1,2026-09-08,35,2026-09-08T16:00:00Z,2026-09-08T16:30:00Z,135,135
T_EAAO-1,EAAO-1,2026-09-08,36,2026-09-08T16:30:00Z,2026-09-08T17:00:00Z,105,105
T_EAAO-1,EAAO-1,2026-09-08,37,2026-09-08T17:00:00Z,2026-09-08T17:30:00Z,117,117
T_EAAO-1,EAAO-1,2026-09-08,38,2026-09-08T17:30:00Z,2026-09-08T18:00:00Z,117,117
T_EAAO-1,EAAO-1,2026-09-08,39,2026-09-08T18:00:00Z,2026-09-08T18:30:00Z,228,228
T_EAAO-1,EAAO-1,2026-09-08,40,2026-09-08T18:30:00Z,2026-09-08T19:00:00Z,312,312
T_EAAO-1,EAAO-1,2026-09-08,41,2026-09-08T19:00:00Z,2026-09-08T19:30:00Z,340,340
T_EAAO-1,EAAO-1,2026-09-08,42,2026-09-08T19:30:00Z,2026-09-08T20:00:00Z,340,340
T_EAAO-1,EAAO-1,2026-09-08,43,2026-09-08T20:00:00Z,2026-09-08T20:30:00Z,340,340
T_EAAO-1,EAAO-1,2026-09-08,44,2026-09-08T20:30:00Z,2026-09-08T21:00:00Z,338,338
T_EAAO-1,EAAO-1,2026-09-08,45,2026-09-08T21:00:00Z,2026-09-08T21:30:00Z,340,340
T_EAAO-1,EAAO-1,2026-09-08,46,2026-09-08T21:30:00Z,2026-09-08T22:00:00Z,337,337
T_EAAO-1,EAAO-1,2026-09-08,47,2026-09-08T22:00:00Z,2026-09-08T22:30:00Z,340,340
T_EAAO-1,EAAO-1,2026-09-08,48,2026-09-08T22:30:00Z,2026-09-08T23:00:00Z,340,340
T_EAAO-2,EAAO-2,2026-09-08,1,2026-09-07T23:00:00Z,2026-09-07T23:30:00Z,276,276
T_EAAO-2,EAAO-2,2026-09-08,2,2026-09-07T23:30:00Z,2026-09-08T00:00:00Z,289,289
T_EAAO-2,EAAO-2,2026-09-08,3,2026-09-08T00:00:00Z,2026-09-08T00:30:00Z,259,259
T_EAAO-2,EAAO-2,2026-09-08,4,2026-09-08T00:30:00Z,2026-09-08T01:00:00Z,252,252
T_EAAO-2,EAAO-2,2026-09-08,5,2026-09-08T01:00:00Z,2026-09-08T01:30:00Z,299,299
T_EAAO-2,EAAO-2,2026-09-08,6,2026-09-08T01:30:00Z,2026-09-08T02:00:00Z,200,200
T_EAAO-2,EAAO-2,2026-09-08,7,2026-09-08T02:00:00Z,2026-09-08T02:30:00Z,264,264
T_EAAO-2,EAAO-2,2026-09-08,8,2026-09-08T02:30:00Z,2026-09-08T03:00:00Z,143,143
T_EAAO-2,EAAO-2,2026-09-08,9,2026-09-08T03:00:00Z,2026-09-08T03:30:00Z,232,232
T_EAAO-2,EAAO-2,2026-09-08,10,2026-09-08T03:30:00Z,2026-09-08T04:00:00Z,234,234
T_EAAO-2,EAAO-2,2026-09-08,11,2026-09-08T04:00:00Z,2026-09-08T04:30:00Z,207,207
T_EAAO-2,EAAO-2,2026-09-08,12,2026-09-08T04:30:00Z,2026-09-08T05:00:00Z,215,215
T_EAAO-2,EAAO-2,2026-09-08,13,2026-09-08T05:00:00Z,2026-09-08T05:30:00Z,222,222
T_EAAO-2,EAAO-2,2026-09-08,14,2026-09-08T05:30:00Z,2026-09-08T06:00:00Z,251,251
T_EAAO-2,EAAO-2,2026-09-08,15,2026-09-08T06:00:00Z,2026-09-08T06:30:00Z,243,243
T_EAAO-2,EAAO-2,2026-09-08,16,2026-09-08T06:30:00Z,2026-09-08T07:00:00Z,265,265
T_EAAO-2,EAAO-2,2026-09-08,17,2026-09-08T07:00:00Z,2026-09-08T07:30:00Z,250,250
T_EAAO-2,EAAO-2,2026-09-08,18,2026-09-08T07:30:00Z,2026-09-08T08:00:00Z,218,218
T_EAAO-2,EAAO-2,2026-09-08,19,2026-09-08T08:00:00Z,2026-09-08T08:30:00Z,217,217
T_EAAO-2,EAAO-2,2026-09-08,20,2026-09-08T08:30:00Z,2026-09-08T09:00:00Z,236,236
T_EAAO-2,EAAO-2,2026-09-08,21,2026-09-08T09:00:00Z,2026-09-08T09:30:00Z,156,156
T_EAAO-2,EAAO-2,2026-09-08,22,2026-09-08T09:30:00Z,2026-09-08T10:00:00Z,156,156
T_EAAO-2,EAAO-2,2026-09-08,23,2026-09-08T10:00:00Z,2026-09-08T10:30:00Z,172,172
T_EAAO-2,EAAO-2,2026-09-08,24,2026-09-08T10:30:00Z,2026-09-08T11:00:00Z,159,159
T_EAAO-2,EAAO-2,2026-09-08,25,2026-09-08T11:00:00Z,2026-09-08T11:30:00Z,195,195
T_EAAO-2,EAAO-2,2026-09-08,26,2026-09-08T11:30:00Z,2026-09-08T12:00:00Z,150,150
T_EAAO-2,EAAO-2,2026-09-08,27,2026-09-08T12:00:00Z,2026-09-08T12:30:00Z,165,165
T_EAAO-2,EAAO-2,2026-09-08,28,2026-09-08T12:30:00Z,2026-09-08T13:00:00Z,151,151
T_EAAO-2,EAAO-2,2026-09-08,29,2026-09-08T13:00:00Z,2026-09-08T13:30:00Z,97,97
T_EAAO-2,EAAO-2,2026-09-08,30,2026-09-08T13:30:00Z,2026-09-08T14:00:00Z,95,95
T_EAAO-2,EAAO-2,2026-09-08,31,2026-09-08T14:00:00Z,2026-09-08T14:30:00Z,83,83
T_EAAO-2,EAAO-2,2026-09-08,32,2026-09-08T14:30:00Z,2026-09-08T15:00:00Z,142,142
T_EAAO-2,EAAO-2,2026-09-08,33,2026-09-08T15:00:00Z,2026-09-08T15:30:00Z,100,100
T_EAAO-2,EAAO-2,2026-09-08,34,2026-09-08T15:30:00Z,2026-09-08T16:00:00Z,99,99
T_EAAO-2,EAAO-2,2026-09-08,35,2026-09-08T16:00:00Z,2026-09-08T16:30:00Z,135,135
T_EAAO-2,EAAO-2,2026-09-08,36,2026-09-08T16:30:00Z,2026-09-08T17:00:00Z,105,105
T_EAAO-2,EAAO-2,2026-09-08,37,2026-09-08T17:00:00Z,2026-09-08T17:30:00Z,117,117
T_EAAO-2,EAAO-2,2026-09-08,38,2026-09-08T17:30:00Z,2026-09-08T18:00:00Z,117,117
T_EAAO-2,EAAO-2,2026-09-08,39,2026-09-08T18:00:00Z,2026-09-08T18:30:00Z,228,228
T_EAAO-2,EAAO-2,2026-09-08,40,2026-09-08T18:30:00Z,2026-09-08T19:00:00Z,312,312
T_EAAO-2,EAAO-2,2026-09-08,41,2026-09-08T19:00:00Z,2026-09-08T19:30:00Z,340,340
T_EAAO-2,EAAO-2,2026-09-08,42,2026-09-08T19:30:00Z,2026-09-08T20:00:00Z,340,340
T_EAAO-2,EAAO-2,2026-09-08,43,2026-09-08T20:00:00Z,2026-09-08T20:30:00Z,340,340
T_EAAO-2,EAAO-2,2026-09-08,44,2026-09-08T20:30:00Z,2026-09-08T21:00:00Z,338,338
T_EAAO-2,EAAO-2,2026-09-08,45,2026-09-08T21:00:00Z,2026-09-08T21:30:00Z,340,340
T_EAAO-2,EAAO-2,2026-09-08,46,2026-09-08T21:30:00Z,2026-09-08T22:00:00Z,337,337
T_EAAO-2,EAAO-2,2026-09-08,47,2026-09-08T22:00:00Z,2026-09-08T22:30:00Z,340,340
T_EAAO-2,EAAO-2,2026-09-08,48,2026-09-08T22:30:00Z,2026-09-08T23:00:00Z,340,340
T_EDINW-1,EDINW-1,2026-09-08,1,2026-09-07T23:00:00Z,2026-09-07T23:15:00Z,38,38
T_EDINW-1,EDINW-1,2026-09-08,1,2026-09-07T23:15:00Z,2026-09-07T23:30:00Z,38,38
T_EDINW-1,EDINW-1,2026-09-08,2,2026-09-07T23:30:00Z,2026-09-07T23:45:00Z,38,38
T_EDINW-1,EDINW-1,2026-09-08,2,2026-09-07T23:45:00Z,2026-09-08T00:00:00Z,38,38
T_EDINW-1,EDINW-1,2026-09-08,3,2026-09-08T00:00:00Z,2026-09-08T00:15:00Z,40,40
T_EDINW-1,EDINW-1,2026-09-08,3,2026-09-08T00:15:00Z,2026-09-08T00:30:00Z,40,40
T_EDINW-1,EDINW-1,2026-09-08,4,2026-09-08T00:30:00Z,2026-09-08T00:45:00Z,36,36
T_EDINW-1,EDINW-1,2026-09-08,4,2026-09-08T00:45:00Z,2026-09-08T01:00:00Z,35,35
T_EDINW-1,EDINW-1,2026-09-08,5,2026-09-08T01:00:00Z,2026-09-08T01:15:00Z,33,33
T_EDINW-1,EDINW-1,2026-09-08,5,2026-09-08T01:15:00Z,2026-09-08T01:30:00Z,32,32
T_EDINW-1,EDINW-1,2026-09-08,6,2026-09-08T01:30:00Z,2026-09-08T01:45:00Z,29,29
T_EDINW-1,EDINW-1,2026-09-08,6,2026-09-08T01:45:00Z,2026-09-08T02:00:00Z,29,29
T_EDINW-1,EDINW-1,2026-09-08,7,2026-09-08T02:00:00Z,2026-09-08T02:15:00Z,27,27
T_EDINW-1,EDINW-1,2026-09-08,7,2026-09-08T02:15:00Z,2026-09-08T02:30:00Z,26,26
T_EDINW-1,EDINW-1,2026-09-08,8,2026-09-08T02:30:00Z,2026-09-08T02:45:00Z,26,26
T_EDINW-1,EDINW-1,2026-09-08,8,2026-09-08T02:45:00Z,2026-09-08T03:00:00Z,27,27
T_EDINW-1,EDINW-1,2026-09-08,9,2026-09-08T03:00:00Z,2026-09-08T03:15:00Z,28,28
T_EDINW-1,EDINW-1,2026-09-08,9,2026-09-08T03:15:00Z,2026-09-08T03:30:00Z,29,29
T_EDINW-1,EDINW-1,2026-09-08,10,2026-09-08T03:30:00Z,2026-09-08T03:45:00Z,30,30
T_EDINW-1,EDINW-1,2026-09-08,10,2026-09-08T03:45:00Z,2026-09-08T04:00:00Z,30,30
T_EDINW-1,EDINW-1,2026-09-08,11,2026-09-08T04:00:00Z,2026-09-08T04:15:00Z,32,32
T_EDINW-1,EDINW-1,2026-09-08,11,2026-09-08T04:15:00Z,2026-09-08T04:30:00Z,33,33
T_EDINW-1,EDINW-1,2026-09-08,12,2026-09-08T04:30:00Z,2026-09-08T04:45:00Z,33,33
T_EDINW-1,EDINW-1,2026-09-08,12,2026-09-08T04:45:00Z,2026-09-08T05:00:00Z,34,34
T_EDINW-1,EDINW-1,2026-09-08,13,2026-09-08T05:00:00Z,2026-09-08T05:15:00Z,33,33
T_EDINW-1,EDINW-1,2026-09-08,13,2026-09-08T05:15:00Z,2026-09-08T05:30:00Z,32,32
T_EDINW-1,EDINW-1,2026-09-08,14,2026-09-08T05:30:00Z,2026-09-08T05:45:00Z,32,32
T_EDINW-1,EDINW-1,2026-09-08,14,2026-09-08T05:45:00Z,2026-09-08T06:00:00Z,32,32
T_EDINW-1,EDINW-1,2026-09-08,15,2026-09-08T06:00:00Z,2026-09-08T06:15:00Z,33,33
T_EDINW-1,EDINW-1,2026-09-08,15,2026-09-08T06:15:00Z,2026-09-08T06:30:00Z,32,32
T_EDINW-1,EDINW-1,2026-09-08,16,2026-09-08T06:30:00Z,2026-09-08T06:45:00Z,32,32
T_EDINW-1,EDINW-1,2026-09-08,16,2026-09-08T06:45:00Z,2026-09-08T07:00:00Z,32,32
T_EDINW-1,EDINW-1,2026-09-08,17,2026-09-08T07:00:00Z,2026-09-08T07:15:00Z,0,0
T_EDINW-1,EDINW-1,2026-09-08,17,2026-09-08T07:15:00Z,2026-09-08T07:30:00Z,0,0
T_EDINW-1,EDINW-1,2026-09-08,18,2026-09-08T07:30:00Z,2026-09-08T07:45:00Z,0,0
T_EDINW-1,EDINW-1,2026-09-08,18,2026-09-08T07:45:00Z,2026-09-08T08:00:00Z,0,0
T_EDINW-1,EDINW-1,2026-09-08,19,2026-09-08T08:00:00Z,2026-09-08T08:15:00Z,0,0
T_EDINW-1,EDINW-1,2026-09-08,19,2026-09-08T08:15:00Z,2026-09-08T08:30:00Z,0,0
T_EDINW-1,EDINW-1,2026-09-08,20,2026-09-08T08:30:00Z,2026-09-08T08:45:00Z,0,0
T_EDINW-1,EDINW-1,2026-09-08,20,2026-09-08T08:45:00Z,2026-09-08T09:00:00Z,0,0
T_EDINW-1,EDINW-1,2026-09-08,21,2026-09-08T09:00:00Z,2026-09-08T09:15:00Z,0,0
T_EDINW-1,EDINW-1,2026-09-08,21,2026-09-08T09:15:00Z,2026-09-08T09:30:00Z,0,0
T_EDINW-1,EDINW-1,2026-09-08,22,2026-09-08T09:30:00Z,2026-09-08T09:45:00Z,0,0
T_EDINW-1,EDINW-1,2026-09-08,22,2026-09-08T09:45:00Z,2026-09-08T10:00:00Z,0,0
T_EDINW-1,EDINW-1,2026-09-08,23,2026-09-08T10:00:00Z,2026-09-08T10:15:00Z,0,0
T_EDINW-1,EDINW-1,2026-09-08,23,2026-09-08T10:15:00Z,2026-09-08T10:30:00Z,0,0
T_EDINW-1,EDINW-1,2026-09-08,24,2026-09-08T10:30:00Z,2026-09-08T10:45:00Z,0,0
T_EDINW-1,EDINW-1,2026-09-08,24,2026-09-08T10:45:00Z,2026-09-08T11:00:00Z,0,0
T_EDINW-1,EDINW-1,2026-09-08,25,2026-09-08T11:00:00Z,2026-09-08T11:15:00Z,0,0
T_EDINW-1,EDINW-1,2026-09-08,25,2026-09-08T11:15:00Z,2026-09-08T11:30:00Z,0,0
T_EDINW-1,EDINW-1,2026-09-08,26,2026-09-08T11:30:00Z,2026-09-08T11:45:00Z,0,0
T_EDINW-1,EDINW-1,2026-09-08,26,2026-09-08T11:45:00Z,2026-09-08T12:00:00Z,0,0
T_EDINW-1,EDINW-1,2026-09-08,27,2026-09-08T12:00:00Z,2026-09-08T12:15:00Z,0,0
T_EDINW-1,EDINW-1,2026-09-08,27,2026-09-08T12:15:00Z,2026-09-08T12:30:00Z,0,0
T_EDINW-1,EDINW-1,2026-09-08,28,2026-09-08T12:30:00Z,2026-09-08T12:45:00Z,0,0
T_EDINW-1,EDINW-1,2026-09-08,28,2026-09-08T12:45:00Z,2026-09-08T13:00:00Z,0,0
T_EDINW-1,EDINW-1,2026-09-08,29,2026-09-08T13:00:00Z,2026-09-08T13:15:00Z,0,0
T_EDINW-1,EDINW-1,2026-09-08,29,2026-09-08T13:15:00Z,2026-09-08T13:30:00Z,0,0
T_EDINW-1,EDINW-1,2026-09-08,30,2026-09-08T13:30:00Z,2026-09-08T13:45:00Z,0,0
T_EDINW-1,EDINW-1,2026-09-08,30,2026-09-08T13:45:00Z,2026-09-08T14:00:00Z,0,0
T_EDINW-1,EDINW-1,2026-09-08,31,2026-09-08T14:00:00Z,2026-09-08T14:15:00Z,0,0
T_EDINW-1,EDINW-1,2026-09-08,31,2026-09-08T14:15:00Z,2026-09-08T14:30:00Z,0,0
T_EDINW-1,EDINW-1,2026-09-08,32,2026-09-08T14:30:00Z,2026-09-08T14:45:00Z,0,0
T_EDINW-1,EDINW-1,2026-09-08,32,2026-09-08T14:45:00Z,2026-09-08T15:00:00Z,0,0
T_EDINW-1,EDINW-1,2026-09-08,33,2026-09-08T15:00:00Z,2026-09-08T15:15:00Z,0,0
T_EDINW-1,EDINW-1,2026-09-08,33,2026-09-08T15:15:00Z,2026-09-08T15:30:00Z,0,0
T_EDINW-1,EDINW-1,2026-09-08,34,2026-09-08T15:30:00Z,2026-09-08T15:45:00Z,0,0
T_EDINW-1,EDINW-1,2026-09-08,34,2026-09-08T15:45:00Z,2026-09-08T16:00:00Z,0,0
T_EDINW-1,EDINW-1,2026-09-08,35,2026-09-08T16:00:00Z,2026-09-08T16:15:00Z,21,21
T_EDINW-1,EDINW-1,2026-09-08,35,2026-09-08T16:15:00Z,2026-09-08T16:30:00Z,21,21
T_EDINW-1,EDINW-1,2026-09-08,36,2026-09-08T16:30:00Z,2026-09-08T16:45:00Z,21,21
T_EDINW-1,EDINW-1,2026-09-08,36,2026-09-08T16:45:00Z,2026-09-08T17:00:00Z,20,20
T_EDINW-1,EDINW-1,2026-09-08,37,2026-09-08T17:00:00Z,2026-09-08T17:15:00Z,22,22
T_EDINW-1,EDINW-1,2026-09-08,37,2026-09-08T17:15:00Z,2026-09-08T17:30:00Z,21,21
T_EDINW-1,EDINW-1,2026-09-08,38,2026-09-08T17:30:00Z,2026-09-08T17:45:00Z,20,20
T_EDINW-1,EDINW-1,2026-09-08,38,2026-09-08T17:45:00Z,2026-09-08T18:00:00Z,20,20
T_EDINW-1,EDINW-1,2026-09-08,39,2026-09-08T18:00:00Z,2026-09-08T18:15:00Z,19,19
T_EDINW-1,EDINW-1,2026-09-08,39,2026-09-08T18:15:00Z,2026-09-08T18:30:00Z,19,19
T_EDINW-1,EDINW-1,2026-09-08,40,2026-09-08T18:30:00Z,2026-09-08T18:45:00Z,19,19
T_EDINW-1,EDINW-1,2026-09-08,40,2026-09-08T18:45:00Z,2026-09-08T19:00:00Z,18,18
T_EDINW-1,EDINW-1,2026-09-08,41,2026-09-08T19:00:00Z,2026-09-08T19:15:00Z,16,16
T_EDINW-1,EDINW-1,2026-09-08,41,2026-09-08T19:15:00Z,2026-09-08T19:30:00Z,17,17
T_EDINW-1,EDINW-1,2026-09-08,42,2026-09-08T19:30:00Z,2026-09-08T19:45:00Z,16,16
T_EDINW-1,EDINW-1,2026-09-08,42,2026-09-08T19:45:00Z,2026-09-08T20:00:00Z,15,15
T_EDINW-1,EDINW-1,2026-09-08,43,2026-09-08T20:00:00Z,2026-09-08T20:15:00Z,15,15
T_EDINW-1,EDINW-1,2026-09-08,43,2026-09-08T20:15:00Z,2026-09-08T20:30:00Z,15,15
T_EDINW-1,EDINW-1,2026-09-08,44,2026-09-08T20:30:00Z,2026-09-08T20:45:00Z,14,14
T_EDINW-1,EDINW-1,2026-09-08,44,2026-09-08T20:45:00Z,2026-09-08T21:00:00Z,13,13
T_EDINW-1,EDINW-1,2026-09-08,45,2026-09-08T21:00:00Z,2026-09-08T21:15:00Z,13,13
T_EDINW-1,EDINW-1,2026-09-08,45,2026-09-08T21:15:00Z,2026-09-08T21:30:00Z,13,13
T_EDINW-1,EDINW-1,2026-09-08,46,2026-09-08T21:30:00Z,2026-09-08T21:45:00Z,13,13
T_EDINW-1,EDINW-1,2026-09-08,46,2026-09-08T21:45:00Z,2026-09-08T22:00:00Z,13,13
T_EDINW-1,EDINW-1,2026-09-08,47,2026-09-08T22:00:00Z,2026-09-08T22:15:00Z,13,13
T_EDINW-1,EDINW-1,2026-09-08,47,2026-09-08T22:15:00Z,2026-09-08T22:30:00Z,12,12
T_EDINW-1,EDINW-1,2026-09-08,48,2026-09-08T22:30:00Z,2026-09-08T22:45:00Z,12,12
T_EDINW-1,EDINW-1,2026-09-08,48,2026-09-08T22:45:00Z,2026-09-08T23:00:00Z,12,12
T_ENHLW-1,ENHLW-1,2026-09-08,1,2026-09-07T23:00:00Z,2026-09-07T23:30:00Z,31,31
T_ENHLW-1,ENHLW-1,2026-09-08,2,2026-09-07T23:30:00Z,2026-09-08T00:00:00Z,32,32
T_ENHLW-1,ENHLW-1,2026-09-08,3,2026-09-08T00:00:00Z,2026-09-08T00:30:00Z,33,33
T_ENHLW-1,ENHLW-1,2026-09-08,4,2026-09-08T00:30:00Z,2026-09-08T01:00:00Z,33,33
T_ENHLW-1,ENHLW-1,2026-09-08,5,2026-09-08T01:00:00Z,2026-09-08T01:30:00Z,34,34
T_ENHLW-1,ENHLW-1,2026-09-08,6,2026-09-08T01:30:00Z,2026-09-08T02:00:00Z,37,37
T_ENHLW-1,ENHLW-1,2026-09-08,7,2026-09-08T02:00:00Z,2026-09-08T02:30:00Z,38,38
T_ENHLW-1,ENHLW-1,2026-09-08,8,2026-09-08T02:30:00Z,2026-09-08T03:00:00Z,39,39
T_ENHLW-1,ENHLW-1,2026-09-08,9,2026-09-08T03:00:00Z,2026-09-08T03:30:00Z,39,39
T_ENHLW-1,ENHLW-1,2026-09-08,10,2026-09-08T03:30:00Z,2026-09-08T04:00:00Z,36,36
T_ENHLW-1,ENHLW-1,2026-09-08,11,2026-09-08T04:00:00Z,2026-09-08T04:30:00Z,36,36
T_ENHLW-1,ENHLW-1,2026-09-08,12,2026-09-08T04:30:00Z,2026-09-08T05:00:00Z,40,40
T_ENHLW-1,ENHLW-1,2026-09-08,13,2026-09-08T05:00:00Z,2026-09-08T05:30:00Z,40,40
T_ENHLW-1,ENHLW-1,2026-09-08,14,2026-09-08T05:30:00Z,2026-09-08T06:00:00Z,40,40
T_ENHLW-1,ENHLW-1,2026-09-08,15,2026-09-08T06:00:00Z,2026-09-08T06:30:00Z,40,40
T_ENHLW-1,ENHLW-1,2026-09-08,16,2026-09-08T06:30:00Z,2026-09-08T07:00:00Z,39,39
T_ENHLW-1,ENHLW-1,2026-09-08,17,2026-09-08T07:00:00Z,2026-09-08T07:30:00Z,36,36
T_ENHLW-1,ENHLW-1,2026-09-08,18,2026-09-08T07:30:00Z,2026-09-08T08:00:00Z,36,36
T_ENHLW-1,ENHLW-1,2026-09-08,19,2026-09-08T08:00:00Z,2026-09-08T08:30:00Z,36,36
T_ENHLW-1,ENHLW-1,2026-09-08,20,2026-09-08T08:30:00Z,2026-09-08T09:00:00Z,37,37
T_ENHLW-1,ENHLW-1,2026-09-08,21,2026-09-08T09:00:00Z,2026-09-08T09:30:00Z,37,37
T_ENHLW-1,ENHLW-1,2026-09-08,22,2026-09-08T09:30:00Z,2026-09-08T10:00:00Z,41,41
T_ENHLW-1,ENHLW-1,2026-09-08,23,2026-09-08T10:00:00Z,2026-09-08T10:30:00Z,42,42
T_ENHLW-1,ENHLW-1,2026-09-08,24,2026-09-08T10:30:00Z,2026-09-08T11:00:00Z,43,43
T_ENHLW-1,ENHLW-1,2026-09-08,25,2026-09-08T11:00:00Z,2026-09-08T11:30:00Z,44,44
T_ENHLW-1,ENHLW-1,2026-09-08,26,2026-09-08T11:30:00Z,2026-09-08T12:00:00Z,44,44
T_ENHLW-1,ENHLW-1,2026-09-08,27,2026-09-08T12:00:00Z,2026-09-08T12:30:00Z,44,44
T_ENHLW-1,ENHLW-1,2026-09-08,28,2026-09-08T12:30:00Z,2026-09-08T13:00:00Z,43,43
T_ENHLW-1,ENHLW-1,2026-09-08,29,2026-09-08T13:00:00Z,2026-09-08T13:30:00Z,41,41
T_ENHLW-1,ENHLW-1,2026-09-08,30,2026-09-08T13:30:00Z,2026-09-08T14:00:00Z,41,41
T_ENHLW-1,ENHLW-1,2026-09-08,31,2026-09-08T14:00:00Z,2026-09-08T14:30:00Z,40,40
T_ENHLW-1,ENHLW-1,2026-09-08,32,2026-09-08T14:30:00Z,2026-09-08T15:00:00Z,43,43
T_ENHLW-1,ENHLW-1,2026-09-08,33,2026-09-08T15:00:00Z,2026-09-08T15:30:00Z,43,43
T_ENHLW-1,ENHLW-1,2026-09-08,34,2026-09-08T15:30:00Z,2026-09-08T16:00:00Z,46,46
T_ENHLW-1,ENHLW-1,2026-09-08,35,2026-09-08T16:00:00Z,2026-09-08T16:30:00Z,45,45
T_ENHLW-1,ENHLW-1,2026-09-08,36,2026-09-08T16:30:00Z,2026-09-08T17:00:00Z,45,45
T_ENHLW-1,ENHLW-1,2026-09-08,37,2026-09-08T17:00:00Z,2026-09-08T17:30:00Z,44,44
T_ENHLW-1,ENHLW-1,2026-09-08,38,2026-09-08T17:30:00Z,2026-09-08T18:00:00Z,44,44
T_ENHLW-1,ENHLW-1,2026-09-08,39,2026-09-08T18:00:00Z,2026-09-08T18:30:00Z,43,43
T_ENHLW-1,ENHLW-1,2026-09-08,40,2026-09-08T18:30:00Z,2026-09-08T19:00:00Z,42,42
T_ENHLW-1,ENHLW-1,2026-09-08,41,2026-09-08T19:00:00Z,2026-09-08T19:30:00Z,38,38
T_ENHLW-1,ENHLW-1,2026-09-08,42,2026-09-08T19:30:00Z,2026-09-08T20:00:00Z,38,38
T_ENHLW-1,ENHLW-1,2026-09-08,43,2026-09-08T20:00:00Z,2026-09-08T20:30:00Z,37,37
T_ENHLW-1,ENHLW-1,2026-09-08,44,2026-09-08T20:30:00Z,2026-09-08T21:00:00Z,35,35
T_ENHLW-1,ENHLW-1,2026-09-08,45,2026-09-08T21:00:00Z,2026-09-08T21:30:00Z,34,34
T_ENHLW-1,ENHLW-1,2026-09-08,46,2026-09-08T21:30:00Z,2026-09-08T22:00:00Z,35,35
T_ENHLW-1,ENHLW-1,2026-09-08,47,2026-09-08T22:00:00Z,2026-09-08T22:30:00Z,33,33
T_ENHLW-1,ENHLW-1,2026-09-08,48,2026-09-08T22:30:00Z,2026-09-08T23:00:00Z,30,30
T_EWHLW-1,EWHLW-1,2026-09-08,1,2026-09-07T23:00:00Z,2026-09-07T23:30:00Z,30,30
T_EWHLW-1,EWHLW-1,2026-09-08,2,2026-09-07T23:30:00Z,2026-09-08T00:00:00Z,31,31
T_EWHLW-1,EWHLW-1,2026-09-08,3,2026-09-08T00:00:00Z,2026-09-08T00:30:00Z,29,29
T_EWHLW-1,EWHLW-1,2026-09-08,4,2026-09-08T00:30:00Z,2026-09-08T01:00:00Z,27,27
T_EWHLW-1,EWHLW-1,2026-09-08,5,2026-09-08T01:00:00Z,2026-09-08T01:30:00Z,29,29
T_EWHLW-1,EWHLW-1,2026-09-08,6,2026-09-08T01:30:00Z,2026-09-08T02:00:00Z,27,27
T_EWHLW-1,EWHLW-1,2026-09-08,7,2026-09-08T02:00:00Z,2026-09-08T02:30:00Z,32,32
T_EWHLW-1,EWHLW-1,2026-09-08,8,2026-09-08T02:30:00Z,2026-09-08T03:00:00Z,33,33
T_EWHLW-1,EWHLW-1,2026-09-08,9,2026-09-08T03:00:00Z,2026-09-08T03:30:00Z,32,32
T_EWHLW-1,EWHLW-1,2026-09-08,10,2026-09-08T03:30:00Z,2026-09-08T04:00:00Z,30,30
T_EWHLW-1,EWHLW-1,2026-09-08,11,2026-09-08T04:00:00Z,2026-09-08T04:30:00Z,27,27
T_EWHLW-1,EWHLW-1,2026-09-08,12,2026-09-08T04:30:00Z,2026-09-08T05:00:00Z,25,25
T_EWHLW-1,EWHLW-1,2026-09-08,13,2026-09-08T05:00:00Z,2026-09-08T05:30:00Z,25,25
T_EWHLW-1,EWHLW-1,2026-09-08,14,2026-09-08T05:30:00Z,2026-09-08T06:00:00Z,26,26
T_EWHLW-1,EWHLW-1,2026-09-08,15,2026-09-08T06:00:00Z,2026-09-08T06:30:00Z,26,26
T_EWHLW-1,EWHLW-1,2026-09-08,16,2026-09-08T06:30:00Z,2026-09-08T07:00:00Z,27,27
T_EWHLW-1,EWHLW-1,2026-09-08,17,2026-09-08T07:00:00Z,2026-09-08T07:30:00Z,25,25
T_EWHLW-1,EWHLW-1,2026-09-08,18,2026-09-08T07:30:00Z,2026-09-08T08:00:00Z,26,26
T_EWHLW-1,EWHLW-1,2026-09-08,19,2026-09-08T08:00:00Z,2026-09-08T08:30:00Z,27,27
T_EWHLW-1,EWHLW-1,2026-09-08,20,2026-09-08T08:30:00Z,2026-09-08T09:00:00Z,28,28
T_EWHLW-1,EWHLW-1,2026-09-08,21,2026-09-08T09:00:00Z,2026-09-08T09:30:00Z,30,30
T_EWHLW-1,EWHLW-1,2026-09-08,22,2026-09-08T09:30:00Z,2026-09-08T10:00:00Z,29,29
T_EWHLW-1,EWHLW-1,2026-09-08,23,2026-09-08T10:00:00Z,2026-09-08T10:30:00Z,29,29
T_EWHLW-1,EWHLW-1,2026-09-08,24,2026-09-08T10:30:00Z,2026-09-08T11:00:00Z,28,28
T_EWHLW-1,EWHLW-1,2026-09-08,25,2026-09-08T11:00:00Z,2026-09-08T11:30:00Z,30,30
T_EWHLW-1,EWHLW-1,2026-09-08,26,2026-09-08T11:30:00Z,2026-09-08T12:00:00Z,31,31
T_EWHLW-1,EWHLW-1,2026-09-08,27,2026-09-08T12:00:00Z,2026-09-08T12:30:00Z,30,30
T_EWHLW-1,EWHLW-1,2026-09-08,28,2026-09-08T12:30:00Z,2026-09-08T13:00:00Z,27,27
T_EWHLW-1,EWHLW-1,2026-09-08,29,2026-09-08T13:00:00Z,2026-09-08T13:30:00Z,28,28
T_EWHLW-1,EWHLW-1,2026-09-08,30,2026-09-08T13:30:00Z,2026-09-08T14:00:00Z,28,28
T_EWHLW-1,EWHLW-1,2026-09-08,31,2026-09-08T14:00:00Z,2026-09-08T14:30:00Z,31,31
T_EWHLW-1,EWHLW-1,2026-09-08,32,2026-09-08T14:30:00Z,2026-09-08T15:00:00Z,31,31
T_EWHLW-1,EWHLW-1,2026-09-08,33,2026-09-08T15:00:00Z,2026-09-08T15:30:00Z,27,27
T_EWHLW-1,EWHLW-1,2026-09-08,34,2026-09-08T15:30:00Z,2026-09-08T16:00:00Z,28,28
T_EWHLW-1,EWHLW-1,2026-09-08,35,2026-09-08T16:00:00Z,2026-09-08T16:30:00Z,29,29
T_EWHLW-1,EWHLW-1,2026-09-08,36,2026-09-08T16:30:00Z,2026-09-08T17:00:00Z,25,25
T_EWHLW-1,EWHLW-1,2026-09-08,37,2026-09-08T17:00:00Z,2026-09-08T17:30:00Z,26,26
T_EWHLW-1,EWHLW-1,2026-09-08,38,2026-09-08T17:30:00Z,2026-09-08T18:00:00Z,25,25
T_EWHLW-1,EWHLW-1,2026-09-08,39,2026-09-08T18:00:00Z,2026-09-08T18:30:00Z,24,24
T_EWHLW-1,EWHLW-1,2026-09-08,40,2026-09-08T18:30:00Z,2026-09-08T19:00:00Z,24,24
T_EWHLW-1,EWHLW-1,2026-09-08,41,2026-09-08T19:00:00Z,2026-09-08T19:30:00Z,19,19
T_EWHLW-1,EWHLW-1,2026-09-08,42,2026-09-08T19:30:00Z,2026-09-08T20:00:00Z,22,22
T_EWHLW-1,EWHLW-1,2026-09-08,43,2026-09-08T20:00:00Z,2026-09-08T20:30:00Z,17,17
T_EWHLW-1,EWHLW-1,2026-09-08,44,2026-09-08T20:30:00Z,2026-09-08T21:00:00Z,17,17
T_EWHLW-1,EWHLW-1,2026-09-08,45,2026-09-08T21:00:00Z,2026-09-08T21:30:00Z,11,11
T_EWHLW-1,EWHLW-1,2026-09-08,46,2026-09-08T21:30:00Z,2026-09-08T22:00:00Z,14,14
T_EWHLW-1,EWHLW-1,2026-09-08,47,2026-09-08T22:00:00Z,2026-09-08T22:30:00Z,13,13
T_EWHLW-1,EWHLW-1,2026-09-08,48,2026-09-08T22:30:00Z,2026-09-08T23:00:00Z,15,15
T_FALGW-1,FALGW-1,2026-09-08,1,2026-09-07T23:00:00Z,2026-09-07T23:30:00Z,0,0
T_FALGW-1,FALGW-1,2026-09-08,2,2026-09-07T23:30:00Z,2026-09-08T00:00:00Z,0,0
T_FALGW-1,FALGW-1,2026-09-08,3,2026-09-08T00:00:00Z,2026-09-08T00:30:00Z,0,0
T_FALGW-1,FALGW-1,2026-09-08,4,2026-09-08T00:30:00Z,2026-09-08T01:00:00Z,0,0
T_FALGW-1,FALGW-1,2026-09-08,5,2026-09-08T01:00:00Z,2026-09-08T01:30:00Z,0,0
T_FALGW-1,FALGW-1,2026-09-08,6,2026-09-08T01:30:00Z,2026-09-08T02:00:00Z,0,0
T_FALGW-1,FALGW-1,2026-09-08,7,2026-09-08T02:00:00Z,2026-09-08T02:30:00Z,0,0
T_FALGW-1,FALGW-1,2026-09-08,8,2026-09-08T02:30:00Z,2026-09-08T03:00:00Z,0,0
T_FALGW-1,FALGW-1,2026-09-08,9,2026-09-08T03:00:00Z,2026-09-08T03:30:00Z,0,0
T_FALGW-1,FALGW-1,2026-09-08,10,2026-09-08T03:30:00Z,2026-09-08T04:00:00Z,0,0
T_FALGW-1,FALGW-1,2026-09-08,11,2026-09-08T04:00:00Z,2026-09-08T04:30:00Z,0,0
T_FALGW-1,FALGW-1,2026-09-08,12,2026-09-08T04:30:00Z,2026-09-08T05:00:00Z,0,0
T_FALGW-1,FALGW-1,2026-09-08,13,2026-09-08T05:00:00Z,2026-09-08T05:30:00Z,0,0
T_FALGW-1,FALGW-1,2026-09-08,14,2026-09-08T05:30:00Z,2026-09-08T06:00:00Z,0,0
T_FALGW-1,FALGW-1,2026-09-08,15,2026-09-08T06:00:00Z,2026-09-08T06:30:00Z,0,0
T_FALGW-1,FALGW-1,2026-09-08,16,2026-09-08T06:30:00Z,2026-09-08T07:00:00Z,0,0
T_FALGW-1,FALGW-1,2026-09-08,17,2026-09-08T07:00:00Z,2026-09-08T07:30:00Z,0,0
T_FALGW-1,FALGW-1,2026-09-08,18,2026-09-08T07:30:00Z,2026-09-08T08:00:00Z,0,0
T_FALGW-1,FALGW-1,2026-09-08,19,2026-09-08T08:00:00Z,2026-09-08T08:30:00Z,0,0
T_FALGW-1,FALGW-1,2026-09-08,20,2026-09-08T08:30:00Z,2026-09-08T09:00:00Z,0,0
T_FALGW-1,FALGW-1,2026-09-08,21,2026-09-08T09:00:00Z,2026-09-08T09:30:00Z,0,0
T_FALGW-1,FALGW-1,2026-09-08,22,2026-09-08T09:30:00Z,2026-09-08T10:00:00Z,0,0
T_FALGW-1,FALGW-1,2026-09-08,23,2026-09-08T10:00:00Z,2026-09-08T10:30:00Z,0,0
T_FALGW-1,FALGW-1,2026-09-08,24,2026-09-08T10:30:00Z,2026-09-08T11:00:00Z,0,0
T_FALGW-1,FALGW-1,2026-09-08,25,2026-09-08T11:00:00Z,2026-09-08T11:30:00Z,0,0
T_FALGW-1,FALGW-1,2026-09-08,26,2026-09-08T11:30:00Z,2026-09-08T12:00:00Z,0,0
T_FALGW-1,FALGW-1,2026-09-08,27,2026-09-08T12:00:00Z,2026-09-08T12:30:00Z,0,0
T_FALGW-1,FALGW-1,2026-09-08,28,2026-09-08T12:30:00Z,2026-09-08T13:00:00Z,0,0
T_FALGW-1,FALGW-1,2026-09-08,29,2026-09-08T13:00:00Z,2026-09-08T13:30:00Z,0,0
T_FALGW-1,FALGW-1,2026-09-08,30,2026-09-08T13:30:00Z,2026-09-08T14:00:00Z,0,0
T_FALGW-1,FALGW-1,2026-09-08,31,2026-09-08T14:00:00Z,2026-09-08T14:30:00Z,0,0
T_FALGW-1,FALGW-1,2026-09-08,32,2026-09-08T14:30:00Z,2026-09-08T15:00:00Z,0,0
T_FALGW-1,FALGW-1,2026-09-08,33,2026-09-08T15:00:00Z,2026-09-08T15:30:00Z,0,0
T_FALGW-1,FALGW-1,2026-09-08,34,2026-09-08T15:30:00Z,2026-09-08T16:00:00Z,0,0
T_FALGW-1,FALGW-1,2026-09-08,35,2026-09-08T16:00:00Z,2026-09-08T16:30:00Z,0,0
T_FALGW-1,FALGW-1,2026-09-08,36,2026-09-08T16:30:00Z,2026-09-08T17:00:00Z,0,0
T_FALGW-1,FALGW-1,2026-09-08,37,2026-09-08T17:00:00Z,2026-09-08T17:30:00Z,0,0
T_FALGW-1,FALGW-1,2026-09-08,38,2026-09-08T17:30:00Z,2026-09-08T18:00:00Z,0,0
T_FALGW-1,FALGW-1,2026-09-08,39,2026-09-08T18:00:00Z,2026-09-08T18:30:00Z,0,0
T_FALGW-1,FALGW-1,2026-09-08,40,2026-09-08T18:30:00Z,2026-09-08T19:00:00Z,0,0
T_FALGW-1,FALGW-1,2026-09-08,41,2026-09-08T19:00:00Z,2026-09-08T19:30:00Z,0,0
T_FALGW-1,FALGW-1,2026-09-08,42,2026-09-08T19:30:00Z,2026-09-08T20:00:00Z,0,0
T_FALGW-1,FALGW-1,2026-09-08,43,2026-09-08T20:00:00Z,2026-09-08T20:30:00Z,0,0
T_FALGW-1,FALGW-1,2026-09-08,44,2026-09-08T20:30:00Z,2026-09-08T21:00:00Z,0,0
T_FALGW-1,FALGW-1,2026-09-08,45,2026-09-08T21:00:00Z,2026-09-08T21:30:00Z,0,0
T_FALGW-1,FALGW-1,2026-09-08,46,2026-09-08T21:30:00Z,2026-09-08T22:00:00Z,0,0
T_FALGW-1,FALGW-1,2026-09-08,47,2026-09-08T22:00:00Z,2026-09-08T22:30:00Z,0,0
T_FALGW-1,FALGW-1,2026-09-08,48,2026-09-08T22:30:00Z,2026-09-08T23:00:00Z,0,0
T_FARR-1,FAARW-1,2026-09-08,1,2026-09-07T23:00:00Z,2026-09-07T23:30:00Z,43,43
T_FARR-1,FAARW-1,2026-09-08,2,2026-09-07T23:30:00Z,2026-09-08T00:00:00Z,42,42
T_FARR-1,FAARW-1,2026-09-08,3,2026-09-08T00:00:00Z,2026-09-08T00:30:00Z,42,42
T_FARR-1,FAARW-1,2026-09-08,4,2026-09-08T00:30:00Z,2026-09-08T01:00:00Z,42,42
T_FARR-1,FAARW-1,2026-09-08,5,2026-09-08T01:00:00Z,2026-09-08T01:30:00Z,42,41
T_FARR-1,FAARW-1,2026-09-08,6,2026-09-08T01:30:00Z,2026-09-08T02:00:00Z,41,40
T_FARR-1,FAARW-1,2026-09-08,7,2026-09-08T02:00:00Z,2026-09-08T02:30:00Z,40,41
T_FARR-1,FAARW-1,2026-09-08,8,2026-09-08T02:30:00Z,2026-09-08T03:00:00Z,42,42
T_FARR-1,FAARW-1,2026-09-08,9,2026-09-08T03:00:00Z,2026-09-08T03:30:00Z,42,42
T_FARR-1,FAARW-1,2026-09-08,10,2026-09-08T03:30:00Z,2026-09-08T04:00:00Z,42,42
T_FARR-1,FAARW-1,2026-09-08,11,2026-09-08T04:00:00Z,2026-09-08T04:30:00Z,42,41
T_FARR-1,FAARW-1,2026-09-08,12,2026-09-08T04:30:00Z,2026-09-08T05:00:00Z,39,39
T_FARR-1,FAARW-1,2026-09-08,13,2026-09-08T05:00:00Z,2026-09-08T05:30:00Z,39,39
T_FARR-1,FAARW-1,2026-09-08,14,2026-09-08T05:30:00Z,2026-09-08T06:00:00Z,39,34
T_FARR-1,FAARW-1,2026-09-08,15,2026-09-08T06:00:00Z,2026-09-08T06:30:00Z,34,33
T_FARR-1,FAARW-1,2026-09-08,16,2026-09-08T06:30:00Z,2026-09-08T07:00:00Z,33,33
T_FARR-1,FAARW-1,2026-09-08,17,2026-09-08T07:00:00Z,2026-09-08T07:30:00Z,33,33
T_FARR-1,FAARW-1,2026-09-08,18,2026-09-08T07:30:00Z,2026-09-08T08:00:00Z,30,30
T_FARR-1,FAARW-1,2026-09-08,19,2026-09-08T08:00:00Z,2026-09-08T08:30:00Z,30,30
T_FARR-1,FAARW-1,2026-09-08,20,2026-09-08T08:30:00Z,2026-09-08T09:00:00Z,37,37
T_FARR-1,FAARW-1,2026-09-08,21,2026-09-08T09:00:00Z,2026-09-08T09:30:00Z,37,37
T_FARR-1,FAARW-1,2026-09-08,22,2026-09-08T09:30:00Z,2026-09-08T10:00:00Z,37,37
T_FARR-1,FAARW-1,2026-09-08,23,2026-09-08T10:00:00Z,2026-09-08T10:30:00Z,37,38
T_FARR-1,FAARW-1,2026-09-08,24,2026-09-08T10:30:00Z,2026-09-08T11:00:00Z,41,42
T_FARR-1,FAARW-1,2026-09-08,25,2026-09-08T11:00:00Z,2026-09-08T11:30:00Z,42,42
T_FARR-1,FAARW-1,2026-09-08,26,2026-09-08T11:30:00Z,2026-09-08T12:00:00Z,46,46
T_FARR-1,FAARW-1,2026-09-08,27,2026-09-08T12:00:00Z,2026-09-08T12:30:00Z,46,45
T_FARR-1,FAARW-1,2026-09-08,28,2026-09-08T12:30:00Z,2026-09-08T13:00:00Z,46,44
T_FARR-1,FAARW-1,2026-09-08,29,2026-09-08T13:00:00Z,2026-09-08T13:30:00Z,44,43
T_FARR-1,FAARW-1,2026-09-08,30,2026-09-08T13:30:00Z,2026-09-08T14:00:00Z,30,30
T_FARR-1,FAARW-1,2026-09-08,31,2026-09-08T14:00:00Z,2026-09-08T14:30:00Z,30,29
T_FARR-1,FAARW-1,2026-09-08,32,2026-09-08T14:30:00Z,2026-09-08T15:00:00Z,30,28
T_FARR-1,FAARW-1,2026-09-08,33,2026-09-08T15:00:00Z,2026-09-08T15:30:00Z,28,26
T_FARR-1,FAARW-1,2026-09-08,34,2026-09-08T15:30:00Z,2026-09-08T16:00:00Z,29,28
T_FARR-1,FAARW-1,2026-09-08,35,2026-09-08T16:00:00Z,2026-09-08T16:30:00Z,22,21
T_FARR-1,FAARW-1,2026-09-08,36,2026-09-08T16:30:00Z,2026-09-08T17:00:00Z,21,19
T_FARR-1,FAARW-1,2026-09-08,37,2026-09-08T17:00:00Z,2026-09-08T17:30:00Z,19,17
T_FARR-1,FAARW-1,2026-09-08,38,2026-09-08T17:30:00Z,2026-09-08T18:00:00Z,19,22
T_FARR-1,FAARW-1,2026-09-08,39,2026-09-08T18:00:00Z,2026-09-08T18:30:00Z,22,19
T_FARR-1,FAARW-1,2026-09-08,40,2026-09-08T18:30:00Z,2026-09-08T19:00:00Z,20,18
T_FARR-1,FAARW-1,2026-09-08,41,2026-09-08T19:00:00Z,2026-09-08T19:30:00Z,18,16
T_FARR-1,FAARW-1,2026-09-08,42,2026-09-08T19:30:00Z,2026-09-08T20:00:00Z,16,14
T_FARR-1,FAARW-1,2026-09-08,43,2026-09-08T20:00:00Z,2026-09-08T20:30:00Z,14,13
T_FARR-1,FAARW-1,2026-09-08,44,2026-09-08T20:30:00Z,2026-09-08T21:00:00Z,0,0
T_FARR-1,FAARW-1,2026-09-08,45,2026-09-08T21:00:00Z,2026-09-08T21:30:00Z,0,0
T_FARR-1,FAARW-1,2026-09-08,46,2026-09-08T21:30:00Z,2026-09-08T22:00:00Z,0,0
T_FARR-1,FAARW-1,2026-09-08,47,2026-09-08T22:00:00Z,2026-09-08T22:30:00Z,0,0
T_FARR-1,FAARW-1,2026-09-08,48,2026-09-08T22:30:00Z,2026-09-08T23:00:00Z,0,0
T_FARR-2,FAARW-2,2026-09-08,1,2026-09-07T23:00:00Z,2026-09-07T23:30:00Z,40,40
T_FARR-2,FAARW-2,2026-09-08,2,2026-09-07T23:30:00Z,2026-09-08T00:00:00Z,40,40
T_FARR-2,FAARW-2,2026-09-08,3,2026-09-08T00:00:00Z,2026-09-08T00:30:00Z,39,38
T_FARR-2,FAARW-2,2026-09-08,4,2026-09-08T00:30:00Z,2026-09-08T01:00:00Z,38,38
T_FARR-2,FAARW-2,2026-09-08,5,2026-09-08T01:00:00Z,2026-09-08T01:30:00Z,38,38
T_FARR-2,FAARW-2,2026-09-08,6,2026-09-08T01:30:00Z,2026-09-08T02:00:00Z,38,37
T_FARR-2,FAARW-2,2026-09-08,7,2026-09-08T02:00:00Z,2026-09-08T02:30:00Z,40,39
T_FARR-2,FAARW-2,2026-09-08,8,2026-09-08T02:30:00Z,2026-09-08T03:00:00Z,39,39
T_FARR-2,FAARW-2,2026-09-08,9,2026-09-08T03:00:00Z,2026-09-08T03:30:00Z,39,39
T_FARR-2,FAARW-2,2026-09-08,10,2026-09-08T03:30:00Z,2026-09-08T04:00:00Z,39,38
T_FARR-2,FAARW-2,2026-09-08,11,2026-09-08T04:00:00Z,2026-09-08T04:30:00Z,38,37
T_FARR-2,FAARW-2,2026-09-08,12,2026-09-08T04:30:00Z,2026-09-08T05:00:00Z,37,37
T_FARR-2,FAARW-2,2026-09-08,13,2026-09-08T05:00:00Z,2026-09-08T05:30:00Z,36,37
T_FARR-2,FAARW-2,2026-09-08,14,2026-09-08T05:30:00Z,2026-09-08T06:00:00Z,37,37
T_FARR-2,FAARW-2,2026-09-08,15,2026-09-08T06:00:00Z,2026-09-08T06:30:00Z,38,37
T_FARR-2,FAARW-2,2026-09-08,16,2026-09-08T06:30:00Z,2026-09-08T07:00:00Z,37,37
T_FARR-2,FAARW-2,2026-09-08,17,2026-09-08T07:00:00Z,2026-09-08T07:30:00Z,34,34
T_FARR-2,FAARW-2,2026-09-08,18,2026-09-08T07:30:00Z,2026-09-08T08:00:00Z,34,34
T_FARR-2,FAARW-2,2026-09-08,19,2026-09-08T08:00:00Z,2026-09-08T08:30:00Z,37,37
T_FARR-2,FAARW-2,2026-09-08,20,2026-09-08T08:30:00Z,2026-09-08T09:00:00Z,37,37
T_FARR-2,FAARW-2,2026-09-08,21,2026-09-08T09:00:00Z,2026-09-08T09:30:00Z,37,37
T_FARR-2,FAARW-2,2026-09-08,22,2026-09-08T09:30:00Z,2026-09-08T10:00:00Z,37,37
T_FARR-2,FAARW-2,2026-09-08,23,2026-09-08T10:00:00Z,2026-09-08T10:30:00Z,35,36
T_FARR-2,FAARW-2,2026-09-08,24,2026-09-08T10:30:00Z,2026-09-08T11:00:00Z,36,37
T_FARR-2,FAARW-2,2026-09-08,25,2026-09-08T11:00:00Z,2026-09-08T11:30:00Z,46,46
T_FARR-2,FAARW-2,2026-09-08,26,2026-09-08T11:30:00Z,2026-09-08T12:00:00Z,46,46
T_FARR-2,FAARW-2,2026-09-08,27,2026-09-08T12:00:00Z,2026-09-08T12:30:00Z,42,40
T_FARR-2,FAARW-2,2026-09-08,28,2026-09-08T12:30:00Z,2026-09-08T13:00:00Z,40,38
T_FARR-2,FAARW-2,2026-09-08,29,2026-09-08T13:00:00Z,2026-09-08T13:30:00Z,27,29
T_FARR-2,FAARW-2,2026-09-08,30,2026-09-08T13:30:00Z,2026-09-08T14:00:00Z,29,30
T_FARR-2,FAARW-2,2026-09-08,31,2026-09-08T14:00:00Z,2026-09-08T14:30:00Z,36,35
T_FARR-2,FAARW-2,2026-09-08,32,2026-09-08T14:30:00Z,2026-09-08T15:00:00Z,35,34
T_FARR-2,FAARW-2,2026-09-08,33,2026-09-08T15:00:00Z,2026-09-08T15:30:00Z,40,39
T_FARR-2,FAARW-2,2026-09-08,34,2026-09-08T15:30:00Z,2026-09-08T16:00:00Z,32,26
T_FARR-2,FAARW-2,2026-09-08,35,2026-09-08T16:00:00Z,2026-09-08T16:30:00Z,27,26
T_FARR-2,FAARW-2,2026-09-08,36,2026-09-08T16:30:00Z,2026-09-08T17:00:00Z,26,25
T_FARR-2,FAARW-2,2026-09-08,37,2026-09-08T17:00:00Z,2026-09-08T17:30:00Z,27,26
T_FARR-2,FAARW-2,2026-09-08,38,2026-09-08T17:30:00Z,2026-09-08T18:00:00Z,26,24
T_FARR-2,FAARW-2,2026-09-08,39,2026-09-08T18:00:00Z,2026-09-08T18:30:00Z,27,25
T_FARR-2,FAARW-2,2026-09-08,40,2026-09-08T18:30:00Z,2026-09-08T19:00:00Z,25,23
T_FARR-2,FAARW-2,2026-09-08,41,2026-09-08T19:00:00Z,2026-09-08T19:30:00Z,25,23
T_FARR-2,FAARW-2,2026-09-08,42,2026-09-08T19:30:00Z,2026-09-08T20:00:00Z,23,21
T_FARR-2,FAARW-2,2026-09-08,43,2026-09-08T20:00:00Z,2026-09-08T20:30:00Z,16,15
T_FARR-2,FAARW-2,2026-09-08,44,2026-09-08T20:30:00Z,2026-09-08T21:00:00Z,15,13
T_FARR-2,FAARW-2,2026-09-08,45,2026-09-08T21:00:00Z,2026-09-08T21:30:00Z,14,12
T_FARR-2,FAARW-2,2026-09-08,46,2026-09-08T21:30:00Z,2026-09-08T22:00:00Z,12,11
T_FARR-2,FAARW-2,2026-09-08,47,2026-09-08T22:00:00Z,2026-09-08T22:30:00Z,10,9
T_FARR-2,FAARW-2,2026-09-08,48,2026-09-08T22:30:00Z,2026-09-08T23:00:00Z,9,9
T_FSDLW-1,FSDLW-1,2026-09-08,1,2026-09-07T23:00:00Z,2026-09-07T23:15:00Z,17,17
T_FSDLW-1,FSDLW-1,2026-09-08,1,2026-09-07T23:15:00Z,2026-09-07T23:30:00Z,17,17
T_FSDLW-1,FSDLW-1,2026-09-08,2,2026-09-07T23:30:00Z,2026-09-07T23:45:00Z,17,17
T_FSDLW-1,FSDLW-1,2026-09-08,2,2026-09-07T23:45:00Z,2026-09-08T00:00:00Z,17,17
T_FSDLW-1,FSDLW-1,2026-09-08,3,2026-09-08T00:00:00Z,2026-09-08T00:15:00Z,17,17
T_FSDLW-1,FSDLW-1,2026-09-08,3,2026-09-08T00:15:00Z,2026-09-08T00:30:00Z,17,17
T_FSDLW-1,FSDLW-1,2026-09-08,4,2026-09-08T00:30:00Z,2026-09-08T00:45:00Z,18,18
T_FSDLW-1,FSDLW-1,2026-09-08,4,2026-09-08T00:45:00Z,2026-09-08T01:00:00Z,18,18
T_FSDLW-1,FSDLW-1,2026-09-08,5,2026-09-08T01:00:00Z,2026-09-08T01:15:00Z,18,18
T_FSDLW-1,FSDLW-1,2026-09-08,5,2026-09-08T01:15:00Z,2026-09-08T01:30:00Z,18,18
T_FSDLW-1,FSDLW-1,2026-09-08,6,2026-09-08T01:30:00Z,2026-09-08T01:45:00Z,18,18
T_FSDLW-1,FSDLW-1,2026-09-08,6,2026-09-08T01:45:00Z,2026-09-08T02:00:00Z,18,18
T_FSDLW-1,FSDLW-1,2026-09-08,7,2026-09-08T02:00:00Z,2026-09-08T02:15:00Z,18,18
T_FSDLW-1,FSDLW-1,2026-09-08,7,2026-09-08T02:15:00Z,2026-09-08T02:30:00Z,18,18
T_FSDLW-1,FSDLW-1,2026-09-08,8,2026-09-08T02:30:00Z,2026-09-08T02:45:00Z,18,18
T_FSDLW-1,FSDLW-1,2026-09-08,8,2026-09-08T02:45:00Z,2026-09-08T03:00:00Z,18,18
T_FSDLW-1,FSDLW-1,2026-09-08,9,2026-09-08T03:00:00Z,2026-09-08T03:15:00Z,18,18
T_FSDLW-1,FSDLW-1,2026-09-08,9,2026-09-08T03:15:00Z,2026-09-08T03:30:00Z,18,18
T_FSDLW-1,FSDLW-1,2026-09-08,10,2026-09-08T03:30:00Z,2026-09-08T03:45:00Z,18,18
T_FSDLW-1,FSDLW-1,2026-09-08,10,2026-09-08T03:45:00Z,2026-09-08T04:00:00Z,18,18
T_FSDLW-1,FSDLW-1,2026-09-08,11,2026-09-08T04:00:00Z,2026-09-08T04:15:00Z,18,18
T_FSDLW-1,FSDLW-1,2026-09-08,11,2026-09-08T04:15:00Z,2026-09-08T04:30:00Z,18,18
T_FSDLW-1,FSDLW-1,2026-09-08,12,2026-09-08T04:30:00Z,2026-09-08T04:45:00Z,18,18
T_FSDLW-1,FSDLW-1,2026-09-08,12,2026-09-08T04:45:00Z,2026-09-08T05:00:00Z,18,18
T_FSDLW-1,FSDLW-1,2026-09-08,13,2026-09-08T05:00:00Z,2026-09-08T05:15:00Z,17,17
T_FSDLW-1,FSDLW-1,2026-09-08,13,2026-09-08T05:15:00Z,2026-09-08T05:30:00Z,17,17
T_FSDLW-1,FSDLW-1,2026-09-08,14,2026-09-08T05:30:00Z,2026-09-08T05:45:00Z,17,17
T_FSDLW-1,FSDLW-1,2026-09-08,14,2026-09-08T05:45:00Z,2026-09-08T06:00:00Z,17,17
T_FSDLW-1,FSDLW-1,2026-09-08,15,2026-09-08T06:00:00Z,2026-09-08T06:15:00Z,16,16
T_FSDLW-1,FSDLW-1,2026-09-08,15,2026-09-08T06:15:00Z,2026-09-08T06:30:00Z,16,16
T_FSDLW-1,FSDLW-1,2026-09-08,16,2026-09-08T06:30:00Z,2026-09-08T06:45:00Z,16,16
T_FSDLW-1,FSDLW-1,2026-09-08,16,2026-09-08T06:45:00Z,2026-09-08T07:00:00Z,16,16
T_FSDLW-1,FSDLW-1,2026-09-08,17,2026-09-08T07:00:00Z,2026-09-08T07:15:00Z,15,15
T_FSDLW-1,FSDLW-1,2026-09-08,17,2026-09-08T07:15:00Z,2026-09-08T07:30:00Z,15,15
T_FSDLW-1,FSDLW-1,2026-09-08,18,2026-09-08T07:30:00Z,2026-09-08T07:45:00Z,15,15
T_FSDLW-1,FSDLW-1,2026-09-08,18,2026-09-08T07:45:00Z,2026-09-08T08:00:00Z,15,15
T_FSDLW-1,FSDLW-1,2026-09-08,19,2026-09-08T08:00:00Z,2026-09-08T08:15:00Z,15,15
T_FSDLW-1,FSDLW-1,2026-09-08,19,2026-09-08T08:15:00Z,2026-09-08T08:30:00Z,15,15
T_FSDLW-1,FSDLW-1,2026-09-08,20,2026-09-08T08:30:00Z,2026-09-08T08:45:00Z,16,16
T_FSDLW-1,FSDLW-1,2026-09-08,20,2026-09-08T08:45:00Z,2026-09-08T09:00:00Z,16,16
T_FSDLW-1,FSDLW-1,2026-09-08,21,2026-09-08T09:00:00Z,2026-09-08T09:15:00Z,16,16
T_FSDLW-1,FSDLW-1,2026-09-08,21,2026-09-08T09:15:00Z,2026-09-08T09:30:00Z,16,16
T_FSDLW-1,FSDLW-1,2026-09-08,22,2026-09-08T09:30:00Z,2026-09-08T09:45:00Z,17,17
T_FSDLW-1,FSDLW-1,2026-09-08,22,2026-09-08T09:45:00Z,2026-09-08T10:00:00Z,17,17
T_FSDLW-1,FSDLW-1,2026-09-08,23,2026-09-08T10:00:00Z,2026-09-08T10:15:00Z,17,17
T_FSDLW-1,FSDLW-1,2026-09-08,23,2026-09-08T10:15:00Z,2026-09-08T10:30:00Z,17,17
T_FSDLW-1,FSDLW-1,2026-09-08,24,2026-09-08T10:30:00Z,2026-09-08T10:45:00Z,17,17
T_FSDLW-1,FSDLW-1,2026-09-08,24,2026-09-08T10:45:00Z,2026-09-08T11:00:00Z,17,17
T_FSDLW-1,FSDLW-1,2026-09-08,25,2026-09-08T11:00:00Z,2026-09-08T11:15:00Z,18,18
T_FSDLW-1,FSDLW-1,2026-09-08,25,2026-09-08T11:15:00Z,2026-09-08T11:30:00Z,18,18
T_FSDLW-1,FSDLW-1,2026-09-08,26,2026-09-08T11:30:00Z,2026-09-08T11:45:00Z,18,18
T_FSDLW-1,FSDLW-1,2026-09-08,26,2026-09-08T11:45:00Z,2026-09-08T12:00:00Z,18,18
T_FSDLW-1,FSDLW-1,2026-09-08,27,2026-09-08T12:00:00Z,2026-09-08T12:15:00Z,18,18
T_FSDLW-1,FSDLW-1,2026-09-08,27,2026-09-08T12:15:00Z,2026-09-08T12:30:00Z,18,18
T_FSDLW-1,FSDLW-1,2026-09-08,28,2026-09-08T12:30:00Z,2026-09-08T12:45:00Z,18,18
T_FSDLW-1,FSDLW-1,2026-09-08,28,2026-09-08T12:45:00Z,2026-09-08T13:00:00Z,18,18
T_FSDLW-1,FSDLW-1,2026-09-08,29,2026-09-08T13:00:00Z,2026-09-08T13:15:00Z,18,18
T_FSDLW-1,FSDLW-1,2026-09-08,29,2026-09-08T13:15:00Z,2026-09-08T13:30:00Z,18,18
T_FSDLW-1,FSDLW-1,2026-09-08,30,2026-09-08T13:30:00Z,2026-09-08T13:45:00Z,18,18
T_FSDLW-1,FSDLW-1,2026-09-08,30,2026-09-08T13:45:00Z,2026-09-08T14:00:00Z,18,18
T_FSDLW-1,FSDLW-1,2026-09-08,31,2026-09-08T14:00:00Z,2026-09-08T14:15:00Z,17,17
T_FSDLW-1,FSDLW-1,2026-09-08,31,2026-09-08T14:15:00Z,2026-09-08T14:30:00Z,17,17
T_FSDLW-1,FSDLW-1,2026-09-08,32,2026-09-08T14:30:00Z,2026-09-08T14:45:00Z,17,17
T_FSDLW-1,FSDLW-1,2026-09-08,32,2026-09-08T14:45:00Z,2026-09-08T15:00:00Z,17,17
T_FSDLW-1,FSDLW-1,2026-09-08,33,2026-09-08T15:00:00Z,2026-09-08T15:15:00Z,17,17
T_FSDLW-1,FSDLW-1,2026-09-08,33,2026-09-08T15:15:00Z,2026-09-08T15:30:00Z,17,17
T_FSDLW-1,FSDLW-1,2026-09-08,34,2026-09-08T15:30:00Z,2026-09-08T15:45:00Z,17,17
T_FSDLW-1,FSDLW-1,2026-09-08,34,2026-09-08T15:45:00Z,2026-09-08T16:00:00Z,17,17
T_FSDLW-1,FSDLW-1,2026-09-08,35,2026-09-08T16:00:00Z,2026-09-08T16:15:00Z,17,17
T_FSDLW-1,FSDLW-1,2026-09-08,35,2026-09-08T16:15:00Z,2026-09-08T16:30:00Z,17,17
T_FSDLW-1,FSDLW-1,2026-09-08,36,2026-09-08T16:30:00Z,2026-09-08T16:45:00Z,17,17
T_FSDLW-1,FSDLW-1,2026-09-08,36,2026-09-08T16:45:00Z,2026-09-08T17:00:00Z,17,17
T_FSDLW-1,FSDLW-1,2026-09-08,37,2026-09-08T17:00:00Z,2026-09-08T17:15:00Z,16,16
T_FSDLW-1,FSDLW-1,2026-09-08,37,2026-09-08T17:15:00Z,2026-09-08T17:30:00Z,16,16
T_FSDLW-1,FSDLW-1,2026-09-08,38,2026-09-08T17:30:00Z,2026-09-08T17:45:00Z,16,16
T_FSDLW-1,FSDLW-1,2026-09-08,38,2026-09-08T17:45:00Z,2026-09-08T18:00:00Z,16,16
T_FSDLW-1,FSDLW-1,2026-09-08,39,2026-09-08T18:00:00Z,2026-09-08T18:15:00Z,15,15
T_FSDLW-1,FSDLW-1,2026-09-08,39,2026-09-08T18:15:00Z,2026-09-08T18:30:00Z,15,15
T_FSDLW-1,FSDLW-1,2026-09-08,40,2026-09-08T18:30:00Z,2026-09-08T18:45:00Z,15,15
T_FSDLW-1,FSDLW-1,2026-09-08,40,2026-09-08T18:45:00Z,2026-09-08T19:00:00Z,15,15
T_FSDLW-1,FSDLW-1,2026-09-08,41,2026-09-08T19:00:00Z,2026-09-08T19:15:00Z,14,14
T_FSDLW-1,FSDLW-1,2026-09-08,41,2026-09-08T19:15:00Z,2026-09-08T19:30:00Z,14,14
T_FSDLW-1,FSDLW-1,2026-09-08,42,2026-09-08T19:30:00Z,2026-09-08T19:45:00Z,12,12
T_FSDLW-1,FSDLW-1,2026-09-08,42,2026-09-08T19:45:00Z,2026-09-08T20:00:00Z,12,12
T_FSDLW-1,FSDLW-1,2026-09-08,43,2026-09-08T20:00:00Z,2026-09-08T20:15:00Z,11,11
T_FSDLW-1,FSDLW-1,2026-09-08,43,2026-09-08T20:15:00Z,2026-09-08T20:30:00Z,11,11
T_FSDLW-1,FSDLW-1,2026-09-08,44,2026-09-08T20:30:00Z,2026-09-08T20:45:00Z,10,10
T_FSDLW-1,FSDLW-1,2026-09-08,44,2026-09-08T20:45:00Z,2026-09-08T21:00:00Z,10,10
T_FSDLW-1,FSDLW-1,2026-09-08,45,2026-09-08T21:00:00Z,2026-09-08T21:15:00Z,9,9
T_FSDLW-1,FSDLW-1,2026-09-08,45,2026-09-08T21:15:00Z,2026-09-08T21:30:00Z,9,9
T_FSDLW-1,FSDLW-1,2026-09-08,46,2026-09-08T21:30:00Z,2026-09-08T21:45:00Z,9,9
T_FSDLW-1,FSDLW-1,2026-09-08,46,2026-09-08T21:45:00Z,2026-09-08T22:00:00Z,9,9
T_FSDLW-1,FSDLW-1,2026-09-08,47,2026-09-08T22:00:00Z,2026-09-08T22:15:00Z,8,8
T_FSDLW-1,FSDLW-1,2026-09-08,47,2026-09-08T22:15:00Z,2026-09-08T22:30:00Z,8,8
T_FSDLW-1,FSDLW-1,2026-09-08,48,2026-09-08T22:30:00Z,2026-09-08T22:45:00Z,8,8
T_FSDLW-1,FSDLW-1,2026-09-08,48,2026-09-08T22:45:00Z,2026-09-08T23:00:00Z,8,8
T_GANW-11,GAOFO-1,2026-09-08,1,2026-09-07T23:00:00Z,2026-09-07T23:30:00Z,50,50
T_GANW-11,GAOFO-1,2026-09-08,2,2026-09-07T23:30:00Z,2026-09-08T00:00:00Z,50,50
T_GANW-11,GAOFO-1,2026-09-08,3,2026-09-08T00:00:00Z,2026-09-08T00:30:00Z,47,47
T_GANW-11,GAOFO-1,2026-09-08,4,2026-09-08T00:30:00Z,2026-09-08T01:00:00Z,46,46
T_GANW-11,GAOFO-1,2026-09-08,5,2026-09-08T01:00:00Z,2026-09-08T01:30:00Z,46,46
T_GANW-11,GAOFO-1,2026-09-08,6,2026-09-08T01:30:00Z,2026-09-08T02:00:00Z,47,47
T_GANW-11,GAOFO-1,2026-09-08,7,2026-09-08T02:00:00Z,2026-09-08T02:30:00Z,46,46
T_GANW-11,GAOFO-1,2026-09-08,8,2026-09-08T02:30:00Z,2026-09-08T03:00:00Z,44,44
T_GANW-11,GAOFO-1,2026-09-08,9,2026-09-08T03:00:00Z,2026-09-08T03:30:00Z,44,44
T_GANW-11,GAOFO-1,2026-09-08,10,2026-09-08T03:30:00Z,2026-09-08T04:00:00Z,50,50
T_GANW-11,GAOFO-1,2026-09-08,11,2026-09-08T04:00:00Z,2026-09-08T04:30:00Z,52,52
T_GANW-11,GAOFO-1,2026-09-08,12,2026-09-08T04:30:00Z,2026-09-08T05:00:00Z,53,53
T_GANW-11,GAOFO-1,2026-09-08,13,2026-09-08T05:00:00Z,2026-09-08T05:30:00Z,54,54
T_GANW-11,GAOFO-1,2026-09-08,14,2026-09-08T05:30:00Z,2026-09-08T06:00:00Z,60,60
T_GANW-11,GAOFO-1,2026-09-08,15,2026-09-08T06:00:00Z,2026-09-08T06:30:00Z,60,60
T_GANW-11,GAOFO-1,2026-09-08,16,2026-09-08T06:30:00Z,2026-09-08T07:00:00Z,60,60
T_GANW-11,GAOFO-1,2026-09-08,17,2026-09-08T07:00:00Z,2026-09-08T07:30:00Z,60,60
T_GANW-11,GAOFO-1,2026-09-08,18,2026-09-08T07:30:00Z,2026-09-08T08:00:00Z,54,54
T_GANW-11,GAOFO-1,2026-09-08,19,2026-09-08T08:00:00Z,2026-09-08T08:30:00Z,53,53
T_GANW-11,GAOFO-1,2026-09-08,20,2026-09-08T08:30:00Z,2026-09-08T09:00:00Z,50,50
T_GANW-11,GAOFO-1,2026-09-08,21,2026-09-08T09:00:00Z,2026-09-08T09:30:00Z,35,35
T_GANW-11,GAOFO-1,2026-09-08,22,2026-09-08T09:30:00Z,2026-09-08T10:00:00Z,36,36
T_GANW-11,GAOFO-1,2026-09-08,23,2026-09-08T10:00:00Z,2026-09-08T10:30:00Z,36,36
T_GANW-11,GAOFO-1,2026-09-08,24,2026-09-08T10:30:00Z,2026-09-08T11:00:00Z,34,34
T_GANW-11,GAOFO-1,2026-09-08,25,2026-09-08T11:00:00Z,2026-09-08T11:30:00Z,31,31
T_GANW-11,GAOFO-1,2026-09-08,26,2026-09-08T11:30:00Z,2026-09-08T12:00:00Z,27,27
T_GANW-11,GAOFO-1,2026-09-08,27,2026-09-08T12:00:00Z,2026-09-08T12:30:00Z,23,23
T_GANW-11,GAOFO-1,2026-09-08,28,2026-09-08T12:30:00Z,2026-09-08T13:00:00Z,19,19
T_GANW-11,GAOFO-1,2026-09-08,29,2026-09-08T13:00:00Z,2026-09-08T13:30:00Z,18,18
T_GANW-11,GAOFO-1,2026-09-08,30,2026-09-08T13:30:00Z,2026-09-08T14:00:00Z,11,11
T_GANW-11,GAOFO-1,2026-09-08,31,2026-09-08T14:00:00Z,2026-09-08T14:30:00Z,12,12
T_GANW-11,GAOFO-1,2026-09-08,32,2026-09-08T14:30:00Z,2026-09-08T15:00:00Z,16,16
T_GANW-11,GAOFO-1,2026-09-08,33,2026-09-08T15:00:00Z,2026-09-08T15:30:00Z,24,24
T_GANW-11,GAOFO-1,2026-09-08,34,2026-09-08T15:30:00Z,2026-09-08T16:00:00Z,41,41
T_GANW-11,GAOFO-1,2026-09-08,35,2026-09-08T16:00:00Z,2026-09-08T16:30:00Z,50,50
T_GANW-11,GAOFO-1,2026-09-08,36,2026-09-08T16:30:00Z,2026-09-08T17:00:00Z,56,56
T_GANW-11,GAOFO-1,2026-09-08,37,2026-09-08T17:00:00Z,2026-09-08T17:30:00Z,50,50
T_GANW-11,GAOFO-1,2026-09-08,38,2026-09-08T17:30:00Z,2026-09-08T18:00:00Z,47,47
T_GANW-11,GAOFO-1,2026-09-08,39,2026-09-08T18:00:00Z,2026-09-08T18:30:00Z,50,50
T_GANW-11,GAOFO-1,2026-09-08,40,2026-09-08T18:30:00Z,2026-09-08T19:00:00Z,59,59
T_GANW-11,GAOFO-1,2026-09-08,41,2026-09-08T19:00:00Z,2026-09-08T19:30:00Z,62,62
T_GANW-11,GAOFO-1,2026-09-08,42,2026-09-08T19:30:00Z,2026-09-08T20:00:00Z,77,77
T_GANW-11,GAOFO-1,2026-09-08,43,2026-09-08T20:00:00Z,2026-09-08T20:30:00Z,79,79
T_GANW-11,GAOFO-1,2026-09-08,44,2026-09-08T20:30:00Z,2026-09-08T21:00:00Z,78,78
T_GANW-11,GAOFO-1,2026-09-08,45,2026-09-08T21:00:00Z,2026-09-08T21:30:00Z,78,78
T_GANW-11,GAOFO-1,2026-09-08,46,2026-09-08T21:30:00Z,2026-09-08T22:00:00Z,79,79
T_GANW-11,GAOFO-1,2026-09-08,47,2026-09-08T22:00:00Z,2026-09-08T22:30:00Z,78,78
T_GANW-11,GAOFO-1,2026-09-08,48,2026-09-08T22:30:00Z,2026-09-08T23:00:00Z,78,78
T_GANW-13,GAOFO-3,2026-09-08,1,2026-09-07T23:00:00Z,2026-09-07T23:30:00Z,60,60
T_GANW-13,GAOFO-3,2026-09-08,2,2026-09-07T23:30:00Z,2026-09-08T00:00:00Z,55,55
T_GANW-13,GAOFO-3,2026-09-08,3,2026-09-08T00:00:00Z,2026-09-08T00:30:00Z,54,54
T_GANW-13,GAOFO-3,2026-09-08,4,2026-09-08T00:30:00Z,2026-09-08T01:00:00Z,54,54
T_GANW-13,GAOFO-3,2026-09-08,5,2026-09-08T01:00:00Z,2026-09-08T01:30:00Z,53,53
T_GANW-13,GAOFO-3,2026-09-08,6,2026-09-08T01:30:00Z,2026-09-08T02:00:00Z,48,48
T_GANW-13,GAOFO-3,2026-09-08,7,2026-09-08T02:00:00Z,2026-09-08T02:30:00Z,47,47
T_GANW-13,GAOFO-3,2026-09-08,8,2026-09-08T02:30:00Z,2026-09-08T03:00:00Z,45,45
T_GANW-13,GAOFO-3,2026-09-08,9,2026-09-08T03:00:00Z,2026-09-08T03:30:00Z,46,46
T_GANW-13,GAOFO-3,2026-09-08,10,2026-09-08T03:30:00Z,2026-09-08T04:00:00Z,59,59
T_GANW-13,GAOFO-3,2026-09-08,11,2026-09-08T04:00:00Z,2026-09-08T04:30:00Z,61,61
T_GANW-13,GAOFO-3,2026-09-08,12,2026-09-08T04:30:00Z,2026-09-08T05:00:00Z,62,62
T_GANW-13,GAOFO-3,2026-09-08,13,2026-09-08T05:00:00Z,2026-09-08T05:30:00Z,64,64
T_GANW-13,GAOFO-3,2026-09-08,14,2026-09-08T05:30:00Z,2026-09-08T06:00:00Z,67,67
T_GANW-13,GAOFO-3,2026-09-08,15,2026-09-08T06:00:00Z,2026-09-08T06:30:00Z,68,68
T_GANW-13,GAOFO-3,2026-09-08,16,2026-09-08T06:30:00Z,2026-09-08T07:00:00Z,69,69
T_GANW-13,GAOFO-3,2026-09-08,17,2026-09-08T07:00:00Z,2026-09-08T07:30:00Z,69,69
T_GANW-13,GAOFO-3,2026-09-08,18,2026-09-08T07:30:00Z,2026-09-08T08:00:00Z,62,62
T_GANW-13,GAOFO-3,2026-09-08,19,2026-09-08T08:00:00Z,2026-09-08T08:30:00Z,61,61
T_GANW-13,GAOFO-3,2026-09-08,20,2026-09-08T08:30:00Z,2026-09-08T09:00:00Z,61,61
T_GANW-13,GAOFO-3,2026-09-08,21,2026-09-08T09:00:00Z,2026-09-08T09:30:00Z,60,60
T_GANW-13,GAOFO-3,2026-09-08,22,2026-09-08T09:30:00Z,2026-09-08T10:00:00Z,40,40
T_GANW-13,GAOFO-3,2026-09-08,23,2026-09-08T10:00:00Z,2026-09-08T10:30:00Z,39,39
T_GANW-13,GAOFO-3,2026-09-08,24,2026-09-08T10:30:00Z,2026-09-08T11:00:00Z,37,37
T_GANW-13,GAOFO-3,2026-09-08,25,2026-09-08T11:00:00Z,2026-09-08T11:30:00Z,34,34
T_GANW-13,GAOFO-3,2026-09-08,26,2026-09-08T11:30:00Z,2026-09-08T12:00:00Z,31,31
T_GANW-13,GAOFO-3,2026-09-08,27,2026-09-08T12:00:00Z,2026-09-08T12:30:00Z,26,26
T_GANW-13,GAOFO-3,2026-09-08,28,2026-09-08T12:30:00Z,2026-09-08T13:00:00Z,21,21
T_GANW-13,GAOFO-3,2026-09-08,29,2026-09-08T13:00:00Z,2026-09-08T13:30:00Z,18,18
T_GANW-13,GAOFO-3,2026-09-08,30,2026-09-08T13:30:00Z,2026-09-08T14:00:00Z,10,10
T_GANW-13,GAOFO-3,2026-09-08,31,2026-09-08T14:00:00Z,2026-09-08T14:30:00Z,18,18
T_GANW-13,GAOFO-3,2026-09-08,32,2026-09-08T14:30:00Z,2026-09-08T15:00:00Z,20,20
T_GANW-13,GAOFO-3,2026-09-08,33,2026-09-08T15:00:00Z,2026-09-08T15:30:00Z,26,26
T_GANW-13,GAOFO-3,2026-09-08,34,2026-09-08T15:30:00Z,2026-09-08T16:00:00Z,38,38
T_GANW-13,GAOFO-3,2026-09-08,35,2026-09-08T16:00:00Z,2026-09-08T16:30:00Z,55,55
T_GANW-13,GAOFO-3,2026-09-08,36,2026-09-08T16:30:00Z,2026-09-08T17:00:00Z,49,49
T_GANW-13,GAOFO-3,2026-09-08,37,2026-09-08T17:00:00Z,2026-09-08T17:30:00Z,51,51
T_GANW-13,GAOFO-3,2026-09-08,38,2026-09-08T17:30:00Z,2026-09-08T18:00:00Z,49,49
T_GANW-13,GAOFO-3,2026-09-08,39,2026-09-08T18:00:00Z,2026-09-08T18:30:00Z,51,51
T_GANW-13,GAOFO-3,2026-09-08,40,2026-09-08T18:30:00Z,2026-09-08T19:00:00Z,63,63
T_GANW-13,GAOFO-3,2026-09-08,41,2026-09-08T19:00:00Z,2026-09-08T19:30:00Z,67,67
T_GANW-13,GAOFO-3,2026-09-08,42,2026-09-08T19:30:00Z,2026-09-08T20:00:00Z,80,80
T_GANW-13,GAOFO-3,2026-09-08,43,2026-09-08T20:00:00Z,2026-09-08T20:30:00Z,82,82
T_GANW-13,GAOFO-3,2026-09-08,44,2026-09-08T20:30:00Z,2026-09-08T21:00:00Z,83,83
T_GANW-13,GAOFO-3,2026-09-08,45,2026-09-08T21:00:00Z,2026-09-08T21:30:00Z,83,83
T_GANW-13,GAOFO-3,2026-09-08,46,2026-09-08T21:30:00Z,2026-09-08T22:00:00Z,83,83
T_GANW-13,GAOFO-3,2026-09-08,47,2026-09-08T22:00:00Z,2026-09-08T22:30:00Z,83,83
T_GANW-13,GAOFO-3,2026-09-08,48,2026-09-08T22:30:00Z,2026-09-08T23:00:00Z,83,83
T_GANW-22,GAOFO-2,2026-09-08,1,2026-09-07T23:00:00Z,2026-09-07T23:30:00Z,57,57
T_GANW-22,GAOFO-2,2026-09-08,2,2026-09-07T23:30:00Z,2026-09-08T00:00:00Z,51,51
T_GANW-22,GAOFO-2,2026-09-08,3,2026-09-08T00:00:00Z,2026-09-08T00:30:00Z,50,50
T_GANW-22,GAOFO-2,2026-09-08,4,2026-09-08T00:30:00Z,2026-09-08T01:00:00Z,49,49
T_GANW-22,GAOFO-2,2026-09-08,5,2026-09-08T01:00:00Z,2026-09-08T01:30:00Z,49,49
T_GANW-22,GAOFO-2,2026-09-08,6,2026-09-08T01:30:00Z,2026-09-08T02:00:00Z,50,50
T_GANW-22,GAOFO-2,2026-09-08,7,2026-09-08T02:00:00Z,2026-09-08T02:30:00Z,48,48
T_GANW-22,GAOFO-2,2026-09-08,8,2026-09-08T02:30:00Z,2026-09-08T03:00:00Z,46,46
T_GANW-22,GAOFO-2,2026-09-08,9,2026-09-08T03:00:00Z,2026-09-08T03:30:00Z,46,46
T_GANW-22,GAOFO-2,2026-09-08,10,2026-09-08T03:30:00Z,2026-09-08T04:00:00Z,50,50
T_GANW-22,GAOFO-2,2026-09-08,11,2026-09-08T04:00:00Z,2026-09-08T04:30:00Z,50,50
T_GANW-22,GAOFO-2,2026-09-08,12,2026-09-08T04:30:00Z,2026-09-08T05:00:00Z,50,50
T_GANW-22,GAOFO-2,2026-09-08,13,2026-09-08T05:00:00Z,2026-09-08T05:30:00Z,51,51
T_GANW-22,GAOFO-2,2026-09-08,14,2026-09-08T05:30:00Z,2026-09-08T06:00:00Z,56,56
T_GANW-22,GAOFO-2,2026-09-08,15,2026-09-08T06:00:00Z,2026-09-08T06:30:00Z,57,57
T_GANW-22,GAOFO-2,2026-09-08,16,2026-09-08T06:30:00Z,2026-09-08T07:00:00Z,58,58
T_GANW-22,GAOFO-2,2026-09-08,17,2026-09-08T07:00:00Z,2026-09-08T07:30:00Z,58,58
T_GANW-22,GAOFO-2,2026-09-08,18,2026-09-08T07:30:00Z,2026-09-08T08:00:00Z,53,53
T_GANW-22,GAOFO-2,2026-09-08,19,2026-09-08T08:00:00Z,2026-09-08T08:30:00Z,52,52
T_GANW-22,GAOFO-2,2026-09-08,20,2026-09-08T08:30:00Z,2026-09-08T09:00:00Z,51,51
T_GANW-22,GAOFO-2,2026-09-08,21,2026-09-08T09:00:00Z,2026-09-08T09:30:00Z,50,50
T_GANW-22,GAOFO-2,2026-09-08,22,2026-09-08T09:30:00Z,2026-09-08T10:00:00Z,37,37
T_GANW-22,GAOFO-2,2026-09-08,23,2026-09-08T10:00:00Z,2026-09-08T10:30:00Z,36,36
T_GANW-22,GAOFO-2,2026-09-08,24,2026-09-08T10:30:00Z,2026-09-08T11:00:00Z,34,34
T_GANW-22,GAOFO-2,2026-09-08,25,2026-09-08T11:00:00Z,2026-09-08T11:30:00Z,31,31
T_GANW-22,GAOFO-2,2026-09-08,26,2026-09-08T11:30:00Z,2026-09-08T12:00:00Z,28,28
T_GANW-22,GAOFO-2,2026-09-08,27,2026-09-08T12:00:00Z,2026-09-08T12:30:00Z,24,24
T_GANW-22,GAOFO-2,2026-09-08,28,2026-09-08T12:30:00Z,2026-09-08T13:00:00Z,20,20
T_GANW-22,GAOFO-2,2026-09-08,29,2026-09-08T13:00:00Z,2026-09-08T13:30:00Z,18,18
T_GANW-22,GAOFO-2,2026-09-08,30,2026-09-08T13:30:00Z,2026-09-08T14:00:00Z,12,12
T_GANW-22,GAOFO-2,2026-09-08,31,2026-09-08T14:00:00Z,2026-09-08T14:30:00Z,13,13
T_GANW-22,GAOFO-2,2026-09-08,32,2026-09-08T14:30:00Z,2026-09-08T15:00:00Z,17,17
T_GANW-22,GAOFO-2,2026-09-08,33,2026-09-08T15:00:00Z,2026-09-08T15:30:00Z,24,24
T_GANW-22,GAOFO-2,2026-09-08,34,2026-09-08T15:30:00Z,2026-09-08T16:00:00Z,34,34
T_GANW-22,GAOFO-2,2026-09-08,35,2026-09-08T16:00:00Z,2026-09-08T16:30:00Z,47,47
T_GANW-22,GAOFO-2,2026-09-08,36,2026-09-08T16:30:00Z,2026-09-08T17:00:00Z,44,44
T_GANW-22,GAOFO-2,2026-09-08,37,2026-09-08T17:00:00Z,2026-09-08T17:30:00Z,47,47
T_GANW-22,GAOFO-2,2026-09-08,38,2026-09-08T17:30:00Z,2026-09-08T18:00:00Z,45,45
T_GANW-22,GAOFO-2,2026-09-08,39,2026-09-08T18:00:00Z,2026-09-08T18:30:00Z,48,48
T_GANW-22,GAOFO-2,2026-09-08,40,2026-09-08T18:30:00Z,2026-09-08T19:00:00Z,57,57
T_GANW-22,GAOFO-2,2026-09-08,41,2026-09-08T19:00:00Z,2026-09-08T19:30:00Z,60,60
T_GANW-22,GAOFO-2,2026-09-08,42,2026-09-08T19:30:00Z,2026-09-08T20:00:00Z,72,72
T_GANW-22,GAOFO-2,2026-09-08,43,2026-09-08T20:00:00Z,2026-09-08T20:30:00Z,73,73
T_GANW-22,GAOFO-2,2026-09-08,44,2026-09-08T20:30:00Z,2026-09-08T21:00:00Z,75,75
T_GANW-22,GAOFO-2,2026-09-08,45,2026-09-08T21:00:00Z,2026-09-08T21:30:00Z,75,75
T_GANW-22,GAOFO-2,2026-09-08,46,2026-09-08T21:30:00Z,2026-09-08T22:00:00Z,75,75
T_GANW-22,GAOFO-2,2026-09-08,47,2026-09-08T22:00:00Z,2026-09-08T22:30:00Z,75,75
T_GANW-22,GAOFO-2,2026-09-08,48,2026-09-08T22:30:00Z,2026-09-08T23:00:00Z,74,74
T_GANW-24,GAOFO-4,2026-09-08,1,2026-09-07T23:00:00Z,2026-09-07T23:30:00Z,57,57
T_GANW-24,GAOFO-4,2026-09-08,2,2026-09-07T23:30:00Z,2026-09-08T00:00:00Z,52,52
T_GANW-24,GAOFO-4,2026-09-08,3,2026-09-08T00:00:00Z,2026-09-08T00:30:00Z,51,51
T_GANW-24,GAOFO-4,2026-09-08,4,2026-09-08T00:30:00Z,2026-09-08T01:00:00Z,52,52
T_GANW-24,GAOFO-4,2026-09-08,5,2026-09-08T01:00:00Z,2026-09-08T01:30:00Z,52,52
T_GANW-24,GAOFO-4,2026-09-08,6,2026-09-08T01:30:00Z,2026-09-08T02:00:00Z,57,57
T_GANW-24,GAOFO-4,2026-09-08,7,2026-09-08T02:00:00Z,2026-09-08T02:30:00Z,55,55
T_GANW-24,GAOFO-4,2026-09-08,8,2026-09-08T02:30:00Z,2026-09-08T03:00:00Z,47,47
T_GANW-24,GAOFO-4,2026-09-08,9,2026-09-08T03:00:00Z,2026-09-08T03:30:00Z,47,47
T_GANW-24,GAOFO-4,2026-09-08,10,2026-09-08T03:30:00Z,2026-09-08T04:00:00Z,56,56
T_GANW-24,GAOFO-4,2026-09-08,11,2026-09-08T04:00:00Z,2026-09-08T04:30:00Z,57,57
T_GANW-24,GAOFO-4,2026-09-08,12,2026-09-08T04:30:00Z,2026-09-08T05:00:00Z,59,59
T_GANW-24,GAOFO-4,2026-09-08,13,2026-09-08T05:00:00Z,2026-09-08T05:30:00Z,61,61
T_GANW-24,GAOFO-4,2026-09-08,14,2026-09-08T05:30:00Z,2026-09-08T06:00:00Z,63,63
T_GANW-24,GAOFO-4,2026-09-08,15,2026-09-08T06:00:00Z,2026-09-08T06:30:00Z,64,64
T_GANW-24,GAOFO-4,2026-09-08,16,2026-09-08T06:30:00Z,2026-09-08T07:00:00Z,65,65
T_GANW-24,GAOFO-4,2026-09-08,17,2026-09-08T07:00:00Z,2026-09-08T07:30:00Z,65,65
T_GANW-24,GAOFO-4,2026-09-08,18,2026-09-08T07:30:00Z,2026-09-08T08:00:00Z,57,57
T_GANW-24,GAOFO-4,2026-09-08,19,2026-09-08T08:00:00Z,2026-09-08T08:30:00Z,56,56
T_GANW-24,GAOFO-4,2026-09-08,20,2026-09-08T08:30:00Z,2026-09-08T09:00:00Z,54,54
T_GANW-24,GAOFO-4,2026-09-08,21,2026-09-08T09:00:00Z,2026-09-08T09:30:00Z,53,53
T_GANW-24,GAOFO-4,2026-09-08,22,2026-09-08T09:30:00Z,2026-09-08T10:00:00Z,38,38
T_GANW-24,GAOFO-4,2026-09-08,23,2026-09-08T10:00:00Z,2026-09-08T10:30:00Z,37,37
T_GANW-24,GAOFO-4,2026-09-08,24,2026-09-08T10:30:00Z,2026-09-08T11:00:00Z,36,36
T_GANW-24,GAOFO-4,2026-09-08,25,2026-09-08T11:00:00Z,2026-09-08T11:30:00Z,33,33
T_GANW-24,GAOFO-4,2026-09-08,26,2026-09-08T11:30:00Z,2026-09-08T12:00:00Z,30,30
T_GANW-24,GAOFO-4,2026-09-08,27,2026-09-08T12:00:00Z,2026-09-08T12:30:00Z,26,26
T_GANW-24,GAOFO-4,2026-09-08,28,2026-09-08T12:30:00Z,2026-09-08T13:00:00Z,22,22
T_GANW-24,GAOFO-4,2026-09-08,29,2026-09-08T13:00:00Z,2026-09-08T13:30:00Z,19,19
T_GANW-24,GAOFO-4,2026-09-08,30,2026-09-08T13:30:00Z,2026-09-08T14:00:00Z,14,14
T_GANW-24,GAOFO-4,2026-09-08,31,2026-09-08T14:00:00Z,2026-09-08T14:30:00Z,14,14
T_GANW-24,GAOFO-4,2026-09-08,32,2026-09-08T14:30:00Z,2026-09-08T15:00:00Z,17,17
T_GANW-24,GAOFO-4,2026-09-08,33,2026-09-08T15:00:00Z,2026-09-08T15:30:00Z,24,24
T_GANW-24,GAOFO-4,2026-09-08,34,2026-09-08T15:30:00Z,2026-09-08T16:00:00Z,34,34
T_GANW-24,GAOFO-4,2026-09-08,35,2026-09-08T16:00:00Z,2026-09-08T16:30:00Z,50,50
T_GANW-24,GAOFO-4,2026-09-08,36,2026-09-08T16:30:00Z,2026-09-08T17:00:00Z,46,46
T_GANW-24,GAOFO-4,2026-09-08,37,2026-09-08T17:00:00Z,2026-09-08T17:30:00Z,49,49
T_GANW-24,GAOFO-4,2026-09-08,38,2026-09-08T17:30:00Z,2026-09-08T18:00:00Z,50,50
T_GANW-24,GAOFO-4,2026-09-08,39,2026-09-08T18:00:00Z,2026-09-08T18:30:00Z,53,53
T_GANW-24,GAOFO-4,2026-09-08,40,2026-09-08T18:30:00Z,2026-09-08T19:00:00Z,57,57
T_GANW-24,GAOFO-4,2026-09-08,41,2026-09-08T19:00:00Z,2026-09-08T19:30:00Z,66,66
T_GANW-24,GAOFO-4,2026-09-08,42,2026-09-08T19:30:00Z,2026-09-08T20:00:00Z,74,74
T_GANW-24,GAOFO-4,2026-09-08,43,2026-09-08T20:00:00Z,2026-09-08T20:30:00Z,76,76
T_GANW-24,GAOFO-4,2026-09-08,44,2026-09-08T20:30:00Z,2026-09-08T21:00:00Z,77,77
T_GANW-24,GAOFO-4,2026-09-08,45,2026-09-08T21:00:00Z,2026-09-08T21:30:00Z,77,77
T_GANW-24,GAOFO-4,2026-09-08,46,2026-09-08T21:30:00Z,2026-09-08T22:00:00Z,77,77
T_GANW-24,GAOFO-4,2026-09-08,47,2026-09-08T22:00:00Z,2026-09-08T22:30:00Z,77,77
T_GANW-24,GAOFO-4,2026-09-08,48,2026-09-08T22:30:00Z,2026-09-08T23:00:00Z,77,77
T_GLNKW-1,GLNKW-1,2026-09-08,1,2026-09-07T23:00:00Z,2026-09-07T23:30:00Z,48,48
T_GLNKW-1,GLNKW-1,2026-09-08,2,2026-09-07T23:30:00Z,2026-09-08T00:00:00Z,48,48
T_GLNKW-1,GLNKW-1,2026-09-08,3,2026-09-08T00:00:00Z,2026-09-08T00:30:00Z,48,48
T_GLNKW-1,GLNKW-1,2026-09-08,4,2026-09-08T00:30:00Z,2026-09-08T01:00:00Z,48,48
T_GLNKW-1,GLNKW-1,2026-09-08,5,2026-09-08T01:00:00Z,2026-09-08T01:30:00Z,48,48
T_GLNKW-1,GLNKW-1,2026-09-08,6,2026-09-08T01:30:00Z,2026-09-08T02:00:00Z,48,48
T_GLNKW-1,GLNKW-1,2026-09-08,7,2026-09-08T02:00:00Z,2026-09-08T02:30:00Z,48,48
T_GLNKW-1,GLNKW-1,2026-09-08,8,2026-09-08T02:30:00Z,2026-09-08T03:00:00Z,48,48
T_GLNKW-1,GLNKW-1,2026-09-08,9,2026-09-08T03:00:00Z,2026-09-08T03:30:00Z,48,48
T_GLNKW-1,GLNKW-1,2026-09-08,10,2026-09-08T03:30:00Z,2026-09-08T04:00:00Z,48,48
T_GLNKW-1,GLNKW-1,2026-09-08,11,2026-09-08T04:00:00Z,2026-09-08T04:30:00Z,48,48
T_GLNKW-1,GLNKW-1,2026-09-08,12,2026-09-08T04:30:00Z,2026-09-08T05:00:00Z,48,48
T_GLNKW-1,GLNKW-1,2026-09-08,13,2026-09-08T05:00:00Z,2026-09-08T05:30:00Z,48,48
T_GLNKW-1,GLNKW-1,2026-09-08,14,2026-09-08T05:30:00Z,2026-09-08T06:00:00Z,48,48
T_GLNKW-1,GLNKW-1,2026-09-08,15,2026-09-08T06:00:00Z,2026-09-08T06:30:00Z,48,48
T_GLNKW-1,GLNKW-1,2026-09-08,16,2026-09-08T06:30:00Z,2026-09-08T07:00:00Z,48,48
T_GLNKW-1,GLNKW-1,2026-09-08,17,2026-09-08T07:00:00Z,2026-09-08T07:30:00Z,48,48
T_GLNKW-1,GLNKW-1,2026-09-08,18,2026-09-08T07:30:00Z,2026-09-08T08:00:00Z,48,48
T_GLNKW-1,GLNKW-1,2026-09-08,19,2026-09-08T08:00:00Z,2026-09-08T08:30:00Z,48,48
T_GLNKW-1,GLNKW-1,2026-09-08,20,2026-09-08T08:30:00Z,2026-09-08T09:00:00Z,48,48
T_GLNKW-1,GLNKW-1,2026-09-08,21,2026-09-08T09:00:00Z,2026-09-08T09:30:00Z,48,48
T_GLNKW-1,GLNKW-1,2026-09-08,22,2026-09-08T09:30:00Z,2026-09-08T10:00:00Z,48,48
T_GLNKW-1,GLNKW-1,2026-09-08,23,2026-09-08T10:00:00Z,2026-09-08T10:30:00Z,48,48
T_GLNKW-1,GLNKW-1,2026-09-08,24,2026-09-08T10:30:00Z,2026-09-08T11:00:00Z,48,48
T_GLNKW-1,GLNKW-1,2026-09-08,25,2026-09-08T11:00:00Z,2026-09-08T11:30:00Z,48,48
T_GLNKW-1,GLNKW-1,2026-09-08,26,2026-09-08T11:30:00Z,2026-09-08T12:00:00Z,48,48
T_GLNKW-1,GLNKW-1,2026-09-08,27,2026-09-08T12:00:00Z,2026-09-08T12:30:00Z,48,48
T_GLNKW-1,GLNKW-1,2026-09-08,28,2026-09-08T12:30:00Z,2026-09-08T13:00:00Z,48,48
T_GLNKW-1,GLNKW-1,2026-09-08,29,2026-09-08T13:00:00Z,2026-09-08T13:30:00Z,48,47
T_GLNKW-1,GLNKW-1,2026-09-08,30,2026-09-08T13:30:00Z,2026-09-08T14:00:00Z,48,48
T_GLNKW-1,GLNKW-1,2026-09-08,31,2026-09-08T14:00:00Z,2026-09-08T14:30:00Z,48,47
T_GLNKW-1,GLNKW-1,2026-09-08,32,2026-09-08T14:30:00Z,2026-09-08T15:00:00Z,48,48
T_GLNKW-1,GLNKW-1,2026-09-08,33,2026-09-08T15:00:00Z,2026-09-08T15:30:00Z,46,47
T_GLNKW-1,GLNKW-1,2026-09-08,34,2026-09-08T15:30:00Z,2026-09-08T16:00:00Z,48,48
T_GLNKW-1,GLNKW-1,2026-09-08,35,2026-09-08T16:00:00Z,2026-09-08T16:30:00Z,48,47
T_GLNKW-1,GLNKW-1,2026-09-08,36,2026-09-08T16:30:00Z,2026-09-08T17:00:00Z,47,46
T_GLNKW-1,GLNKW-1,2026-09-08,37,2026-09-08T17:00:00Z,2026-09-08T17:30:00Z,46,42
T_GLNKW-1,GLNKW-1,2026-09-08,38,2026-09-08T17:30:00Z,2026-09-08T18:00:00Z,41,37
T_GLNKW-1,GLNKW-1,2026-09-08,39,2026-09-08T18:00:00Z,2026-09-08T18:30:00Z,37,33
T_GLNKW-1,GLNKW-1,2026-09-08,40,2026-09-08T18:30:00Z,2026-09-08T19:00:00Z,38,34
T_GLNKW-1,GLNKW-1,2026-09-08,41,2026-09-08T19:00:00Z,2026-09-08T19:30:00Z,32,32
T_GLNKW-1,GLNKW-1,2026-09-08,42,2026-09-08T19:30:00Z,2026-09-08T20:00:00Z,37,37
T_GLNKW-1,GLNKW-1,2026-09-08,43,2026-09-08T20:00:00Z,2026-09-08T20:30:00Z,32,32
T_GLNKW-1,GLNKW-1,2026-09-08,44,2026-09-08T20:30:00Z,2026-09-08T21:00:00Z,31,27
T_GLNKW-1,GLNKW-1,2026-09-08,45,2026-09-08T21:00:00Z,2026-09-08T21:30:00Z,23,19
T_GLNKW-1,GLNKW-1,2026-09-08,46,2026-09-08T21:30:00Z,2026-09-08T22:00:00Z,17,13
T_GLNKW-1,GLNKW-1,2026-09-08,47,2026-09-08T22:00:00Z,2026-09-08T22:30:00Z,11,9
T_GLNKW-1,GLNKW-1,2026-09-08,48,2026-09-08T22:30:00Z,2026-09-08T23:00:00Z,9,8
T_GLWSW-1,GLWSW-1,2026-09-08,1,2026-09-07T23:00:00Z,2026-09-07T23:30:00Z,37,37
T_GLWSW-1,GLWSW-1,2026-09-08,2,2026-09-07T23:30:00Z,2026-09-08T00:00:00Z,36,36
T_GLWSW-1,GLWSW-1,2026-09-08,3,2026-09-08T00:00:00Z,2026-09-08T00:30:00Z,36,37
T_GLWSW-1,GLWSW-1,2026-09-08,4,2026-09-08T00:30:00Z,2026-09-08T01:00:00Z,33,33
T_GLWSW-1,GLWSW-1,2026-09-08,5,2026-09-08T01:00:00Z,2026-09-08T01:30:00Z,31,32
T_GLWSW-1,GLWSW-1,2026-09-08,6,2026-09-08T01:30:00Z,2026-09-08T02:00:00Z,35,36
T_GLWSW-1,GLWSW-1,2026-09-08,7,2026-09-08T02:00:00Z,2026-09-08T02:30:00Z,38,39
T_GLWSW-1,GLWSW-1,2026-09-08,8,2026-09-08T02:30:00Z,2026-09-08T03:00:00Z,41,42
T_GLWSW-1,GLWSW-1,2026-09-08,9,2026-09-08T03:00:00Z,2026-09-08T03:30:00Z,44,44
T_GLWSW-1,GLWSW-1,2026-09-08,10,2026-09-08T03:30:00Z,2026-09-08T04:00:00Z,39,39
T_GLWSW-1,GLWSW-1,2026-09-08,11,2026-09-08T04:00:00Z,2026-09-08T04:30:00Z,43,42
T_GLWSW-1,GLWSW-1,2026-09-08,12,2026-09-08T04:30:00Z,2026-09-08T05:00:00Z,41,41
T_GLWSW-1,GLWSW-1,2026-09-08,13,2026-09-08T05:00:00Z,2026-09-08T05:30:00Z,41,41
T_GLWSW-1,GLWSW-1,2026-09-08,14,2026-09-08T05:30:00Z,2026-09-08T06:00:00Z,42,42
T_GLWSW-1,GLWSW-1,2026-09-08,15,2026-09-08T06:00:00Z,2026-09-08T06:30:00Z,43,44
T_GLWSW-1,GLWSW-1,2026-09-08,16,2026-09-08T06:30:00Z,2026-09-08T07:00:00Z,44,45
T_GLWSW-1,GLWSW-1,2026-09-08,17,2026-09-08T07:00:00Z,2026-09-08T07:30:00Z,46,45
T_GLWSW-1,GLWSW-1,2026-09-08,18,2026-09-08T07:30:00Z,2026-09-08T08:00:00Z,45,45
T_GLWSW-1,GLWSW-1,2026-09-08,19,2026-09-08T08:00:00Z,2026-09-08T08:30:00Z,46,46
T_GLWSW-1,GLWSW-1,2026-09-08,20,2026-09-08T08:30:00Z,2026-09-08T09:00:00Z,47,48
T_GLWSW-1,GLWSW-1,2026-09-08,21,2026-09-08T09:00:00Z,2026-09-08T09:30:00Z,47,47
T_GLWSW-1,GLWSW-1,2026-09-08,22,2026-09-08T09:30:00Z,2026-09-08T10:00:00Z,44,44
T_GLWSW-1,GLWSW-1,2026-09-08,23,2026-09-08T10:00:00Z,2026-09-08T10:30:00Z,43,44
T_GLWSW-1,GLWSW-1,2026-09-08,24,2026-09-08T10:30:00Z,2026-09-08T11:00:00Z,33,35
T_GLWSW-1,GLWSW-1,2026-09-08,25,2026-09-08T11:00:00Z,2026-09-08T11:30:00Z,36,36
T_GLWSW-1,GLWSW-1,2026-09-08,26,2026-09-08T11:30:00Z,2026-09-08T12:00:00Z,38,39
T_GLWSW-1,GLWSW-1,2026-09-08,27,2026-09-08T12:00:00Z,2026-09-08T12:30:00Z,39,39
T_GLWSW-1,GLWSW-1,2026-09-08,28,2026-09-08T12:30:00Z,2026-09-08T13:00:00Z,42,42
T_GLWSW-1,GLWSW-1,2026-09-08,29,2026-09-08T13:00:00Z,2026-09-08T13:30:00Z,45,46
T_GLWSW-1,GLWSW-1,2026-09-08,30,2026-09-08T13:30:00Z,2026-09-08T14:00:00Z,48,48
T_GLWSW-1,GLWSW-1,2026-09-08,31,2026-09-08T14:00:00Z,2026-09-08T14:30:00Z,49,48
T_GLWSW-1,GLWSW-1,2026-09-08,32,2026-09-08T14:30:00Z,2026-09-08T15:00:00Z,49,48
T_GLWSW-1,GLWSW-1,2026-09-08,33,2026-09-08T15:00:00Z,2026-09-08T15:30:00Z,49,48
T_GLWSW-1,GLWSW-1,2026-09-08,34,2026-09-08T15:30:00Z,2026-09-08T16:00:00Z,48,47
T_GLWSW-1,GLWSW-1,2026-09-08,35,2026-09-08T16:00:00Z,2026-09-08T16:30:00Z,47,46
T_GLWSW-1,GLWSW-1,2026-09-08,36,2026-09-08T16:30:00Z,2026-09-08T17:00:00Z,46,45
T_GLWSW-1,GLWSW-1,2026-09-08,37,2026-09-08T17:00:00Z,2026-09-08T17:30:00Z,45,45
T_GLWSW-1,GLWSW-1,2026-09-08,38,2026-09-08T17:30:00Z,2026-09-08T18:00:00Z,47,47
T_GLWSW-1,GLWSW-1,2026-09-08,39,2026-09-08T18:00:00Z,2026-09-08T18:30:00Z,44,42
T_GLWSW-1,GLWSW-1,2026-09-08,40,2026-09-08T18:30:00Z,2026-09-08T19:00:00Z,44,42
T_GLWSW-1,GLWSW-1,2026-09-08,41,2026-09-08T19:00:00Z,2026-09-08T19:30:00Z,39,38
T_GLWSW-1,GLWSW-1,2026-09-08,42,2026-09-08T19:30:00Z,2026-09-08T20:00:00Z,42,40
T_GLWSW-1,GLWSW-1,2026-09-08,43,2026-09-08T20:00:00Z,2026-09-08T20:30:00Z,36,34
T_GLWSW-1,GLWSW-1,2026-09-08,44,2026-09-08T20:30:00Z,2026-09-08T21:00:00Z,35,34
T_GLWSW-1,GLWSW-1,2026-09-08,45,2026-09-08T21:00:00Z,2026-09-08T21:30:00Z,21,20
T_GLWSW-1,GLWSW-1,2026-09-08,46,2026-09-08T21:30:00Z,2026-09-08T22:00:00Z,16,16
T_GLWSW-1,GLWSW-1,2026-09-08,47,2026-09-08T22:00:00Z,2026-09-08T22:30:00Z,19,19
T_GLWSW-1,GLWSW-1,2026-09-08,48,2026-09-08T22:30:00Z,2026-09-08T23:00:00Z,16,16
T_GNAPW-1,GNAPW-1,2026-09-08,1,2026-09-07T23:00:00Z,2026-09-07T23:30:00Z,0,0
T_GNAPW-1,GNAPW-1,2026-09-08,2,2026-09-07T23:30:00Z,2026-09-08T00:00:00Z,0,0
T_GNAPW-1,GNAPW-1,2026-09-08,3,2026-09-08T00:00:00Z,2026-09-08T00:30:00Z,0,0
T_GNAPW-1,GNAPW-1,2026-09-08,4,2026-09-08T00:30:00Z,2026-09-08T01:00:00Z,0,0
T_GNAPW-1,GNAPW-1,2026-09-08,5,2026-09-08T01:00:00Z,2026-09-08T01:30:00Z,0,0
T_GNAPW-1,GNAPW-1,2026-09-08,6,2026-09-08T01:30:00Z,2026-09-08T02:00:00Z,0,0
T_GNAPW-1,GNAPW-1,2026-09-08,7,2026-09-08T02:00:00Z,2026-09-08T02:30:00Z,0,0
T_GNAPW-1,GNAPW-1,2026-09-08,8,2026-09-08T02:30:00Z,2026-09-08T03:00:00Z,0,0
T_GNAPW-1,GNAPW-1,2026-09-08,9,2026-09-08T03:00:00Z,2026-09-08T03:30:00Z,0,0
T_GNAPW-1,GNAPW-1,2026-09-08,10,2026-09-08T03:30:00Z,2026-09-08T04:00:00Z,0,0
T_GNAPW-1,GNAPW-1,2026-09-08,11,2026-09-08T04:00:00Z,2026-09-08T04:30:00Z,0,0
T_GNAPW-1,GNAPW-1,2026-09-08,12,2026-09-08T04:30:00Z,2026-09-08T05:00:00Z,0,0
T_GNAPW-1,GNAPW-1,2026-09-08,13,2026-09-08T05:00:00Z,2026-09-08T05:30:00Z,0,0
T_GNAPW-1,GNAPW-1,2026-09-08,14,2026-09-08T05:30:00Z,2026-09-08T06:00:00Z,0,0
T_GNAPW-1,GNAPW-1,2026-09-08,15,2026-09-08T06:00:00Z,2026-09-08T06:30:00Z,0,0
T_GNAPW-1,GNAPW-1,2026-09-08,16,2026-09-08T06:30:00Z,2026-09-08T07:00:00Z,0,0
T_GNAPW-1,GNAPW-1,2026-09-08,17,2026-09-08T07:00:00Z,2026-09-08T07:30:00Z,0,0
T_GNAPW-1,GNAPW-1,2026-09-08,18,2026-09-08T07:30:00Z,2026-09-08T08:00:00Z,0,0
T_GNAPW-1,GNAPW-1,2026-09-08,19,2026-09-08T08:00:00Z,2026-09-08T08:30:00Z,0,0
T_GNAPW-1,GNAPW-1,2026-09-08,20,2026-09-08T08:30:00Z,2026-09-08T09:00:00Z,0,0
T_GNAPW-1,GNAPW-1,2026-09-08,21,2026-09-08T09:00:00Z,2026-09-08T09:30:00Z,0,0
T_GNAPW-1,GNAPW-1,2026-09-08,22,2026-09-08T09:30:00Z,2026-09-08T10:00:00Z,0,0
T_GNAPW-1,GNAPW-1,2026-09-08,23,2026-09-08T10:00:00Z,2026-09-08T10:30:00Z,0,0
T_GNAPW-1,GNAPW-1,2026-09-08,24,2026-09-08T10:30:00Z,2026-09-08T11:00:00Z,0,0
T_GNAPW-1,GNAPW-1,2026-09-08,25,2026-09-08T11:00:00Z,2026-09-08T11:30:00Z,0,0
T_GNAPW-1,GNAPW-1,2026-09-08,26,2026-09-08T11:30:00Z,2026-09-08T12:00:00Z,0,0
T_GNAPW-1,GNAPW-1,2026-09-08,27,2026-09-08T12:00:00Z,2026-09-08T12:30:00Z,0,0
T_GNAPW-1,GNAPW-1,2026-09-08,28,2026-09-08T12:30:00Z,2026-09-08T13:00:00Z,0,0
T_GNAPW-1,GNAPW-1,2026-09-08,29,2026-09-08T13:00:00Z,2026-09-08T13:30:00Z,0,0
T_GNAPW-1,GNAPW-1,2026-09-08,30,2026-09-08T13:30:00Z,2026-09-08T14:00:00Z,0,0
T_GNAPW-1,GNAPW-1,2026-09-08,31,2026-09-08T14:00:00Z,2026-09-08T14:30:00Z,0,0
T_GNAPW-1,GNAPW-1,2026-09-08,32,2026-09-08T14:30:00Z,2026-09-08T15:00:00Z,0,0
T_GNAPW-1,GNAPW-1,2026-09-08,33,2026-09-08T15:00:00Z,2026-09-08T15:30:00Z,0,0
T_GNAPW-1,GNAPW-1,2026-09-08,34,2026-09-08T15:30:00Z,2026-09-08T16:00:00Z,0,0
T_GNAPW-1,GNAPW-1,2026-09-08,35,2026-09-08T16:00:00Z,2026-09-08T16:30:00Z,0,0
T_GNAPW-1,GNAPW-1,2026-09-08,36,2026-09-08T16:30:00Z,2026-09-08T17:00:00Z,0,0
T_GNAPW-1,GNAPW-1,2026-09-08,37,2026-09-08T17:00:00Z,2026-09-08T17:30:00Z,0,0
T_GNAPW-1,GNAPW-1,2026-09-08,38,2026-09-08T17:30:00Z,2026-09-08T18:00:00Z,0,0
T_GNAPW-1,GNAPW-1,2026-09-08,39,2026-09-08T18:00:00Z,2026-09-08T18:30:00Z,0,0
T_GNAPW-1,GNAPW-1,2026-09-08,40,2026-09-08T18:30:00Z,2026-09-08T19:00:00Z,0,0
T_GNAPW-1,GNAPW-1,2026-09-08,41,2026-09-08T19:00:00Z,2026-09-08T19:30:00Z,0,0
T_GNAPW-1,GNAPW-1,2026-09-08,42,2026-09-08T19:30:00Z,2026-09-08T20:00:00Z,0,0
T_GNAPW-1,GNAPW-1,2026-09-08,43,2026-09-08T20:00:00Z,2026-09-08T20:30:00Z,0,0
T_GNAPW-1,GNAPW-1,2026-09-08,44,2026-09-08T20:30:00Z,2026-09-08T21:00:00Z,0,0
T_GNAPW-1,GNAPW-1,2026-09-08,45,2026-09-08T21:00:00Z,2026-09-08T21:30:00Z,0,0
T_GNAPW-1,GNAPW-1,2026-09-08,46,2026-09-08T21:30:00Z,2026-09-08T22:00:00Z,0,0
T_GNAPW-1,GNAPW-1,2026-09-08,47,2026-09-08T22:00:00Z,2026-09-08T22:30:00Z,0,0
T_GNAPW-1,GNAPW-1,2026-09-08,48,2026-09-08T22:30:00Z,2026-09-08T23:00:00Z,0,0
T_GNFSW-1,GNFSW-1,2026-09-08,1,2026-09-07T23:00:00Z,2026-09-07T23:30:00Z,28,29
T_GNFSW-1,GNFSW-1,2026-09-08,2,2026-09-07T23:30:00Z,2026-09-08T00:00:00Z,29,30
T_GNFSW-1,GNFSW-1,2026-09-08,3,2026-09-08T00:00:00Z,2026-09-08T00:30:00Z,39,38
T_GNFSW-1,GNFSW-1,2026-09-08,4,2026-09-08T00:30:00Z,2026-09-08T01:00:00Z,38,38
T_GNFSW-1,GNFSW-1,2026-09-08,5,2026-09-08T01:00:00Z,2026-09-08T01:30:00Z,32,32
T_GNFSW-1,GNFSW-1,2026-09-08,6,2026-09-08T01:30:00Z,2026-09-08T02:00:00Z,32,32
T_GNFSW-1,GNFSW-1,2026-09-08,7,2026-09-08T02:00:00Z,2026-09-08T02:30:00Z,32,34
T_GNFSW-1,GNFSW-1,2026-09-08,8,2026-09-08T02:30:00Z,2026-09-08T03:00:00Z,34,36
T_GNFSW-1,GNFSW-1,2026-09-08,9,2026-09-08T03:00:00Z,2026-09-08T03:30:00Z,26,28
T_GNFSW-1,GNFSW-1,2026-09-08,10,2026-09-08T03:30:00Z,2026-09-08T04:00:00Z,28,31
T_GNFSW-1,GNFSW-1,2026-09-08,11,2026-09-08T04:00:00Z,2026-09-08T04:30:00Z,36,38
T_GNFSW-1,GNFSW-1,2026-09-08,12,2026-09-08T04:30:00Z,2026-09-08T05:00:00Z,38,39
T_GNFSW-1,GNFSW-1,2026-09-08,13,2026-09-08T05:00:00Z,2026-09-08T05:30:00Z,39,39
T_GNFSW-1,GNFSW-1,2026-09-08,14,2026-09-08T05:30:00Z,2026-09-08T06:00:00Z,39,39
T_GNFSW-1,GNFSW-1,2026-09-08,15,2026-09-08T06:00:00Z,2026-09-08T06:30:00Z,39,39
T_GNFSW-1,GNFSW-1,2026-09-08,16,2026-09-08T06:30:00Z,2026-09-08T07:00:00Z,39,37
T_GNFSW-1,GNFSW-1,2026-09-08,17,2026-09-08T07:00:00Z,2026-09-08T07:30:00Z,25,28
T_GNFSW-1,GNFSW-1,2026-09-08,18,2026-09-08T07:30:00Z,2026-09-08T08:00:00Z,28,30
T_GNFSW-1,GNFSW-1,2026-09-08,19,2026-09-08T08:00:00Z,2026-09-08T08:30:00Z,18,19
T_GNFSW-1,GNFSW-1,2026-09-08,20,2026-09-08T08:30:00Z,2026-09-08T09:00:00Z,20,20
T_GNFSW-1,GNFSW-1,2026-09-08,21,2026-09-08T09:00:00Z,2026-09-08T09:30:00Z,20,19
T_GNFSW-1,GNFSW-1,2026-09-08,22,2026-09-08T09:30:00Z,2026-09-08T10:00:00Z,23,22
T_GNFSW-1,GNFSW-1,2026-09-08,23,2026-09-08T10:00:00Z,2026-09-08T10:30:00Z,17,16
T_GNFSW-1,GNFSW-1,2026-09-08,24,2026-09-08T10:30:00Z,2026-09-08T11:00:00Z,16,15
T_GNFSW-1,GNFSW-1,2026-09-08,25,2026-09-08T11:00:00Z,2026-09-08T11:30:00Z,15,14
T_GNFSW-1,GNFSW-1,2026-09-08,26,2026-09-08T11:30:00Z,2026-09-08T12:00:00Z,14,12
T_GNFSW-1,GNFSW-1,2026-09-08,27,2026-09-08T12:00:00Z,2026-09-08T12:30:00Z,6,6
T_GNFSW-1,GNFSW-1,2026-09-08,28,2026-09-08T12:30:00Z,2026-09-08T13:00:00Z,6,8
T_GNFSW-1,GNFSW-1,2026-09-08,29,2026-09-08T13:00:00Z,2026-09-08T13:30:00Z,10,14
T_GNFSW-1,GNFSW-1,2026-09-08,30,2026-09-08T13:30:00Z,2026-09-08T14:00:00Z,14,18
T_GNFSW-1,GNFSW-1,2026-09-08,31,2026-09-08T14:00:00Z,2026-09-08T14:30:00Z,19,25
T_GNFSW-1,GNFSW-1,2026-09-08,32,2026-09-08T14:30:00Z,2026-09-08T15:00:00Z,25,29
T_GNFSW-1,GNFSW-1,2026-09-08,33,2026-09-08T15:00:00Z,2026-09-08T15:30:00Z,27,29
T_GNFSW-1,GNFSW-1,2026-09-08,34,2026-09-08T15:30:00Z,2026-09-08T16:00:00Z,29,29
T_GNFSW-1,GNFSW-1,2026-09-08,35,2026-09-08T16:00:00Z,2026-09-08T16:30:00Z,26,27
T_GNFSW-1,GNFSW-1,2026-09-08,36,2026-09-08T16:30:00Z,2026-09-08T17:00:00Z,27,29
T_GNFSW-1,GNFSW-1,2026-09-08,37,2026-09-08T17:00:00Z,2026-09-08T17:30:00Z,39,39
T_GNFSW-1,GNFSW-1,2026-09-08,38,2026-09-08T17:30:00Z,2026-09-08T18:00:00Z,39,39
T_GNFSW-1,GNFSW-1,2026-09-08,39,2026-09-08T18:00:00Z,2026-09-08T18:30:00Z,39,39
T_GNFSW-1,GNFSW-1,2026-09-08,40,2026-09-08T18:30:00Z,2026-09-08T19:00:00Z,39,39
T_GNFSW-1,GNFSW-1,2026-09-08,41,2026-09-08T19:00:00Z,2026-09-08T19:30:00Z,39,39
T_GNFSW-1,GNFSW-1,2026-09-08,42,2026-09-08T19:30:00Z,2026-09-08T20:00:00Z,39,39
T_GNFSW-1,GNFSW-1,2026-09-08,43,2026-09-08T20:00:00Z,2026-09-08T20:30:00Z,39,39
T_GNFSW-1,GNFSW-1,2026-09-08,44,2026-09-08T20:30:00Z,2026-09-08T21:00:00Z,39,66
T_GNFSW-1,GNFSW-1,2026-09-08,45,2026-09-08T21:00:00Z,2026-09-08T21:30:00Z,63,64
T_GNFSW-1,GNFSW-1,2026-09-08,46,2026-09-08T21:30:00Z,2026-09-08T22:00:00Z,64,65
T_GNFSW-1,GNFSW-1,2026-09-08,47,2026-09-08T22:00:00Z,2026-09-08T22:30:00Z,70,71
T_GNFSW-1,GNFSW-1,2026-09-08,48,2026-09-08T22:30:00Z,2026-09-08T23:00:00Z,71,72
T_GNFSW-2,GNFSW-2,2026-09-08,1,2026-09-07T23:00:00Z,2026-09-07T23:30:00Z,15,15
T_GNFSW-2,GNFSW-2,2026-09-08,2,2026-09-07T23:30:00Z,2026-09-08T00:00:00Z,15,16
T_GNFSW-2,GNFSW-2,2026-09-08,3,2026-09-08T00:00:00Z,2026-09-08T00:30:00Z,22,21
T_GNFSW-2,GNFSW-2,2026-09-08,4,2026-09-08T00:30:00Z,2026-09-08T01:00:00Z,21,21
T_GNFSW-2,GNFSW-2,2026-09-08,5,2026-09-08T01:00:00Z,2026-09-08T01:30:00Z,19,18
T_GNFSW-2,GNFSW-2,2026-09-08,6,2026-09-08T01:30:00Z,2026-09-08T02:00:00Z,18,19
T_GNFSW-2,GNFSW-2,2026-09-08,7,2026-09-08T02:00:00Z,2026-09-08T02:30:00Z,20,21
T_GNFSW-2,GNFSW-2,2026-09-08,8,2026-09-08T02:30:00Z,2026-09-08T03:00:00Z,21,23
T_GNFSW-2,GNFSW-2,2026-09-08,9,2026-09-08T03:00:00Z,2026-09-08T03:30:00Z,17,19
T_GNFSW-2,GNFSW-2,2026-09-08,10,2026-09-08T03:30:00Z,2026-09-08T04:00:00Z,19,0
T_GNFSW-2,GNFSW-2,2026-09-08,11,2026-09-08T04:00:00Z,2026-09-08T04:30:00Z,0,0
T_GNFSW-2,GNFSW-2,2026-09-08,12,2026-09-08T04:30:00Z,2026-09-08T05:00:00Z,0,0
T_GNFSW-2,GNFSW-2,2026-09-08,13,2026-09-08T05:00:00Z,2026-09-08T05:30:00Z,0,0
T_GNFSW-2,GNFSW-2,2026-09-08,14,2026-09-08T05:30:00Z,2026-09-08T06:00:00Z,0,0
T_GNFSW-2,GNFSW-2,2026-09-08,15,2026-09-08T06:00:00Z,2026-09-08T06:30:00Z,0,0
T_GNFSW-2,GNFSW-2,2026-09-08,16,2026-09-08T06:30:00Z,2026-09-08T07:00:00Z,0,0
T_GNFSW-2,GNFSW-2,2026-09-08,17,2026-09-08T07:00:00Z,2026-09-08T07:30:00Z,0,0
T_GNFSW-2,GNFSW-2,2026-09-08,18,2026-09-08T07:30:00Z,2026-09-08T08:00:00Z,0,0
T_GNFSW-2,GNFSW-2,2026-09-08,19,2026-09-08T08:00:00Z,2026-09-08T08:30:00Z,0,0
T_GNFSW-2,GNFSW-2,2026-09-08,20,2026-09-08T08:30:00Z,2026-09-08T09:00:00Z,0,0
T_GNFSW-2,GNFSW-2,2026-09-08,21,2026-09-08T09:00:00Z,2026-09-08T09:30:00Z,0,0
T_GNFSW-2,GNFSW-2,2026-09-08,22,2026-09-08T09:30:00Z,2026-09-08T10:00:00Z,0,0
T_GNFSW-2,GNFSW-2,2026-09-08,23,2026-09-08T10:00:00Z,2026-09-08T10:30:00Z,0,0
T_GNFSW-2,GNFSW-2,2026-09-08,24,2026-09-08T10:30:00Z,2026-09-08T11:00:00Z,0,0
T_GNFSW-2,GNFSW-2,2026-09-08,25,2026-09-08T11:00:00Z,2026-09-08T11:30:00Z,0,0
T_GNFSW-2,GNFSW-2,2026-09-08,26,2026-09-08T11:30:00Z,2026-09-08T12:00:00Z,0,0
T_GNFSW-2,GNFSW-2,2026-09-08,27,2026-09-08T12:00:00Z,2026-09-08T12:30:00Z,0,0
T_GNFSW-2,GNFSW-2,2026-09-08,28,2026-09-08T12:30:00Z,2026-09-08T13:00:00Z,0,0
T_GNFSW-2,GNFSW-2,2026-09-08,29,2026-09-08T13:00:00Z,2026-09-08T13:30:00Z,0,0
T_GNFSW-2,GNFSW-2,2026-09-08,30,2026-09-08T13:30:00Z,2026-09-08T14:00:00Z,0,0
T_GNFSW-2,GNFSW-2,2026-09-08,31,2026-09-08T14:00:00Z,2026-09-08T14:30:00Z,0,0
T_GNFSW-2,GNFSW-2,2026-09-08,32,2026-09-08T14:30:00Z,2026-09-08T15:00:00Z,0,0
T_GNFSW-2,GNFSW-2,2026-09-08,33,2026-09-08T15:00:00Z,2026-09-08T15:30:00Z,0,0
T_GNFSW-2,GNFSW-2,2026-09-08,34,2026-09-08T15:30:00Z,2026-09-08T16:00:00Z,0,0
T_GNFSW-2,GNFSW-2,2026-09-08,35,2026-09-08T16:00:00Z,2026-09-08T16:30:00Z,0,0
T_GNFSW-2,GNFSW-2,2026-09-08,36,2026-09-08T16:30:00Z,2026-09-08T17:00:00Z,0,0
T_GNFSW-2,GNFSW-2,2026-09-08,37,2026-09-08T17:00:00Z,2026-09-08T17:30:00Z,0,0
T_GNFSW-2,GNFSW-2,2026-09-08,38,2026-09-08T17:30:00Z,2026-09-08T18:00:00Z,0,0
T_GNFSW-2,GNFSW-2,2026-09-08,39,2026-09-08T18:00:00Z,2026-09-08T18:30:00Z,0,0
T_GNFSW-2,GNFSW-2,2026-09-08,40,2026-09-08T18:30:00Z,2026-09-08T19:00:00Z,0,0
T_GNFSW-2,GNFSW-2,2026-09-08,41,2026-09-08T19:00:00Z,2026-09-08T19:30:00Z,0,0
T_GNFSW-2,GNFSW-2,2026-09-08,42,2026-09-08T19:30:00Z,2026-09-08T20:00:00Z,0,0
T_GNFSW-2,GNFSW-2,2026-09-08,43,2026-09-08T20:00:00Z,2026-09-08T20:30:00Z,0,0
T_GNFSW-2,GNFSW-2,2026-09-08,44,2026-09-08T20:30:00Z,2026-09-08T21:00:00Z,0,0
T_GNFSW-2,GNFSW-2,2026-09-08,45,2026-09-08T21:00:00Z,2026-09-08T21:30:00Z,0,20
T_GNFSW-2,GNFSW-2,2026-09-08,46,2026-09-08T21:30:00Z,2026-09-08T22:00:00Z,20,20
T_GNFSW-2,GNFSW-2,2026-09-08,47,2026-09-08T22:00:00Z,2026-09-08T22:30:00Z,20,20
T_GNFSW-2,GNFSW-2,2026-09-08,48,2026-09-08T22:30:00Z,2026-09-08T23:00:00Z,20,20
T_GORDW-1,GORDW-1,2026-09-08,1,2026-09-07T23:00:00Z,2026-09-07T23:30:00Z,66,66
T_GORDW-1,GORDW-1,2026-09-08,2,2026-09-07T23:30:00Z,2026-09-08T00:00:00Z,66,66
T_GORDW-1,GORDW-1,2026-09-08,3,2026-09-08T00:00:00Z,2026-09-08T00:30:00Z,66,66
T_GORDW-1,GORDW-1,2026-09-08,4,2026-09-08T00:30:00Z,2026-09-08T00:59:00Z,66,66
T_GORDW-1,GORDW-1,2026-09-08,4,2026-09-08T00:59:00Z,2026-09-08T01:00:00Z,66,65
T_GORDW-1,GORDW-1,2026-09-08,5,2026-09-08T01:00:00Z,2026-09-08T01:29:00Z,65,65
T_GORDW-1,GORDW-1,2026-09-08,5,2026-09-08T01:29:00Z,2026-09-08T01:30:00Z,65,64
T_GORDW-1,GORDW-1,2026-09-08,6,2026-09-08T01:30:00Z,2026-09-08T01:59:00Z,64,64
T_GORDW-1,GORDW-1,2026-09-08,6,2026-09-08T01:59:00Z,2026-09-08T02:00:00Z,64,61
T_GORDW-1,GORDW-1,2026-09-08,7,2026-09-08T02:00:00Z,2026-09-08T02:29:00Z,61,61
T_GORDW-1,GORDW-1,2026-09-08,7,2026-09-08T02:29:00Z,2026-09-08T02:30:00Z,61,59
T_GORDW-1,GORDW-1,2026-09-08,8,2026-09-08T02:30:00Z,2026-09-08T02:59:00Z,59,59
T_GORDW-1,GORDW-1,2026-09-08,8,2026-09-08T02:59:00Z,2026-09-08T03:00:00Z,59,56
T_GORDW-1,GORDW-1,2026-09-08,9,2026-09-08T03:00:00Z,2026-09-08T03:29:00Z,56,56
T_GORDW-1,GORDW-1,2026-09-08,9,2026-09-08T03:29:00Z,2026-09-08T03:30:00Z,56,53
T_GORDW-1,GORDW-1,2026-09-08,10,2026-09-08T03:30:00Z,2026-09-08T03:59:00Z,53,53
T_GORDW-1,GORDW-1,2026-09-08,10,2026-09-08T03:59:00Z,2026-09-08T04:00:00Z,53,55
T_GORDW-1,GORDW-1,2026-09-08,11,2026-09-08T04:00:00Z,2026-09-08T04:29:00Z,55,55
T_GORDW-1,GORDW-1,2026-09-08,11,2026-09-08T04:29:00Z,2026-09-08T04:30:00Z,55,57
T_GORDW-1,GORDW-1,2026-09-08,12,2026-09-08T04:30:00Z,2026-09-08T04:59:00Z,57,57
T_GORDW-1,GORDW-1,2026-09-08,12,2026-09-08T04:59:00Z,2026-09-08T05:00:00Z,57,58
T_GORDW-1,GORDW-1,2026-09-08,13,2026-09-08T05:00:00Z,2026-09-08T05:29:00Z,58,58
T_GORDW-1,GORDW-1,2026-09-08,13,2026-09-08T05:29:00Z,2026-09-08T05:30:00Z,58,59
T_GORDW-1,GORDW-1,2026-09-08,14,2026-09-08T05:30:00Z,2026-09-08T05:59:00Z,59,59
T_GORDW-1,GORDW-1,2026-09-08,14,2026-09-08T05:59:00Z,2026-09-08T06:00:00Z,59,61
T_GORDW-1,GORDW-1,2026-09-08,15,2026-09-08T06:00:00Z,2026-09-08T06:29:00Z,61,61
T_GORDW-1,GORDW-1,2026-09-08,15,2026-09-08T06:29:00Z,2026-09-08T06:30:00Z,61,63
T_GORDW-1,GORDW-1,2026-09-08,16,2026-09-08T06:30:00Z,2026-09-08T06:59:00Z,63,63
T_GORDW-1,GORDW-1,2026-09-08,16,2026-09-08T06:59:00Z,2026-09-08T07:00:00Z,63,62
T_GORDW-1,GORDW-1,2026-09-08,17,2026-09-08T07:00:00Z,2026-09-08T07:30:00Z,62,62
T_GORDW-1,GORDW-1,2026-09-08,18,2026-09-08T07:30:00Z,2026-09-08T08:00:00Z,62,62
T_GORDW-1,GORDW-1,2026-09-08,19,2026-09-08T08:00:00Z,2026-09-08T08:30:00Z,62,62
T_GORDW-1,GORDW-1,2026-09-08,20,2026-09-08T08:30:00Z,2026-09-08T08:59:00Z,62,62
T_GORDW-1,GORDW-1,2026-09-08,20,2026-09-08T08:59:00Z,2026-09-08T09:00:00Z,62,63
T_GORDW-1,GORDW-1,2026-09-08,21,2026-09-08T09:00:00Z,2026-09-08T09:30:00Z,64,64
T_GORDW-1,GORDW-1,2026-09-08,22,2026-09-08T09:30:00Z,2026-09-08T10:00:00Z,64,64
T_GORDW-1,GORDW-1,2026-09-08,23,2026-09-08T10:00:00Z,2026-09-08T10:30:00Z,63,63
T_GORDW-1,GORDW-1,2026-09-08,24,2026-09-08T10:30:00Z,2026-09-08T10:59:00Z,63,63
T_GORDW-1,GORDW-1,2026-09-08,24,2026-09-08T10:59:00Z,2026-09-08T11:00:00Z,63,62
T_GORDW-1,GORDW-1,2026-09-08,25,2026-09-08T11:00:00Z,2026-09-08T11:29:00Z,63,63
T_GORDW-1,GORDW-1,2026-09-08,25,2026-09-08T11:29:00Z,2026-09-08T11:30:00Z,63,62
T_GORDW-1,GORDW-1,2026-09-08,26,2026-09-08T11:30:00Z,2026-09-08T11:59:00Z,62,62
T_GORDW-1,GORDW-1,2026-09-08,26,2026-09-08T11:59:00Z,2026-09-08T12:00:00Z,62,63
T_GORDW-1,GORDW-1,2026-09-08,27,2026-09-08T12:00:00Z,2026-09-08T12:29:00Z,62,62
T_GORDW-1,GORDW-1,2026-09-08,27,2026-09-08T12:29:00Z,2026-09-08T12:30:00Z,62,63
T_GORDW-1,GORDW-1,2026-09-08,28,2026-09-08T12:30:00Z,2026-09-08T12:59:00Z,63,63
T_GORDW-1,GORDW-1,2026-09-08,28,2026-09-08T12:59:00Z,2026-09-08T13:00:00Z,63,64
T_GORDW-1,GORDW-1,2026-09-08,29,2026-09-08T13:00:00Z,2026-09-08T13:29:00Z,64,64
T_GORDW-1,GORDW-1,2026-09-08,29,2026-09-08T13:29:00Z,2026-09-08T13:30:00Z,64,65
T_GORDW-1,GORDW-1,2026-09-08,30,2026-09-08T13:30:00Z,2026-09-08T14:00:00Z,66,66
T_GORDW-1,GORDW-1,2026-09-08,31,2026-09-08T14:00:00Z,2026-09-08T14:29:00Z,66,66
T_GORDW-1,GORDW-1,2026-09-08,31,2026-09-08T14:29:00Z,2026-09-08T14:30:00Z,66,67
T_GORDW-1,GORDW-1,2026-09-08,32,2026-09-08T14:30:00Z,2026-09-08T15:00:00Z,67,67
T_GORDW-1,GORDW-1,2026-09-08,33,2026-09-08T15:00:00Z,2026-09-08T15:30:00Z,68,68
T_GORDW-1,GORDW-1,2026-09-08,34,2026-09-08T15:30:00Z,2026-09-08T15:59:00Z,68,68
T_GORDW-1,GORDW-1,2026-09-08,34,2026-09-08T15:59:00Z,2026-09-08T16:00:00Z,68,66
T_GORDW-1,GORDW-1,2026-09-08,35,2026-09-08T16:00:00Z,2026-09-08T16:29:00Z,67,67
T_GORDW-1,GORDW-1,2026-09-08,35,2026-09-08T16:29:00Z,2026-09-08T16:30:00Z,67,65
T_GORDW-1,GORDW-1,2026-09-08,36,2026-09-08T16:30:00Z,2026-09-08T16:59:00Z,65,65
T_GORDW-1,GORDW-1,2026-09-08,36,2026-09-08T16:59:00Z,2026-09-08T17:00:00Z,65,64
T_GORDW-1,GORDW-1,2026-09-08,37,2026-09-08T17:00:00Z,2026-09-08T17:29:00Z,64,64
T_GORDW-1,GORDW-1,2026-09-08,37,2026-09-08T17:29:00Z,2026-09-08T17:30:00Z,64,62
T_GORDW-1,GORDW-1,2026-09-08,38,2026-09-08T17:30:00Z,2026-09-08T17:59:00Z,62,62
T_GORDW-1,GORDW-1,2026-09-08,38,2026-09-08T17:59:00Z,2026-09-08T18:00:00Z,62,60
T_GORDW-1,GORDW-1,2026-09-08,39,2026-09-08T18:00:00Z,2026-09-08T18:29:00Z,60,60
T_GORDW-1,GORDW-1,2026-09-08,39,2026-09-08T18:29:00Z,2026-09-08T18:30:00Z,60,58
T_GORDW-1,GORDW-1,2026-09-08,40,2026-09-08T18:30:00Z,2026-09-08T18:59:00Z,58,58
T_GORDW-1,GORDW-1,2026-09-08,40,2026-09-08T18:59:00Z,2026-09-08T19:00:00Z,58,57
T_GORDW-1,GORDW-1,2026-09-08,41,2026-09-08T19:00:00Z,2026-09-08T19:29:00Z,57,57
T_GORDW-1,GORDW-1,2026-09-08,41,2026-09-08T19:29:00Z,2026-09-08T19:30:00Z,57,56
T_GORDW-1,GORDW-1,2026-09-08,42,2026-09-08T19:30:00Z,2026-09-08T19:59:00Z,56,56
T_GORDW-1,GORDW-1,2026-09-08,42,2026-09-08T19:59:00Z,2026-09-08T20:00:00Z,56,54
T_GORDW-1,GORDW-1,2026-09-08,43,2026-09-08T20:00:00Z,2026-09-08T20:29:00Z,56,56
T_GORDW-1,GORDW-1,2026-09-08,43,2026-09-08T20:29:00Z,2026-09-08T20:30:00Z,56,54
T_GORDW-1,GORDW-1,2026-09-08,44,2026-09-08T20:30:00Z,2026-09-08T20:59:00Z,54,54
T_GORDW-1,GORDW-1,2026-09-08,44,2026-09-08T20:59:00Z,2026-09-08T21:00:00Z,54,52
T_GORDW-1,GORDW-1,2026-09-08,45,2026-09-08T21:00:00Z,2026-09-08T21:29:00Z,50,50
T_GORDW-1,GORDW-1,2026-09-08,45,2026-09-08T21:29:00Z,2026-09-08T21:30:00Z,50,48
T_GORDW-1,GORDW-1,2026-09-08,46,2026-09-08T21:30:00Z,2026-09-08T21:59:00Z,48,48
T_GORDW-1,GORDW-1,2026-09-08,46,2026-09-08T21:59:00Z,2026-09-08T22:00:00Z,48,47
T_GORDW-1,GORDW-1,2026-09-08,47,2026-09-08T22:00:00Z,2026-09-08T22:29:00Z,46,46
T_GORDW-1,GORDW-1,2026-09-08,47,2026-09-08T22:29:00Z,2026-09-08T22:30:00Z,46,44
T_GORDW-1,GORDW-1,2026-09-08,48,2026-09-08T22:30:00Z,2026-09-08T22:59:00Z,44,44
T_GORDW-1,GORDW-1,2026-09-08,48,2026-09-08T22:59:00Z,2026-09-08T23:00:00Z,44,42
T_GORDW-2,GORDW-2,2026-09-08,1,2026-09-07T23:00:00Z,2026-09-07T23:30:00Z,35,35
T_GORDW-2,GORDW-2,2026-09-08,2,2026-09-07T23:30:00Z,2026-09-08T00:00:00Z,35,35
T_GORDW-2,GORDW-2,2026-09-08,3,2026-09-08T00:00:00Z,2026-09-08T00:30:00Z,35,35
T_GORDW-2,GORDW-2,2026-09-08,4,2026-09-08T00:30:00Z,2026-09-08T00:59:00Z,35,35
T_GORDW-2,GORDW-2,2026-09-08,4,2026-09-08T00:59:00Z,2026-09-08T01:00:00Z,35,34
T_GORDW-2,GORDW-2,2026-09-08,5,2026-09-08T01:00:00Z,2026-09-08T01:29:00Z,34,34
T_GORDW-2,GORDW-2,2026-09-08,5,2026-09-08T01:29:00Z,2026-09-08T01:30:00Z,34,33
T_GORDW-2,GORDW-2,2026-09-08,6,2026-09-08T01:30:00Z,2026-09-08T01:59:00Z,33,33
T_GORDW-2,GORDW-2,2026-09-08,6,2026-09-08T01:59:00Z,2026-09-08T02:00:00Z,33,30
T_GORDW-2,GORDW-2,2026-09-08,7,2026-09-08T02:00:00Z,2026-09-08T02:29:00Z,30,30
T_GORDW-2,GORDW-2,2026-09-08,7,2026-09-08T02:29:00Z,2026-09-08T02:30:00Z,30,28
T_GORDW-2,GORDW-2,2026-09-08,8,2026-09-08T02:30:00Z,2026-09-08T02:59:00Z,28,28
T_GORDW-2,GORDW-2,2026-09-08,8,2026-09-08T02:59:00Z,2026-09-08T03:00:00Z,28,26
T_GORDW-2,GORDW-2,2026-09-08,9,2026-09-08T03:00:00Z,2026-09-08T03:29:00Z,26,26
T_GORDW-2,GORDW-2,2026-09-08,9,2026-09-08T03:29:00Z,2026-09-08T03:30:00Z,26,24
T_GORDW-2,GORDW-2,2026-09-08,10,2026-09-08T03:30:00Z,2026-09-08T03:59:00Z,24,24
T_GORDW-2,GORDW-2,2026-09-08,10,2026-09-08T03:59:00Z,2026-09-08T04:00:00Z,24,25
T_GORDW-2,GORDW-2,2026-09-08,11,2026-09-08T04:00:00Z,2026-09-08T04:29:00Z,25,25
T_GORDW-2,GORDW-2,2026-09-08,11,2026-09-08T04:29:00Z,2026-09-08T04:30:00Z,25,26
T_GORDW-2,GORDW-2,2026-09-08,12,2026-09-08T04:30:00Z,2026-09-08T04:59:00Z,26,26
T_GORDW-2,GORDW-2,2026-09-08,12,2026-09-08T04:59:00Z,2026-09-08T05:00:00Z,26,27
T_GORDW-2,GORDW-2,2026-09-08,13,2026-09-08T05:00:00Z,2026-09-08T05:29:00Z,27,27
T_GORDW-2,GORDW-2,2026-09-08,13,2026-09-08T05:29:00Z,2026-09-08T05:30:00Z,27,28
T_GORDW-2,GORDW-2,2026-09-08,14,2026-09-08T05:30:00Z,2026-09-08T05:59:00Z,28,28
T_GORDW-2,GORDW-2,2026-09-08,14,2026-09-08T05:59:00Z,2026-09-08T06:00:00Z,28,30
T_GORDW-2,GORDW-2,2026-09-08,15,2026-09-08T06:00:00Z,2026-09-08T06:29:00Z,30,30
T_GORDW-2,GORDW-2,2026-09-08,15,2026-09-08T06:29:00Z,2026-09-08T06:30:00Z,30,32
T_GORDW-2,GORDW-2,2026-09-08,16,2026-09-08T06:30:00Z,2026-09-08T07:00:00Z,32,32
T_GORDW-2,GORDW-2,2026-09-08,17,2026-09-08T07:00:00Z,2026-09-08T07:29:00Z,32,32
T_GORDW-2,GORDW-2,2026-09-08,17,2026-09-08T07:29:00Z,2026-09-08T07:30:00Z,32,31
T_GORDW-2,GORDW-2,2026-09-08,18,2026-09-08T07:30:00Z,2026-09-08T07:59:00Z,31,31
T_GORDW-2,GORDW-2,2026-09-08,18,2026-09-08T07:59:00Z,2026-09-08T08:00:00Z,31,32
T_GORDW-2,GORDW-2,2026-09-08,19,2026-09-08T08:00:00Z,2026-09-08T08:30:00Z,32,32
T_GORDW-2,GORDW-2,2026-09-08,20,2026-09-08T08:30:00Z,2026-09-08T08:59:00Z,32,32
T_GORDW-2,GORDW-2,2026-09-08,20,2026-09-08T08:59:00Z,2026-09-08T09:00:00Z,32,33
T_GORDW-2,GORDW-2,2026-09-08,21,2026-09-08T09:00:00Z,2026-09-08T09:30:00Z,34,34
T_GORDW-2,GORDW-2,2026-09-08,22,2026-09-08T09:30:00Z,2026-09-08T09:59:00Z,34,34
T_GORDW-2,GORDW-2,2026-09-08,22,2026-09-08T09:59:00Z,2026-09-08T10:00:00Z,34,35
T_GORDW-2,GORDW-2,2026-09-08,23,2026-09-08T10:00:00Z,2026-09-08T10:29:00Z,34,34
T_GORDW-2,GORDW-2,2026-09-08,23,2026-09-08T10:29:00Z,2026-09-08T10:30:00Z,34,35
T_GORDW-2,GORDW-2,2026-09-08,24,2026-09-08T10:30:00Z,2026-09-08T11:00:00Z,35,35
T_GORDW-2,GORDW-2,2026-09-08,25,2026-09-08T11:00:00Z,2026-09-08T11:29:00Z,35,35
T_GORDW-2,GORDW-2,2026-09-08,25,2026-09-08T11:29:00Z,2026-09-08T11:30:00Z,35,36
T_GORDW-2,GORDW-2,2026-09-08,26,2026-09-08T11:30:00Z,2026-09-08T11:59:00Z,36,36
T_GORDW-2,GORDW-2,2026-09-08,26,2026-09-08T11:59:00Z,2026-09-08T12:00:00Z,36,38
T_GORDW-2,GORDW-2,2026-09-08,27,2026-09-08T12:00:00Z,2026-09-08T12:30:00Z,38,38
T_GORDW-2,GORDW-2,2026-09-08,28,2026-09-08T12:30:00Z,2026-09-08T13:00:00Z,38,38
T_GORDW-2,GORDW-2,2026-09-08,29,2026-09-08T13:00:00Z,2026-09-08T13:30:00Z,38,38
T_GORDW-2,GORDW-2,2026-09-08,30,2026-09-08T13:30:00Z,2026-09-08T14:00:00Z,38,38
T_GORDW-2,GORDW-2,2026-09-08,31,2026-09-08T14:00:00Z,2026-09-08T14:30:00Z,38,38
T_GORDW-2,GORDW-2,2026-09-08,32,2026-09-08T14:30:00Z,2026-09-08T15:00:00Z,38,38
T_GORDW-2,GORDW-2,2026-09-08,33,2026-09-08T15:00:00Z,2026-09-08T15:30:00Z,38,38
T_GORDW-2,GORDW-2,2026-09-08,34,2026-09-08T15:30:00Z,2026-09-08T16:00:00Z,38,38
T_GORDW-2,GORDW-2,2026-09-08,35,2026-09-08T16:00:00Z,2026-09-08T16:30:00Z,38,38
T_GORDW-2,GORDW-2,2026-09-08,36,2026-09-08T16:30:00Z,2026-09-08T17:00:00Z,38,38
T_GORDW-2,GORDW-2,2026-09-08,37,2026-09-08T17:00:00Z,2026-09-08T17:30:00Z,38,38
T_GORDW-2,GORDW-2,2026-09-08,38,2026-09-08T17:30:00Z,2026-09-08T18:00:00Z,38,38
T_GORDW-2,GORDW-2,2026-09-08,39,2026-09-08T18:00:00Z,2026-09-08T18:29:00Z,38,38
T_GORDW-2,GORDW-2,2026-09-08,39,2026-09-08T18:29:00Z,2026-09-08T18:30:00Z,38,37
T_GORDW-2,GORDW-2,2026-09-08,40,2026-09-08T18:30:00Z,2026-09-08T19:00:00Z,37,37
T_GORDW-2,GORDW-2,2026-09-08,41,2026-09-08T19:00:00Z,2026-09-08T19:30:00Z,36,36
T_GORDW-2,GORDW-2,2026-09-08,42,2026-09-08T19:30:00Z,2026-09-08T19:59:00Z,36,36
T_GORDW-2,GORDW-2,2026-09-08,42,2026-09-08T19:59:00Z,2026-09-08T20:00:00Z,36,34
T_GORDW-2,GORDW-2,2026-09-08,43,2026-09-08T20:00:00Z,2026-09-08T20:29:00Z,36,36
T_GORDW-2,GORDW-2,2026-09-08,43,2026-09-08T20:29:00Z,2026-09-08T20:30:00Z,36,35
T_GORDW-2,GORDW-2,2026-09-08,44,2026-09-08T20:30:00Z,2026-09-08T20:59:00Z,35,35
T_GORDW-2,GORDW-2,2026-09-08,44,2026-09-08T20:59:00Z,2026-09-08T21:00:00Z,35,33
T_GORDW-2,GORDW-2,2026-09-08,45,2026-09-08T21:00:00Z,2026-09-08T21:29:00Z,32,32
T_GORDW-2,GORDW-2,2026-09-08,45,2026-09-08T21:29:00Z,2026-09-08T21:30:00Z,32,31
T_GORDW-2,GORDW-2,2026-09-08,46,2026-09-08T21:30:00Z,2026-09-08T21:59:00Z,31,31
T_GORDW-2,GORDW-2,2026-09-08,46,2026-09-08T21:59:00Z,2026-09-08T22:00:00Z,31,30
T_GORDW-2,GORDW-2,2026-09-08,47,2026-09-08T22:00:00Z,2026-09-08T22:29:00Z,29,29
T_GORDW-2,GORDW-2,2026-09-08,47,2026-09-08T22:29:00Z,2026-09-08T22:30:00Z,29,28
T_GORDW-2,GORDW-2,2026-09-08,48,2026-09-08T22:30:00Z,2026-09-08T22:59:00Z,28,28
T_GORDW-2,GORDW-2,2026-09-08,48,2026-09-08T22:59:00Z,2026-09-08T23:00:00Z,28,27
T_GRGBW-1,GRGBW-1,2026-09-08,1,2026-09-07T23:00:00Z,2026-09-07T23:29:00Z,86,86
T_GRGBW-1,GRGBW-1,2026-09-08,1,2026-09-07T23:29:00Z,2026-09-07T23:30:00Z,86,80
T_GRGBW-1,GRGBW-1,2026-09-08,2,2026-09-07T23:30:00Z,2026-09-07T23:59:00Z,81,81
T_GRGBW-1,GRGBW-1,2026-09-08,2,2026-09-07T23:59:00Z,2026-09-08T00:00:00Z,81,85
T_GRGBW-1,GRGBW-1,2026-09-08,3,2026-09-08T00:00:00Z,2026-09-08T00:30:00Z,77,77
T_GRGBW-1,GRGBW-1,2026-09-08,4,2026-09-08T00:30:00Z,2026-09-08T00:59:00Z,73,73
T_GRGBW-1,GRGBW-1,2026-09-08,4,2026-09-08T00:59:00Z,2026-09-08T01:00:00Z,73,77
T_GRGBW-1,GRGBW-1,2026-09-08,5,2026-09-08T01:00:00Z,2026-09-08T01:29:00Z,76,76
T_GRGBW-1,GRGBW-1,2026-09-08,5,2026-09-08T01:29:00Z,2026-09-08T01:30:00Z,76,80
T_GRGBW-1,GRGBW-1,2026-09-08,6,2026-09-08T01:30:00Z,2026-09-08T02:00:00Z,80,80
T_GRGBW-1,GRGBW-1,2026-09-08,7,2026-09-08T02:00:00Z,2026-09-08T02:29:00Z,77,77
T_GRGBW-1,GRGBW-1,2026-09-08,7,2026-09-08T02:29:00Z,2026-09-08T02:30:00Z,77,76
T_GRGBW-1,GRGBW-1,2026-09-08,8,2026-09-08T02:30:00Z,2026-09-08T02:59:00Z,75,75
T_GRGBW-1,GRGBW-1,2026-09-08,8,2026-09-08T02:59:00Z,2026-09-08T03:00:00Z,75,66
T_GRGBW-1,GRGBW-1,2026-09-08,9,2026-09-08T03:00:00Z,2026-09-08T03:29:00Z,66,66
T_GRGBW-1,GRGBW-1,2026-09-08,9,2026-09-08T03:29:00Z,2026-09-08T03:30:00Z,66,57
T_GRGBW-1,GRGBW-1,2026-09-08,10,2026-09-08T03:30:00Z,2026-09-08T03:59:00Z,69,69
T_GRGBW-1,GRGBW-1,2026-09-08,10,2026-09-08T03:59:00Z,2026-09-08T04:00:00Z,69,67
T_GRGBW-1,GRGBW-1,2026-09-08,11,2026-09-08T04:00:00Z,2026-09-08T04:29:00Z,68,68
T_GRGBW-1,GRGBW-1,2026-09-08,11,2026-09-08T04:29:00Z,2026-09-08T04:30:00Z,68,66
T_GRGBW-1,GRGBW-1,2026-09-08,12,2026-09-08T04:30:00Z,2026-09-08T04:59:00Z,65,65
T_GRGBW-1,GRGBW-1,2026-09-08,12,2026-09-08T04:59:00Z,2026-09-08T05:00:00Z,65,69
T_GRGBW-1,GRGBW-1,2026-09-08,13,2026-09-08T05:00:00Z,2026-09-08T05:29:00Z,72,72
T_GRGBW-1,GRGBW-1,2026-09-08,13,2026-09-08T05:29:00Z,2026-09-08T05:30:00Z,72,77
T_GRGBW-1,GRGBW-1,2026-09-08,14,2026-09-08T05:30:00Z,2026-09-08T05:59:00Z,77,77
T_GRGBW-1,GRGBW-1,2026-09-08,14,2026-09-08T05:59:00Z,2026-09-08T06:00:00Z,77,79
T_GRGBW-1,GRGBW-1,2026-09-08,15,2026-09-08T06:00:00Z,2026-09-08T06:30:00Z,80,80
T_GRGBW-1,GRGBW-1,2026-09-08,16,2026-09-08T06:30:00Z,2026-09-08T06:59:00Z,79,79
T_GRGBW-1,GRGBW-1,2026-09-08,16,2026-09-08T06:59:00Z,2026-09-08T07:00:00Z,79,81
T_GRGBW-1,GRGBW-1,2026-09-08,17,2026-09-08T07:00:00Z,2026-09-08T07:29:00Z,72,72
T_GRGBW-1,GRGBW-1,2026-09-08,17,2026-09-08T07:29:00Z,2026-09-08T07:30:00Z,72,65
T_GRGBW-1,GRGBW-1,2026-09-08,18,2026-09-08T07:30:00Z,2026-09-08T07:59:00Z,65,65
T_GRGBW-1,GRGBW-1,2026-09-08,18,2026-09-08T07:59:00Z,2026-09-08T08:00:00Z,65,71
T_GRGBW-1,GRGBW-1,2026-09-08,19,2026-09-08T08:00:00Z,2026-09-08T08:29:00Z,68,68
T_GRGBW-1,GRGBW-1,2026-09-08,19,2026-09-08T08:29:00Z,2026-09-08T08:30:00Z,68,73
T_GRGBW-1,GRGBW-1,2026-09-08,20,2026-09-08T08:30:00Z,2026-09-08T09:00:00Z,73,73
T_GRGBW-1,GRGBW-1,2026-09-08,21,2026-09-08T09:00:00Z,2026-09-08T09:30:00Z,73,73
T_GRGBW-1,GRGBW-1,2026-09-08,22,2026-09-08T09:30:00Z,2026-09-08T09:59:00Z,68,68
T_GRGBW-1,GRGBW-1,2026-09-08,22,2026-09-08T09:59:00Z,2026-09-08T10:00:00Z,68,66
T_GRGBW-1,GRGBW-1,2026-09-08,23,2026-09-08T10:00:00Z,2026-09-08T10:29:00Z,66,66
T_GRGBW-1,GRGBW-1,2026-09-08,23,2026-09-08T10:29:00Z,2026-09-08T10:30:00Z,66,64
T_GRGBW-1,GRGBW-1,2026-09-08,24,2026-09-08T10:30:00Z,2026-09-08T10:59:00Z,63,63
T_GRGBW-1,GRGBW-1,2026-09-08,24,2026-09-08T10:59:00Z,2026-09-08T11:00:00Z,63,56
T_GRGBW-1,GRGBW-1,2026-09-08,25,2026-09-08T11:00:00Z,2026-09-08T11:28:00Z,56,56
T_GRGBW-1,GRGBW-1,2026-09-08,25,2026-09-08T11:28:00Z,2026-09-08T11:29:00Z,56,50
T_GRGBW-1,GRGBW-1,2026-09-08,25,2026-09-08T11:29:00Z,2026-09-08T11:30:00Z,50,49
T_GRGBW-1,GRGBW-1,2026-09-08,26,2026-09-08T11:30:00Z,2026-09-08T11:59:00Z,39,39
T_GRGBW-1,GRGBW-1,2026-09-08,26,2026-09-08T11:59:00Z,2026-09-08T12:00:00Z,39,32
T_GRGBW-1,GRGBW-1,2026-09-08,27,2026-09-08T12:00:00Z,2026-09-08T12:29:00Z,32,32
T_GRGBW-1,GRGBW-1,2026-09-08,27,2026-09-08T12:29:00Z,2026-09-08T12:30:00Z,32,30
T_GRGBW-1,GRGBW-1,2026-09-08,28,2026-09-08T12:30:00Z,2026-09-08T12:59:00Z,30,30
T_GRGBW-1,GRGBW-1,2026-09-08,28,2026-09-08T12:59:00Z,2026-09-08T13:00:00Z,30,28
T_GRGBW-1,GRGBW-1,2026-09-08,29,2026-09-08T13:00:00Z,2026-09-08T13:29:00Z,28,28
T_GRGBW-1,GRGBW-1,2026-09-08,29,2026-09-08T13:29:00Z,2026-09-08T13:30:00Z,28,25
T_GRGBW-1,GRGBW-1,2026-09-08,30,2026-09-08T13:30:00Z,2026-09-08T14:00:00Z,25,25
T_GRGBW-1,GRGBW-1,2026-09-08,31,2026-09-08T14:00:00Z,2026-09-08T14:29:00Z,19,19
T_GRGBW-1,GRGBW-1,2026-09-08,31,2026-09-08T14:29:00Z,2026-09-08T14:30:00Z,19,16
T_GRGBW-1,GRGBW-1,2026-09-08,32,2026-09-08T14:30:00Z,2026-09-08T14:59:00Z,16,16
T_GRGBW-1,GRGBW-1,2026-09-08,32,2026-09-08T14:59:00Z,2026-09-08T15:00:00Z,16,21
T_GRGBW-1,GRGBW-1,2026-09-08,33,2026-09-08T15:00:00Z,2026-09-08T15:29:00Z,20,20
T_GRGBW-1,GRGBW-1,2026-09-08,33,2026-09-08T15:29:00Z,2026-09-08T15:30:00Z,20,25
T_GRGBW-1,GRGBW-1,2026-09-08,34,2026-09-08T15:30:00Z,2026-09-08T15:59:00Z,27,27
T_GRGBW-1,GRGBW-1,2026-09-08,34,2026-09-08T15:59:00Z,2026-09-08T16:00:00Z,27,37
T_GRGBW-1,GRGBW-1,2026-09-08,35,2026-09-08T16:00:00Z,2026-09-08T16:29:00Z,37,37
T_GRGBW-1,GRGBW-1,2026-09-08,35,2026-09-08T16:29:00Z,2026-09-08T16:30:00Z,37,46
T_GRGBW-1,GRGBW-1,2026-09-08,36,2026-09-08T16:30:00Z,2026-09-08T16:58:00Z,46,46
T_GRGBW-1,GRGBW-1,2026-09-08,36,2026-09-08T16:58:00Z,2026-09-08T16:59:00Z,46,50
T_GRGBW-1,GRGBW-1,2026-09-08,36,2026-09-08T16:59:00Z,2026-09-08T17:00:00Z,50,65
T_GRGBW-1,GRGBW-1,2026-09-08,37,2026-09-08T17:00:00Z,2026-09-08T17:29:00Z,65,65
T_GRGBW-1,GRGBW-1,2026-09-08,37,2026-09-08T17:29:00Z,2026-09-08T17:30:00Z,65,82
T_GRGBW-1,GRGBW-1,2026-09-08,38,2026-09-08T17:30:00Z,2026-09-08T17:59:00Z,82,82
T_GRGBW-1,GRGBW-1,2026-09-08,38,2026-09-08T17:59:00Z,2026-09-08T18:00:00Z,82,80
T_GRGBW-1,GRGBW-1,2026-09-08,39,2026-09-08T18:00:00Z,2026-09-08T18:29:00Z,80,80
T_GRGBW-1,GRGBW-1,2026-09-08,39,2026-09-08T18:29:00Z,2026-09-08T18:30:00Z,80,78
T_GRGBW-1,GRGBW-1,2026-09-08,40,2026-09-08T18:30:00Z,2026-09-08T18:59:00Z,78,78
T_GRGBW-1,GRGBW-1,2026-09-08,40,2026-09-08T18:59:00Z,2026-09-08T19:00:00Z,78,89
T_GRGBW-1,GRGBW-1,2026-09-08,41,2026-09-08T19:00:00Z,2026-09-08T19:28:00Z,96,96
T_GRGBW-1,GRGBW-1,2026-09-08,41,2026-09-08T19:28:00Z,2026-09-08T19:29:00Z,96,100
T_GRGBW-1,GRGBW-1,2026-09-08,41,2026-09-08T19:29:00Z,2026-09-08T19:30:00Z,100,101
T_GRGBW-1,GRGBW-1,2026-09-08,42,2026-09-08T19:30:00Z,2026-09-08T19:59:00Z,103,103
T_GRGBW-1,GRGBW-1,2026-09-08,42,2026-09-08T19:59:00Z,2026-09-08T20:00:00Z,103,117
T_GRGBW-1,GRGBW-1,2026-09-08,43,2026-09-08T20:00:00Z,2026-09-08T20:29:00Z,121,121
T_GRGBW-1,GRGBW-1,2026-09-08,43,2026-09-08T20:29:00Z,2026-09-08T20:30:00Z,121,135
T_GRGBW-1,GRGBW-1,2026-09-08,44,2026-09-08T20:30:00Z,2026-09-08T20:59:00Z,136,136
T_GRGBW-1,GRGBW-1,2026-09-08,44,2026-09-08T20:59:00Z,2026-09-08T21:00:00Z,136,140
T_GRGBW-1,GRGBW-1,2026-09-08,45,2026-09-08T21:00:00Z,2026-09-08T21:29:00Z,140,140
T_GRGBW-1,GRGBW-1,2026-09-08,45,2026-09-08T21:29:00Z,2026-09-08T21:30:00Z,140,143
T_GRGBW-1,GRGBW-1,2026-09-08,46,2026-09-08T21:30:00Z,2026-09-08T22:00:00Z,142,142
T_GRGBW-1,GRGBW-1,2026-09-08,47,2026-09-08T22:00:00Z,2026-09-08T22:30:00Z,142,142
T_GRGBW-1,GRGBW-1,2026-09-08,48,2026-09-08T22:30:00Z,2026-09-08T22:59:00Z,142,142
T_GRGBW-1,GRGBW-1,2026-09-08,48,2026-09-08T22:59:00Z,2026-09-08T23:00:00Z,142,141
T_GRGBW-2,GRGBW-2,2026-09-08,1,2026-09-07T23:00:00Z,2026-09-07T23:29:00Z,95,95
T_GRGBW-2,GRGBW-2,2026-09-08,1,2026-09-07T23:29:00Z,2026-09-07T23:30:00Z,95,90
T_GRGBW-2,GRGBW-2,2026-09-08,2,2026-09-07T23:30:00Z,2026-09-07T23:59:00Z,90,90
T_GRGBW-2,GRGBW-2,2026-09-08,2,2026-09-07T23:59:00Z,2026-09-08T00:00:00Z,90,94
T_GRGBW-2,GRGBW-2,2026-09-08,3,2026-09-08T00:00:00Z,2026-09-08T00:29:00Z,85,85
T_GRGBW-2,GRGBW-2,2026-09-08,3,2026-09-08T00:29:00Z,2026-09-08T00:30:00Z,85,84
T_GRGBW-2,GRGBW-2,2026-09-08,4,2026-09-08T00:30:00Z,2026-09-08T00:59:00Z,79,79
T_GRGBW-2,GRGBW-2,2026-09-08,4,2026-09-08T00:59:00Z,2026-09-08T01:00:00Z,79,82
T_GRGBW-2,GRGBW-2,2026-09-08,5,2026-09-08T01:00:00Z,2026-09-08T01:29:00Z,81,81
T_GRGBW-2,GRGBW-2,2026-09-08,5,2026-09-08T01:29:00Z,2026-09-08T01:30:00Z,81,84
T_GRGBW-2,GRGBW-2,2026-09-08,6,2026-09-08T01:30:00Z,2026-09-08T01:59:00Z,84,84
T_GRGBW-2,GRGBW-2,2026-09-08,6,2026-09-08T01:59:00Z,2026-09-08T02:00:00Z,84,83
T_GRGBW-2,GRGBW-2,2026-09-08,7,2026-09-08T02:00:00Z,2026-09-08T02:29:00Z,81,81
T_GRGBW-2,GRGBW-2,2026-09-08,7,2026-09-08T02:29:00Z,2026-09-08T02:30:00Z,81,78
T_GRGBW-2,GRGBW-2,2026-09-08,8,2026-09-08T02:30:00Z,2026-09-08T02:59:00Z,78,78
T_GRGBW-2,GRGBW-2,2026-09-08,8,2026-09-08T02:59:00Z,2026-09-08T03:00:00Z,78,68
T_GRGBW-2,GRGBW-2,2026-09-08,9,2026-09-08T03:00:00Z,2026-09-08T03:29:00Z,68,68
T_GRGBW-2,GRGBW-2,2026-09-08,9,2026-09-08T03:29:00Z,2026-09-08T03:30:00Z,68,58
T_GRGBW-2,GRGBW-2,2026-09-08,10,2026-09-08T03:30:00Z,2026-09-08T03:59:00Z,58,58
T_GRGBW-2,GRGBW-2,2026-09-08,10,2026-09-08T03:59:00Z,2026-09-08T04:00:00Z,58,60
T_GRGBW-2,GRGBW-2,2026-09-08,11,2026-09-08T04:00:00Z,2026-09-08T04:29:00Z,70,70
T_GRGBW-2,GRGBW-2,2026-09-08,11,2026-09-08T04:29:00Z,2026-09-08T04:30:00Z,70,68
T_GRGBW-2,GRGBW-2,2026-09-08,12,2026-09-08T04:30:00Z,2026-09-08T04:59:00Z,68,68
T_GRGBW-2,GRGBW-2,2026-09-08,12,2026-09-08T04:59:00Z,2026-09-08T05:00:00Z,68,71
T_GRGBW-2,GRGBW-2,2026-09-08,13,2026-09-08T05:00:00Z,2026-09-08T05:29:00Z,74,74
T_GRGBW-2,GRGBW-2,2026-09-08,13,2026-09-08T05:29:00Z,2026-09-08T05:30:00Z,74,78
T_GRGBW-2,GRGBW-2,2026-09-08,14,2026-09-08T05:30:00Z,2026-09-08T06:00:00Z,82,82
T_GRGBW-2,GRGBW-2,2026-09-08,15,2026-09-08T06:00:00Z,2026-09-08T06:29:00Z,82,82
T_GRGBW-2,GRGBW-2,2026-09-08,15,2026-09-08T06:29:00Z,2026-09-08T06:30:00Z,82,81
T_GRGBW-2,GRGBW-2,2026-09-08,16,2026-09-08T06:30:00Z,2026-09-08T06:59:00Z,81,81
T_GRGBW-2,GRGBW-2,2026-09-08,16,2026-09-08T06:59:00Z,2026-09-08T07:00:00Z,81,82
T_GRGBW-2,GRGBW-2,2026-09-08,17,2026-09-08T07:00:00Z,2026-09-08T07:29:00Z,71,71
T_GRGBW-2,GRGBW-2,2026-09-08,17,2026-09-08T07:29:00Z,2026-09-08T07:30:00Z,71,65
T_GRGBW-2,GRGBW-2,2026-09-08,18,2026-09-08T07:30:00Z,2026-09-08T07:59:00Z,61,61
T_GRGBW-2,GRGBW-2,2026-09-08,18,2026-09-08T07:59:00Z,2026-09-08T08:00:00Z,61,68
T_GRGBW-2,GRGBW-2,2026-09-08,19,2026-09-08T08:00:00Z,2026-09-08T08:29:00Z,68,68
T_GRGBW-2,GRGBW-2,2026-09-08,19,2026-09-08T08:29:00Z,2026-09-08T08:30:00Z,68,75
T_GRGBW-2,GRGBW-2,2026-09-08,20,2026-09-08T08:30:00Z,2026-09-08T09:00:00Z,75,75
T_GRGBW-2,GRGBW-2,2026-09-08,21,2026-09-08T09:00:00Z,2026-09-08T09:29:00Z,75,75
T_GRGBW-2,GRGBW-2,2026-09-08,21,2026-09-08T09:29:00Z,2026-09-08T09:30:00Z,75,76
T_GRGBW-2,GRGBW-2,2026-09-08,22,2026-09-08T09:30:00Z,2026-09-08T09:59:00Z,71,71
T_GRGBW-2,GRGBW-2,2026-09-08,22,2026-09-08T09:59:00Z,2026-09-08T10:00:00Z,71,68
T_GRGBW-2,GRGBW-2,2026-09-08,23,2026-09-08T10:00:00Z,2026-09-08T10:29:00Z,69,69
T_GRGBW-2,GRGBW-2,2026-09-08,23,2026-09-08T10:29:00Z,2026-09-08T10:30:00Z,69,65
T_GRGBW-2,GRGBW-2,2026-09-08,24,2026-09-08T10:30:00Z,2026-09-08T10:59:00Z,65,65
T_GRGBW-2,GRGBW-2,2026-09-08,24,2026-09-08T10:59:00Z,2026-09-08T11:00:00Z,65,57
T_GRGBW-2,GRGBW-2,2026-09-08,25,2026-09-08T11:00:00Z,2026-09-08T11:28:00Z,57,57
T_GRGBW-2,GRGBW-2,2026-09-08,25,2026-09-08T11:28:00Z,2026-09-08T11:29:00Z,57,50
T_GRGBW-2,GRGBW-2,2026-09-08,25,2026-09-08T11:29:00Z,2026-09-08T11:30:00Z,50,49
T_GRGBW-2,GRGBW-2,2026-09-08,26,2026-09-08T11:30:00Z,2026-09-08T11:59:00Z,48,48
T_GRGBW-2,GRGBW-2,2026-09-08,26,2026-09-08T11:59:00Z,2026-09-08T12:00:00Z,48,42
T_GRGBW-2,GRGBW-2,2026-09-08,27,2026-09-08T12:00:00Z,2026-09-08T12:29:00Z,38,38
T_GRGBW-2,GRGBW-2,2026-09-08,27,2026-09-08T12:29:00Z,2026-09-08T12:30:00Z,38,32
T_GRGBW-2,GRGBW-2,2026-09-08,28,2026-09-08T12:30:00Z,2026-09-08T12:59:00Z,32,32
T_GRGBW-2,GRGBW-2,2026-09-08,28,2026-09-08T12:59:00Z,2026-09-08T13:00:00Z,32,28
T_GRGBW-2,GRGBW-2,2026-09-08,29,2026-09-08T13:00:00Z,2026-09-08T13:29:00Z,29,29
T_GRGBW-2,GRGBW-2,2026-09-08,29,2026-09-08T13:29:00Z,2026-09-08T13:30:00Z,29,24
T_GRGBW-2,GRGBW-2,2026-09-08,30,2026-09-08T13:30:00Z,2026-09-08T13:59:00Z,23,23
T_GRGBW-2,GRGBW-2,2026-09-08,30,2026-09-08T13:59:00Z,2026-09-08T14:00:00Z,23,19
T_GRGBW-2,GRGBW-2,2026-09-08,31,2026-09-08T14:00:00Z,2026-09-08T14:29:00Z,19,19
T_GRGBW-2,GRGBW-2,2026-09-08,31,2026-09-08T14:29:00Z,2026-09-08T14:30:00Z,19,14
T_GRGBW-2,GRGBW-2,2026-09-08,32,2026-09-08T14:30:00Z,2026-09-08T14:59:00Z,14,14
T_GRGBW-2,GRGBW-2,2026-09-08,32,2026-09-08T14:59:00Z,2026-09-08T15:00:00Z,14,20
T_GRGBW-2,GRGBW-2,2026-09-08,33,2026-09-08T15:00:00Z,2026-09-08T15:29:00Z,19,19
T_GRGBW-2,GRGBW-2,2026-09-08,33,2026-09-08T15:29:00Z,2026-09-08T15:30:00Z,19,27
T_GRGBW-2,GRGBW-2,2026-09-08,34,2026-09-08T15:30:00Z,2026-09-08T15:59:00Z,29,29
T_GRGBW-2,GRGBW-2,2026-09-08,34,2026-09-08T15:59:00Z,2026-09-08T16:00:00Z,29,38
T_GRGBW-2,GRGBW-2,2026-09-08,35,2026-09-08T16:00:00Z,2026-09-08T16:29:00Z,38,38
T_GRGBW-2,GRGBW-2,2026-09-08,35,2026-09-08T16:29:00Z,2026-09-08T16:30:00Z,38,47
T_GRGBW-2,GRGBW-2,2026-09-08,36,2026-09-08T16:30:00Z,2026-09-08T16:58:00Z,47,47
T_GRGBW-2,GRGBW-2,2026-09-08,36,2026-09-08T16:58:00Z,2026-09-08T16:59:00Z,47,50
T_GRGBW-2,GRGBW-2,2026-09-08,36,2026-09-08T16:59:00Z,2026-09-08T17:00:00Z,50,67
T_GRGBW-2,GRGBW-2,2026-09-08,37,2026-09-08T17:00:00Z,2026-09-08T17:29:00Z,68,68
T_GRGBW-2,GRGBW-2,2026-09-08,37,2026-09-08T17:29:00Z,2026-09-08T17:30:00Z,68,85
T_GRGBW-2,GRGBW-2,2026-09-08,38,2026-09-08T17:30:00Z,2026-09-08T17:59:00Z,84,84
T_GRGBW-2,GRGBW-2,2026-09-08,38,2026-09-08T17:59:00Z,2026-09-08T18:00:00Z,84,82
T_GRGBW-2,GRGBW-2,2026-09-08,39,2026-09-08T18:00:00Z,2026-09-08T18:29:00Z,82,82
T_GRGBW-2,GRGBW-2,2026-09-08,39,2026-09-08T18:29:00Z,2026-09-08T18:30:00Z,82,80
T_GRGBW-2,GRGBW-2,2026-09-08,40,2026-09-08T18:30:00Z,2026-09-08T18:59:00Z,80,80
T_GRGBW-2,GRGBW-2,2026-09-08,40,2026-09-08T18:59:00Z,2026-09-08T19:00:00Z,80,92
T_GRGBW-2,GRGBW-2,2026-09-08,41,2026-09-08T19:00:00Z,2026-09-08T19:29:00Z,102,102
T_GRGBW-2,GRGBW-2,2026-09-08,41,2026-09-08T19:29:00Z,2026-09-08T19:30:00Z,102,107
T_GRGBW-2,GRGBW-2,2026-09-08,42,2026-09-08T19:30:00Z,2026-09-08T19:59:00Z,107,107
T_GRGBW-2,GRGBW-2,2026-09-08,42,2026-09-08T19:59:00Z,2026-09-08T20:00:00Z,107,121
T_GRGBW-2,GRGBW-2,2026-09-08,43,2026-09-08T20:00:00Z,2026-09-08T20:29:00Z,124,124
T_GRGBW-2,GRGBW-2,2026-09-08,43,2026-09-08T20:29:00Z,2026-09-08T20:30:00Z,124,138
T_GRGBW-2,GRGBW-2,2026-09-08,44,2026-09-08T20:30:00Z,2026-09-08T20:59:00Z,139,139
T_GRGBW-2,GRGBW-2,2026-09-08,44,2026-09-08T20:59:00Z,2026-09-08T21:00:00Z,139,142
T_GRGBW-2,GRGBW-2,2026-09-08,45,2026-09-08T21:00:00Z,2026-09-08T21:29:00Z,142,142
T_GRGBW-2,GRGBW-2,2026-09-08,45,2026-09-08T21:29:00Z,2026-09-08T21:30:00Z,142,145
T_GRGBW-2,GRGBW-2,2026-09-08,46,2026-09-08T21:30:00Z,2026-09-08T22:00:00Z,144,144
T_GRGBW-2,GRGBW-2,2026-09-08,47,2026-09-08T22:00:00Z,2026-09-08T22:30:00Z,144,144
T_GRGBW-2,GRGBW-2,2026-09-08,48,2026-09-08T22:30:00Z,2026-09-08T22:59:00Z,144,144
T_GRGBW-2,GRGBW-2,2026-09-08,48,2026-09-08T22:59:00Z,2026-09-08T23:00:00Z,144,143
T_GRGBW-3,GRGBW-3,2026-09-08,1,2026-09-07T23:00:00Z,2026-09-07T23:29:00Z,81,81
T_GRGBW-3,GRGBW-3,2026-09-08,1,2026-09-07T23:29:00Z,2026-09-07T23:30:00Z,81,75
T_GRGBW-3,GRGBW-3,2026-09-08,2,2026-09-07T23:30:00Z,2026-09-07T23:59:00Z,75,75
T_GRGBW-3,GRGBW-3,2026-09-08,2,2026-09-07T23:59:00Z,2026-09-08T00:00:00Z,75,79
T_GRGBW-3,GRGBW-3,2026-09-08,3,2026-09-08T00:00:00Z,2026-09-08T00:29:00Z,72,72
T_GRGBW-3,GRGBW-3,2026-09-08,3,2026-09-08T00:29:00Z,2026-09-08T00:30:00Z,72,71
T_GRGBW-3,GRGBW-3,2026-09-08,4,2026-09-08T00:30:00Z,2026-09-08T00:59:00Z,67,67
T_GRGBW-3,GRGBW-3,2026-09-08,4,2026-09-08T00:59:00Z,2026-09-08T01:00:00Z,67,70
T_GRGBW-3,GRGBW-3,2026-09-08,5,2026-09-08T01:00:00Z,2026-09-08T01:29:00Z,69,69
T_GRGBW-3,GRGBW-3,2026-09-08,5,2026-09-08T01:29:00Z,2026-09-08T01:30:00Z,69,72
T_GRGBW-3,GRGBW-3,2026-09-08,6,2026-09-08T01:30:00Z,2026-09-08T01:59:00Z,72,72
T_GRGBW-3,GRGBW-3,2026-09-08,6,2026-09-08T01:59:00Z,2026-09-08T02:00:00Z,72,71
T_GRGBW-3,GRGBW-3,2026-09-08,7,2026-09-08T02:00:00Z,2026-09-08T02:29:00Z,69,69
T_GRGBW-3,GRGBW-3,2026-09-08,7,2026-09-08T02:29:00Z,2026-09-08T02:30:00Z,69,67
T_GRGBW-3,GRGBW-3,2026-09-08,8,2026-09-08T02:30:00Z,2026-09-08T02:59:00Z,67,67
T_GRGBW-3,GRGBW-3,2026-09-08,8,2026-09-08T02:59:00Z,2026-09-08T03:00:00Z,67,59
T_GRGBW-3,GRGBW-3,2026-09-08,9,2026-09-08T03:00:00Z,2026-09-08T03:29:00Z,58,58
T_GRGBW-3,GRGBW-3,2026-09-08,9,2026-09-08T03:29:00Z,2026-09-08T03:30:00Z,58,50
T_GRGBW-3,GRGBW-3,2026-09-08,10,2026-09-08T03:30:00Z,2026-09-08T03:59:00Z,62,62
T_GRGBW-3,GRGBW-3,2026-09-08,10,2026-09-08T03:59:00Z,2026-09-08T04:00:00Z,62,61
T_GRGBW-3,GRGBW-3,2026-09-08,11,2026-09-08T04:00:00Z,2026-09-08T04:29:00Z,61,61
T_GRGBW-3,GRGBW-3,2026-09-08,11,2026-09-08T04:29:00Z,2026-09-08T04:30:00Z,61,60
T_GRGBW-3,GRGBW-3,2026-09-08,12,2026-09-08T04:30:00Z,2026-09-08T04:59:00Z,60,60
T_GRGBW-3,GRGBW-3,2026-09-08,12,2026-09-08T04:59:00Z,2026-09-08T05:00:00Z,60,63
T_GRGBW-3,GRGBW-3,2026-09-08,13,2026-09-08T05:00:00Z,2026-09-08T05:29:00Z,66,66
T_GRGBW-3,GRGBW-3,2026-09-08,13,2026-09-08T05:29:00Z,2026-09-08T05:30:00Z,66,70
T_GRGBW-3,GRGBW-3,2026-09-08,14,2026-09-08T05:30:00Z,2026-09-08T06:00:00Z,72,72
T_GRGBW-3,GRGBW-3,2026-09-08,15,2026-09-08T06:00:00Z,2026-09-08T06:29:00Z,72,72
T_GRGBW-3,GRGBW-3,2026-09-08,15,2026-09-08T06:29:00Z,2026-09-08T06:30:00Z,72,71
T_GRGBW-3,GRGBW-3,2026-09-08,16,2026-09-08T06:30:00Z,2026-09-08T06:59:00Z,71,71
T_GRGBW-3,GRGBW-3,2026-09-08,16,2026-09-08T06:59:00Z,2026-09-08T07:00:00Z,71,73
T_GRGBW-3,GRGBW-3,2026-09-08,17,2026-09-08T07:00:00Z,2026-09-08T07:29:00Z,62,62
T_GRGBW-3,GRGBW-3,2026-09-08,17,2026-09-08T07:29:00Z,2026-09-08T07:30:00Z,62,57
T_GRGBW-3,GRGBW-3,2026-09-08,18,2026-09-08T07:30:00Z,2026-09-08T07:59:00Z,50,50
T_GRGBW-3,GRGBW-3,2026-09-08,18,2026-09-08T07:59:00Z,2026-09-08T08:00:00Z,50,55
T_GRGBW-3,GRGBW-3,2026-09-08,19,2026-09-08T08:00:00Z,2026-09-08T08:29:00Z,55,55
T_GRGBW-3,GRGBW-3,2026-09-08,19,2026-09-08T08:29:00Z,2026-09-08T08:30:00Z,55,59
T_GRGBW-3,GRGBW-3,2026-09-08,20,2026-09-08T08:30:00Z,2026-09-08T09:00:00Z,59,59
T_GRGBW-3,GRGBW-3,2026-09-08,21,2026-09-08T09:00:00Z,2026-09-08T09:30:00Z,59,59
T_GRGBW-3,GRGBW-3,2026-09-08,22,2026-09-08T09:30:00Z,2026-09-08T09:59:00Z,55,55
T_GRGBW-3,GRGBW-3,2026-09-08,22,2026-09-08T09:59:00Z,2026-09-08T10:00:00Z,55,54
T_GRGBW-3,GRGBW-3,2026-09-08,23,2026-09-08T10:00:00Z,2026-09-08T10:29:00Z,55,55
T_GRGBW-3,GRGBW-3,2026-09-08,23,2026-09-08T10:29:00Z,2026-09-08T10:30:00Z,55,53
T_GRGBW-3,GRGBW-3,2026-09-08,24,2026-09-08T10:30:00Z,2026-09-08T10:58:00Z,53,53
T_GRGBW-3,GRGBW-3,2026-09-08,24,2026-09-08T10:58:00Z,2026-09-08T10:59:00Z,53,50
T_GRGBW-3,GRGBW-3,2026-09-08,24,2026-09-08T10:59:00Z,2026-09-08T11:00:00Z,50,46
T_GRGBW-3,GRGBW-3,2026-09-08,25,2026-09-08T11:00:00Z,2026-09-08T11:29:00Z,46,46
T_GRGBW-3,GRGBW-3,2026-09-08,25,2026-09-08T11:29:00Z,2026-09-08T11:30:00Z,46,39
T_GRGBW-3,GRGBW-3,2026-09-08,26,2026-09-08T11:30:00Z,2026-09-08T11:59:00Z,38,38
T_GRGBW-3,GRGBW-3,2026-09-08,26,2026-09-08T11:59:00Z,2026-09-08T12:00:00Z,38,33
T_GRGBW-3,GRGBW-3,2026-09-08,27,2026-09-08T12:00:00Z,2026-09-08T12:29:00Z,30,30
T_GRGBW-3,GRGBW-3,2026-09-08,27,2026-09-08T12:29:00Z,2026-09-08T12:30:00Z,30,25
T_GRGBW-3,GRGBW-3,2026-09-08,28,2026-09-08T12:30:00Z,2026-09-08T12:59:00Z,25,25
T_GRGBW-3,GRGBW-3,2026-09-08,28,2026-09-08T12:59:00Z,2026-09-08T13:00:00Z,25,22
T_GRGBW-3,GRGBW-3,2026-09-08,29,2026-09-08T13:00:00Z,2026-09-08T13:29:00Z,24,24
T_GRGBW-3,GRGBW-3,2026-09-08,29,2026-09-08T13:29:00Z,2026-09-08T13:30:00Z,24,20
T_GRGBW-3,GRGBW-3,2026-09-08,30,2026-09-08T13:30:00Z,2026-09-08T13:59:00Z,19,19
T_GRGBW-3,GRGBW-3,2026-09-08,30,2026-09-08T13:59:00Z,2026-09-08T14:00:00Z,19,16
T_GRGBW-3,GRGBW-3,2026-09-08,31,2026-09-08T14:00:00Z,2026-09-08T14:29:00Z,15,15
T_GRGBW-3,GRGBW-3,2026-09-08,31,2026-09-08T14:29:00Z,2026-09-08T14:30:00Z,15,13
T_GRGBW-3,GRGBW-3,2026-09-08,32,2026-09-08T14:30:00Z,2026-09-08T14:59:00Z,13,13
T_GRGBW-3,GRGBW-3,2026-09-08,32,2026-09-08T14:59:00Z,2026-09-08T15:00:00Z,13,17
T_GRGBW-3,GRGBW-3,2026-09-08,33,2026-09-08T15:00:00Z,2026-09-08T15:29:00Z,16,16
T_GRGBW-3,GRGBW-3,2026-09-08,33,2026-09-08T15:29:00Z,2026-09-08T15:30:00Z,16,21
T_GRGBW-3,GRGBW-3,2026-09-08,34,2026-09-08T15:30:00Z,2026-09-08T15:59:00Z,23,23
T_GRGBW-3,GRGBW-3,2026-09-08,34,2026-09-08T15:59:00Z,2026-09-08T16:00:00Z,23,30
T_GRGBW-3,GRGBW-3,2026-09-08,35,2026-09-08T16:00:00Z,2026-09-08T16:29:00Z,30,30
T_GRGBW-3,GRGBW-3,2026-09-08,35,2026-09-08T16:29:00Z,2026-09-08T16:30:00Z,30,38
T_GRGBW-3,GRGBW-3,2026-09-08,36,2026-09-08T16:30:00Z,2026-09-08T16:58:00Z,38,38
T_GRGBW-3,GRGBW-3,2026-09-08,36,2026-09-08T16:58:00Z,2026-09-08T16:59:00Z,38,50
T_GRGBW-3,GRGBW-3,2026-09-08,36,2026-09-08T16:59:00Z,2026-09-08T17:00:00Z,50,54
T_GRGBW-3,GRGBW-3,2026-09-08,37,2026-09-08T17:00:00Z,2026-09-08T17:29:00Z,54,54
T_GRGBW-3,GRGBW-3,2026-09-08,37,2026-09-08T17:29:00Z,2026-09-08T17:30:00Z,54,67
T_GRGBW-3,GRGBW-3,2026-09-08,38,2026-09-08T17:30:00Z,2026-09-08T17:59:00Z,70,70
T_GRGBW-3,GRGBW-3,2026-09-08,38,2026-09-08T17:59:00Z,2026-09-08T18:00:00Z,70,67
T_GRGBW-3,GRGBW-3,2026-09-08,39,2026-09-08T18:00:00Z,2026-09-08T18:29:00Z,68,68
T_GRGBW-3,GRGBW-3,2026-09-08,39,2026-09-08T18:29:00Z,2026-09-08T18:30:00Z,68,66
T_GRGBW-3,GRGBW-3,2026-09-08,40,2026-09-08T18:30:00Z,2026-09-08T18:59:00Z,65,65
T_GRGBW-3,GRGBW-3,2026-09-08,40,2026-09-08T18:59:00Z,2026-09-08T19:00:00Z,65,77
T_GRGBW-3,GRGBW-3,2026-09-08,41,2026-09-08T19:00:00Z,2026-09-08T19:29:00Z,86,86
T_GRGBW-3,GRGBW-3,2026-09-08,41,2026-09-08T19:29:00Z,2026-09-08T19:30:00Z,86,92
T_GRGBW-3,GRGBW-3,2026-09-08,42,2026-09-08T19:30:00Z,2026-09-08T19:58:00Z,93,93
T_GRGBW-3,GRGBW-3,2026-09-08,42,2026-09-08T19:58:00Z,2026-09-08T19:59:00Z,93,100
T_GRGBW-3,GRGBW-3,2026-09-08,42,2026-09-08T19:59:00Z,2026-09-08T20:00:00Z,100,108
T_GRGBW-3,GRGBW-3,2026-09-08,43,2026-09-08T20:00:00Z,2026-09-08T20:29:00Z,111,111
T_GRGBW-3,GRGBW-3,2026-09-08,43,2026-09-08T20:29:00Z,2026-09-08T20:30:00Z,111,125
T_GRGBW-3,GRGBW-3,2026-09-08,44,2026-09-08T20:30:00Z,2026-09-08T20:59:00Z,126,126
T_GRGBW-3,GRGBW-3,2026-09-08,44,2026-09-08T20:59:00Z,2026-09-08T21:00:00Z,126,131
T_GRGBW-3,GRGBW-3,2026-09-08,45,2026-09-08T21:00:00Z,2026-09-08T21:29:00Z,131,131
T_GRGBW-3,GRGBW-3,2026-09-08,45,2026-09-08T21:29:00Z,2026-09-08T21:30:00Z,131,136
T_GRGBW-3,GRGBW-3,2026-09-08,46,2026-09-08T21:30:00Z,2026-09-08T21:59:00Z,135,135
T_GRGBW-3,GRGBW-3,2026-09-08,46,2026-09-08T21:59:00Z,2026-09-08T22:00:00Z,135,134
T_GRGBW-3,GRGBW-3,2026-09-08,47,2026-09-08T22:00:00Z,2026-09-08T22:30:00Z,134,134
T_GRGBW-3,GRGBW-3,2026-09-08,48,2026-09-08T22:30:00Z,2026-09-08T22:59:00Z,134,134
T_GRGBW-3,GRGBW-3,2026-09-08,48,2026-09-08T22:59:00Z,2026-09-08T23:00:00Z,134,132
T_GRIFW-1,GRIFW-1,2026-09-08,1,2026-09-07T23:00:00Z,2026-09-07T23:29:00Z,62,62
T_GRIFW-1,GRIFW-1,2026-09-08,1,2026-09-07T23:29:00Z,2026-09-07T23:30:00Z,62,63
T_GRIFW-1,GRIFW-1,2026-09-08,2,2026-09-07T23:30:00Z,2026-09-07T23:59:00Z,63,63
T_GRIFW-1,GRIFW-1,2026-09-08,2,2026-09-07T23:59:00Z,2026-09-08T00:00:00Z,63,64
T_GRIFW-1,GRIFW-1,2026-09-08,3,2026-09-08T00:00:00Z,2026-09-08T00:29:00Z,64,64
T_GRIFW-1,GRIFW-1,2026-09-08,3,2026-09-08T00:29:00Z,2026-09-08T00:30:00Z,64,65
T_GRIFW-1,GRIFW-1,2026-09-08,4,2026-09-08T00:30:00Z,2026-09-08T01:00:00Z,65,65
T_GRIFW-1,GRIFW-1,2026-09-08,5,2026-09-08T01:00:00Z,2026-09-08T01:30:00Z,65,65
T_GRIFW-1,GRIFW-1,2026-09-08,6,2026-09-08T01:30:00Z,2026-09-08T01:59:00Z,65,65
T_GRIFW-1,GRIFW-1,2026-09-08,6,2026-09-08T01:59:00Z,2026-09-08T02:00:00Z,65,64
T_GRIFW-1,GRIFW-1,2026-09-08,7,2026-09-08T02:00:00Z,2026-09-08T02:29:00Z,64,64
T_GRIFW-1,GRIFW-1,2026-09-08,7,2026-09-08T02:29:00Z,2026-09-08T02:30:00Z,64,63
T_GRIFW-1,GRIFW-1,2026-09-08,8,2026-09-08T02:30:00Z,2026-09-08T02:59:00Z,63,63
T_GRIFW-1,GRIFW-1,2026-09-08,8,2026-09-08T02:59:00Z,2026-09-08T03:00:00Z,63,61
T_GRIFW-1,GRIFW-1,2026-09-08,9,2026-09-08T03:00:00Z,2026-09-08T03:29:00Z,61,61
T_GRIFW-1,GRIFW-1,2026-09-08,9,2026-09-08T03:29:00Z,2026-09-08T03:30:00Z,61,59
T_GRIFW-1,GRIFW-1,2026-09-08,10,2026-09-08T03:30:00Z,2026-09-08T03:59:00Z,59,59
T_GRIFW-1,GRIFW-1,2026-09-08,10,2026-09-08T03:59:00Z,2026-09-08T04:00:00Z,59,58
T_GRIFW-1,GRIFW-1,2026-09-08,11,2026-09-08T04:00:00Z,2026-09-08T04:29:00Z,59,59
T_GRIFW-1,GRIFW-1,2026-09-08,11,2026-09-08T04:29:00Z,2026-09-08T04:30:00Z,59,57
T_GRIFW-1,GRIFW-1,2026-09-08,12,2026-09-08T04:30:00Z,2026-09-08T04:59:00Z,57,57
T_GRIFW-1,GRIFW-1,2026-09-08,12,2026-09-08T04:59:00Z,2026-09-08T05:00:00Z,57,55
T_GRIFW-1,GRIFW-1,2026-09-08,13,2026-09-08T05:00:00Z,2026-09-08T05:29:00Z,56,56
T_GRIFW-1,GRIFW-1,2026-09-08,13,2026-09-08T05:29:00Z,2026-09-08T05:30:00Z,56,54
T_GRIFW-1,GRIFW-1,2026-09-08,14,2026-09-08T05:30:00Z,2026-09-08T05:59:00Z,54,54
T_GRIFW-1,GRIFW-1,2026-09-08,14,2026-09-08T05:59:00Z,2026-09-08T06:00:00Z,54,52
T_GRIFW-1,GRIFW-1,2026-09-08,15,2026-09-08T06:00:00Z,2026-09-08T06:29:00Z,53,53
T_GRIFW-1,GRIFW-1,2026-09-08,15,2026-09-08T06:29:00Z,2026-09-08T06:30:00Z,53,51
T_GRIFW-1,GRIFW-1,2026-09-08,16,2026-09-08T06:30:00Z,2026-09-08T06:59:00Z,51,51
T_GRIFW-1,GRIFW-1,2026-09-08,16,2026-09-08T06:59:00Z,2026-09-08T07:00:00Z,51,52
T_GRIFW-1,GRIFW-1,2026-09-08,17,2026-09-08T07:00:00Z,2026-09-08T07:29:00Z,53,53
T_GRIFW-1,GRIFW-1,2026-09-08,17,2026-09-08T07:29:00Z,2026-09-08T07:30:00Z,53,55
T_GRIFW-1,GRIFW-1,2026-09-08,18,2026-09-08T07:30:00Z,2026-09-08T08:00:00Z,55,55
T_GRIFW-1,GRIFW-1,2026-09-08,19,2026-09-08T08:00:00Z,2026-09-08T08:29:00Z,56,56
T_GRIFW-1,GRIFW-1,2026-09-08,19,2026-09-08T08:29:00Z,2026-09-08T08:30:00Z,56,58
T_GRIFW-1,GRIFW-1,2026-09-08,20,2026-09-08T08:30:00Z,2026-09-08T08:59:00Z,58,58
T_GRIFW-1,GRIFW-1,2026-09-08,20,2026-09-08T08:59:00Z,2026-09-08T09:00:00Z,58,60
T_GRIFW-1,GRIFW-1,2026-09-08,21,2026-09-08T09:00:00Z,2026-09-08T09:29:00Z,61,61
T_GRIFW-1,GRIFW-1,2026-09-08,21,2026-09-08T09:29:00Z,2026-09-08T09:30:00Z,61,63
T_GRIFW-1,GRIFW-1,2026-09-08,22,2026-09-08T09:30:00Z,2026-09-08T09:59:00Z,63,63
T_GRIFW-1,GRIFW-1,2026-09-08,22,2026-09-08T09:59:00Z,2026-09-08T10:00:00Z,63,62
T_GRIFW-1,GRIFW-1,2026-09-08,23,2026-09-08T10:00:00Z,2026-09-08T10:29:00Z,60,60
T_GRIFW-1,GRIFW-1,2026-09-08,23,2026-09-08T10:29:00Z,2026-09-08T10:30:00Z,60,61
T_GRIFW-1,GRIFW-1,2026-09-08,24,2026-09-08T10:30:00Z,2026-09-08T10:59:00Z,61,61
T_GRIFW-1,GRIFW-1,2026-09-08,24,2026-09-08T10:59:00Z,2026-09-08T11:00:00Z,61,65
T_GRIFW-1,GRIFW-1,2026-09-08,25,2026-09-08T11:00:00Z,2026-09-08T11:29:00Z,65,65
T_GRIFW-1,GRIFW-1,2026-09-08,25,2026-09-08T11:29:00Z,2026-09-08T11:30:00Z,65,69
T_GRIFW-1,GRIFW-1,2026-09-08,26,2026-09-08T11:30:00Z,2026-09-08T11:59:00Z,69,69
T_GRIFW-1,GRIFW-1,2026-09-08,26,2026-09-08T11:59:00Z,2026-09-08T12:00:00Z,69,74
T_GRIFW-1,GRIFW-1,2026-09-08,27,2026-09-08T12:00:00Z,2026-09-08T12:29:00Z,74,74
T_GRIFW-1,GRIFW-1,2026-09-08,27,2026-09-08T12:29:00Z,2026-09-08T12:30:00Z,74,75
T_GRIFW-1,GRIFW-1,2026-09-08,28,2026-09-08T12:30:00Z,2026-09-08T13:00:00Z,75,75
T_GRIFW-1,GRIFW-1,2026-09-08,29,2026-09-08T13:00:00Z,2026-09-08T13:30:00Z,75,75
T_GRIFW-1,GRIFW-1,2026-09-08,30,2026-09-08T13:30:00Z,2026-09-08T13:59:00Z,74,74
T_GRIFW-1,GRIFW-1,2026-09-08,30,2026-09-08T13:59:00Z,2026-09-08T14:00:00Z,74,73
T_GRIFW-1,GRIFW-1,2026-09-08,31,2026-09-08T14:00:00Z,2026-09-08T14:29:00Z,73,73
T_GRIFW-1,GRIFW-1,2026-09-08,31,2026-09-08T14:29:00Z,2026-09-08T14:30:00Z,73,74
T_GRIFW-1,GRIFW-1,2026-09-08,32,2026-09-08T14:30:00Z,2026-09-08T15:00:00Z,74,74
T_GRIFW-1,GRIFW-1,2026-09-08,33,2026-09-08T15:00:00Z,2026-09-08T15:29:00Z,74,74
T_GRIFW-1,GRIFW-1,2026-09-08,33,2026-09-08T15:29:00Z,2026-09-08T15:30:00Z,74,75
T_GRIFW-1,GRIFW-1,2026-09-08,34,2026-09-08T15:30:00Z,2026-09-08T16:00:00Z,75,75
T_GRIFW-1,GRIFW-1,2026-09-08,35,2026-09-08T16:00:00Z,2026-09-08T16:29:00Z,76,76
T_GRIFW-1,GRIFW-1,2026-09-08,35,2026-09-08T16:29:00Z,2026-09-08T16:30:00Z,76,77
T_GRIFW-1,GRIFW-1,2026-09-08,36,2026-09-08T16:30:00Z,2026-09-08T16:59:00Z,77,77
T_GRIFW-1,GRIFW-1,2026-09-08,36,2026-09-08T16:59:00Z,2026-09-08T17:00:00Z,77,76
T_GRIFW-1,GRIFW-1,2026-09-08,37,2026-09-08T17:00:00Z,2026-09-08T17:30:00Z,76,76
T_GRIFW-1,GRIFW-1,2026-09-08,38,2026-09-08T17:30:00Z,2026-09-08T17:59:00Z,76,76
T_GRIFW-1,GRIFW-1,2026-09-08,38,2026-09-08T17:59:00Z,2026-09-08T18:00:00Z,76,74
T_GRIFW-1,GRIFW-1,2026-09-08,39,2026-09-08T18:00:00Z,2026-09-08T18:29:00Z,74,74
T_GRIFW-1,GRIFW-1,2026-09-08,39,2026-09-08T18:29:00Z,2026-09-08T18:30:00Z,74,72
T_GRIFW-1,GRIFW-1,2026-09-08,40,2026-09-08T18:30:00Z,2026-09-08T18:59:00Z,72,72
T_GRIFW-1,GRIFW-1,2026-09-08,40,2026-09-08T18:59:00Z,2026-09-08T19:00:00Z,72,69
T_GRIFW-1,GRIFW-1,2026-09-08,41,2026-09-08T19:00:00Z,2026-09-08T19:29:00Z,70,70
T_GRIFW-1,GRIFW-1,2026-09-08,41,2026-09-08T19:29:00Z,2026-09-08T19:30:00Z,70,68
T_GRIFW-1,GRIFW-1,2026-09-08,42,2026-09-08T19:30:00Z,2026-09-08T19:59:00Z,68,68
T_GRIFW-1,GRIFW-1,2026-09-08,42,2026-09-08T19:59:00Z,2026-09-08T20:00:00Z,68,64
T_GRIFW-1,GRIFW-1,2026-09-08,43,2026-09-08T20:00:00Z,2026-09-08T20:29:00Z,65,65
T_GRIFW-1,GRIFW-1,2026-09-08,43,2026-09-08T20:29:00Z,2026-09-08T20:30:00Z,65,62
T_GRIFW-1,GRIFW-1,2026-09-08,44,2026-09-08T20:30:00Z,2026-09-08T20:59:00Z,62,62
T_GRIFW-1,GRIFW-1,2026-09-08,44,2026-09-08T20:59:00Z,2026-09-08T21:00:00Z,62,59
T_GRIFW-1,GRIFW-1,2026-09-08,45,2026-09-08T21:00:00Z,2026-09-08T21:29:00Z,60,60
T_GRIFW-1,GRIFW-1,2026-09-08,45,2026-09-08T21:29:00Z,2026-09-08T21:30:00Z,60,58
T_GRIFW-1,GRIFW-1,2026-09-08,46,2026-09-08T21:30:00Z,2026-09-08T21:59:00Z,58,58
T_GRIFW-1,GRIFW-1,2026-09-08,46,2026-09-08T21:59:00Z,2026-09-08T22:00:00Z,58,56
T_GRIFW-1,GRIFW-1,2026-09-08,47,2026-09-08T22:00:00Z,2026-09-08T22:29:00Z,56,56
T_GRIFW-1,GRIFW-1,2026-09-08,47,2026-09-08T22:29:00Z,2026-09-08T22:30:00Z,56,55
T_GRIFW-1,GRIFW-1,2026-09-08,48,2026-09-08T22:30:00Z,2026-09-08T22:59:00Z,55,55
T_GRIFW-1,GRIFW-1,2026-09-08,48,2026-09-08T22:59:00Z,2026-09-08T23:00:00Z,55,53
T_GRIFW-2,GRIFW-2,2026-09-08,1,2026-09-07T23:00:00Z,2026-09-07T23:29:00Z,63,63
T_GRIFW-2,GRIFW-2,2026-09-08,1,2026-09-07T23:29:00Z,2026-09-07T23:30:00Z,63,65
T_GRIFW-2,GRIFW-2,2026-09-08,2,2026-09-07T23:30:00Z,2026-09-07T23:59:00Z,65,65
T_GRIFW-2,GRIFW-2,2026-09-08,2,2026-09-07T23:59:00Z,2026-09-08T00:00:00Z,65,66
T_GRIFW-2,GRIFW-2,2026-09-08,3,2026-09-08T00:00:00Z,2026-09-08T00:29:00Z,66,66
T_GRIFW-2,GRIFW-2,2026-09-08,3,2026-09-08T00:29:00Z,2026-09-08T00:30:00Z,66,67
T_GRIFW-2,GRIFW-2,2026-09-08,4,2026-09-08T00:30:00Z,2026-09-08T01:00:00Z,67,67
T_GRIFW-2,GRIFW-2,2026-09-08,5,2026-09-08T01:00:00Z,2026-09-08T01:29:00Z,67,67
T_GRIFW-2,GRIFW-2,2026-09-08,5,2026-09-08T01:29:00Z,2026-09-08T01:30:00Z,67,66
T_GRIFW-2,GRIFW-2,2026-09-08,6,2026-09-08T01:30:00Z,2026-09-08T02:00:00Z,66,66
T_GRIFW-2,GRIFW-2,2026-09-08,7,2026-09-08T02:00:00Z,2026-09-08T02:29:00Z,66,66
T_GRIFW-2,GRIFW-2,2026-09-08,7,2026-09-08T02:29:00Z,2026-09-08T02:30:00Z,66,65
T_GRIFW-2,GRIFW-2,2026-09-08,8,2026-09-08T02:30:00Z,2026-09-08T02:59:00Z,64,64
T_GRIFW-2,GRIFW-2,2026-09-08,8,2026-09-08T02:59:00Z,2026-09-08T03:00:00Z,64,62
T_GRIFW-2,GRIFW-2,2026-09-08,9,2026-09-08T03:00:00Z,2026-09-08T03:29:00Z,62,62
T_GRIFW-2,GRIFW-2,2026-09-08,9,2026-09-08T03:29:00Z,2026-09-08T03:30:00Z,62,61
T_GRIFW-2,GRIFW-2,2026-09-08,10,2026-09-08T03:30:00Z,2026-09-08T03:59:00Z,61,61
T_GRIFW-2,GRIFW-2,2026-09-08,10,2026-09-08T03:59:00Z,2026-09-08T04:00:00Z,61,59
T_GRIFW-2,GRIFW-2,2026-09-08,11,2026-09-08T04:00:00Z,2026-09-08T04:29:00Z,59,59
T_GRIFW-2,GRIFW-2,2026-09-08,11,2026-09-08T04:29:00Z,2026-09-08T04:30:00Z,59,58
T_GRIFW-2,GRIFW-2,2026-09-08,12,2026-09-08T04:30:00Z,2026-09-08T04:59:00Z,58,58
T_GRIFW-2,GRIFW-2,2026-09-08,12,2026-09-08T04:59:00Z,2026-09-08T05:00:00Z,58,57
T_GRIFW-2,GRIFW-2,2026-09-08,13,2026-09-08T05:00:00Z,2026-09-08T05:29:00Z,57,57
T_GRIFW-2,GRIFW-2,2026-09-08,13,2026-09-08T05:29:00Z,2026-09-08T05:30:00Z,57,55
T_GRIFW-2,GRIFW-2,2026-09-08,14,2026-09-08T05:30:00Z,2026-09-08T05:59:00Z,54,54
T_GRIFW-2,GRIFW-2,2026-09-08,14,2026-09-08T05:59:00Z,2026-09-08T06:00:00Z,54,53
T_GRIFW-2,GRIFW-2,2026-09-08,15,2026-09-08T06:00:00Z,2026-09-08T06:29:00Z,53,53
T_GRIFW-2,GRIFW-2,2026-09-08,15,2026-09-08T06:29:00Z,2026-09-08T06:30:00Z,53,51
T_GRIFW-2,GRIFW-2,2026-09-08,16,2026-09-08T06:30:00Z,2026-09-08T06:59:00Z,51,51
T_GRIFW-2,GRIFW-2,2026-09-08,16,2026-09-08T06:59:00Z,2026-09-08T07:00:00Z,51,53
T_GRIFW-2,GRIFW-2,2026-09-08,17,2026-09-08T07:00:00Z,2026-09-08T07:29:00Z,53,53
T_GRIFW-2,GRIFW-2,2026-09-08,17,2026-09-08T07:29:00Z,2026-09-08T07:30:00Z,53,56
T_GRIFW-2,GRIFW-2,2026-09-08,18,2026-09-08T07:30:00Z,2026-09-08T07:59:00Z,55,55
T_GRIFW-2,GRIFW-2,2026-09-08,18,2026-09-08T07:59:00Z,2026-09-08T08:00:00Z,55,56
T_GRIFW-2,GRIFW-2,2026-09-08,19,2026-09-08T08:00:00Z,2026-09-08T08:29:00Z,56,56
T_GRIFW-2,GRIFW-2,2026-09-08,19,2026-09-08T08:29:00Z,2026-09-08T08:30:00Z,56,59
T_GRIFW-2,GRIFW-2,2026-09-08,20,2026-09-08T08:30:00Z,2026-09-08T08:59:00Z,59,59
T_GRIFW-2,GRIFW-2,2026-09-08,20,2026-09-08T08:59:00Z,2026-09-08T09:00:00Z,59,62
T_GRIFW-2,GRIFW-2,2026-09-08,21,2026-09-08T09:00:00Z,2026-09-08T09:29:00Z,62,62
T_GRIFW-2,GRIFW-2,2026-09-08,21,2026-09-08T09:29:00Z,2026-09-08T09:30:00Z,62,65
T_GRIFW-2,GRIFW-2,2026-09-08,22,2026-09-08T09:30:00Z,2026-09-08T09:59:00Z,65,65
T_GRIFW-2,GRIFW-2,2026-09-08,22,2026-09-08T09:59:00Z,2026-09-08T10:00:00Z,65,67
T_GRIFW-2,GRIFW-2,2026-09-08,23,2026-09-08T10:00:00Z,2026-09-08T10:29:00Z,67,67
T_GRIFW-2,GRIFW-2,2026-09-08,23,2026-09-08T10:29:00Z,2026-09-08T10:30:00Z,67,68
T_GRIFW-2,GRIFW-2,2026-09-08,24,2026-09-08T10:30:00Z,2026-09-08T10:59:00Z,64,64
T_GRIFW-2,GRIFW-2,2026-09-08,24,2026-09-08T10:59:00Z,2026-09-08T11:00:00Z,64,68
T_GRIFW-2,GRIFW-2,2026-09-08,25,2026-09-08T11:00:00Z,2026-09-08T11:29:00Z,58,58
T_GRIFW-2,GRIFW-2,2026-09-08,25,2026-09-08T11:29:00Z,2026-09-08T11:30:00Z,58,61
T_GRIFW-2,GRIFW-2,2026-09-08,26,2026-09-08T11:30:00Z,2026-09-08T11:59:00Z,61,61
T_GRIFW-2,GRIFW-2,2026-09-08,26,2026-09-08T11:59:00Z,2026-09-08T12:00:00Z,61,63
T_GRIFW-2,GRIFW-2,2026-09-08,27,2026-09-08T12:00:00Z,2026-09-08T12:29:00Z,50,50
T_GRIFW-2,GRIFW-2,2026-09-08,27,2026-09-08T12:29:00Z,2026-09-08T12:30:00Z,50,53
T_GRIFW-2,GRIFW-2,2026-09-08,28,2026-09-08T12:30:00Z,2026-09-08T12:59:00Z,53,53
T_GRIFW-2,GRIFW-2,2026-09-08,28,2026-09-08T12:59:00Z,2026-09-08T13:00:00Z,53,56
T_GRIFW-2,GRIFW-2,2026-09-08,29,2026-09-08T13:00:00Z,2026-09-08T13:29:00Z,56,56
T_GRIFW-2,GRIFW-2,2026-09-08,29,2026-09-08T13:29:00Z,2026-09-08T13:30:00Z,56,59
T_GRIFW-2,GRIFW-2,2026-09-08,30,2026-09-08T13:30:00Z,2026-09-08T13:59:00Z,59,59
T_GRIFW-2,GRIFW-2,2026-09-08,30,2026-09-08T13:59:00Z,2026-09-08T14:00:00Z,59,63
T_GRIFW-2,GRIFW-2,2026-09-08,31,2026-09-08T14:00:00Z,2026-09-08T14:30:00Z,78,78
T_GRIFW-2,GRIFW-2,2026-09-08,32,2026-09-08T14:30:00Z,2026-09-08T15:00:00Z,79,79
T_GRIFW-2,GRIFW-2,2026-09-08,33,2026-09-08T15:00:00Z,2026-09-08T15:30:00Z,79,79
T_GRIFW-2,GRIFW-2,2026-09-08,34,2026-09-08T15:30:00Z,2026-09-08T16:00:00Z,79,79
T_GRIFW-2,GRIFW-2,2026-09-08,35,2026-09-08T16:00:00Z,2026-09-08T16:29:00Z,79,79
T_GRIFW-2,GRIFW-2,2026-09-08,35,2026-09-08T16:29:00Z,2026-09-08T16:30:00Z,79,80
T_GRIFW-2,GRIFW-2,2026-09-08,36,2026-09-08T16:30:00Z,2026-09-08T16:59:00Z,81,81
T_GRIFW-2,GRIFW-2,2026-09-08,36,2026-09-08T16:59:00Z,2026-09-08T17:00:00Z,81,80
T_GRIFW-2,GRIFW-2,2026-09-08,37,2026-09-08T17:00:00Z,2026-09-08T17:29:00Z,80,80
T_GRIFW-2,GRIFW-2,2026-09-08,37,2026-09-08T17:29:00Z,2026-09-08T17:30:00Z,80,79
T_GRIFW-2,GRIFW-2,2026-09-08,38,2026-09-08T17:30:00Z,2026-09-08T17:59:00Z,80,80
T_GRIFW-2,GRIFW-2,2026-09-08,38,2026-09-08T17:59:00Z,2026-09-08T18:00:00Z,80,78
T_GRIFW-2,GRIFW-2,2026-09-08,39,2026-09-08T18:00:00Z,2026-09-08T18:29:00Z,78,78
T_GRIFW-2,GRIFW-2,2026-09-08,39,2026-09-08T18:29:00Z,2026-09-08T18:30:00Z,78,76
T_GRIFW-2,GRIFW-2,2026-09-08,40,2026-09-08T18:30:00Z,2026-09-08T18:59:00Z,76,76
T_GRIFW-2,GRIFW-2,2026-09-08,40,2026-09-08T18:59:00Z,2026-09-08T19:00:00Z,76,74
T_GRIFW-2,GRIFW-2,2026-09-08,41,2026-09-08T19:00:00Z,2026-09-08T19:29:00Z,74,74
T_GRIFW-2,GRIFW-2,2026-09-08,41,2026-09-08T19:29:00Z,2026-09-08T19:30:00Z,74,71
T_GRIFW-2,GRIFW-2,2026-09-08,42,2026-09-08T19:30:00Z,2026-09-08T19:59:00Z,72,72
T_GRIFW-2,GRIFW-2,2026-09-08,42,2026-09-08T19:59:00Z,2026-09-08T20:00:00Z,72,69
T_GRIFW-2,GRIFW-2,2026-09-08,43,2026-09-08T20:00:00Z,2026-09-08T20:29:00Z,69,69
T_GRIFW-2,GRIFW-2,2026-09-08,43,2026-09-08T20:29:00Z,2026-09-08T20:30:00Z,69,66
T_GRIFW-2,GRIFW-2,2026-09-08,44,2026-09-08T20:30:00Z,2026-09-08T20:59:00Z,66,66
T_GRIFW-2,GRIFW-2,2026-09-08,44,2026-09-08T20:59:00Z,2026-09-08T21:00:00Z,66,64
T_GRIFW-2,GRIFW-2,2026-09-08,45,2026-09-08T21:00:00Z,2026-09-08T21:29:00Z,64,64
T_GRIFW-2,GRIFW-2,2026-09-08,45,2026-09-08T21:29:00Z,2026-09-08T21:30:00Z,64,61
T_GRIFW-2,GRIFW-2,2026-09-08,46,2026-09-08T21:30:00Z,2026-09-08T21:59:00Z,61,61
T_GRIFW-2,GRIFW-2,2026-09-08,46,2026-09-08T21:59:00Z,2026-09-08T22:00:00Z,61,60
T_GRIFW-2,GRIFW-2,2026-09-08,47,2026-09-08T22:00:00Z,2026-09-08T22:29:00Z,60,60
T_GRIFW-2,GRIFW-2,2026-09-08,47,2026-09-08T22:29:00Z,2026-09-08T22:30:00Z,60,59
T_GRIFW-2,GRIFW-2,2026-09-08,48,2026-09-08T22:30:00Z,2026-09-08T22:59:00Z,57,57
T_GRIFW-2,GRIFW-2,2026-09-08,48,2026-09-08T22:59:00Z,2026-09-08T23:00:00Z,57,56
T_GYMR-15,GYMRO-15,2026-09-08,1,2026-09-07T23:00:00Z,2026-09-07T23:30:00Z,71,71
T_GYMR-15,GYMRO-15,2026-09-08,2,2026-09-07T23:30:00Z,2026-09-08T00:00:00Z,60,60
T_GYMR-15,GYMRO-15,2026-09-08,3,2026-09-08T00:00:00Z,2026-09-08T00:30:00Z,63,63
T_GYMR-15,GYMRO-15,2026-09-08,4,2026-09-08T00:30:00Z,2026-09-08T01:00:00Z,67,67
T_GYMR-15,GYMRO-15,2026-09-08,5,2026-09-08T01:00:00Z,2026-09-08T01:30:00Z,70,70
T_GYMR-15,GYMRO-15,2026-09-08,6,2026-09-08T01:30:00Z,2026-09-08T02:00:00Z,75,75
T_GYMR-15,GYMRO-15,2026-09-08,7,2026-09-08T02:00:00Z,2026-09-08T02:30:00Z,75,75
T_GYMR-15,GYMRO-15,2026-09-08,8,2026-09-08T02:30:00Z,2026-09-08T03:00:00Z,75,75
T_GYMR-15,GYMRO-15,2026-09-08,9,2026-09-08T03:00:00Z,2026-09-08T03:30:00Z,74,74
T_GYMR-15,GYMRO-15,2026-09-08,10,2026-09-08T03:30:00Z,2026-09-08T04:00:00Z,42,42
T_GYMR-15,GYMRO-15,2026-09-08,11,2026-09-08T04:00:00Z,2026-09-08T04:30:00Z,46,46
T_GYMR-15,GYMRO-15,2026-09-08,12,2026-09-08T04:30:00Z,2026-09-08T05:00:00Z,51,51
T_GYMR-15,GYMRO-15,2026-09-08,13,2026-09-08T05:00:00Z,2026-09-08T05:30:00Z,56,56
T_GYMR-15,GYMRO-15,2026-09-08,14,2026-09-08T05:30:00Z,2026-09-08T06:00:00Z,62,62
T_GYMR-15,GYMRO-15,2026-09-08,15,2026-09-08T06:00:00Z,2026-09-08T06:30:00Z,68,68
T_GYMR-15,GYMRO-15,2026-09-08,16,2026-09-08T06:30:00Z,2026-09-08T07:00:00Z,73,73
T_GYMR-15,GYMRO-15,2026-09-08,17,2026-09-08T07:00:00Z,2026-09-08T07:30:00Z,78,78
T_GYMR-15,GYMRO-15,2026-09-08,18,2026-09-08T07:30:00Z,2026-09-08T08:00:00Z,80,80
T_GYMR-15,GYMRO-15,2026-09-08,19,2026-09-08T08:00:00Z,2026-09-08T08:30:00Z,84,84
T_GYMR-15,GYMRO-15,2026-09-08,20,2026-09-08T08:30:00Z,2026-09-08T09:00:00Z,87,87
T_GYMR-15,GYMRO-15,2026-09-08,21,2026-09-08T09:00:00Z,2026-09-08T09:30:00Z,89,89
T_GYMR-15,GYMRO-15,2026-09-08,22,2026-09-08T09:30:00Z,2026-09-08T10:00:00Z,85,85
T_GYMR-15,GYMRO-15,2026-09-08,23,2026-09-08T10:00:00Z,2026-09-08T10:30:00Z,87,87
T_GYMR-15,GYMRO-15,2026-09-08,24,2026-09-08T10:30:00Z,2026-09-08T11:00:00Z,92,92
T_GYMR-15,GYMRO-15,2026-09-08,25,2026-09-08T11:00:00Z,2026-09-08T11:30:00Z,97,97
T_GYMR-15,GYMRO-15,2026-09-08,26,2026-09-08T11:30:00Z,2026-09-08T12:00:00Z,102,102
T_GYMR-15,GYMRO-15,2026-09-08,27,2026-09-08T12:00:00Z,2026-09-08T12:30:00Z,105,105
T_GYMR-15,GYMRO-15,2026-09-08,28,2026-09-08T12:30:00Z,2026-09-08T13:00:00Z,107,107
T_GYMR-15,GYMRO-15,2026-09-08,29,2026-09-08T13:00:00Z,2026-09-08T13:30:00Z,108,108
T_GYMR-15,GYMRO-15,2026-09-08,30,2026-09-08T13:30:00Z,2026-09-08T14:00:00Z,104,104
T_GYMR-15,GYMRO-15,2026-09-08,31,2026-09-08T14:00:00Z,2026-09-08T14:30:00Z,104,104
T_GYMR-15,GYMRO-15,2026-09-08,32,2026-09-08T14:30:00Z,2026-09-08T15:00:00Z,105,105
T_GYMR-15,GYMRO-15,2026-09-08,33,2026-09-08T15:00:00Z,2026-09-08T15:30:00Z,105,105
T_GYMR-15,GYMRO-15,2026-09-08,34,2026-09-08T15:30:00Z,2026-09-08T16:00:00Z,111,111
T_GYMR-15,GYMRO-15,2026-09-08,35,2026-09-08T16:00:00Z,2026-09-08T16:30:00Z,111,111
T_GYMR-15,GYMRO-15,2026-09-08,36,2026-09-08T16:30:00Z,2026-09-08T17:00:00Z,112,112
T_GYMR-15,GYMRO-15,2026-09-08,37,2026-09-08T17:00:00Z,2026-09-08T17:30:00Z,113,113
T_GYMR-15,GYMRO-15,2026-09-08,38,2026-09-08T17:30:00Z,2026-09-08T18:00:00Z,115,115
T_GYMR-15,GYMRO-15,2026-09-08,39,2026-09-08T18:00:00Z,2026-09-08T18:30:00Z,117,117
T_GYMR-15,GYMRO-15,2026-09-08,40,2026-09-08T18:30:00Z,2026-09-08T19:00:00Z,120,120
T_GYMR-15,GYMRO-15,2026-09-08,41,2026-09-08T19:00:00Z,2026-09-08T19:30:00Z,122,122
T_GYMR-15,GYMRO-15,2026-09-08,42,2026-09-08T19:30:00Z,2026-09-08T20:00:00Z,121,121
T_GYMR-15,GYMRO-15,2026-09-08,43,2026-09-08T20:00:00Z,2026-09-08T20:30:00Z,121,121
T_GYMR-15,GYMRO-15,2026-09-08,44,2026-09-08T20:30:00Z,2026-09-08T21:00:00Z,122,122
T_GYMR-15,GYMRO-15,2026-09-08,45,2026-09-08T21:00:00Z,2026-09-08T21:30:00Z,123,123
T_GYMR-15,GYMRO-15,2026-09-08,46,2026-09-08T21:30:00Z,2026-09-08T22:00:00Z,124,124
T_GYMR-15,GYMRO-15,2026-09-08,47,2026-09-08T22:00:00Z,2026-09-08T22:30:00Z,124,124
T_GYMR-15,GYMRO-15,2026-09-08,48,2026-09-08T22:30:00Z,2026-09-08T23:00:00Z,124,124
T_GYMR-17,GYMRO-17,2026-09-08,1,2026-09-07T23:00:00Z,2026-09-07T23:30:00Z,95,95
T_GYMR-17,GYMRO-17,2026-09-08,2,2026-09-07T23:30:00Z,2026-09-08T00:00:00Z,95,95
T_GYMR-17,GYMRO-17,2026-09-08,3,2026-09-08T00:00:00Z,2026-09-08T00:30:00Z,98,98
T_GYMR-17,GYMRO-17,2026-09-08,4,2026-09-08T00:30:00Z,2026-09-08T01:00:00Z,101,101
T_GYMR-17,GYMRO-17,2026-09-08,5,2026-09-08T01:00:00Z,2026-09-08T01:30:00Z,103,103
T_GYMR-17,GYMRO-17,2026-09-08,6,2026-09-08T01:30:00Z,2026-09-08T02:00:00Z,102,102
T_GYMR-17,GYMRO-17,2026-09-08,7,2026-09-08T02:00:00Z,2026-09-08T02:30:00Z,101,101
T_GYMR-17,GYMRO-17,2026-09-08,8,2026-09-08T02:30:00Z,2026-09-08T03:00:00Z,100,100
T_GYMR-17,GYMRO-17,2026-09-08,9,2026-09-08T03:00:00Z,2026-09-08T03:30:00Z,99,99
T_GYMR-17,GYMRO-17,2026-09-08,10,2026-09-08T03:30:00Z,2026-09-08T04:00:00Z,83,83
T_GYMR-17,GYMRO-17,2026-09-08,11,2026-09-08T04:00:00Z,2026-09-08T04:30:00Z,85,85
T_GYMR-17,GYMRO-17,2026-09-08,12,2026-09-08T04:30:00Z,2026-09-08T05:00:00Z,88,88
T_GYMR-17,GYMRO-17,2026-09-08,13,2026-09-08T05:00:00Z,2026-09-08T05:30:00Z,91,91
T_GYMR-17,GYMRO-17,2026-09-08,14,2026-09-08T05:30:00Z,2026-09-08T06:00:00Z,95,95
T_GYMR-17,GYMRO-17,2026-09-08,15,2026-09-08T06:00:00Z,2026-09-08T06:30:00Z,100,100
T_GYMR-17,GYMRO-17,2026-09-08,16,2026-09-08T06:30:00Z,2026-09-08T07:00:00Z,105,105
T_GYMR-17,GYMRO-17,2026-09-08,17,2026-09-08T07:00:00Z,2026-09-08T07:30:00Z,108,108
T_GYMR-17,GYMRO-17,2026-09-08,18,2026-09-08T07:30:00Z,2026-09-08T08:00:00Z,106,106
T_GYMR-17,GYMRO-17,2026-09-08,19,2026-09-08T08:00:00Z,2026-09-08T08:30:00Z,107,107
T_GYMR-17,GYMRO-17,2026-09-08,20,2026-09-08T08:30:00Z,2026-09-08T09:00:00Z,107,107
T_GYMR-17,GYMRO-17,2026-09-08,21,2026-09-08T09:00:00Z,2026-09-08T09:30:00Z,108,108
T_GYMR-17,GYMRO-17,2026-09-08,22,2026-09-08T09:30:00Z,2026-09-08T10:00:00Z,107,107
T_GYMR-17,GYMRO-17,2026-09-08,23,2026-09-08T10:00:00Z,2026-09-08T10:30:00Z,108,108
T_GYMR-17,GYMRO-17,2026-09-08,24,2026-09-08T10:30:00Z,2026-09-08T11:00:00Z,110,110
T_GYMR-17,GYMRO-17,2026-09-08,25,2026-09-08T11:00:00Z,2026-09-08T11:30:00Z,114,114
T_GYMR-17,GYMRO-17,2026-09-08,26,2026-09-08T11:30:00Z,2026-09-08T12:00:00Z,120,120
T_GYMR-17,GYMRO-17,2026-09-08,27,2026-09-08T12:00:00Z,2026-09-08T12:30:00Z,122,122
T_GYMR-17,GYMRO-17,2026-09-08,28,2026-09-08T12:30:00Z,2026-09-08T13:00:00Z,122,122
T_GYMR-17,GYMRO-17,2026-09-08,29,2026-09-08T13:00:00Z,2026-09-08T13:30:00Z,122,122
T_GYMR-17,GYMRO-17,2026-09-08,30,2026-09-08T13:30:00Z,2026-09-08T14:00:00Z,119,119
T_GYMR-17,GYMRO-17,2026-09-08,31,2026-09-08T14:00:00Z,2026-09-08T14:30:00Z,118,118
T_GYMR-17,GYMRO-17,2026-09-08,32,2026-09-08T14:30:00Z,2026-09-08T15:00:00Z,118,118
T_GYMR-17,GYMRO-17,2026-09-08,33,2026-09-08T15:00:00Z,2026-09-08T15:30:00Z,117,117
T_GYMR-17,GYMRO-17,2026-09-08,34,2026-09-08T15:30:00Z,2026-09-08T16:00:00Z,121,121
T_GYMR-17,GYMRO-17,2026-09-08,35,2026-09-08T16:00:00Z,2026-09-08T16:30:00Z,120,120
T_GYMR-17,GYMRO-17,2026-09-08,36,2026-09-08T16:30:00Z,2026-09-08T17:00:00Z,120,120
T_GYMR-17,GYMRO-17,2026-09-08,37,2026-09-08T17:00:00Z,2026-09-08T17:30:00Z,120,120
T_GYMR-17,GYMRO-17,2026-09-08,38,2026-09-08T17:30:00Z,2026-09-08T18:00:00Z,122,122
T_GYMR-17,GYMRO-17,2026-09-08,39,2026-09-08T18:00:00Z,2026-09-08T18:30:00Z,123,123
T_GYMR-17,GYMRO-17,2026-09-08,40,2026-09-08T18:30:00Z,2026-09-08T19:00:00Z,124,124
T_GYMR-17,GYMRO-17,2026-09-08,41,2026-09-08T19:00:00Z,2026-09-08T19:30:00Z,125,125
T_GYMR-17,GYMRO-17,2026-09-08,42,2026-09-08T19:30:00Z,2026-09-08T20:00:00Z,126,126
T_GYMR-17,GYMRO-17,2026-09-08,43,2026-09-08T20:00:00Z,2026-09-08T20:30:00Z,126,126
T_GYMR-17,GYMRO-17,2026-09-08,44,2026-09-08T20:30:00Z,2026-09-08T21:00:00Z,126,126
T_GYMR-17,GYMRO-17,2026-09-08,45,2026-09-08T21:00:00Z,2026-09-08T21:30:00Z,127,127
T_GYMR-17,GYMRO-17,2026-09-08,46,2026-09-08T21:30:00Z,2026-09-08T22:00:00Z,129,129
T_GYMR-17,GYMRO-17,2026-09-08,47,2026-09-08T22:00:00Z,2026-09-08T22:30:00Z,128,128
T_GYMR-17,GYMRO-17,2026-09-08,48,2026-09-08T22:30:00Z,2026-09-08T23:00:00Z,128,128
T_GYMR-26,GYMRO-26,2026-09-08,1,2026-09-07T23:00:00Z,2026-09-07T23:30:00Z,108,108
T_GYMR-26,GYMRO-26,2026-09-08,2,2026-09-07T23:30:00Z,2026-09-08T00:00:00Z,110,110
T_GYMR-26,GYMRO-26,2026-09-08,3,2026-09-08T00:00:00Z,2026-09-08T00:30:00Z,111,111
T_GYMR-26,GYMRO-26,2026-09-08,4,2026-09-08T00:30:00Z,2026-09-08T01:00:00Z,111,111
T_GYMR-26,GYMRO-26,2026-09-08,5,2026-09-08T01:00:00Z,2026-09-08T01:30:00Z,111,111
T_GYMR-26,GYMRO-26,2026-09-08,6,2026-09-08T01:30:00Z,2026-09-08T02:00:00Z,110,110
T_GYMR-26,GYMRO-26,2026-09-08,7,2026-09-08T02:00:00Z,2026-09-08T02:30:00Z,109,109
T_GYMR-26,GYMRO-26,2026-09-08,8,2026-09-08T02:30:00Z,2026-09-08T03:00:00Z,109,109
T_GYMR-26,GYMRO-26,2026-09-08,9,2026-09-08T03:00:00Z,2026-09-08T03:30:00Z,108,108
T_GYMR-26,GYMRO-26,2026-09-08,10,2026-09-08T03:30:00Z,2026-09-08T04:00:00Z,95,95
T_GYMR-26,GYMRO-26,2026-09-08,11,2026-09-08T04:00:00Z,2026-09-08T04:30:00Z,96,96
T_GYMR-26,GYMRO-26,2026-09-08,12,2026-09-08T04:30:00Z,2026-09-08T05:00:00Z,97,97
T_GYMR-26,GYMRO-26,2026-09-08,13,2026-09-08T05:00:00Z,2026-09-08T05:30:00Z,99,99
T_GYMR-26,GYMRO-26,2026-09-08,14,2026-09-08T05:30:00Z,2026-09-08T06:00:00Z,99,99
T_GYMR-26,GYMRO-26,2026-09-08,15,2026-09-08T06:00:00Z,2026-09-08T06:30:00Z,103,103
T_GYMR-26,GYMRO-26,2026-09-08,16,2026-09-08T06:30:00Z,2026-09-08T07:00:00Z,107,107
T_GYMR-26,GYMRO-26,2026-09-08,17,2026-09-08T07:00:00Z,2026-09-08T07:30:00Z,110,110
T_GYMR-26,GYMRO-26,2026-09-08,18,2026-09-08T07:30:00Z,2026-09-08T08:00:00Z,109,109
T_GYMR-26,GYMRO-26,2026-09-08,19,2026-09-08T08:00:00Z,2026-09-08T08:30:00Z,112,112
T_GYMR-26,GYMRO-26,2026-09-08,20,2026-09-08T08:30:00Z,2026-09-08T09:00:00Z,113,113
T_GYMR-26,GYMRO-26,2026-09-08,21,2026-09-08T09:00:00Z,2026-09-08T09:30:00Z,114,114
T_GYMR-26,GYMRO-26,2026-09-08,22,2026-09-08T09:30:00Z,2026-09-08T10:00:00Z,113,113
T_GYMR-26,GYMRO-26,2026-09-08,23,2026-09-08T10:00:00Z,2026-09-08T10:30:00Z,114,114
T_GYMR-26,GYMRO-26,2026-09-08,24,2026-09-08T10:30:00Z,2026-09-08T11:00:00Z,117,117
T_GYMR-26,GYMRO-26,2026-09-08,25,2026-09-08T11:00:00Z,2026-09-08T11:30:00Z,119,119
T_GYMR-26,GYMRO-26,2026-09-08,26,2026-09-08T11:30:00Z,2026-09-08T12:00:00Z,123,123
T_GYMR-26,GYMRO-26,2026-09-08,27,2026-09-08T12:00:00Z,2026-09-08T12:30:00Z,124,124
T_GYMR-26,GYMRO-26,2026-09-08,28,2026-09-08T12:30:00Z,2026-09-08T13:00:00Z,124,124
T_GYMR-26,GYMRO-26,2026-09-08,29,2026-09-08T13:00:00Z,2026-09-08T13:30:00Z,124,124
T_GYMR-26,GYMRO-26,2026-09-08,30,2026-09-08T13:30:00Z,2026-09-08T14:00:00Z,121,121
T_GYMR-26,GYMRO-26,2026-09-08,31,2026-09-08T14:00:00Z,2026-09-08T14:30:00Z,122,122
T_GYMR-26,GYMRO-26,2026-09-08,32,2026-09-08T14:30:00Z,2026-09-08T15:00:00Z,122,122
T_GYMR-26,GYMRO-26,2026-09-08,33,2026-09-08T15:00:00Z,2026-09-08T15:30:00Z,123,123
T_GYMR-26,GYMRO-26,2026-09-08,34,2026-09-08T15:30:00Z,2026-09-08T16:00:00Z,126,126
T_GYMR-26,GYMRO-26,2026-09-08,35,2026-09-08T16:00:00Z,2026-09-08T16:30:00Z,126,126
T_GYMR-26,GYMRO-26,2026-09-08,36,2026-09-08T16:30:00Z,2026-09-08T17:00:00Z,126,126
T_GYMR-26,GYMRO-26,2026-09-08,37,2026-09-08T17:00:00Z,2026-09-08T17:30:00Z,126,126
T_GYMR-26,GYMRO-26,2026-09-08,38,2026-09-08T17:30:00Z,2026-09-08T18:00:00Z,126,126
T_GYMR-26,GYMRO-26,2026-09-08,39,2026-09-08T18:00:00Z,2026-09-08T18:30:00Z,127,127
T_GYMR-26,GYMRO-26,2026-09-08,40,2026-09-08T18:30:00Z,2026-09-08T19:00:00Z,133,133
T_GYMR-26,GYMRO-26,2026-09-08,41,2026-09-08T19:00:00Z,2026-09-08T19:30:00Z,133,133
T_GYMR-26,GYMRO-26,2026-09-08,42,2026-09-08T19:30:00Z,2026-09-08T20:00:00Z,134,134
T_GYMR-26,GYMRO-26,2026-09-08,43,2026-09-08T20:00:00Z,2026-09-08T20:30:00Z,134,134
T_GYMR-26,GYMRO-26,2026-09-08,44,2026-09-08T20:30:00Z,2026-09-08T21:00:00Z,134,134
T_GYMR-26,GYMRO-26,2026-09-08,45,2026-09-08T21:00:00Z,2026-09-08T21:30:00Z,133,133
T_GYMR-26,GYMRO-26,2026-09-08,46,2026-09-08T21:30:00Z,2026-09-08T22:00:00Z,130,130
T_GYMR-26,GYMRO-26,2026-09-08,47,2026-09-08T22:00:00Z,2026-09-08T22:30:00Z,130,130
T_GYMR-26,GYMRO-26,2026-09-08,48,2026-09-08T22:30:00Z,2026-09-08T23:00:00Z,129,129
T_GYMR-28,GYMRO-28,2026-09-08,1,2026-09-07T23:00:00Z,2026-09-07T23:30:00Z,116,116
T_GYMR-28,GYMRO-28,2026-09-08,2,2026-09-07T23:30:00Z,2026-09-08T00:00:00Z,120,120
T_GYMR-28,GYMRO-28,2026-09-08,3,2026-09-08T00:00:00Z,2026-09-08T00:30:00Z,120,120
T_GYMR-28,GYMRO-28,2026-09-08,4,2026-09-08T00:30:00Z,2026-09-08T01:00:00Z,119,119
T_GYMR-28,GYMRO-28,2026-09-08,5,2026-09-08T01:00:00Z,2026-09-08T01:30:00Z,118,118
T_GYMR-28,GYMRO-28,2026-09-08,6,2026-09-08T01:30:00Z,2026-09-08T02:00:00Z,116,116
T_GYMR-28,GYMRO-28,2026-09-08,7,2026-09-08T02:00:00Z,2026-09-08T02:30:00Z,115,115
T_GYMR-28,GYMRO-28,2026-09-08,8,2026-09-08T02:30:00Z,2026-09-08T03:00:00Z,114,114
T_GYMR-28,GYMRO-28,2026-09-08,9,2026-09-08T03:00:00Z,2026-09-08T03:30:00Z,113,113
T_GYMR-28,GYMRO-28,2026-09-08,10,2026-09-08T03:30:00Z,2026-09-08T04:00:00Z,101,101
T_GYMR-28,GYMRO-28,2026-09-08,11,2026-09-08T04:00:00Z,2026-09-08T04:30:00Z,102,102
T_GYMR-28,GYMRO-28,2026-09-08,12,2026-09-08T04:30:00Z,2026-09-08T05:00:00Z,104,104
T_GYMR-28,GYMRO-28,2026-09-08,13,2026-09-08T05:00:00Z,2026-09-08T05:30:00Z,106,106
T_GYMR-28,GYMRO-28,2026-09-08,14,2026-09-08T05:30:00Z,2026-09-08T06:00:00Z,105,105
T_GYMR-28,GYMRO-28,2026-09-08,15,2026-09-08T06:00:00Z,2026-09-08T06:30:00Z,109,109
T_GYMR-28,GYMRO-28,2026-09-08,16,2026-09-08T06:30:00Z,2026-09-08T07:00:00Z,113,113
T_GYMR-28,GYMRO-28,2026-09-08,17,2026-09-08T07:00:00Z,2026-09-08T07:30:00Z,116,116
T_GYMR-28,GYMRO-28,2026-09-08,18,2026-09-08T07:30:00Z,2026-09-08T08:00:00Z,116,116
T_GYMR-28,GYMRO-28,2026-09-08,19,2026-09-08T08:00:00Z,2026-09-08T08:30:00Z,117,117
T_GYMR-28,GYMRO-28,2026-09-08,20,2026-09-08T08:30:00Z,2026-09-08T09:00:00Z,117,117
T_GYMR-28,GYMRO-28,2026-09-08,21,2026-09-08T09:00:00Z,2026-09-08T09:30:00Z,118,118
T_GYMR-28,GYMRO-28,2026-09-08,22,2026-09-08T09:30:00Z,2026-09-08T10:00:00Z,116,116
T_GYMR-28,GYMRO-28,2026-09-08,23,2026-09-08T10:00:00Z,2026-09-08T10:30:00Z,117,117
T_GYMR-28,GYMRO-28,2026-09-08,24,2026-09-08T10:30:00Z,2026-09-08T11:00:00Z,120,120
T_GYMR-28,GYMRO-28,2026-09-08,25,2026-09-08T11:00:00Z,2026-09-08T11:30:00Z,123,123
T_GYMR-28,GYMRO-28,2026-09-08,26,2026-09-08T11:30:00Z,2026-09-08T12:00:00Z,128,128
T_GYMR-28,GYMRO-28,2026-09-08,27,2026-09-08T12:00:00Z,2026-09-08T12:30:00Z,129,129
T_GYMR-28,GYMRO-28,2026-09-08,28,2026-09-08T12:30:00Z,2026-09-08T13:00:00Z,130,130
T_GYMR-28,GYMRO-28,2026-09-08,29,2026-09-08T13:00:00Z,2026-09-08T13:30:00Z,130,130
T_GYMR-28,GYMRO-28,2026-09-08,30,2026-09-08T13:30:00Z,2026-09-08T14:00:00Z,127,127
T_GYMR-28,GYMRO-28,2026-09-08,31,2026-09-08T14:00:00Z,2026-09-08T14:30:00Z,127,127
T_GYMR-28,GYMRO-28,2026-09-08,32,2026-09-08T14:30:00Z,2026-09-08T15:00:00Z,128,128
T_GYMR-28,GYMRO-28,2026-09-08,33,2026-09-08T15:00:00Z,2026-09-08T15:30:00Z,127,127
T_GYMR-28,GYMRO-28,2026-09-08,34,2026-09-08T15:30:00Z,2026-09-08T16:00:00Z,129,129
T_GYMR-28,GYMRO-28,2026-09-08,35,2026-09-08T16:00:00Z,2026-09-08T16:30:00Z,129,129
T_GYMR-28,GYMRO-28,2026-09-08,36,2026-09-08T16:30:00Z,2026-09-08T17:00:00Z,129,129
T_GYMR-28,GYMRO-28,2026-09-08,37,2026-09-08T17:00:00Z,2026-09-08T17:30:00Z,129,129
T_GYMR-28,GYMRO-28,2026-09-08,38,2026-09-08T17:30:00Z,2026-09-08T18:00:00Z,129,129
T_GYMR-28,GYMRO-28,2026-09-08,39,2026-09-08T18:00:00Z,2026-09-08T18:30:00Z,130,130
T_GYMR-28,GYMRO-28,2026-09-08,40,2026-09-08T18:30:00Z,2026-09-08T19:00:00Z,136,136
T_GYMR-28,GYMRO-28,2026-09-08,41,2026-09-08T19:00:00Z,2026-09-08T19:30:00Z,137,137
T_GYMR-28,GYMRO-28,2026-09-08,42,2026-09-08T19:30:00Z,2026-09-08T20:00:00Z,138,138
T_GYMR-28,GYMRO-28,2026-09-08,43,2026-09-08T20:00:00Z,2026-09-08T20:30:00Z,138,138
T_GYMR-28,GYMRO-28,2026-09-08,44,2026-09-08T20:30:00Z,2026-09-08T21:00:00Z,138,138
T_GYMR-28,GYMRO-28,2026-09-08,45,2026-09-08T21:00:00Z,2026-09-08T21:30:00Z,138,138
T_GYMR-28,GYMRO-28,2026-09-08,46,2026-09-08T21:30:00Z,2026-09-08T22:00:00Z,134,134
T_GYMR-28,GYMRO-28,2026-09-08,47,2026-09-08T22:00:00Z,2026-09-08T22:30:00Z,134,134
T_GYMR-28,GYMRO-28,2026-09-08,48,2026-09-08T22:30:00Z,2026-09-08T23:00:00Z,134,134
T_HADHW-1,HADHW-1,2026-09-08,1,2026-09-07T23:00:00Z,2026-09-07T23:30:00Z,0,0
T_HADHW-1,HADHW-1,2026-09-08,2,2026-09-07T23:30:00Z,2026-09-08T00:00:00Z,0,0
T_HADHW-1,HADHW-1,2026-09-08,3,2026-09-08T00:00:00Z,2026-09-08T00:30:00Z,0,0
T_HADHW-1,HADHW-1,2026-09-08,4,2026-09-08T00:30:00Z,2026-09-08T01:00:00Z,0,0
T_HADHW-1,HADHW-1,2026-09-08,5,2026-09-08T01:00:00Z,2026-09-08T01:30:00Z,0,0
T_HADHW-1,HADHW-1,2026-09-08,6,2026-09-08T01:30:00Z,2026-09-08T02:00:00Z,0,0
T_HADHW-1,HADHW-1,2026-09-08,7,2026-09-08T02:00:00Z,2026-09-08T02:30:00Z,0,0
T_HADHW-1,HADHW-1,2026-09-08,8,2026-09-08T02:30:00Z,2026-09-08T03:00:00Z,0,0
T_HADHW-1,HADHW-1,2026-09-08,9,2026-09-08T03:00:00Z,2026-09-08T03:30:00Z,0,0
T_HADHW-1,HADHW-1,2026-09-08,10,2026-09-08T03:30:00Z,2026-09-08T04:00:00Z,0,0
T_HADHW-1,HADHW-1,2026-09-08,11,2026-09-08T04:00:00Z,2026-09-08T04:30:00Z,0,0
T_HADHW-1,HADHW-1,2026-09-08,12,2026-09-08T04:30:00Z,2026-09-08T05:00:00Z,0,0
T_HADHW-1,HADHW-1,2026-09-08,13,2026-09-08T05:00:00Z,2026-09-08T05:30:00Z,0,0
T_HADHW-1,HADHW-1,2026-09-08,14,2026-09-08T05:30:00Z,2026-09-08T06:00:00Z,0,0
T_HADHW-1,HADHW-1,2026-09-08,15,2026-09-08T06:00:00Z,2026-09-08T06:30:00Z,0,0
T_HADHW-1,HADHW-1,2026-09-08,16,2026-09-08T06:30:00Z,2026-09-08T07:00:00Z,0,0
T_HADHW-1,HADHW-1,2026-09-08,17,2026-09-08T07:00:00Z,2026-09-08T07:30:00Z,0,0
T_HADHW-1,HADHW-1,2026-09-08,18,2026-09-08T07:30:00Z,2026-09-08T08:00:00Z,0,0
T_HADHW-1,HADHW-1,2026-09-08,19,2026-09-08T08:00:00Z,2026-09-08T08:30:00Z,0,0
T_HADHW-1,HADHW-1,2026-09-08,20,2026-09-08T08:30:00Z,2026-09-08T09:00:00Z,0,0
T_HADHW-1,HADHW-1,2026-09-08,21,2026-09-08T09:00:00Z,2026-09-08T09:30:00Z,0,0
T_HADHW-1,HADHW-1,2026-09-08,22,2026-09-08T09:30:00Z,2026-09-08T10:00:00Z,0,0
T_HADHW-1,HADHW-1,2026-09-08,23,2026-09-08T10:00:00Z,2026-09-08T10:30:00Z,0,0
T_HADHW-1,HADHW-1,2026-09-08,24,2026-09-08T10:30:00Z,2026-09-08T11:00:00Z,0,0
T_HADHW-1,HADHW-1,2026-09-08,25,2026-09-08T11:00:00Z,2026-09-08T11:30:00Z,0,0
T_HADHW-1,HADHW-1,2026-09-08,26,2026-09-08T11:30:00Z,2026-09-08T12:00:00Z,0,0
T_HADHW-1,HADHW-1,2026-09-08,27,2026-09-08T12:00:00Z,2026-09-08T12:30:00Z,0,0
T_HADHW-1,HADHW-1,2026-09-08,28,2026-09-08T12:30:00Z,2026-09-08T13:00:00Z,0,0
T_HADHW-1,HADHW-1,2026-09-08,29,2026-09-08T13:00:00Z,2026-09-08T13:30:00Z,0,0
T_HADHW-1,HADHW-1,2026-09-08,30,2026-09-08T13:30:00Z,2026-09-08T14:00:00Z,0,0
T_HADHW-1,HADHW-1,2026-09-08,31,2026-09-08T14:00:00Z,2026-09-08T14:30:00Z,0,0
T_HADHW-1,HADHW-1,2026-09-08,32,2026-09-08T14:30:00Z,2026-09-08T15:00:00Z,0,0
T_HADHW-1,HADHW-1,2026-09-08,33,2026-09-08T15:00:00Z,2026-09-08T15:30:00Z,0,0
T_HADHW-1,HADHW-1,2026-09-08,34,2026-09-08T15:30:00Z,2026-09-08T16:00:00Z,0,0
T_HADHW-1,HADHW-1,2026-09-08,35,2026-09-08T16:00:00Z,2026-09-08T16:30:00Z,0,0
T_HADHW-1,HADHW-1,2026-09-08,36,2026-09-08T16:30:00Z,2026-09-08T17:00:00Z,0,0
T_HADHW-1,HADHW-1,2026-09-08,37,2026-09-08T17:00:00Z,2026-09-08T17:30:00Z,0,0
T_HADHW-1,HADHW-1,2026-09-08,38,2026-09-08T17:30:00Z,2026-09-08T18:00:00Z,0,0
T_HADHW-1,HADHW-1,2026-09-08,39,2026-09-08T18:00:00Z,2026-09-08T18:30:00Z,0,0
T_HADHW-1,HADHW-1,2026-09-08,40,2026-09-08T18:30:00Z,2026-09-08T19:00:00Z,0,0
T_HADHW-1,HADHW-1,2026-09-08,41,2026-09-08T19:00:00Z,2026-09-08T19:30:00Z,0,0
T_HADHW-1,HADHW-1,2026-09-08,42,2026-09-08T19:30:00Z,2026-09-08T20:00:00Z,0,0
T_HADHW-1,HADHW-1,2026-09-08,43,2026-09-08T20:00:00Z,2026-09-08T20:30:00Z,0,0
T_HADHW-1,HADHW-1,2026-09-08,44,2026-09-08T20:30:00Z,2026-09-08T21:00:00Z,0,0
T_HADHW-1,HADHW-1,2026-09-08,45,2026-09-08T21:00:00Z,2026-09-08T21:30:00Z,0,0
T_HADHW-1,HADHW-1,2026-09-08,46,2026-09-08T21:30:00Z,2026-09-08T22:00:00Z,0,0
T_HADHW-1,HADHW-1,2026-09-08,47,2026-09-08T22:00:00Z,2026-09-08T22:30:00Z,0,0
T_HADHW-1,HADHW-1,2026-09-08,48,2026-09-08T22:30:00Z,2026-09-08T23:00:00Z,0,0
T_HAHAW-1,HAHAW-1,2026-09-08,1,2026-09-07T23:00:00Z,2026-09-07T23:30:00Z,26,26
T_HAHAW-1,HAHAW-1,2026-09-08,2,2026-09-07T23:30:00Z,2026-09-08T00:00:00Z,26,26
T_HAHAW-1,HAHAW-1,2026-09-08,3,2026-09-08T00:00:00Z,2026-09-08T00:30:00Z,25,25
T_HAHAW-1,HAHAW-1,2026-09-08,4,2026-09-08T00:30:00Z,2026-09-08T01:00:00Z,25,25
T_HAHAW-1,HAHAW-1,2026-09-08,5,2026-09-08T01:00:00Z,2026-09-08T01:30:00Z,26,26
T_HAHAW-1,HAHAW-1,2026-09-08,6,2026-09-08T01:30:00Z,2026-09-08T02:00:00Z,25,25
T_HAHAW-1,HAHAW-1,2026-09-08,7,2026-09-08T02:00:00Z,2026-09-08T02:30:00Z,26,26
T_HAHAW-1,HAHAW-1,2026-09-08,8,2026-09-08T02:30:00Z,2026-09-08T03:00:00Z,26,26
T_HAHAW-1,HAHAW-1,2026-09-08,9,2026-09-08T03:00:00Z,2026-09-08T03:30:00Z,26,26
T_HAHAW-1,HAHAW-1,2026-09-08,10,2026-09-08T03:30:00Z,2026-09-08T04:00:00Z,26,26
T_HAHAW-1,HAHAW-1,2026-09-08,11,2026-09-08T04:00:00Z,2026-09-08T04:30:00Z,26,26
T_HAHAW-1,HAHAW-1,2026-09-08,12,2026-09-08T04:30:00Z,2026-09-08T05:00:00Z,26,26
T_HAHAW-1,HAHAW-1,2026-09-08,13,2026-09-08T05:00:00Z,2026-09-08T05:30:00Z,26,26
T_HAHAW-1,HAHAW-1,2026-09-08,14,2026-09-08T05:30:00Z,2026-09-08T06:00:00Z,26,26
T_HAHAW-1,HAHAW-1,2026-09-08,15,2026-09-08T06:00:00Z,2026-09-08T06:30:00Z,26,26
T_HAHAW-1,HAHAW-1,2026-09-08,16,2026-09-08T06:30:00Z,2026-09-08T07:00:00Z,26,26
T_HAHAW-1,HAHAW-1,2026-09-08,17,2026-09-08T07:00:00Z,2026-09-08T07:30:00Z,25,25
T_HAHAW-1,HAHAW-1,2026-09-08,18,2026-09-08T07:30:00Z,2026-09-08T08:00:00Z,25,25
T_HAHAW-1,HAHAW-1,2026-09-08,19,2026-09-08T08:00:00Z,2026-09-08T08:30:00Z,25,25
T_HAHAW-1,HAHAW-1,2026-09-08,20,2026-09-08T08:30:00Z,2026-09-08T09:00:00Z,25,25
T_HAHAW-1,HAHAW-1,2026-09-08,21,2026-09-08T09:00:00Z,2026-09-08T09:30:00Z,25,25
T_HAHAW-1,HAHAW-1,2026-09-08,22,2026-09-08T09:30:00Z,2026-09-08T10:00:00Z,25,25
T_HAHAW-1,HAHAW-1,2026-09-08,23,2026-09-08T10:00:00Z,2026-09-08T10:30:00Z,24,24
T_HAHAW-1,HAHAW-1,2026-09-08,24,2026-09-08T10:30:00Z,2026-09-08T11:00:00Z,25,25
T_HAHAW-1,HAHAW-1,2026-09-08,25,2026-09-08T11:00:00Z,2026-09-08T11:30:00Z,26,26
T_HAHAW-1,HAHAW-1,2026-09-08,26,2026-09-08T11:30:00Z,2026-09-08T12:00:00Z,26,26
T_HAHAW-1,HAHAW-1,2026-09-08,27,2026-09-08T12:00:00Z,2026-09-08T12:30:00Z,26,26
T_HAHAW-1,HAHAW-1,2026-09-08,28,2026-09-08T12:30:00Z,2026-09-08T13:00:00Z,26,26
T_HAHAW-1,HAHAW-1,2026-09-08,29,2026-09-08T13:00:00Z,2026-09-08T13:30:00Z,27,27
T_HAHAW-1,HAHAW-1,2026-09-08,30,2026-09-08T13:30:00Z,2026-09-08T14:00:00Z,26,26
T_HAHAW-1,HAHAW-1,2026-09-08,31,2026-09-08T14:00:00Z,2026-09-08T14:30:00Z,26,26
T_HAHAW-1,HAHAW-1,2026-09-08,32,2026-09-08T14:30:00Z,2026-09-08T15:00:00Z,26,26
T_HAHAW-1,HAHAW-1,2026-09-08,33,2026-09-08T15:00:00Z,2026-09-08T15:30:00Z,26,26
T_HAHAW-1,HAHAW-1,2026-09-08,34,2026-09-08T15:30:00Z,2026-09-08T16:00:00Z,25,25
T_HAHAW-1,HAHAW-1,2026-09-08,35,2026-09-08T16:00:00Z,2026-09-08T16:30:00Z,24,24
T_HAHAW-1,HAHAW-1,2026-09-08,36,2026-09-08T16:30:00Z,2026-09-08T17:00:00Z,24,24
T_HAHAW-1,HAHAW-1,2026-09-08,37,2026-09-08T17:00:00Z,2026-09-08T17:30:00Z,25,25
T_HAHAW-1,HAHAW-1,2026-09-08,38,2026-09-08T17:30:00Z,2026-09-08T18:00:00Z,24,24
T_HAHAW-1,HAHAW-1,2026-09-08,39,2026-09-08T18:00:00Z,2026-09-08T18:30:00Z,22,22
T_HAHAW-1,HAHAW-1,2026-09-08,40,2026-09-08T18:30:00Z,2026-09-08T19:00:00Z,22,22
T_HAHAW-1,HAHAW-1,2026-09-08,41,2026-09-08T19:00:00Z,2026-09-08T19:30:00Z,21,21
T_HAHAW-1,HAHAW-1,2026-09-08,42,2026-09-08T19:30:00Z,2026-09-08T20:00:00Z,21,21
T_HAHAW-1,HAHAW-1,2026-09-08,43,2026-09-08T20:00:00Z,2026-09-08T20:30:00Z,20,20
T_HAHAW-1,HAHAW-1,2026-09-08,44,2026-09-08T20:30:00Z,2026-09-08T21:00:00Z,20,20
T_HAHAW-1,HAHAW-1,2026-09-08,45,2026-09-08T21:00:00Z,2026-09-08T21:30:00Z,19,19
T_HAHAW-1,HAHAW-1,2026-09-08,46,2026-09-08T21:30:00Z,2026-09-08T22:00:00Z,18,18
T_HAHAW-1,HAHAW-1,2026-09-08,47,2026-09-08T22:00:00Z,2026-09-08T22:30:00Z,17,17
T_HAHAW-1,HAHAW-1,2026-09-08,48,2026-09-08T22:30:00Z,2026-09-08T23:00:00Z,15,15
T_HALSW-1,HALSW-1,2026-09-08,1,2026-09-07T23:00:00Z,2026-09-07T23:30:00Z,28,28
T_HALSW-1,HALSW-1,2026-09-08,2,2026-09-07T23:30:00Z,2026-09-08T00:00:00Z,28,28
T_HALSW-1,HALSW-1,2026-09-08,3,2026-09-08T00:00:00Z,2026-09-08T00:30:00Z,28,28
T_HALSW-1,HALSW-1,2026-09-08,4,2026-09-08T00:30:00Z,2026-09-08T01:00:00Z,26,26
T_HALSW-1,HALSW-1,2026-09-08,5,2026-09-08T01:00:00Z,2026-09-08T01:30:00Z,27,27
T_HALSW-1,HALSW-1,2026-09-08,6,2026-09-08T01:30:00Z,2026-09-08T02:00:00Z,25,25
T_HALSW-1,HALSW-1,2026-09-08,7,2026-09-08T02:00:00Z,2026-09-08T02:30:00Z,26,26
T_HALSW-1,HALSW-1,2026-09-08,8,2026-09-08T02:30:00Z,2026-09-08T03:00:00Z,25,25
T_HALSW-1,HALSW-1,2026-09-08,9,2026-09-08T03:00:00Z,2026-09-08T03:30:00Z,25,25
T_HALSW-1,HALSW-1,2026-09-08,10,2026-09-08T03:30:00Z,2026-09-08T04:00:00Z,26,26
T_HALSW-1,HALSW-1,2026-09-08,11,2026-09-08T04:00:00Z,2026-09-08T04:30:00Z,26,26
T_HALSW-1,HALSW-1,2026-09-08,12,2026-09-08T04:30:00Z,2026-09-08T05:00:00Z,28,28
T_HALSW-1,HALSW-1,2026-09-08,13,2026-09-08T05:00:00Z,2026-09-08T05:30:00Z,27,27
T_HALSW-1,HALSW-1,2026-09-08,14,2026-09-08T05:30:00Z,2026-09-08T06:00:00Z,28,28
T_HALSW-1,HALSW-1,2026-09-08,15,2026-09-08T06:00:00Z,2026-09-08T06:30:00Z,28,28
T_HALSW-1,HALSW-1,2026-09-08,16,2026-09-08T06:30:00Z,2026-09-08T07:00:00Z,28,28
T_HALSW-1,HALSW-1,2026-09-08,17,2026-09-08T07:00:00Z,2026-09-08T07:30:00Z,28,28
T_HALSW-1,HALSW-1,2026-09-08,18,2026-09-08T07:30:00Z,2026-09-08T08:00:00Z,26,26
T_HALSW-1,HALSW-1,2026-09-08,19,2026-09-08T08:00:00Z,2026-09-08T08:30:00Z,28,28
T_HALSW-1,HALSW-1,2026-09-08,20,2026-09-08T08:30:00Z,2026-09-08T09:00:00Z,23,23
T_HALSW-1,HALSW-1,2026-09-08,21,2026-09-08T09:00:00Z,2026-09-08T09:30:00Z,21,21
T_HALSW-1,HALSW-1,2026-09-08,22,2026-09-08T09:30:00Z,2026-09-08T10:00:00Z,22,22
T_HALSW-1,HALSW-1,2026-09-08,23,2026-09-08T10:00:00Z,2026-09-08T10:30:00Z,19,19
T_HALSW-1,HALSW-1,2026-09-08,24,2026-09-08T10:30:00Z,2026-09-08T11:00:00Z,22,22
T_HALSW-1,HALSW-1,2026-09-08,25,2026-09-08T11:00:00Z,2026-09-08T11:30:00Z,18,18
T_HALSW-1,HALSW-1,2026-09-08,26,2026-09-08T11:30:00Z,2026-09-08T12:00:00Z,26,26
T_HALSW-1,HALSW-1,2026-09-08,27,2026-09-08T12:00:00Z,2026-09-08T12:30:00Z,28,28
T_HALSW-1,HALSW-1,2026-09-08,28,2026-09-08T12:30:00Z,2026-09-08T13:00:00Z,28,28
T_HALSW-1,HALSW-1,2026-09-08,29,2026-09-08T13:00:00Z,2026-09-08T13:30:00Z,28,28
T_HALSW-1,HALSW-1,2026-09-08,30,2026-09-08T13:30:00Z,2026-09-08T14:00:00Z,26,26
T_HALSW-1,HALSW-1,2026-09-08,31,2026-09-08T14:00:00Z,2026-09-08T14:30:00Z,28,28
T_HALSW-1,HALSW-1,2026-09-08,32,2026-09-08T14:30:00Z,2026-09-08T15:00:00Z,28,28
T_HALSW-1,HALSW-1,2026-09-08,33,2026-09-08T15:00:00Z,2026-09-08T15:30:00Z,28,28
T_HALSW-1,HALSW-1,2026-09-08,34,2026-09-08T15:30:00Z,2026-09-08T16:00:00Z,28,28
T_HALSW-1,HALSW-1,2026-09-08,35,2026-09-08T16:00:00Z,2026-09-08T16:30:00Z,28,28
T_HALSW-1,HALSW-1,2026-09-08,36,2026-09-08T16:30:00Z,2026-09-08T17:00:00Z,28,28
T_HALSW-1,HALSW-1,2026-09-08,37,2026-09-08T17:00:00Z,2026-09-08T17:30:00Z,28,28
T_HALSW-1,HALSW-1,2026-09-08,38,2026-09-08T17:30:00Z,2026-09-08T18:00:00Z,28,28
T_HALSW-1,HALSW-1,2026-09-08,39,2026-09-08T18:00:00Z,2026-09-08T18:30:00Z,28,28
T_HALSW-1,HALSW-1,2026-09-08,40,2026-09-08T18:30:00Z,2026-09-08T19:00:00Z,28,28
T_HALSW-1,HALSW-1,2026-09-08,41,2026-09-08T19:00:00Z,2026-09-08T19:30:00Z,28,28
T_HALSW-1,HALSW-1,2026-09-08,42,2026-09-08T19:30:00Z,2026-09-08T20:00:00Z,28,28
T_HALSW-1,HALSW-1,2026-09-08,43,2026-09-08T20:00:00Z,2026-09-08T20:30:00Z,28,28
T_HALSW-1,HALSW-1,2026-09-08,44,2026-09-08T20:30:00Z,2026-09-08T21:00:00Z,25,25
T_HALSW-1,HALSW-1,2026-09-08,45,2026-09-08T21:00:00Z,2026-09-08T21:30:00Z,24,24
T_HALSW-1,HALSW-1,2026-09-08,46,2026-09-08T21:30:00Z,2026-09-08T22:00:00Z,23,23
T_HALSW-1,HALSW-1,2026-09-08,47,2026-09-08T22:00:00Z,2026-09-08T22:30:00Z,22,22
T_HALSW-1,HALSW-1,2026-09-08,48,2026-09-08T22:30:00Z,2026-09-08T23:00:00Z,22,22
T_HMGTO-1,HMGTO-1,2026-09-08,1,2026-09-07T23:00:00Z,2026-09-07T23:30:00Z,73,73
T_HMGTO-1,HMGTO-1,2026-09-08,2,2026-09-07T23:30:00Z,2026-09-08T00:00:00Z,81,81
T_HMGTO-1,HMGTO-1,2026-09-08,3,2026-09-08T00:00:00Z,2026-09-08T00:30:00Z,87,87
T_HMGTO-1,HMGTO-1,2026-09-08,4,2026-09-08T00:30:00Z,2026-09-08T01:00:00Z,93,93
T_HMGTO-1,HMGTO-1,2026-09-08,5,2026-09-08T01:00:00Z,2026-09-08T01:30:00Z,97,97
T_HMGTO-1,HMGTO-1,2026-09-08,6,2026-09-08T01:30:00Z,2026-09-08T02:00:00Z,97,97
T_HMGTO-1,HMGTO-1,2026-09-08,7,2026-09-08T02:00:00Z,2026-09-08T02:30:00Z,98,98
T_HMGTO-1,HMGTO-1,2026-09-08,8,2026-09-08T02:30:00Z,2026-09-08T03:00:00Z,98,98
T_HMGTO-1,HMGTO-1,2026-09-08,9,2026-09-08T03:00:00Z,2026-09-08T03:30:00Z,97,97
T_HMGTO-1,HMGTO-1,2026-09-08,10,2026-09-08T03:30:00Z,2026-09-08T04:00:00Z,86,86
T_HMGTO-1,HMGTO-1,2026-09-08,11,2026-09-08T04:00:00Z,2026-09-08T04:30:00Z,83,83
T_HMGTO-1,HMGTO-1,2026-09-08,12,2026-09-08T04:30:00Z,2026-09-08T05:00:00Z,79,79
T_HMGTO-1,HMGTO-1,2026-09-08,13,2026-09-08T05:00:00Z,2026-09-08T05:30:00Z,74,74
T_HMGTO-1,HMGTO-1,2026-09-08,14,2026-09-08T05:30:00Z,2026-09-08T06:00:00Z,67,67
T_HMGTO-1,HMGTO-1,2026-09-08,15,2026-09-08T06:00:00Z,2026-09-08T06:30:00Z,61,61
T_HMGTO-1,HMGTO-1,2026-09-08,16,2026-09-08T06:30:00Z,2026-09-08T07:00:00Z,56,56
T_HMGTO-1,HMGTO-1,2026-09-08,17,2026-09-08T07:00:00Z,2026-09-08T07:30:00Z,52,52
T_HMGTO-1,HMGTO-1,2026-09-08,18,2026-09-08T07:30:00Z,2026-09-08T08:00:00Z,50,50
T_HMGTO-1,HMGTO-1,2026-09-08,19,2026-09-08T08:00:00Z,2026-09-08T08:30:00Z,46,46
T_HMGTO-1,HMGTO-1,2026-09-08,20,2026-09-08T08:30:00Z,2026-09-08T09:00:00Z,45,45
T_HMGTO-1,HMGTO-1,2026-09-08,21,2026-09-08T09:00:00Z,2026-09-08T09:30:00Z,44,44
T_HMGTO-1,HMGTO-1,2026-09-08,22,2026-09-08T09:30:00Z,2026-09-08T10:00:00Z,42,42
T_HMGTO-1,HMGTO-1,2026-09-08,23,2026-09-08T10:00:00Z,2026-09-08T10:30:00Z,44,44
T_HMGTO-1,HMGTO-1,2026-09-08,24,2026-09-08T10:30:00Z,2026-09-08T11:00:00Z,46,46
T_HMGTO-1,HMGTO-1,2026-09-08,25,2026-09-08T11:00:00Z,2026-09-08T11:30:00Z,50,50
T_HMGTO-1,HMGTO-1,2026-09-08,26,2026-09-08T11:30:00Z,2026-09-08T12:00:00Z,53,53
T_HMGTO-1,HMGTO-1,2026-09-08,27,2026-09-08T12:00:00Z,2026-09-08T12:30:00Z,57,57
T_HMGTO-1,HMGTO-1,2026-09-08,28,2026-09-08T12:30:00Z,2026-09-08T13:00:00Z,60,60
T_HMGTO-1,HMGTO-1,2026-09-08,29,2026-09-08T13:00:00Z,2026-09-08T13:30:00Z,64,64
T_HMGTO-1,HMGTO-1,2026-09-08,30,2026-09-08T13:30:00Z,2026-09-08T14:00:00Z,67,67
T_HMGTO-1,HMGTO-1,2026-09-08,31,2026-09-08T14:00:00Z,2026-09-08T14:30:00Z,73,73
T_HMGTO-1,HMGTO-1,2026-09-08,32,2026-09-08T14:30:00Z,2026-09-08T15:00:00Z,80,80
T_HMGTO-1,HMGTO-1,2026-09-08,33,2026-09-08T15:00:00Z,2026-09-08T15:30:00Z,86,86
T_HMGTO-1,HMGTO-1,2026-09-08,34,2026-09-08T15:30:00Z,2026-09-08T16:00:00Z,91,91
T_HMGTO-1,HMGTO-1,2026-09-08,35,2026-09-08T16:00:00Z,2026-09-08T16:30:00Z,99,99
T_HMGTO-1,HMGTO-1,2026-09-08,36,2026-09-08T16:30:00Z,2026-09-08T17:00:00Z,100,100
T_HMGTO-1,HMGTO-1,2026-09-08,37,2026-09-08T17:00:00Z,2026-09-08T17:30:00Z,101,101
T_HMGTO-1,HMGTO-1,2026-09-08,38,2026-09-08T17:30:00Z,2026-09-08T18:00:00Z,103,103
T_HMGTO-1,HMGTO-1,2026-09-08,39,2026-09-08T18:00:00Z,2026-09-08T18:30:00Z,104,104
T_HMGTO-1,HMGTO-1,2026-09-08,40,2026-09-08T18:30:00Z,2026-09-08T19:00:00Z,105,105
T_HMGTO-1,HMGTO-1,2026-09-08,41,2026-09-08T19:00:00Z,2026-09-08T19:30:00Z,105,105
T_HMGTO-1,HMGTO-1,2026-09-08,42,2026-09-08T19:30:00Z,2026-09-08T20:00:00Z,106,106
T_HMGTO-1,HMGTO-1,2026-09-08,43,2026-09-08T20:00:00Z,2026-09-08T20:30:00Z,106,106
T_HMGTO-1,HMGTO-1,2026-09-08,44,2026-09-08T20:30:00Z,2026-09-08T21:00:00Z,106,106
T_HMGTO-1,HMGTO-1,2026-09-08,45,2026-09-08T21:00:00Z,2026-09-08T21:30:00Z,106,106
T_HMGTO-1,HMGTO-1,2026-09-08,46,2026-09-08T21:30:00Z,2026-09-08T22:00:00Z,106,106
T_HMGTO-1,HMGTO-1,2026-09-08,47,2026-09-08T22:00:00Z,2026-09-08T22:30:00Z,106,106
T_HMGTO-1,HMGTO-1,2026-09-08,48,2026-09-08T22:30:00Z,2026-09-08T23:00:00Z,105,105
T_HMGTO-2,HMGTO-2,2026-09-08,1,2026-09-07T23:00:00Z,2026-09-07T23:30:00Z,72,72
T_HMGTO-2,HMGTO-2,2026-09-08,2,2026-09-07T23:30:00Z,2026-09-08T00:00:00Z,78,78
T_HMGTO-2,HMGTO-2,2026-09-08,3,2026-09-08T00:00:00Z,2026-09-08T00:30:00Z,85,85
T_HMGTO-2,HMGTO-2,2026-09-08,4,2026-09-08T00:30:00Z,2026-09-08T01:00:00Z,90,90
T_HMGTO-2,HMGTO-2,2026-09-08,5,2026-09-08T01:00:00Z,2026-09-08T01:30:00Z,94,94
T_HMGTO-2,HMGTO-2,2026-09-08,6,2026-09-08T01:30:00Z,2026-09-08T02:00:00Z,94,94
T_HMGTO-2,HMGTO-2,2026-09-08,7,2026-09-08T02:00:00Z,2026-09-08T02:30:00Z,100,100
T_HMGTO-2,HMGTO-2,2026-09-08,8,2026-09-08T02:30:00Z,2026-09-08T03:00:00Z,100,100
T_HMGTO-2,HMGTO-2,2026-09-08,9,2026-09-08T03:00:00Z,2026-09-08T03:30:00Z,98,98
T_HMGTO-2,HMGTO-2,2026-09-08,10,2026-09-08T03:30:00Z,2026-09-08T04:00:00Z,88,88
T_HMGTO-2,HMGTO-2,2026-09-08,11,2026-09-08T04:00:00Z,2026-09-08T04:30:00Z,77,77
T_HMGTO-2,HMGTO-2,2026-09-08,12,2026-09-08T04:30:00Z,2026-09-08T05:00:00Z,70,70
T_HMGTO-2,HMGTO-2,2026-09-08,13,2026-09-08T05:00:00Z,2026-09-08T05:30:00Z,64,64
T_HMGTO-2,HMGTO-2,2026-09-08,14,2026-09-08T05:30:00Z,2026-09-08T06:00:00Z,56,56
T_HMGTO-2,HMGTO-2,2026-09-08,15,2026-09-08T06:00:00Z,2026-09-08T06:30:00Z,51,51
T_HMGTO-2,HMGTO-2,2026-09-08,16,2026-09-08T06:30:00Z,2026-09-08T07:00:00Z,46,46
T_HMGTO-2,HMGTO-2,2026-09-08,17,2026-09-08T07:00:00Z,2026-09-08T07:30:00Z,42,42
T_HMGTO-2,HMGTO-2,2026-09-08,18,2026-09-08T07:30:00Z,2026-09-08T08:00:00Z,39,39
T_HMGTO-2,HMGTO-2,2026-09-08,19,2026-09-08T08:00:00Z,2026-09-08T08:30:00Z,37,37
T_HMGTO-2,HMGTO-2,2026-09-08,20,2026-09-08T08:30:00Z,2026-09-08T09:00:00Z,36,36
T_HMGTO-2,HMGTO-2,2026-09-08,21,2026-09-08T09:00:00Z,2026-09-08T09:30:00Z,36,36
T_HMGTO-2,HMGTO-2,2026-09-08,22,2026-09-08T09:30:00Z,2026-09-08T10:00:00Z,35,35
T_HMGTO-2,HMGTO-2,2026-09-08,23,2026-09-08T10:00:00Z,2026-09-08T10:30:00Z,36,36
T_HMGTO-2,HMGTO-2,2026-09-08,24,2026-09-08T10:30:00Z,2026-09-08T11:00:00Z,39,39
T_HMGTO-2,HMGTO-2,2026-09-08,25,2026-09-08T11:00:00Z,2026-09-08T11:30:00Z,42,42
T_HMGTO-2,HMGTO-2,2026-09-08,26,2026-09-08T11:30:00Z,2026-09-08T12:00:00Z,45,45
T_HMGTO-2,HMGTO-2,2026-09-08,27,2026-09-08T12:00:00Z,2026-09-08T12:30:00Z,49,49
T_HMGTO-2,HMGTO-2,2026-09-08,28,2026-09-08T12:30:00Z,2026-09-08T13:00:00Z,53,53
T_HMGTO-2,HMGTO-2,2026-09-08,29,2026-09-08T13:00:00Z,2026-09-08T13:30:00Z,58,58
T_HMGTO-2,HMGTO-2,2026-09-08,30,2026-09-08T13:30:00Z,2026-09-08T14:00:00Z,62,62
T_HMGTO-2,HMGTO-2,2026-09-08,31,2026-09-08T14:00:00Z,2026-09-08T14:30:00Z,70,70
T_HMGTO-2,HMGTO-2,2026-09-08,32,2026-09-08T14:30:00Z,2026-09-08T15:00:00Z,78,78
T_HMGTO-2,HMGTO-2,2026-09-08,33,2026-09-08T15:00:00Z,2026-09-08T15:30:00Z,86,86
T_HMGTO-2,HMGTO-2,2026-09-08,34,2026-09-08T15:30:00Z,2026-09-08T16:00:00Z,94,94
T_HMGTO-2,HMGTO-2,2026-09-08,35,2026-09-08T16:00:00Z,2026-09-08T16:30:00Z,103,103
T_HMGTO-2,HMGTO-2,2026-09-08,36,2026-09-08T16:30:00Z,2026-09-08T17:00:00Z,104,104
T_HMGTO-2,HMGTO-2,2026-09-08,37,2026-09-08T17:00:00Z,2026-09-08T17:30:00Z,104,104
T_HMGTO-2,HMGTO-2,2026-09-08,38,2026-09-08T17:30:00Z,2026-09-08T18:00:00Z,106,106
T_HMGTO-2,HMGTO-2,2026-09-08,39,2026-09-08T18:00:00Z,2026-09-08T18:30:00Z,107,107
T_HMGTO-2,HMGTO-2,2026-09-08,40,2026-09-08T18:30:00Z,2026-09-08T19:00:00Z,107,107
T_HMGTO-2,HMGTO-2,2026-09-08,41,2026-09-08T19:00:00Z,2026-09-08T19:30:00Z,107,107
T_HMGTO-2,HMGTO-2,2026-09-08,42,2026-09-08T19:30:00Z,2026-09-08T20:00:00Z,109,109
T_HMGTO-2,HMGTO-2,2026-09-08,43,2026-09-08T20:00:00Z,2026-09-08T20:30:00Z,109,109
T_HMGTO-2,HMGTO-2,2026-09-08,44,2026-09-08T20:30:00Z,2026-09-08T21:00:00Z,109,109
T_HMGTO-2,HMGTO-2,2026-09-08,45,2026-09-08T21:00:00Z,2026-09-08T21:30:00Z,109,109
T_HMGTO-2,HMGTO-2,2026-09-08,46,2026-09-08T21:30:00Z,2026-09-08T22:00:00Z,109,109
T_HMGTO-2,HMGTO-2,2026-09-08,47,2026-09-08T22:00:00Z,2026-09-08T22:30:00Z,108,108
T_HMGTO-2,HMGTO-2,2026-09-08,48,2026-09-08T22:30:00Z,2026-09-08T23:00:00Z,108,108
T_HOWAO-1,HOWAO-1,2026-09-08,1,2026-09-07T23:00:00Z,2026-09-07T23:30:00Z,169,185
T_HOWAO-1,HOWAO-1,2026-09-08,2,2026-09-07T23:30:00Z,2026-09-08T00:00:00Z,185,218
T_HOWAO-1,HOWAO-1,2026-09-08,3,2026-09-08T00:00:00Z,2026-09-08T00:30:00Z,229,273
T_HOWAO-1,HOWAO-1,2026-09-08,4,2026-09-08T00:30:00Z,2026-09-08T01:00:00Z,273,320
T_HOWAO-1,HOWAO-1,2026-09-08,5,2026-09-08T01:00:00Z,2026-09-08T01:30:00Z,288,331
T_HOWAO-1,HOWAO-1,2026-09-08,6,2026-09-08T01:30:00Z,2026-09-08T02:00:00Z,331,360
T_HOWAO-1,HOWAO-1,2026-09-08,7,2026-09-08T02:00:00Z,2026-09-08T02:30:00Z,337,357
T_HOWAO-1,HOWAO-1,2026-09-08,8,2026-09-08T02:30:00Z,2026-09-08T03:00:00Z,357,370
T_HOWAO-1,HOWAO-1,2026-09-08,9,2026-09-08T03:00:00Z,2026-09-08T03:30:00Z,337,348
T_HOWAO-1,HOWAO-1,2026-09-08,10,2026-09-08T03:30:00Z,2026-09-08T04:00:00Z,348,354
T_HOWAO-1,HOWAO-1,2026-09-08,11,2026-09-08T04:00:00Z,2026-09-08T04:30:00Z,353,356
T_HOWAO-1,HOWAO-1,2026-09-08,12,2026-09-08T04:30:00Z,2026-09-08T05:00:00Z,356,357
T_HOWAO-1,HOWAO-1,2026-09-08,13,2026-09-08T05:00:00Z,2026-09-08T05:30:00Z,380,374
T_HOWAO-1,HOWAO-1,2026-09-08,14,2026-09-08T05:30:00Z,2026-09-08T06:00:00Z,374,368
T_HOWAO-1,HOWAO-1,2026-09-08,15,2026-09-08T06:00:00Z,2026-09-08T06:30:00Z,361,346
T_HOWAO-1,HOWAO-1,2026-09-08,16,2026-09-08T06:30:00Z,2026-09-08T07:00:00Z,346,325
T_HOWAO-1,HOWAO-1,2026-09-08,17,2026-09-08T07:00:00Z,2026-09-08T07:30:00Z,341,303
T_HOWAO-1,HOWAO-1,2026-09-08,18,2026-09-08T07:30:00Z,2026-09-08T08:00:00Z,303,257
T_HOWAO-1,HOWAO-1,2026-09-08,19,2026-09-08T08:00:00Z,2026-09-08T08:30:00Z,279,232
T_HOWAO-1,HOWAO-1,2026-09-08,20,2026-09-08T08:30:00Z,2026-09-08T09:00:00Z,248,208
T_HOWAO-1,HOWAO-1,2026-09-08,21,2026-09-08T09:00:00Z,2026-09-08T09:30:00Z,208,179
T_HOWAO-1,HOWAO-1,2026-09-08,22,2026-09-08T09:30:00Z,2026-09-08T10:00:00Z,162,149
T_HOWAO-1,HOWAO-1,2026-09-08,23,2026-09-08T10:00:00Z,2026-09-08T10:30:00Z,124,114
T_HOWAO-1,HOWAO-1,2026-09-08,24,2026-09-08T10:30:00Z,2026-09-08T11:00:00Z,114,111
T_HOWAO-1,HOWAO-1,2026-09-08,25,2026-09-08T11:00:00Z,2026-09-08T11:30:00Z,111,108
T_HOWAO-1,HOWAO-1,2026-09-08,26,2026-09-08T11:30:00Z,2026-09-08T12:00:00Z,108,110
T_HOWAO-1,HOWAO-1,2026-09-08,27,2026-09-08T12:00:00Z,2026-09-08T12:30:00Z,120,124
T_HOWAO-1,HOWAO-1,2026-09-08,28,2026-09-08T12:30:00Z,2026-09-08T13:00:00Z,124,125
T_HOWAO-1,HOWAO-1,2026-09-08,29,2026-09-08T13:00:00Z,2026-09-08T13:30:00Z,133,138
T_HOWAO-1,HOWAO-1,2026-09-08,30,2026-09-08T13:30:00Z,2026-09-08T14:00:00Z,138,140
T_HOWAO-1,HOWAO-1,2026-09-08,31,2026-09-08T14:00:00Z,2026-09-08T14:30:00Z,155,162
T_HOWAO-1,HOWAO-1,2026-09-08,32,2026-09-08T14:30:00Z,2026-09-08T15:00:00Z,162,166
T_HOWAO-1,HOWAO-1,2026-09-08,33,2026-09-08T15:00:00Z,2026-09-08T15:30:00Z,149,168
T_HOWAO-1,HOWAO-1,2026-09-08,34,2026-09-08T15:30:00Z,2026-09-08T16:00:00Z,168,184
T_HOWAO-1,HOWAO-1,2026-09-08,35,2026-09-08T16:00:00Z,2026-09-08T16:30:00Z,178,214
T_HOWAO-1,HOWAO-1,2026-09-08,36,2026-09-08T16:30:00Z,2026-09-08T17:00:00Z,214,245
T_HOWAO-1,HOWAO-1,2026-09-08,37,2026-09-08T17:00:00Z,2026-09-08T17:30:00Z,255,296
T_HOWAO-1,HOWAO-1,2026-09-08,38,2026-09-08T17:30:00Z,2026-09-08T18:00:00Z,296,330
T_HOWAO-1,HOWAO-1,2026-09-08,39,2026-09-08T18:00:00Z,2026-09-08T18:30:00Z,299,332
T_HOWAO-1,HOWAO-1,2026-09-08,40,2026-09-08T18:30:00Z,2026-09-08T19:00:00Z,332,354
T_HOWAO-1,HOWAO-1,2026-09-08,41,2026-09-08T19:00:00Z,2026-09-08T19:30:00Z,349,363
T_HOWAO-1,HOWAO-1,2026-09-08,42,2026-09-08T19:30:00Z,2026-09-08T20:00:00Z,363,371
T_HOWAO-1,HOWAO-1,2026-09-08,43,2026-09-08T20:00:00Z,2026-09-08T20:30:00Z,381,385
T_HOWAO-1,HOWAO-1,2026-09-08,44,2026-09-08T20:30:00Z,2026-09-08T21:00:00Z,385,387
T_HOWAO-1,HOWAO-1,2026-09-08,45,2026-09-08T21:00:00Z,2026-09-08T21:30:00Z,392,393
T_HOWAO-1,HOWAO-1,2026-09-08,46,2026-09-08T21:30:00Z,2026-09-08T22:00:00Z,393,393
T_HOWAO-1,HOWAO-1,2026-09-08,47,2026-09-08T22:00:00Z,2026-09-08T22:30:00Z,389,390
T_HOWAO-1,HOWAO-1,2026-09-08,48,2026-09-08T22:30:00Z,2026-09-08T23:00:00Z,390,391
T_HOWAO-2,HOWAO-2,2026-09-08,1,2026-09-07T23:00:00Z,2026-09-07T23:30:00Z,169,185
T_HOWAO-2,HOWAO-2,2026-09-08,2,2026-09-07T23:30:00Z,2026-09-08T00:00:00Z,185,218
T_HOWAO-2,HOWAO-2,2026-09-08,3,2026-09-08T00:00:00Z,2026-09-08T00:30:00Z,229,273
T_HOWAO-2,HOWAO-2,2026-09-08,4,2026-09-08T00:30:00Z,2026-09-08T01:00:00Z,273,320
T_HOWAO-2,HOWAO-2,2026-09-08,5,2026-09-08T01:00:00Z,2026-09-08T01:30:00Z,288,331
T_HOWAO-2,HOWAO-2,2026-09-08,6,2026-09-08T01:30:00Z,2026-09-08T02:00:00Z,331,360
T_HOWAO-2,HOWAO-2,2026-09-08,7,2026-09-08T02:00:00Z,2026-09-08T02:30:00Z,337,357
T_HOWAO-2,HOWAO-2,2026-09-08,8,2026-09-08T02:30:00Z,2026-09-08T03:00:00Z,357,370
T_HOWAO-2,HOWAO-2,2026-09-08,9,2026-09-08T03:00:00Z,2026-09-08T03:30:00Z,337,348
T_HOWAO-2,HOWAO-2,2026-09-08,10,2026-09-08T03:30:00Z,2026-09-08T04:00:00Z,348,354
T_HOWAO-2,HOWAO-2,2026-09-08,11,2026-09-08T04:00:00Z,2026-09-08T04:30:00Z,353,356
T_HOWAO-2,HOWAO-2,2026-09-08,12,2026-09-08T04:30:00Z,2026-09-08T05:00:00Z,356,357
T_HOWAO-2,HOWAO-2,2026-09-08,13,2026-09-08T05:00:00Z,2026-09-08T05:30:00Z,380,374
T_HOWAO-2,HOWAO-2,2026-09-08,14,2026-09-08T05:30:00Z,2026-09-08T06:00:00Z,374,368
T_HOWAO-2,HOWAO-2,2026-09-08,15,2026-09-08T06:00:00Z,2026-09-08T06:30:00Z,361,340
T_HOWAO-2,HOWAO-2,2026-09-08,16,2026-09-08T06:30:00Z,2026-09-08T07:00:00Z,340,319
T_HOWAO-2,HOWAO-2,2026-09-08,17,2026-09-08T07:00:00Z,2026-09-08T07:30:00Z,335,298
T_HOWAO-2,HOWAO-2,2026-09-08,18,2026-09-08T07:30:00Z,2026-09-08T08:00:00Z,298,252
T_HOWAO-2,HOWAO-2,2026-09-08,19,2026-09-08T08:00:00Z,2026-09-08T08:30:00Z,274,227
T_HOWAO-2,HOWAO-2,2026-09-08,20,2026-09-08T08:30:00Z,2026-09-08T09:00:00Z,243,204
T_HOWAO-2,HOWAO-2,2026-09-08,21,2026-09-08T09:00:00Z,2026-09-08T09:30:00Z,208,179
T_HOWAO-2,HOWAO-2,2026-09-08,22,2026-09-08T09:30:00Z,2026-09-08T10:00:00Z,162,149
T_HOWAO-2,HOWAO-2,2026-09-08,23,2026-09-08T10:00:00Z,2026-09-08T10:30:00Z,124,114
T_HOWAO-2,HOWAO-2,2026-09-08,24,2026-09-08T10:30:00Z,2026-09-08T11:00:00Z,114,111
T_HOWAO-2,HOWAO-2,2026-09-08,25,2026-09-08T11:00:00Z,2026-09-08T11:30:00Z,111,108
T_HOWAO-2,HOWAO-2,2026-09-08,26,2026-09-08T11:30:00Z,2026-09-08T12:00:00Z,108,110
T_HOWAO-2,HOWAO-2,2026-09-08,27,2026-09-08T12:00:00Z,2026-09-08T12:30:00Z,119,123
T_HOWAO-2,HOWAO-2,2026-09-08,28,2026-09-08T12:30:00Z,2026-09-08T13:00:00Z,123,124
T_HOWAO-2,HOWAO-2,2026-09-08,29,2026-09-08T13:00:00Z,2026-09-08T13:30:00Z,132,137
T_HOWAO-2,HOWAO-2,2026-09-08,30,2026-09-08T13:30:00Z,2026-09-08T14:00:00Z,137,139
T_HOWAO-2,HOWAO-2,2026-09-08,31,2026-09-08T14:00:00Z,2026-09-08T14:30:00Z,154,160
T_HOWAO-2,HOWAO-2,2026-09-08,32,2026-09-08T14:30:00Z,2026-09-08T15:00:00Z,160,166
T_HOWAO-2,HOWAO-2,2026-09-08,33,2026-09-08T15:00:00Z,2026-09-08T15:30:00Z,149,168
T_HOWAO-2,HOWAO-2,2026-09-08,34,2026-09-08T15:30:00Z,2026-09-08T16:00:00Z,168,184
T_HOWAO-2,HOWAO-2,2026-09-08,35,2026-09-08T16:00:00Z,2026-09-08T16:30:00Z,178,214
T_HOWAO-2,HOWAO-2,2026-09-08,36,2026-09-08T16:30:00Z,2026-09-08T17:00:00Z,214,245
T_HOWAO-2,HOWAO-2,2026-09-08,37,2026-09-08T17:00:00Z,2026-09-08T17:30:00Z,255,296
T_HOWAO-2,HOWAO-2,2026-09-08,38,2026-09-08T17:30:00Z,2026-09-08T18:00:00Z,296,330
T_HOWAO-2,HOWAO-2,2026-09-08,39,2026-09-08T18:00:00Z,2026-09-08T18:30:00Z,299,332
T_HOWAO-2,HOWAO-2,2026-09-08,40,2026-09-08T18:30:00Z,2026-09-08T19:00:00Z,332,354
T_HOWAO-2,HOWAO-2,2026-09-08,41,2026-09-08T19:00:00Z,2026-09-08T19:30:00Z,349,363
T_HOWAO-2,HOWAO-2,2026-09-08,42,2026-09-08T19:30:00Z,2026-09-08T20:00:00Z,363,371
T_HOWAO-2,HOWAO-2,2026-09-08,43,2026-09-08T20:00:00Z,2026-09-08T20:30:00Z,381,385
T_HOWAO-2,HOWAO-2,2026-09-08,44,2026-09-08T20:30:00Z,2026-09-08T21:00:00Z,385,387
T_HOWAO-2,HOWAO-2,2026-09-08,45,2026-09-08T21:00:00Z,2026-09-08T21:30:00Z,392,393
T_HOWAO-2,HOWAO-2,2026-09-08,46,2026-09-08T21:30:00Z,2026-09-08T22:00:00Z,393,393
T_HOWAO-2,HOWAO-2,2026-09-08,47,2026-09-08T22:00:00Z,2026-09-08T22:30:00Z,389,390
T_HOWAO-2,HOWAO-2,2026-09-08,48,2026-09-08T22:30:00Z,2026-09-08T23:00:00Z,390,391
T_HOWAO-3,HOWAO-3,2026-09-08,1,2026-09-07T23:00:00Z,2026-09-07T23:30:00Z,169,185
T_HOWAO-3,HOWAO-3,2026-09-08,2,2026-09-07T23:30:00Z,2026-09-08T00:00:00Z,185,218
T_HOWAO-3,HOWAO-3,2026-09-08,3,2026-09-08T00:00:00Z,2026-09-08T00:30:00Z,229,273
T_HOWAO-3,HOWAO-3,2026-09-08,4,2026-09-08T00:30:00Z,2026-09-08T01:00:00Z,273,320
T_HOWAO-3,HOWAO-3,2026-09-08,5,2026-09-08T01:00:00Z,2026-09-08T01:30:00Z,288,331
T_HOWAO-3,HOWAO-3,2026-09-08,6,2026-09-08T01:30:00Z,2026-09-08T02:00:00Z,331,360
T_HOWAO-3,HOWAO-3,2026-09-08,7,2026-09-08T02:00:00Z,2026-09-08T02:30:00Z,337,357
T_HOWAO-3,HOWAO-3,2026-09-08,8,2026-09-08T02:30:00Z,2026-09-08T03:00:00Z,357,370
T_HOWAO-3,HOWAO-3,2026-09-08,9,2026-09-08T03:00:00Z,2026-09-08T03:30:00Z,337,348
T_HOWAO-3,HOWAO-3,2026-09-08,10,2026-09-08T03:30:00Z,2026-09-08T04:00:00Z,348,354
T_HOWAO-3,HOWAO-3,2026-09-08,11,2026-09-08T04:00:00Z,2026-09-08T04:30:00Z,353,356
T_HOWAO-3,HOWAO-3,2026-09-08,12,2026-09-08T04:30:00Z,2026-09-08T05:00:00Z,356,357
T_HOWAO-3,HOWAO-3,2026-09-08,13,2026-09-08T05:00:00Z,2026-09-08T05:30:00Z,380,374
T_HOWAO-3,HOWAO-3,2026-09-08,14,2026-09-08T05:30:00Z,2026-09-08T06:00:00Z,374,368
T_HOWAO-3,HOWAO-3,2026-09-08,15,2026-09-08T06:00:00Z,2026-09-08T06:30:00Z,361,346
T_HOWAO-3,HOWAO-3,2026-09-08,16,2026-09-08T06:30:00Z,2026-09-08T07:00:00Z,346,325
T_HOWAO-3,HOWAO-3,2026-09-08,17,2026-09-08T07:00:00Z,2026-09-08T07:30:00Z,341,303
T_HOWAO-3,HOWAO-3,2026-09-08,18,2026-09-08T07:30:00Z,2026-09-08T08:00:00Z,303,257
T_HOWAO-3,HOWAO-3,2026-09-08,19,2026-09-08T08:00:00Z,2026-09-08T08:30:00Z,279,232
T_HOWAO-3,HOWAO-3,2026-09-08,20,2026-09-08T08:30:00Z,2026-09-08T09:00:00Z,248,208
T_HOWAO-3,HOWAO-3,2026-09-08,21,2026-09-08T09:00:00Z,2026-09-08T09:30:00Z,208,179
T_HOWAO-3,HOWAO-3,2026-09-08,22,2026-09-08T09:30:00Z,2026-09-08T10:00:00Z,162,149
T_HOWAO-3,HOWAO-3,2026-09-08,23,2026-09-08T10:00:00Z,2026-09-08T10:30:00Z,124,114
T_HOWAO-3,HOWAO-3,2026-09-08,24,2026-09-08T10:30:00Z,2026-09-08T11:00:00Z,114,111
T_HOWAO-3,HOWAO-3,2026-09-08,25,2026-09-08T11:00:00Z,2026-09-08T11:30:00Z,111,108
T_HOWAO-3,HOWAO-3,2026-09-08,26,2026-09-08T11:30:00Z,2026-09-08T12:00:00Z,108,110
T_HOWAO-3,HOWAO-3,2026-09-08,27,2026-09-08T12:00:00Z,2026-09-08T12:30:00Z,120,124
T_HOWAO-3,HOWAO-3,2026-09-08,28,2026-09-08T12:30:00Z,2026-09-08T13:00:00Z,124,125
T_HOWAO-3,HOWAO-3,2026-09-08,29,2026-09-08T13:00:00Z,2026-09-08T13:30:00Z,133,138
T_HOWAO-3,HOWAO-3,2026-09-08,30,2026-09-08T13:30:00Z,2026-09-08T14:00:00Z,138,140
T_HOWAO-3,HOWAO-3,2026-09-08,31,2026-09-08T14:00:00Z,2026-09-08T14:30:00Z,155,162
T_HOWAO-3,HOWAO-3,2026-09-08,32,2026-09-08T14:30:00Z,2026-09-08T15:00:00Z,162,166
T_HOWAO-3,HOWAO-3,2026-09-08,33,2026-09-08T15:00:00Z,2026-09-08T15:30:00Z,149,168
T_HOWAO-3,HOWAO-3,2026-09-08,34,2026-09-08T15:30:00Z,2026-09-08T16:00:00Z,168,184
T_HOWAO-3,HOWAO-3,2026-09-08,35,2026-09-08T16:00:00Z,2026-09-08T16:30:00Z,178,214
T_HOWAO-3,HOWAO-3,2026-09-08,36,2026-09-08T16:30:00Z,2026-09-08T17:00:00Z,214,245
T_HOWAO-3,HOWAO-3,2026-09-08,37,2026-09-08T17:00:00Z,2026-09-08T17:30:00Z,255,296
T_HOWAO-3,HOWAO-3,2026-09-08,38,2026-09-08T17:30:00Z,2026-09-08T18:00:00Z,296,330
T_HOWAO-3,HOWAO-3,2026-09-08,39,2026-09-08T18:00:00Z,2026-09-08T18:30:00Z,299,332
T_HOWAO-3,HOWAO-3,2026-09-08,40,2026-09-08T18:30:00Z,2026-09-08T19:00:00Z,332,354
T_HOWAO-3,HOWAO-3,2026-09-08,41,2026-09-08T19:00:00Z,2026-09-08T19:30:00Z,349,363
T_HOWAO-3,HOWAO-3,2026-09-08,42,2026-09-08T19:30:00Z,2026-09-08T20:00:00Z,363,371
T_HOWAO-3,HOWAO-3,2026-09-08,43,2026-09-08T20:00:00Z,2026-09-08T20:30:00Z,381,385
T_HOWAO-3,HOWAO-3,2026-09-08,44,2026-09-08T20:30:00Z,2026-09-08T21:00:00Z,385,387
T_HOWAO-3,HOWAO-3,2026-09-08,45,2026-09-08T21:00:00Z,2026-09-08T21:30:00Z,392,393
T_HOWAO-3,HOWAO-3,2026-09-08,46,2026-09-08T21:30:00Z,2026-09-08T22:00:00Z,393,393
T_HOWAO-3,HOWAO-3,2026-09-08,47,2026-09-08T22:00:00Z,2026-09-08T22:30:00Z,389,390
T_HOWAO-3,HOWAO-3,2026-09-08,48,2026-09-08T22:30:00Z,2026-09-08T23:00:00Z,390,391
T_HOWBO-1,HOWBO-1,2026-09-08,1,2026-09-07T23:00:00Z,2026-09-07T23:30:00Z,296,320
T_HOWBO-1,HOWBO-1,2026-09-08,2,2026-09-07T23:30:00Z,2026-09-08T00:00:00Z,320,351
T_HOWBO-1,HOWBO-1,2026-09-08,3,2026-09-08T00:00:00Z,2026-09-08T00:30:00Z,353,384
T_HOWBO-1,HOWBO-1,2026-09-08,4,2026-09-08T00:30:00Z,2026-09-08T01:00:00Z,384,409
T_HOWBO-1,HOWBO-1,2026-09-08,5,2026-09-08T01:00:00Z,2026-09-08T01:30:00Z,389,408
T_HOWBO-1,HOWBO-1,2026-09-08,6,2026-09-08T01:30:00Z,2026-09-08T02:00:00Z,408,420
T_HOWBO-1,HOWBO-1,2026-09-08,7,2026-09-08T02:00:00Z,2026-09-08T02:30:00Z,395,407
T_HOWBO-1,HOWBO-1,2026-09-08,8,2026-09-08T02:30:00Z,2026-09-08T03:00:00Z,407,417
T_HOWBO-1,HOWBO-1,2026-09-08,9,2026-09-08T03:00:00Z,2026-09-08T03:30:00Z,391,401
T_HOWBO-1,HOWBO-1,2026-09-08,10,2026-09-08T03:30:00Z,2026-09-08T04:00:00Z,401,409
T_HOWBO-1,HOWBO-1,2026-09-08,11,2026-09-08T04:00:00Z,2026-09-08T04:30:00Z,417,416
T_HOWBO-1,HOWBO-1,2026-09-08,12,2026-09-08T04:30:00Z,2026-09-08T05:00:00Z,416,417
T_HOWBO-1,HOWBO-1,2026-09-08,13,2026-09-08T05:00:00Z,2026-09-08T05:30:00Z,423,418
T_HOWBO-1,HOWBO-1,2026-09-08,14,2026-09-08T05:30:00Z,2026-09-08T06:00:00Z,418,412
T_HOWBO-1,HOWBO-1,2026-09-08,15,2026-09-08T06:00:00Z,2026-09-08T06:30:00Z,405,386
T_HOWBO-1,HOWBO-1,2026-09-08,16,2026-09-08T06:30:00Z,2026-09-08T07:00:00Z,386,362
T_HOWBO-1,HOWBO-1,2026-09-08,17,2026-09-08T07:00:00Z,2026-09-08T07:30:00Z,375,332
T_HOWBO-1,HOWBO-1,2026-09-08,18,2026-09-08T07:30:00Z,2026-09-08T08:00:00Z,332,290
T_HOWBO-1,HOWBO-1,2026-09-08,19,2026-09-08T08:00:00Z,2026-09-08T08:30:00Z,309,273
T_HOWBO-1,HOWBO-1,2026-09-08,20,2026-09-08T08:30:00Z,2026-09-08T09:00:00Z,285,253
T_HOWBO-1,HOWBO-1,2026-09-08,21,2026-09-08T09:00:00Z,2026-09-08T09:30:00Z,235,214
T_HOWBO-1,HOWBO-1,2026-09-08,22,2026-09-08T09:30:00Z,2026-09-08T10:00:00Z,200,177
T_HOWBO-1,HOWBO-1,2026-09-08,23,2026-09-08T10:00:00Z,2026-09-08T10:30:00Z,183,174
T_HOWBO-1,HOWBO-1,2026-09-08,24,2026-09-08T10:30:00Z,2026-09-08T11:00:00Z,174,166
T_HOWBO-1,HOWBO-1,2026-09-08,25,2026-09-08T11:00:00Z,2026-09-08T11:30:00Z,166,166
T_HOWBO-1,HOWBO-1,2026-09-08,26,2026-09-08T11:30:00Z,2026-09-08T12:00:00Z,166,172
T_HOWBO-1,HOWBO-1,2026-09-08,27,2026-09-08T12:00:00Z,2026-09-08T12:30:00Z,158,166
T_HOWBO-1,HOWBO-1,2026-09-08,28,2026-09-08T12:30:00Z,2026-09-08T13:00:00Z,166,171
T_HOWBO-1,HOWBO-1,2026-09-08,29,2026-09-08T13:00:00Z,2026-09-08T13:30:00Z,183,192
T_HOWBO-1,HOWBO-1,2026-09-08,30,2026-09-08T13:30:00Z,2026-09-08T14:00:00Z,192,199
T_HOWBO-1,HOWBO-1,2026-09-08,31,2026-09-08T14:00:00Z,2026-09-08T14:30:00Z,213,226
T_HOWBO-1,HOWBO-1,2026-09-08,32,2026-09-08T14:30:00Z,2026-09-08T15:00:00Z,226,247
T_HOWBO-1,HOWBO-1,2026-09-08,33,2026-09-08T15:00:00Z,2026-09-08T15:30:00Z,227,260
T_HOWBO-1,HOWBO-1,2026-09-08,34,2026-09-08T15:30:00Z,2026-09-08T16:00:00Z,260,305
T_HOWBO-1,HOWBO-1,2026-09-08,35,2026-09-08T16:00:00Z,2026-09-08T16:30:00Z,288,331
T_HOWBO-1,HOWBO-1,2026-09-08,36,2026-09-08T16:30:00Z,2026-09-08T17:00:00Z,331,374
T_HOWBO-1,HOWBO-1,2026-09-08,37,2026-09-08T17:00:00Z,2026-09-08T17:30:00Z,356,385
T_HOWBO-1,HOWBO-1,2026-09-08,38,2026-09-08T17:30:00Z,2026-09-08T18:00:00Z,385,407
T_HOWBO-1,HOWBO-1,2026-09-08,39,2026-09-08T18:00:00Z,2026-09-08T18:30:00Z,381,400
T_HOWBO-1,HOWBO-1,2026-09-08,40,2026-09-08T18:30:00Z,2026-09-08T19:00:00Z,400,413
T_HOWBO-1,HOWBO-1,2026-09-08,41,2026-09-08T19:00:00Z,2026-09-08T19:30:00Z,411,416
T_HOWBO-1,HOWBO-1,2026-09-08,42,2026-09-08T19:30:00Z,2026-09-08T20:00:00Z,416,422
T_HOWBO-1,HOWBO-1,2026-09-08,43,2026-09-08T20:00:00Z,2026-09-08T20:30:00Z,433,433
T_HOWBO-1,HOWBO-1,2026-09-08,44,2026-09-08T20:30:00Z,2026-09-08T21:00:00Z,433,433
T_HOWBO-1,HOWBO-1,2026-09-08,45,2026-09-08T21:00:00Z,2026-09-08T21:30:00Z,431,432
T_HOWBO-1,HOWBO-1,2026-09-08,46,2026-09-08T21:30:00Z,2026-09-08T22:00:00Z,432,432
T_HOWBO-1,HOWBO-1,2026-09-08,47,2026-09-08T22:00:00Z,2026-09-08T22:30:00Z,434,434
T_HOWBO-1,HOWBO-1,2026-09-08,48,2026-09-08T22:30:00Z,2026-09-08T23:00:00Z,434,434
T_HOWBO-2,HOWBO-2,2026-09-08,1,2026-09-07T23:00:00Z,2026-09-07T23:30:00Z,296,320
T_HOWBO-2,HOWBO-2,2026-09-08,2,2026-09-07T23:30:00Z,2026-09-08T00:00:00Z,320,351
T_HOWBO-2,HOWBO-2,2026-09-08,3,2026-09-08T00:00:00Z,2026-09-08T00:30:00Z,353,384
T_HOWBO-2,HOWBO-2,2026-09-08,4,2026-09-08T00:30:00Z,2026-09-08T01:00:00Z,384,409
T_HOWBO-2,HOWBO-2,2026-09-08,5,2026-09-08T01:00:00Z,2026-09-08T01:30:00Z,389,408
T_HOWBO-2,HOWBO-2,2026-09-08,6,2026-09-08T01:30:00Z,2026-09-08T02:00:00Z,408,420
T_HOWBO-2,HOWBO-2,2026-09-08,7,2026-09-08T02:00:00Z,2026-09-08T02:30:00Z,395,407
T_HOWBO-2,HOWBO-2,2026-09-08,8,2026-09-08T02:30:00Z,2026-09-08T03:00:00Z,407,417
T_HOWBO-2,HOWBO-2,2026-09-08,9,2026-09-08T03:00:00Z,2026-09-08T03:30:00Z,391,401
T_HOWBO-2,HOWBO-2,2026-09-08,10,2026-09-08T03:30:00Z,2026-09-08T04:00:00Z,401,409
T_HOWBO-2,HOWBO-2,2026-09-08,11,2026-09-08T04:00:00Z,2026-09-08T04:30:00Z,417,416
T_HOWBO-2,HOWBO-2,2026-09-08,12,2026-09-08T04:30:00Z,2026-09-08T05:00:00Z,416,417
T_HOWBO-2,HOWBO-2,2026-09-08,13,2026-09-08T05:00:00Z,2026-09-08T05:30:00Z,423,418
T_HOWBO-2,HOWBO-2,2026-09-08,14,2026-09-08T05:30:00Z,2026-09-08T06:00:00Z,418,412
T_HOWBO-2,HOWBO-2,2026-09-08,15,2026-09-08T06:00:00Z,2026-09-08T06:30:00Z,405,386
T_HOWBO-2,HOWBO-2,2026-09-08,16,2026-09-08T06:30:00Z,2026-09-08T07:00:00Z,386,362
T_HOWBO-2,HOWBO-2,2026-09-08,17,2026-09-08T07:00:00Z,2026-09-08T07:30:00Z,375,332
T_HOWBO-2,HOWBO-2,2026-09-08,18,2026-09-08T07:30:00Z,2026-09-08T08:00:00Z,332,288
T_HOWBO-2,HOWBO-2,2026-09-08,19,2026-09-08T08:00:00Z,2026-09-08T08:30:00Z,306,271
T_HOWBO-2,HOWBO-2,2026-09-08,20,2026-09-08T08:30:00Z,2026-09-08T09:00:00Z,283,251
T_HOWBO-2,HOWBO-2,2026-09-08,21,2026-09-08T09:00:00Z,2026-09-08T09:30:00Z,233,213
T_HOWBO-2,HOWBO-2,2026-09-08,22,2026-09-08T09:30:00Z,2026-09-08T10:00:00Z,199,176
T_HOWBO-2,HOWBO-2,2026-09-08,23,2026-09-08T10:00:00Z,2026-09-08T10:30:00Z,182,173
T_HOWBO-2,HOWBO-2,2026-09-08,24,2026-09-08T10:30:00Z,2026-09-08T11:00:00Z,173,165
T_HOWBO-2,HOWBO-2,2026-09-08,25,2026-09-08T11:00:00Z,2026-09-08T11:30:00Z,165,165
T_HOWBO-2,HOWBO-2,2026-09-08,26,2026-09-08T11:30:00Z,2026-09-08T12:00:00Z,165,171
T_HOWBO-2,HOWBO-2,2026-09-08,27,2026-09-08T12:00:00Z,2026-09-08T12:30:00Z,155,163
T_HOWBO-2,HOWBO-2,2026-09-08,28,2026-09-08T12:30:00Z,2026-09-08T13:00:00Z,163,168
T_HOWBO-2,HOWBO-2,2026-09-08,29,2026-09-08T13:00:00Z,2026-09-08T13:30:00Z,179,188
T_HOWBO-2,HOWBO-2,2026-09-08,30,2026-09-08T13:30:00Z,2026-09-08T14:00:00Z,188,195
T_HOWBO-2,HOWBO-2,2026-09-08,31,2026-09-08T14:00:00Z,2026-09-08T14:30:00Z,209,222
T_HOWBO-2,HOWBO-2,2026-09-08,32,2026-09-08T14:30:00Z,2026-09-08T15:00:00Z,222,247
T_HOWBO-2,HOWBO-2,2026-09-08,33,2026-09-08T15:00:00Z,2026-09-08T15:30:00Z,227,260
T_HOWBO-2,HOWBO-2,2026-09-08,34,2026-09-08T15:30:00Z,2026-09-08T16:00:00Z,260,305
T_HOWBO-2,HOWBO-2,2026-09-08,35,2026-09-08T16:00:00Z,2026-09-08T16:30:00Z,288,331
T_HOWBO-2,HOWBO-2,2026-09-08,36,2026-09-08T16:30:00Z,2026-09-08T17:00:00Z,331,374
T_HOWBO-2,HOWBO-2,2026-09-08,37,2026-09-08T17:00:00Z,2026-09-08T17:30:00Z,356,382
T_HOWBO-2,HOWBO-2,2026-09-08,38,2026-09-08T17:30:00Z,2026-09-08T18:00:00Z,382,405
T_HOWBO-2,HOWBO-2,2026-09-08,39,2026-09-08T18:00:00Z,2026-09-08T18:30:00Z,378,397
T_HOWBO-2,HOWBO-2,2026-09-08,40,2026-09-08T18:30:00Z,2026-09-08T19:00:00Z,397,410
T_HOWBO-2,HOWBO-2,2026-09-08,41,2026-09-08T19:00:00Z,2026-09-08T19:30:00Z,408,413
T_HOWBO-2,HOWBO-2,2026-09-08,42,2026-09-08T19:30:00Z,2026-09-08T20:00:00Z,413,419
T_HOWBO-2,HOWBO-2,2026-09-08,43,2026-09-08T20:00:00Z,2026-09-08T20:30:00Z,430,430
T_HOWBO-2,HOWBO-2,2026-09-08,44,2026-09-08T20:30:00Z,2026-09-08T21:00:00Z,430,429
T_HOWBO-2,HOWBO-2,2026-09-08,45,2026-09-08T21:00:00Z,2026-09-08T21:30:00Z,428,428
T_HOWBO-2,HOWBO-2,2026-09-08,46,2026-09-08T21:30:00Z,2026-09-08T22:00:00Z,428,432
T_HOWBO-2,HOWBO-2,2026-09-08,47,2026-09-08T22:00:00Z,2026-09-08T22:30:00Z,426,426
T_HOWBO-2,HOWBO-2,2026-09-08,48,2026-09-08T22:30:00Z,2026-09-08T23:00:00Z,426,426
T_HOWBO-3,HOWBO-3,2026-09-08,1,2026-09-07T23:00:00Z,2026-09-07T23:30:00Z,296,320
T_HOWBO-3,HOWBO-3,2026-09-08,2,2026-09-07T23:30:00Z,2026-09-08T00:00:00Z,320,351
T_HOWBO-3,HOWBO-3,2026-09-08,3,2026-09-08T00:00:00Z,2026-09-08T00:30:00Z,353,384
T_HOWBO-3,HOWBO-3,2026-09-08,4,2026-09-08T00:30:00Z,2026-09-08T01:00:00Z,384,409
T_HOWBO-3,HOWBO-3,2026-09-08,5,2026-09-08T01:00:00Z,2026-09-08T01:30:00Z,389,408
T_HOWBO-3,HOWBO-3,2026-09-08,6,2026-09-08T01:30:00Z,2026-09-08T02:00:00Z,408,420
T_HOWBO-3,HOWBO-3,2026-09-08,7,2026-09-08T02:00:00Z,2026-09-08T02:30:00Z,395,407
T_HOWBO-3,HOWBO-3,2026-09-08,8,2026-09-08T02:30:00Z,2026-09-08T03:00:00Z,407,417
T_HOWBO-3,HOWBO-3,2026-09-08,9,2026-09-08T03:00:00Z,2026-09-08T03:30:00Z,391,401
T_HOWBO-3,HOWBO-3,2026-09-08,10,2026-09-08T03:30:00Z,2026-09-08T04:00:00Z,401,409
T_HOWBO-3,HOWBO-3,2026-09-08,11,2026-09-08T04:00:00Z,2026-09-08T04:30:00Z,417,416
T_HOWBO-3,HOWBO-3,2026-09-08,12,2026-09-08T04:30:00Z,2026-09-08T05:00:00Z,416,417
T_HOWBO-3,HOWBO-3,2026-09-08,13,2026-09-08T05:00:00Z,2026-09-08T05:30:00Z,423,418
T_HOWBO-3,HOWBO-3,2026-09-08,14,2026-09-08T05:30:00Z,2026-09-08T06:00:00Z,418,412
T_HOWBO-3,HOWBO-3,2026-09-08,15,2026-09-08T06:00:00Z,2026-09-08T06:30:00Z,405,386
T_HOWBO-3,HOWBO-3,2026-09-08,16,2026-09-08T06:30:00Z,2026-09-08T07:00:00Z,386,362
T_HOWBO-3,HOWBO-3,2026-09-08,17,2026-09-08T07:00:00Z,2026-09-08T07:30:00Z,375,332
T_HOWBO-3,HOWBO-3,2026-09-08,18,2026-09-08T07:30:00Z,2026-09-08T08:00:00Z,332,290
T_HOWBO-3,HOWBO-3,2026-09-08,19,2026-09-08T08:00:00Z,2026-09-08T08:30:00Z,309,273
T_HOWBO-3,HOWBO-3,2026-09-08,20,2026-09-08T08:30:00Z,2026-09-08T09:00:00Z,285,253
T_HOWBO-3,HOWBO-3,2026-09-08,21,2026-09-08T09:00:00Z,2026-09-08T09:30:00Z,235,214
T_HOWBO-3,HOWBO-3,2026-09-08,22,2026-09-08T09:30:00Z,2026-09-08T10:00:00Z,166,177
T_HOWBO-3,HOWBO-3,2026-09-08,23,2026-09-08T10:00:00Z,2026-09-08T10:30:00Z,183,174
T_HOWBO-3,HOWBO-3,2026-09-08,24,2026-09-08T10:30:00Z,2026-09-08T11:00:00Z,174,166
T_HOWBO-3,HOWBO-3,2026-09-08,25,2026-09-08T11:00:00Z,2026-09-08T11:30:00Z,166,166
T_HOWBO-3,HOWBO-3,2026-09-08,26,2026-09-08T11:30:00Z,2026-09-08T12:00:00Z,166,172
T_HOWBO-3,HOWBO-3,2026-09-08,27,2026-09-08T12:00:00Z,2026-09-08T12:30:00Z,158,166
T_HOWBO-3,HOWBO-3,2026-09-08,28,2026-09-08T12:30:00Z,2026-09-08T13:00:00Z,166,171
T_HOWBO-3,HOWBO-3,2026-09-08,29,2026-09-08T13:00:00Z,2026-09-08T13:30:00Z,183,192
T_HOWBO-3,HOWBO-3,2026-09-08,30,2026-09-08T13:30:00Z,2026-09-08T14:00:00Z,192,199
T_HOWBO-3,HOWBO-3,2026-09-08,31,2026-09-08T14:00:00Z,2026-09-08T14:30:00Z,213,226
T_HOWBO-3,HOWBO-3,2026-09-08,32,2026-09-08T14:30:00Z,2026-09-08T15:00:00Z,226,247
T_HOWBO-3,HOWBO-3,2026-09-08,33,2026-09-08T15:00:00Z,2026-09-08T15:30:00Z,227,260
T_HOWBO-3,HOWBO-3,2026-09-08,34,2026-09-08T15:30:00Z,2026-09-08T16:00:00Z,260,305
T_HOWBO-3,HOWBO-3,2026-09-08,35,2026-09-08T16:00:00Z,2026-09-08T16:30:00Z,288,331
T_HOWBO-3,HOWBO-3,2026-09-08,36,2026-09-08T16:30:00Z,2026-09-08T17:00:00Z,331,374
T_HOWBO-3,HOWBO-3,2026-09-08,37,2026-09-08T17:00:00Z,2026-09-08T17:30:00Z,356,385
T_HOWBO-3,HOWBO-3,2026-09-08,38,2026-09-08T17:30:00Z,2026-09-08T18:00:00Z,385,407
T_HOWBO-3,HOWBO-3,2026-09-08,39,2026-09-08T18:00:00Z,2026-09-08T18:30:00Z,381,400
T_HOWBO-3,HOWBO-3,2026-09-08,40,2026-09-08T18:30:00Z,2026-09-08T19:00:00Z,400,413
T_HOWBO-3,HOWBO-3,2026-09-08,41,2026-09-08T19:00:00Z,2026-09-08T19:30:00Z,411,416
T_HOWBO-3,HOWBO-3,2026-09-08,42,2026-09-08T19:30:00Z,2026-09-08T20:00:00Z,416,422
T_HOWBO-3,HOWBO-3,2026-09-08,43,2026-09-08T20:00:00Z,2026-09-08T20:30:00Z,433,433
T_HOWBO-3,HOWBO-3,2026-09-08,44,2026-09-08T20:30:00Z,2026-09-08T21:00:00Z,433,433
T_HOWBO-3,HOWBO-3,2026-09-08,45,2026-09-08T21:00:00Z,2026-09-08T21:30:00Z,431,432
T_HOWBO-3,HOWBO-3,2026-09-08,46,2026-09-08T21:30:00Z,2026-09-08T22:00:00Z,432,432
T_HOWBO-3,HOWBO-3,2026-09-08,47,2026-09-08T22:00:00Z,2026-09-08T22:30:00Z,434,434
T_HOWBO-3,HOWBO-3,2026-09-08,48,2026-09-08T22:30:00Z,2026-09-08T23:00:00Z,434,434
T_HRSTW-1,HRSTW-1,2026-09-08,1,2026-09-07T23:00:00Z,2026-09-07T23:30:00Z,66,66
T_HRSTW-1,HRSTW-1,2026-09-08,2,2026-09-07T23:30:00Z,2026-09-08T00:00:00Z,61,61
T_HRSTW-1,HRSTW-1,2026-09-08,3,2026-09-08T00:00:00Z,2026-09-08T00:30:00Z,63,63
T_HRSTW-1,HRSTW-1,2026-09-08,4,2026-09-08T00:30:00Z,2026-09-08T01:00:00Z,58,58
T_HRSTW-1,HRSTW-1,2026-09-08,5,2026-09-08T01:00:00Z,2026-09-08T01:30:00Z,70,70
T_HRSTW-1,HRSTW-1,2026-09-08,6,2026-09-08T01:30:00Z,2026-09-08T02:00:00Z,66,66
T_HRSTW-1,HRSTW-1,2026-09-08,7,2026-09-08T02:00:00Z,2026-09-08T02:30:00Z,82,82
T_HRSTW-1,HRSTW-1,2026-09-08,8,2026-09-08T02:30:00Z,2026-09-08T03:00:00Z,73,73
T_HRSTW-1,HRSTW-1,2026-09-08,9,2026-09-08T03:00:00Z,2026-09-08T03:30:00Z,65,65
T_HRSTW-1,HRSTW-1,2026-09-08,10,2026-09-08T03:30:00Z,2026-09-08T04:00:00Z,57,57
T_HRSTW-1,HRSTW-1,2026-09-08,11,2026-09-08T04:00:00Z,2026-09-08T04:30:00Z,60,60
T_HRSTW-1,HRSTW-1,2026-09-08,12,2026-09-08T04:30:00Z,2026-09-08T05:00:00Z,57,57
T_HRSTW-1,HRSTW-1,2026-09-08,13,2026-09-08T05:00:00Z,2026-09-08T05:30:00Z,62,62
T_HRSTW-1,HRSTW-1,2026-09-08,14,2026-09-08T05:30:00Z,2026-09-08T06:00:00Z,55,55
T_HRSTW-1,HRSTW-1,2026-09-08,15,2026-09-08T06:00:00Z,2026-09-08T06:30:00Z,46,46
T_HRSTW-1,HRSTW-1,2026-09-08,16,2026-09-08T06:30:00Z,2026-09-08T07:00:00Z,49,49
T_HRSTW-1,HRSTW-1,2026-09-08,17,2026-09-08T07:00:00Z,2026-09-08T07:30:00Z,54,54
T_HRSTW-1,HRSTW-1,2026-09-08,18,2026-09-08T07:30:00Z,2026-09-08T08:00:00Z,48,48
T_HRSTW-1,HRSTW-1,2026-09-08,19,2026-09-08T08:00:00Z,2026-09-08T08:30:00Z,58,58
T_HRSTW-1,HRSTW-1,2026-09-08,20,2026-09-08T08:30:00Z,2026-09-08T09:00:00Z,53,53
T_HRSTW-1,HRSTW-1,2026-09-08,21,2026-09-08T09:00:00Z,2026-09-08T09:30:00Z,66,66
T_HRSTW-1,HRSTW-1,2026-09-08,22,2026-09-08T09:30:00Z,2026-09-08T10:00:00Z,59,59
T_HRSTW-1,HRSTW-1,2026-09-08,23,2026-09-08T10:00:00Z,2026-09-08T10:30:00Z,66,66
T_HRSTW-1,HRSTW-1,2026-09-08,24,2026-09-08T10:30:00Z,2026-09-08T11:00:00Z,75,75
T_HRSTW-1,HRSTW-1,2026-09-08,25,2026-09-08T11:00:00Z,2026-09-08T11:30:00Z,85,85
T_HRSTW-1,HRSTW-1,2026-09-08,26,2026-09-08T11:30:00Z,2026-09-08T12:00:00Z,86,86
T_HRSTW-1,HRSTW-1,2026-09-08,27,2026-09-08T12:00:00Z,2026-09-08T12:30:00Z,100,100
T_HRSTW-1,HRSTW-1,2026-09-08,28,2026-09-08T12:30:00Z,2026-09-08T13:00:00Z,101,101
T_HRSTW-1,HRSTW-1,2026-09-08,29,2026-09-08T13:00:00Z,2026-09-08T13:30:00Z,109,109
T_HRSTW-1,HRSTW-1,2026-09-08,30,2026-09-08T13:30:00Z,2026-09-08T14:00:00Z,103,103
T_HRSTW-1,HRSTW-1,2026-09-08,31,2026-09-08T14:00:00Z,2026-09-08T14:30:00Z,107,107
T_HRSTW-1,HRSTW-1,2026-09-08,32,2026-09-08T14:30:00Z,2026-09-08T15:00:00Z,107,107
T_HRSTW-1,HRSTW-1,2026-09-08,33,2026-09-08T15:00:00Z,2026-09-08T15:30:00Z,114,114
T_HRSTW-1,HRSTW-1,2026-09-08,34,2026-09-08T15:30:00Z,2026-09-08T16:00:00Z,109,109
T_HRSTW-1,HRSTW-1,2026-09-08,35,2026-09-08T16:00:00Z,2026-09-08T16:30:00Z,106,106
T_HRSTW-1,HRSTW-1,2026-09-08,36,2026-09-08T16:30:00Z,2026-09-08T17:00:00Z,105,105
T_HRSTW-1,HRSTW-1,2026-09-08,37,2026-09-08T17:00:00Z,2026-09-08T17:30:00Z,101,101
T_HRSTW-1,HRSTW-1,2026-09-08,38,2026-09-08T17:30:00Z,2026-09-08T18:00:00Z,105,105
T_HRSTW-1,HRSTW-1,2026-09-08,39,2026-09-08T18:00:00Z,2026-09-08T18:30:00Z,107,107
T_HRSTW-1,HRSTW-1,2026-09-08,40,2026-09-08T18:30:00Z,2026-09-08T19:00:00Z,104,104
T_HRSTW-1,HRSTW-1,2026-09-08,41,2026-09-08T19:00:00Z,2026-09-08T19:30:00Z,107,107
T_HRSTW-1,HRSTW-1,2026-09-08,42,2026-09-08T19:30:00Z,2026-09-08T20:00:00Z,103,103
T_HRSTW-1,HRSTW-1,2026-09-08,43,2026-09-08T20:00:00Z,2026-09-08T20:30:00Z,103,103
T_HRSTW-1,HRSTW-1,2026-09-08,44,2026-09-08T20:30:00Z,2026-09-08T21:00:00Z,97,97
T_HRSTW-1,HRSTW-1,2026-09-08,45,2026-09-08T21:00:00Z,2026-09-08T21:30:00Z,93,93
T_HRSTW-1,HRSTW-1,2026-09-08,46,2026-09-08T21:30:00Z,2026-09-08T22:00:00Z,84,84
T_HRSTW-1,HRSTW-1,2026-09-08,47,2026-09-08T22:00:00Z,2026-09-08T22:30:00Z,71,71
T_HRSTW-1,HRSTW-1,2026-09-08,48,2026-09-08T22:30:00Z,2026-09-08T23:00:00Z,68,68
T_KENNW-1,KENNW-1,2026-09-08,1,2026-09-07T23:00:00Z,2026-09-07T23:30:00Z,47,48
T_KENNW-1,KENNW-1,2026-09-08,2,2026-09-07T23:30:00Z,2026-09-08T00:00:00Z,47,48
T_KENNW-1,KENNW-1,2026-09-08,3,2026-09-08T00:00:00Z,2026-09-08T00:30:00Z,47,49
T_KENNW-1,KENNW-1,2026-09-08,4,2026-09-08T00:30:00Z,2026-09-08T01:00:00Z,48,50
T_KENNW-1,KENNW-1,2026-09-08,5,2026-09-08T01:00:00Z,2026-09-08T01:30:00Z,49,51
T_KENNW-1,KENNW-1,2026-09-08,6,2026-09-08T01:30:00Z,2026-09-08T02:00:00Z,50,51
T_KENNW-1,KENNW-1,2026-09-08,7,2026-09-08T02:00:00Z,2026-09-08T02:30:00Z,51,51
T_KENNW-1,KENNW-1,2026-09-08,8,2026-09-08T02:30:00Z,2026-09-08T03:00:00Z,51,51
T_KENNW-1,KENNW-1,2026-09-08,9,2026-09-08T03:00:00Z,2026-09-08T03:30:00Z,51,51
T_KENNW-1,KENNW-1,2026-09-08,10,2026-09-08T03:30:00Z,2026-09-08T04:00:00Z,51,51
T_KENNW-1,KENNW-1,2026-09-08,11,2026-09-08T04:00:00Z,2026-09-08T04:30:00Z,51,52
T_KENNW-1,KENNW-1,2026-09-08,12,2026-09-08T04:30:00Z,2026-09-08T05:00:00Z,51,52
T_KENNW-1,KENNW-1,2026-09-08,13,2026-09-08T05:00:00Z,2026-09-08T05:30:00Z,51,52
T_KENNW-1,KENNW-1,2026-09-08,14,2026-09-08T05:30:00Z,2026-09-08T06:00:00Z,51,52
T_KENNW-1,KENNW-1,2026-09-08,15,2026-09-08T06:00:00Z,2026-09-08T06:30:00Z,52,52
T_KENNW-1,KENNW-1,2026-09-08,16,2026-09-08T06:30:00Z,2026-09-08T07:00:00Z,52,53
T_KENNW-1,KENNW-1,2026-09-08,17,2026-09-08T07:00:00Z,2026-09-08T07:30:00Z,53,53
T_KENNW-1,KENNW-1,2026-09-08,18,2026-09-08T07:30:00Z,2026-09-08T08:00:00Z,53,53
T_KENNW-1,KENNW-1,2026-09-08,19,2026-09-08T08:00:00Z,2026-09-08T08:30:00Z,53,53
T_KENNW-1,KENNW-1,2026-09-08,20,2026-09-08T08:30:00Z,2026-09-08T09:00:00Z,53,54
T_KENNW-1,KENNW-1,2026-09-08,21,2026-09-08T09:00:00Z,2026-09-08T09:30:00Z,54,54
T_KENNW-1,KENNW-1,2026-09-08,22,2026-09-08T09:30:00Z,2026-09-08T10:00:00Z,54,55
T_KENNW-1,KENNW-1,2026-09-08,23,2026-09-08T10:00:00Z,2026-09-08T10:30:00Z,55,55
T_KENNW-1,KENNW-1,2026-09-08,24,2026-09-08T10:30:00Z,2026-09-08T11:00:00Z,55,55
T_KENNW-1,KENNW-1,2026-09-08,25,2026-09-08T11:00:00Z,2026-09-08T11:30:00Z,55,55
T_KENNW-1,KENNW-1,2026-09-08,26,2026-09-08T11:30:00Z,2026-09-08T12:00:00Z,55,56
T_KENNW-1,KENNW-1,2026-09-08,27,2026-09-08T12:00:00Z,2026-09-08T12:30:00Z,55,56
T_KENNW-1,KENNW-1,2026-09-08,28,2026-09-08T12:30:00Z,2026-09-08T13:00:00Z,56,56
T_KENNW-1,KENNW-1,2026-09-08,29,2026-09-08T13:00:00Z,2026-09-08T13:30:00Z,56,56
T_KENNW-1,KENNW-1,2026-09-08,30,2026-09-08T13:30:00Z,2026-09-08T14:00:00Z,56,56
T_KENNW-1,KENNW-1,2026-09-08,31,2026-09-08T14:00:00Z,2026-09-08T14:30:00Z,56,56
T_KENNW-1,KENNW-1,2026-09-08,32,2026-09-08T14:30:00Z,2026-09-08T15:00:00Z,56,56
T_KENNW-1,KENNW-1,2026-09-08,33,2026-09-08T15:00:00Z,2026-09-08T15:30:00Z,56,56
T_KENNW-1,KENNW-1,2026-09-08,34,2026-09-08T15:30:00Z,2026-09-08T16:00:00Z,56,56
T_KENNW-1,KENNW-1,2026-09-08,35,2026-09-08T16:00:00Z,2026-09-08T16:30:00Z,56,56
T_KENNW-1,KENNW-1,2026-09-08,36,2026-09-08T16:30:00Z,2026-09-08T17:00:00Z,56,56
T_KENNW-1,KENNW-1,2026-09-08,37,2026-09-08T17:00:00Z,2026-09-08T17:30:00Z,56,55
T_KENNW-1,KENNW-1,2026-09-08,38,2026-09-08T17:30:00Z,2026-09-08T18:00:00Z,55,55
T_KENNW-1,KENNW-1,2026-09-08,39,2026-09-08T18:00:00Z,2026-09-08T18:30:00Z,55,54
T_KENNW-1,KENNW-1,2026-09-08,40,2026-09-08T18:30:00Z,2026-09-08T19:00:00Z,53,52
T_KENNW-1,KENNW-1,2026-09-08,41,2026-09-08T19:00:00Z,2026-09-08T19:30:00Z,52,51
T_KENNW-1,KENNW-1,2026-09-08,42,2026-09-08T19:30:00Z,2026-09-08T20:00:00Z,51,50
T_KENNW-1,KENNW-1,2026-09-08,43,2026-09-08T20:00:00Z,2026-09-08T20:30:00Z,50,49
T_KENNW-1,KENNW-1,2026-09-08,44,2026-09-08T20:30:00Z,2026-09-08T21:00:00Z,49,47
T_KENNW-1,KENNW-1,2026-09-08,45,2026-09-08T21:00:00Z,2026-09-08T21:30:00Z,47,46
T_KENNW-1,KENNW-1,2026-09-08,46,2026-09-08T21:30:00Z,2026-09-08T22:00:00Z,45,42
T_KENNW-1,KENNW-1,2026-09-08,47,2026-09-08T22:00:00Z,2026-09-08T22:30:00Z,41,39
T_KENNW-1,KENNW-1,2026-09-08,48,2026-09-08T22:30:00Z,2026-09-08T23:00:00Z,39,35
T_KILBW-1,KILBW-1,2026-09-08,1,2026-09-07T23:00:00Z,2026-09-07T23:30:00Z,28,29
T_KILBW-1,KILBW-1,2026-09-08,2,2026-09-07T23:30:00Z,2026-09-08T00:00:00Z,29,28
T_KILBW-1,KILBW-1,2026-09-08,3,2026-09-08T00:00:00Z,2026-09-08T00:30:00Z,28,29
T_KILBW-1,KILBW-1,2026-09-08,4,2026-09-08T00:30:00Z,2026-09-08T01:00:00Z,29,28
T_KILBW-1,KILBW-1,2026-09-08,5,2026-09-08T01:00:00Z,2026-09-08T01:30:00Z,28,29
T_KILBW-1,KILBW-1,2026-09-08,6,2026-09-08T01:30:00Z,2026-09-08T02:00:00Z,29,28
T_KILBW-1,KILBW-1,2026-09-08,7,2026-09-08T02:00:00Z,2026-09-08T02:30:00Z,28,28
T_KILBW-1,KILBW-1,2026-09-08,8,2026-09-08T02:30:00Z,2026-09-08T03:00:00Z,28,26
T_KILBW-1,KILBW-1,2026-09-08,9,2026-09-08T03:00:00Z,2026-09-08T03:30:00Z,26,26
T_KILBW-1,KILBW-1,2026-09-08,10,2026-09-08T03:30:00Z,2026-09-08T04:00:00Z,26,24
T_KILBW-1,KILBW-1,2026-09-08,11,2026-09-08T04:00:00Z,2026-09-08T04:30:00Z,24,25
T_KILBW-1,KILBW-1,2026-09-08,12,2026-09-08T04:30:00Z,2026-09-08T05:00:00Z,25,24
T_KILBW-1,KILBW-1,2026-09-08,13,2026-09-08T05:00:00Z,2026-09-08T05:30:00Z,24,25
T_KILBW-1,KILBW-1,2026-09-08,14,2026-09-08T05:30:00Z,2026-09-08T06:00:00Z,25,24
T_KILBW-1,KILBW-1,2026-09-08,15,2026-09-08T06:00:00Z,2026-09-08T06:30:00Z,24,25
T_KILBW-1,KILBW-1,2026-09-08,16,2026-09-08T06:30:00Z,2026-09-08T07:00:00Z,25,25
T_KILBW-1,KILBW-1,2026-09-08,17,2026-09-08T07:00:00Z,2026-09-08T07:30:00Z,25,25
T_KILBW-1,KILBW-1,2026-09-08,18,2026-09-08T07:30:00Z,2026-09-08T08:00:00Z,25,25
T_KILBW-1,KILBW-1,2026-09-08,19,2026-09-08T08:00:00Z,2026-09-08T08:30:00Z,25,26
T_KILBW-1,KILBW-1,2026-09-08,20,2026-09-08T08:30:00Z,2026-09-08T09:00:00Z,26,28
T_KILBW-1,KILBW-1,2026-09-08,21,2026-09-08T09:00:00Z,2026-09-08T09:30:00Z,28,28
T_KILBW-1,KILBW-1,2026-09-08,22,2026-09-08T09:30:00Z,2026-09-08T10:00:00Z,28,27
T_KILBW-1,KILBW-1,2026-09-08,23,2026-09-08T10:00:00Z,2026-09-08T10:30:00Z,27,28
T_KILBW-1,KILBW-1,2026-09-08,24,2026-09-08T10:30:00Z,2026-09-08T11:00:00Z,28,30
T_KILBW-1,KILBW-1,2026-09-08,25,2026-09-08T11:00:00Z,2026-09-08T11:30:00Z,30,31
T_KILBW-1,KILBW-1,2026-09-08,26,2026-09-08T11:30:00Z,2026-09-08T12:00:00Z,31,32
T_KILBW-1,KILBW-1,2026-09-08,27,2026-09-08T12:00:00Z,2026-09-08T12:30:00Z,32,32
T_KILBW-1,KILBW-1,2026-09-08,28,2026-09-08T12:30:00Z,2026-09-08T13:00:00Z,32,32
T_KILBW-1,KILBW-1,2026-09-08,29,2026-09-08T13:00:00Z,2026-09-08T13:30:00Z,32,32
T_KILBW-1,KILBW-1,2026-09-08,30,2026-09-08T13:30:00Z,2026-09-08T14:00:00Z,32,32
T_KILBW-1,KILBW-1,2026-09-08,31,2026-09-08T14:00:00Z,2026-09-08T14:30:00Z,32,31
T_KILBW-1,KILBW-1,2026-09-08,32,2026-09-08T14:30:00Z,2026-09-08T15:00:00Z,31,31
T_KILBW-1,KILBW-1,2026-09-08,33,2026-09-08T15:00:00Z,2026-09-08T15:30:00Z,31,30
T_KILBW-1,KILBW-1,2026-09-08,34,2026-09-08T15:30:00Z,2026-09-08T16:00:00Z,30,29
T_KILBW-1,KILBW-1,2026-09-08,35,2026-09-08T16:00:00Z,2026-09-08T16:30:00Z,29,28
T_KILBW-1,KILBW-1,2026-09-08,36,2026-09-08T16:30:00Z,2026-09-08T17:00:00Z,28,27
T_KILBW-1,KILBW-1,2026-09-08,37,2026-09-08T17:00:00Z,2026-09-08T17:30:00Z,27,26
T_KILBW-1,KILBW-1,2026-09-08,38,2026-09-08T17:30:00Z,2026-09-08T18:00:00Z,26,26
T_KILBW-1,KILBW-1,2026-09-08,39,2026-09-08T18:00:00Z,2026-09-08T18:30:00Z,26,25
T_KILBW-1,KILBW-1,2026-09-08,40,2026-09-08T18:30:00Z,2026-09-08T19:00:00Z,25,25
T_KILBW-1,KILBW-1,2026-09-08,41,2026-09-08T19:00:00Z,2026-09-08T19:30:00Z,25,24
T_KILBW-1,KILBW-1,2026-09-08,42,2026-09-08T19:30:00Z,2026-09-08T20:00:00Z,24,23
T_KILBW-1,KILBW-1,2026-09-08,43,2026-09-08T20:00:00Z,2026-09-08T20:30:00Z,23,22
T_KILBW-1,KILBW-1,2026-09-08,44,2026-09-08T20:30:00Z,2026-09-08T21:00:00Z,22,22
T_KILBW-1,KILBW-1,2026-09-08,45,2026-09-08T21:00:00Z,2026-09-08T21:30:00Z,22,21
T_KILBW-1,KILBW-1,2026-09-08,46,2026-09-08T21:30:00Z,2026-09-08T22:00:00Z,21,20
T_KILBW-1,KILBW-1,2026-09-08,47,2026-09-08T22:00:00Z,2026-09-08T22:30:00Z,20,19
T_KILBW-1,KILBW-1,2026-09-08,48,2026-09-08T22:30:00Z,2026-09-08T23:00:00Z,19,19
T_KLGLW-1,KLGLW-1,2026-09-08,1,2026-09-07T23:00:00Z,2026-09-07T23:30:00Z,171,171
T_KLGLW-1,KLGLW-1,2026-09-08,2,2026-09-07T23:30:00Z,2026-09-08T00:00:00Z,146,146
T_KLGLW-1,KLGLW-1,2026-09-08,3,2026-09-08T00:00:00Z,2026-09-08T00:30:00Z,166,166
T_KLGLW-1,KLGLW-1,2026-09-08,4,2026-09-08T00:30:00Z,2026-09-08T01:00:00Z,159,159
T_KLGLW-1,KLGLW-1,2026-09-08,5,2026-09-08T01:00:00Z,2026-09-08T01:30:00Z,179,179
T_KLGLW-1,KLGLW-1,2026-09-08,6,2026-09-08T01:30:00Z,2026-09-08T02:00:00Z,172,172
T_KLGLW-1,KLGLW-1,2026-09-08,7,2026-09-08T02:00:00Z,2026-09-08T02:30:00Z,204,204
T_KLGLW-1,KLGLW-1,2026-09-08,8,2026-09-08T02:30:00Z,2026-09-08T03:00:00Z,200,200
T_KLGLW-1,KLGLW-1,2026-09-08,9,2026-09-08T03:00:00Z,2026-09-08T03:30:00Z,205,205
T_KLGLW-1,KLGLW-1,2026-09-08,10,2026-09-08T03:30:00Z,2026-09-08T04:00:00Z,201,201
T_KLGLW-1,KLGLW-1,2026-09-08,11,2026-09-08T04:00:00Z,2026-09-08T04:30:00Z,194,194
T_KLGLW-1,KLGLW-1,2026-09-08,12,2026-09-08T04:30:00Z,2026-09-08T05:00:00Z,179,179
T_KLGLW-1,KLGLW-1,2026-09-08,13,2026-09-08T05:00:00Z,2026-09-08T05:30:00Z,197,197
T_KLGLW-1,KLGLW-1,2026-09-08,14,2026-09-08T05:30:00Z,2026-09-08T06:00:00Z,171,171
T_KLGLW-1,KLGLW-1,2026-09-08,15,2026-09-08T06:00:00Z,2026-09-08T06:30:00Z,186,186
T_KLGLW-1,KLGLW-1,2026-09-08,16,2026-09-08T06:30:00Z,2026-09-08T07:00:00Z,173,173
T_KLGLW-1,KLGLW-1,2026-09-08,17,2026-09-08T07:00:00Z,2026-09-08T07:30:00Z,203,203
T_KLGLW-1,KLGLW-1,2026-09-08,18,2026-09-08T07:30:00Z,2026-09-08T08:00:00Z,193,193
T_KLGLW-1,KLGLW-1,2026-09-08,19,2026-09-08T08:00:00Z,2026-09-08T08:30:00Z,201,201
T_KLGLW-1,KLGLW-1,2026-09-08,20,2026-09-08T08:30:00Z,2026-09-08T09:00:00Z,200,200
T_KLGLW-1,KLGLW-1,2026-09-08,21,2026-09-08T09:00:00Z,2026-09-08T09:30:00Z,195,195
T_KLGLW-1,KLGLW-1,2026-09-08,22,2026-09-08T09:30:00Z,2026-09-08T10:00:00Z,195,195
T_KLGLW-1,KLGLW-1,2026-09-08,23,2026-09-08T10:00:00Z,2026-09-08T10:30:00Z,204,204
T_KLGLW-1,KLGLW-1,2026-09-08,24,2026-09-08T10:30:00Z,2026-09-08T11:00:00Z,197,197
T_KLGLW-1,KLGLW-1,2026-09-08,25,2026-09-08T11:00:00Z,2026-09-08T11:30:00Z,206,206
T_KLGLW-1,KLGLW-1,2026-09-08,26,2026-09-08T11:30:00Z,2026-09-08T12:00:00Z,202,202
T_KLGLW-1,KLGLW-1,2026-09-08,27,2026-09-08T12:00:00Z,2026-09-08T12:30:00Z,206,206
T_KLGLW-1,KLGLW-1,2026-09-08,28,2026-09-08T12:30:00Z,2026-09-08T13:00:00Z,196,196
T_KLGLW-1,KLGLW-1,2026-09-08,29,2026-09-08T13:00:00Z,2026-09-08T13:30:00Z,206,206
T_KLGLW-1,KLGLW-1,2026-09-08,30,2026-09-08T13:30:00Z,2026-09-08T14:00:00Z,206,206
T_KLGLW-1,KLGLW-1,2026-09-08,31,2026-09-08T14:00:00Z,2026-09-08T14:30:00Z,206,206
T_KLGLW-1,KLGLW-1,2026-09-08,32,2026-09-08T14:30:00Z,2026-09-08T15:00:00Z,213,213
T_KLGLW-1,KLGLW-1,2026-09-08,33,2026-09-08T15:00:00Z,2026-09-08T15:30:00Z,218,218
T_KLGLW-1,KLGLW-1,2026-09-08,34,2026-09-08T15:30:00Z,2026-09-08T16:00:00Z,218,218
T_KLGLW-1,KLGLW-1,2026-09-08,35,2026-09-08T16:00:00Z,2026-09-08T16:30:00Z,222,222
T_KLGLW-1,KLGLW-1,2026-09-08,36,2026-09-08T16:30:00Z,2026-09-08T17:00:00Z,222,222
T_KLGLW-1,KLGLW-1,2026-09-08,37,2026-09-08T17:00:00Z,2026-09-08T17:30:00Z,222,222
T_KLGLW-1,KLGLW-1,2026-09-08,38,2026-09-08T17:30:00Z,2026-09-08T18:00:00Z,222,222
T_KLGLW-1,KLGLW-1,2026-09-08,39,2026-09-08T18:00:00Z,2026-09-08T18:30:00Z,222,222
T_KLGLW-1,KLGLW-1,2026-09-08,40,2026-09-08T18:30:00Z,2026-09-08T19:00:00Z,222,222
T_KLGLW-1,KLGLW-1,2026-09-08,41,2026-09-08T19:00:00Z,2026-09-08T19:30:00Z,222,222
T_KLGLW-1,KLGLW-1,2026-09-08,42,2026-09-08T19:30:00Z,2026-09-08T20:00:00Z,216,216
T_KLGLW-1,KLGLW-1,2026-09-08,43,2026-09-08T20:00:00Z,2026-09-08T20:30:00Z,218,218
T_KLGLW-1,KLGLW-1,2026-09-08,44,2026-09-08T20:30:00Z,2026-09-08T21:00:00Z,209,209
T_KLGLW-1,KLGLW-1,2026-09-08,45,2026-09-08T21:00:00Z,2026-09-08T21:30:00Z,212,212
T_KLGLW-1,KLGLW-1,2026-09-08,46,2026-09-08T21:30:00Z,2026-09-08T22:00:00Z,202,202
T_KLGLW-1,KLGLW-1,2026-09-08,47,2026-09-08T22:00:00Z,2026-09-08T22:30:00Z,187,187
T_KLGLW-1,KLGLW-1,2026-09-08,48,2026-09-08T22:30:00Z,2026-09-08T23:00:00Z,181,181
T_KPMRW-1,KPMRW-1,2026-09-08,1,2026-09-07T23:00:00Z,2026-09-07T23:30:00Z,75,75
T_KPMRW-1,KPMRW-1,2026-09-08,2,2026-09-07T23:30:00Z,2026-09-08T00:00:00Z,75,76
T_KPMRW-1,KPMRW-1,2026-09-08,3,2026-09-08T00:00:00Z,2026-09-08T00:30:00Z,73,74
T_KPMRW-1,KPMRW-1,2026-09-08,4,2026-09-08T00:30:00Z,2026-09-08T01:00:00Z,74,75
T_KPMRW-1,KPMRW-1,2026-09-08,5,2026-09-08T01:00:00Z,2026-09-08T01:30:00Z,75,76
T_KPMRW-1,KPMRW-1,2026-09-08,6,2026-09-08T01:30:00Z,2026-09-08T02:00:00Z,76,77
T_KPMRW-1,KPMRW-1,2026-09-08,7,2026-09-08T02:00:00Z,2026-09-08T02:30:00Z,77,77
T_KPMRW-1,KPMRW-1,2026-09-08,8,2026-09-08T02:30:00Z,2026-09-08T03:00:00Z,77,78
T_KPMRW-1,KPMRW-1,2026-09-08,9,2026-09-08T03:00:00Z,2026-09-08T03:30:00Z,77,77
T_KPMRW-1,KPMRW-1,2026-09-08,10,2026-09-08T03:30:00Z,2026-09-08T04:00:00Z,77,78
T_KPMRW-1,KPMRW-1,2026-09-08,11,2026-09-08T04:00:00Z,2026-09-08T04:30:00Z,78,78
T_KPMRW-1,KPMRW-1,2026-09-08,12,2026-09-08T04:30:00Z,2026-09-08T05:00:00Z,78,78
T_KPMRW-1,KPMRW-1,2026-09-08,13,2026-09-08T05:00:00Z,2026-09-08T05:30:00Z,78,78
T_KPMRW-1,KPMRW-1,2026-09-08,14,2026-09-08T05:30:00Z,2026-09-08T06:00:00Z,78,78
T_KPMRW-1,KPMRW-1,2026-09-08,15,2026-09-08T06:00:00Z,2026-09-08T06:30:00Z,78,78
T_KPMRW-1,KPMRW-1,2026-09-08,16,2026-09-08T06:30:00Z,2026-09-08T07:00:00Z,78,77
T_KPMRW-1,KPMRW-1,2026-09-08,17,2026-09-08T07:00:00Z,2026-09-08T07:30:00Z,80,79
T_KPMRW-1,KPMRW-1,2026-09-08,18,2026-09-08T07:30:00Z,2026-09-08T08:00:00Z,79,66
T_KPMRW-1,KPMRW-1,2026-09-08,19,2026-09-08T08:00:00Z,2026-09-08T08:30:00Z,67,66
T_KPMRW-1,KPMRW-1,2026-09-08,20,2026-09-08T08:30:00Z,2026-09-08T09:00:00Z,67,66
T_KPMRW-1,KPMRW-1,2026-09-08,21,2026-09-08T09:00:00Z,2026-09-08T09:30:00Z,67,67
T_KPMRW-1,KPMRW-1,2026-09-08,22,2026-09-08T09:30:00Z,2026-09-08T10:00:00Z,68,68
T_KPMRW-1,KPMRW-1,2026-09-08,23,2026-09-08T10:00:00Z,2026-09-08T10:30:00Z,68,69
T_KPMRW-1,KPMRW-1,2026-09-08,24,2026-09-08T10:30:00Z,2026-09-08T11:00:00Z,69,69
T_KPMRW-1,KPMRW-1,2026-09-08,25,2026-09-08T11:00:00Z,2026-09-08T11:30:00Z,69,69
T_KPMRW-1,KPMRW-1,2026-09-08,26,2026-09-08T11:30:00Z,2026-09-08T12:00:00Z,69,68
T_KPMRW-1,KPMRW-1,2026-09-08,27,2026-09-08T12:00:00Z,2026-09-08T12:30:00Z,68,68
T_KPMRW-1,KPMRW-1,2026-09-08,28,2026-09-08T12:30:00Z,2026-09-08T13:00:00Z,68,68
T_KPMRW-1,KPMRW-1,2026-09-08,29,2026-09-08T13:00:00Z,2026-09-08T13:30:00Z,71,70
T_KPMRW-1,KPMRW-1,2026-09-08,30,2026-09-08T13:30:00Z,2026-09-08T14:00:00Z,70,70
T_KPMRW-1,KPMRW-1,2026-09-08,31,2026-09-08T14:00:00Z,2026-09-08T14:30:00Z,70,69
T_KPMRW-1,KPMRW-1,2026-09-08,32,2026-09-08T14:30:00Z,2026-09-08T15:00:00Z,69,68
T_KPMRW-1,KPMRW-1,2026-09-08,33,2026-09-08T15:00:00Z,2026-09-08T15:30:00Z,68,79
T_KPMRW-1,KPMRW-1,2026-09-08,34,2026-09-08T15:30:00Z,2026-09-08T16:00:00Z,79,76
T_KPMRW-1,KPMRW-1,2026-09-08,35,2026-09-08T16:00:00Z,2026-09-08T16:30:00Z,77,75
T_KPMRW-1,KPMRW-1,2026-09-08,36,2026-09-08T16:30:00Z,2026-09-08T17:00:00Z,75,71
T_KPMRW-1,KPMRW-1,2026-09-08,37,2026-09-08T17:00:00Z,2026-09-08T17:30:00Z,73,69
T_KPMRW-1,KPMRW-1,2026-09-08,38,2026-09-08T17:30:00Z,2026-09-08T18:00:00Z,69,63
T_KPMRW-1,KPMRW-1,2026-09-08,39,2026-09-08T18:00:00Z,2026-09-08T18:30:00Z,64,59
T_KPMRW-1,KPMRW-1,2026-09-08,40,2026-09-08T18:30:00Z,2026-09-08T19:00:00Z,59,53
T_KPMRW-1,KPMRW-1,2026-09-08,41,2026-09-08T19:00:00Z,2026-09-08T19:30:00Z,58,53
T_KPMRW-1,KPMRW-1,2026-09-08,42,2026-09-08T19:30:00Z,2026-09-08T20:00:00Z,53,48
T_KPMRW-1,KPMRW-1,2026-09-08,43,2026-09-08T20:00:00Z,2026-09-08T20:30:00Z,45,41
T_KPMRW-1,KPMRW-1,2026-09-08,44,2026-09-08T20:30:00Z,2026-09-08T21:00:00Z,41,35
T_KPMRW-1,KPMRW-1,2026-09-08,45,2026-09-08T21:00:00Z,2026-09-08T21:30:00Z,43,39
T_KPMRW-1,KPMRW-1,2026-09-08,46,2026-09-08T21:30:00Z,2026-09-08T22:00:00Z,39,32
T_KPMRW-1,KPMRW-1,2026-09-08,47,2026-09-08T22:00:00Z,2026-09-08T22:30:00Z,32,29
T_KPMRW-1,KPMRW-1,2026-09-08,48,2026-09-08T22:30:00Z,2026-09-08T23:00:00Z,29,24
T_KTHLW-1,KTHLW-1,2026-09-08,1,2026-09-07T23:00:00Z,2026-09-07T23:30:00Z,2,2
T_KTHLW-1,KTHLW-1,2026-09-08,2,2026-09-07T23:30:00Z,2026-09-08T00:00:00Z,2,2
T_KTHLW-1,KTHLW-1,2026-09-08,3,2026-09-08T00:00:00Z,2026-09-08T00:30:00Z,2,2
T_KTHLW-1,KTHLW-1,2026-09-08,4,2026-09-08T00:30:00Z,2026-09-08T01:00:00Z,2,2
T_KTHLW-1,KTHLW-1,2026-09-08,5,2026-09-08T01:00:00Z,2026-09-08T01:30:00Z,2,2
T_KTHLW-1,KTHLW-1,2026-09-08,6,2026-09-08T01:30:00Z,2026-09-08T02:00:00Z,2,2
T_KTHLW-1,KTHLW-1,2026-09-08,7,2026-09-08T02:00:00Z,2026-09-08T02:30:00Z,2,2
T_KTHLW-1,KTHLW-1,2026-09-08,8,2026-09-08T02:30:00Z,2026-09-08T03:00:00Z,2,2
T_KTHLW-1,KTHLW-1,2026-09-08,9,2026-09-08T03:00:00Z,2026-09-08T03:30:00Z,2,2
T_KTHLW-1,KTHLW-1,2026-09-08,10,2026-09-08T03:30:00Z,2026-09-08T04:00:00Z,2,3
T_KTHLW-1,KTHLW-1,2026-09-08,11,2026-09-08T04:00:00Z,2026-09-08T04:30:00Z,3,3
T_KTHLW-1,KTHLW-1,2026-09-08,12,2026-09-08T04:30:00Z,2026-09-08T05:00:00Z,2,2
T_KTHLW-1,KTHLW-1,2026-09-08,13,2026-09-08T05:00:00Z,2026-09-08T05:30:00Z,2,2
T_KTHLW-1,KTHLW-1,2026-09-08,14,2026-09-08T05:30:00Z,2026-09-08T06:00:00Z,3,3
T_KTHLW-1,KTHLW-1,2026-09-08,15,2026-09-08T06:00:00Z,2026-09-08T06:30:00Z,3,3
T_KTHLW-1,KTHLW-1,2026-09-08,16,2026-09-08T06:30:00Z,2026-09-08T07:00:00Z,3,3
T_KTHLW-1,KTHLW-1,2026-09-08,17,2026-09-08T07:00:00Z,2026-09-08T07:30:00Z,3,3
T_KTHLW-1,KTHLW-1,2026-09-08,18,2026-09-08T07:30:00Z,2026-09-08T08:00:00Z,3,3
T_KTHLW-1,KTHLW-1,2026-09-08,19,2026-09-08T08:00:00Z,2026-09-08T08:30:00Z,3,3
T_KTHLW-1,KTHLW-1,2026-09-08,20,2026-09-08T08:30:00Z,2026-09-08T09:00:00Z,3,3
T_KTHLW-1,KTHLW-1,2026-09-08,21,2026-09-08T09:00:00Z,2026-09-08T09:30:00Z,3,3
T_KTHLW-1,KTHLW-1,2026-09-08,22,2026-09-08T09:30:00Z,2026-09-08T10:00:00Z,3,3
T_KTHLW-1,KTHLW-1,2026-09-08,23,2026-09-08T10:00:00Z,2026-09-08T10:30:00Z,3,3
T_KTHLW-1,KTHLW-1,2026-09-08,24,2026-09-08T10:30:00Z,2026-09-08T11:00:00Z,3,3
T_KTHLW-1,KTHLW-1,2026-09-08,25,2026-09-08T11:00:00Z,2026-09-08T11:30:00Z,3,3
T_KTHLW-1,KTHLW-1,2026-09-08,26,2026-09-08T11:30:00Z,2026-09-08T12:00:00Z,3,3
T_KTHLW-1,KTHLW-1,2026-09-08,27,2026-09-08T12:00:00Z,2026-09-08T12:30:00Z,3,3
T_KTHLW-1,KTHLW-1,2026-09-08,28,2026-09-08T12:30:00Z,2026-09-08T13:00:00Z,3,3
T_KTHLW-1,KTHLW-1,2026-09-08,29,2026-09-08T13:00:00Z,2026-09-08T13:30:00Z,3,3
T_KTHLW-1,KTHLW-1,2026-09-08,30,2026-09-08T13:30:00Z,2026-09-08T14:00:00Z,3,3
T_KTHLW-1,KTHLW-1,2026-09-08,31,2026-09-08T14:00:00Z,2026-09-08T14:30:00Z,3,4
T_KTHLW-1,KTHLW-1,2026-09-08,32,2026-09-08T14:30:00Z,2026-09-08T15:00:00Z,3,4
T_KTHLW-1,KTHLW-1,2026-09-08,33,2026-09-08T15:00:00Z,2026-09-08T15:30:00Z,4,3
T_KTHLW-1,KTHLW-1,2026-09-08,34,2026-09-08T15:30:00Z,2026-09-08T16:00:00Z,3,3
T_KTHLW-1,KTHLW-1,2026-09-08,35,2026-09-08T16:00:00Z,2026-09-08T16:30:00Z,3,3
T_KTHLW-1,KTHLW-1,2026-09-08,36,2026-09-08T16:30:00Z,2026-09-08T17:00:00Z,3,3
T_KTHLW-1,KTHLW-1,2026-09-08,37,2026-09-08T17:00:00Z,2026-09-08T17:30:00Z,3,3
T_KTHLW-1,KTHLW-1,2026-09-08,38,2026-09-08T17:30:00Z,2026-09-08T18:00:00Z,3,3
T_KTHLW-1,KTHLW-1,2026-09-08,39,2026-09-08T18:00:00Z,2026-09-08T18:30:00Z,3,3
T_KTHLW-1,KTHLW-1,2026-09-08,40,2026-09-08T18:30:00Z,2026-09-08T19:00:00Z,3,3
T_KTHLW-1,KTHLW-1,2026-09-08,41,2026-09-08T19:00:00Z,2026-09-08T19:30:00Z,3,3
T_KTHLW-1,KTHLW-1,2026-09-08,42,2026-09-08T19:30:00Z,2026-09-08T20:00:00Z,3,3
T_KTHLW-1,KTHLW-1,2026-09-08,43,2026-09-08T20:00:00Z,2026-09-08T20:30:00Z,3,3
T_KTHLW-1,KTHLW-1,2026-09-08,44,2026-09-08T20:30:00Z,2026-09-08T21:00:00Z,3,2
T_KTHLW-1,KTHLW-1,2026-09-08,45,2026-09-08T21:00:00Z,2026-09-08T21:30:00Z,2,2
T_KTHLW-1,KTHLW-1,2026-09-08,46,2026-09-08T21:30:00Z,2026-09-08T22:00:00Z,2,2
T_KTHLW-1,KTHLW-1,2026-09-08,47,2026-09-08T22:00:00Z,2026-09-08T22:30:00Z,2,2
T_KTHLW-1,KTHLW-1,2026-09-08,48,2026-09-08T22:30:00Z,2026-09-08T23:00:00Z,2,2
T_KYPEW-1,KYPEW-1,2026-09-08,1,2026-09-07T23:00:00Z,2026-09-07T23:30:00Z,49,49
T_KYPEW-1,KYPEW-1,2026-09-08,2,2026-09-07T23:30:00Z,2026-09-08T00:00:00Z,49,49
T_KYPEW-1,KYPEW-1,2026-09-08,3,2026-09-08T00:00:00Z,2026-09-08T00:30:00Z,54,55
T_KYPEW-1,KYPEW-1,2026-09-08,4,2026-09-08T00:30:00Z,2026-09-08T01:00:00Z,55,56
T_KYPEW-1,KYPEW-1,2026-09-08,5,2026-09-08T01:00:00Z,2026-09-08T01:30:00Z,56,56
T_KYPEW-1,KYPEW-1,2026-09-08,6,2026-09-08T01:30:00Z,2026-09-08T02:00:00Z,56,56
T_KYPEW-1,KYPEW-1,2026-09-08,7,2026-09-08T02:00:00Z,2026-09-08T02:30:00Z,57,57
T_KYPEW-1,KYPEW-1,2026-09-08,8,2026-09-08T02:30:00Z,2026-09-08T03:00:00Z,57,58
T_KYPEW-1,KYPEW-1,2026-09-08,9,2026-09-08T03:00:00Z,2026-09-08T03:30:00Z,60,60
T_KYPEW-1,KYPEW-1,2026-09-08,10,2026-09-08T03:30:00Z,2026-09-08T04:00:00Z,60,60
T_KYPEW-1,KYPEW-1,2026-09-08,11,2026-09-08T04:00:00Z,2026-09-08T04:30:00Z,60,60
T_KYPEW-1,KYPEW-1,2026-09-08,12,2026-09-08T04:30:00Z,2026-09-08T05:00:00Z,60,60
T_KYPEW-1,KYPEW-1,2026-09-08,13,2026-09-08T05:00:00Z,2026-09-08T05:30:00Z,60,60
T_KYPEW-1,KYPEW-1,2026-09-08,14,2026-09-08T05:30:00Z,2026-09-08T06:00:00Z,60,60
T_KYPEW-1,KYPEW-1,2026-09-08,15,2026-09-08T06:00:00Z,2026-09-08T06:30:00Z,60,60
T_KYPEW-1,KYPEW-1,2026-09-08,16,2026-09-08T06:30:00Z,2026-09-08T07:00:00Z,60,60
T_KYPEW-1,KYPEW-1,2026-09-08,17,2026-09-08T07:00:00Z,2026-09-08T07:30:00Z,60,60
T_KYPEW-1,KYPEW-1,2026-09-08,18,2026-09-08T07:30:00Z,2026-09-08T08:00:00Z,60,57
T_KYPEW-1,KYPEW-1,2026-09-08,19,2026-09-08T08:00:00Z,2026-09-08T08:30:00Z,57,56
T_KYPEW-1,KYPEW-1,2026-09-08,20,2026-09-08T08:30:00Z,2026-09-08T09:00:00Z,56,54
T_KYPEW-1,KYPEW-1,2026-09-08,21,2026-09-08T09:00:00Z,2026-09-08T09:30:00Z,57,57
T_KYPEW-1,KYPEW-1,2026-09-08,22,2026-09-08T09:30:00Z,2026-09-08T10:00:00Z,57,57
T_KYPEW-1,KYPEW-1,2026-09-08,23,2026-09-08T10:00:00Z,2026-09-08T10:30:00Z,55,55
T_KYPEW-1,KYPEW-1,2026-09-08,24,2026-09-08T10:30:00Z,2026-09-08T11:00:00Z,55,57
T_KYPEW-1,KYPEW-1,2026-09-08,25,2026-09-08T11:00:00Z,2026-09-08T11:30:00Z,57,57
T_KYPEW-1,KYPEW-1,2026-09-08,26,2026-09-08T11:30:00Z,2026-09-08T12:00:00Z,57,57
T_KYPEW-1,KYPEW-1,2026-09-08,27,2026-09-08T12:00:00Z,2026-09-08T12:30:00Z,57,57
T_KYPEW-1,KYPEW-1,2026-09-08,28,2026-09-08T12:30:00Z,2026-09-08T13:00:00Z,57,57
T_KYPEW-1,KYPEW-1,2026-09-08,29,2026-09-08T13:00:00Z,2026-09-08T13:30:00Z,57,57
T_KYPEW-1,KYPEW-1,2026-09-08,30,2026-09-08T13:30:00Z,2026-09-08T14:00:00Z,57,57
T_KYPEW-1,KYPEW-1,2026-09-08,31,2026-09-08T14:00:00Z,2026-09-08T14:30:00Z,57,57
T_KYPEW-1,KYPEW-1,2026-09-08,32,2026-09-08T14:30:00Z,2026-09-08T15:00:00Z,57,60
T_KYPEW-1,KYPEW-1,2026-09-08,33,2026-09-08T15:00:00Z,2026-09-08T15:30:00Z,60,60
T_KYPEW-1,KYPEW-1,2026-09-08,34,2026-09-08T15:30:00Z,2026-09-08T16:00:00Z,60,60
T_KYPEW-1,KYPEW-1,2026-09-08,35,2026-09-08T16:00:00Z,2026-09-08T16:30:00Z,60,60
T_KYPEW-1,KYPEW-1,2026-09-08,36,2026-09-08T16:30:00Z,2026-09-08T17:00:00Z,60,60
T_KYPEW-1,KYPEW-1,2026-09-08,37,2026-09-08T17:00:00Z,2026-09-08T17:30:00Z,60,60
T_KYPEW-1,KYPEW-1,2026-09-08,38,2026-09-08T17:30:00Z,2026-09-08T18:00:00Z,60,60
T_KYPEW-1,KYPEW-1,2026-09-08,39,2026-09-08T18:00:00Z,2026-09-08T18:30:00Z,60,60
T_KYPEW-1,KYPEW-1,2026-09-08,40,2026-09-08T18:30:00Z,2026-09-08T19:00:00Z,60,60
T_KYPEW-1,KYPEW-1,2026-09-08,41,2026-09-08T19:00:00Z,2026-09-08T19:30:00Z,60,60
T_KYPEW-1,KYPEW-1,2026-09-08,42,2026-09-08T19:30:00Z,2026-09-08T20:00:00Z,60,57
T_KYPEW-1,KYPEW-1,2026-09-08,43,2026-09-08T20:00:00Z,2026-09-08T20:30:00Z,57,55
T_KYPEW-1,KYPEW-1,2026-09-08,44,2026-09-08T20:30:00Z,2026-09-08T21:00:00Z,55,53
T_KYPEW-1,KYPEW-1,2026-09-08,45,2026-09-08T21:00:00Z,2026-09-08T21:30:00Z,56,53
T_KYPEW-1,KYPEW-1,2026-09-08,46,2026-09-08T21:30:00Z,2026-09-08T22:00:00Z,53,51
T_KYPEW-1,KYPEW-1,2026-09-08,47,2026-09-08T22:00:00Z,2026-09-08T22:30:00Z,51,48
T_KYPEW-1,KYPEW-1,2026-09-08,48,2026-09-08T22:30:00Z,2026-09-08T23:00:00Z,48,46
T_LARYW-1,LARYO-1,2026-09-08,1,2026-09-07T23:00:00Z,2026-09-07T23:30:00Z,86,86
T_LARYW-1,LARYO-1,2026-09-08,2,2026-09-07T23:30:00Z,2026-09-08T00:00:00Z,74,74
T_LARYW-1,LARYO-1,2026-09-08,3,2026-09-08T00:00:00Z,2026-09-08T00:30:00Z,71,71
T_LARYW-1,LARYO-1,2026-09-08,4,2026-09-08T00:30:00Z,2026-09-08T01:00:00Z,73,73
T_LARYW-1,LARYO-1,2026-09-08,5,2026-09-08T01:00:00Z,2026-09-08T01:30:00Z,74,74
T_LARYW-1,LARYO-1,2026-09-08,6,2026-09-08T01:30:00Z,2026-09-08T02:00:00Z,80,80
T_LARYW-1,LARYO-1,2026-09-08,7,2026-09-08T02:00:00Z,2026-09-08T02:30:00Z,80,80
T_LARYW-1,LARYO-1,2026-09-08,8,2026-09-08T02:30:00Z,2026-09-08T03:00:00Z,83,83
T_LARYW-1,LARYO-1,2026-09-08,9,2026-09-08T03:00:00Z,2026-09-08T03:30:00Z,86,86
T_LARYW-1,LARYO-1,2026-09-08,10,2026-09-08T03:30:00Z,2026-09-08T04:00:00Z,82,82
T_LARYW-1,LARYO-1,2026-09-08,11,2026-09-08T04:00:00Z,2026-09-08T04:30:00Z,84,84
T_LARYW-1,LARYO-1,2026-09-08,12,2026-09-08T04:30:00Z,2026-09-08T05:00:00Z,84,84
T_LARYW-1,LARYO-1,2026-09-08,13,2026-09-08T05:00:00Z,2026-09-08T05:30:00Z,84,84
T_LARYW-1,LARYO-1,2026-09-08,14,2026-09-08T05:30:00Z,2026-09-08T06:00:00Z,80,80
T_LARYW-1,LARYO-1,2026-09-08,15,2026-09-08T06:00:00Z,2026-09-08T06:30:00Z,80,80
T_LARYW-1,LARYO-1,2026-09-08,16,2026-09-08T06:30:00Z,2026-09-08T07:00:00Z,83,83
T_LARYW-1,LARYO-1,2026-09-08,17,2026-09-08T07:00:00Z,2026-09-08T07:30:00Z,82,82
T_LARYW-1,LARYO-1,2026-09-08,18,2026-09-08T07:30:00Z,2026-09-08T08:00:00Z,68,68
T_LARYW-1,LARYO-1,2026-09-08,19,2026-09-08T08:00:00Z,2026-09-08T08:30:00Z,67,67
T_LARYW-1,LARYO-1,2026-09-08,20,2026-09-08T08:30:00Z,2026-09-08T09:00:00Z,65,65
T_LARYW-1,LARYO-1,2026-09-08,21,2026-09-08T09:00:00Z,2026-09-08T09:30:00Z,62,62
T_LARYW-1,LARYO-1,2026-09-08,22,2026-09-08T09:30:00Z,2026-09-08T10:00:00Z,57,57
T_LARYW-1,LARYO-1,2026-09-08,23,2026-09-08T10:00:00Z,2026-09-08T10:30:00Z,52,52
T_LARYW-1,LARYO-1,2026-09-08,24,2026-09-08T10:30:00Z,2026-09-08T11:00:00Z,46,46
T_LARYW-1,LARYO-1,2026-09-08,25,2026-09-08T11:00:00Z,2026-09-08T11:30:00Z,41,41
T_LARYW-1,LARYO-1,2026-09-08,26,2026-09-08T11:30:00Z,2026-09-08T12:00:00Z,35,35
T_LARYW-1,LARYO-1,2026-09-08,27,2026-09-08T12:00:00Z,2026-09-08T12:30:00Z,31,31
T_LARYW-1,LARYO-1,2026-09-08,28,2026-09-08T12:30:00Z,2026-09-08T13:00:00Z,27,27
T_LARYW-1,LARYO-1,2026-09-08,29,2026-09-08T13:00:00Z,2026-09-08T13:30:00Z,17,17
T_LARYW-1,LARYO-1,2026-09-08,30,2026-09-08T13:30:00Z,2026-09-08T14:00:00Z,18,18
T_LARYW-1,LARYO-1,2026-09-08,31,2026-09-08T14:00:00Z,2026-09-08T14:30:00Z,26,26
T_LARYW-1,LARYO-1,2026-09-08,32,2026-09-08T14:30:00Z,2026-09-08T15:00:00Z,42,42
T_LARYW-1,LARYO-1,2026-09-08,33,2026-09-08T15:00:00Z,2026-09-08T15:30:00Z,56,56
T_LARYW-1,LARYO-1,2026-09-08,34,2026-09-08T15:30:00Z,2026-09-08T16:00:00Z,66,66
T_LARYW-1,LARYO-1,2026-09-08,35,2026-09-08T16:00:00Z,2026-09-08T16:30:00Z,76,76
T_LARYW-1,LARYO-1,2026-09-08,36,2026-09-08T16:30:00Z,2026-09-08T17:00:00Z,78,78
T_LARYW-1,LARYO-1,2026-09-08,37,2026-09-08T17:00:00Z,2026-09-08T17:30:00Z,79,79
T_LARYW-1,LARYO-1,2026-09-08,38,2026-09-08T17:30:00Z,2026-09-08T18:00:00Z,77,77
T_LARYW-1,LARYO-1,2026-09-08,39,2026-09-08T18:00:00Z,2026-09-08T18:30:00Z,83,83
T_LARYW-1,LARYO-1,2026-09-08,40,2026-09-08T18:30:00Z,2026-09-08T19:00:00Z,91,91
T_LARYW-1,LARYO-1,2026-09-08,41,2026-09-08T19:00:00Z,2026-09-08T19:30:00Z,102,102
T_LARYW-1,LARYO-1,2026-09-08,42,2026-09-08T19:30:00Z,2026-09-08T20:00:00Z,138,138
T_LARYW-1,LARYO-1,2026-09-08,43,2026-09-08T20:00:00Z,2026-09-08T20:30:00Z,144,144
T_LARYW-1,LARYO-1,2026-09-08,44,2026-09-08T20:30:00Z,2026-09-08T21:00:00Z,147,147
T_LARYW-1,LARYO-1,2026-09-08,45,2026-09-08T21:00:00Z,2026-09-08T21:30:00Z,149,149
T_LARYW-1,LARYO-1,2026-09-08,46,2026-09-08T21:30:00Z,2026-09-08T22:00:00Z,151,151
T_LARYW-1,LARYO-1,2026-09-08,47,2026-09-08T22:00:00Z,2026-09-08T22:30:00Z,141,141
T_LARYW-1,LARYO-1,2026-09-08,48,2026-09-08T22:30:00Z,2026-09-08T23:00:00Z,141,141
T_LARYW-2,LARYO-2,2026-09-08,1,2026-09-07T23:00:00Z,2026-09-07T23:30:00Z,85,85
T_LARYW-2,LARYO-2,2026-09-08,2,2026-09-07T23:30:00Z,2026-09-08T00:00:00Z,77,77
T_LARYW-2,LARYO-2,2026-09-08,3,2026-09-08T00:00:00Z,2026-09-08T00:30:00Z,73,73
T_LARYW-2,LARYO-2,2026-09-08,4,2026-09-08T00:30:00Z,2026-09-08T01:00:00Z,75,75
T_LARYW-2,LARYO-2,2026-09-08,5,2026-09-08T01:00:00Z,2026-09-08T01:30:00Z,75,75
T_LARYW-2,LARYO-2,2026-09-08,6,2026-09-08T01:30:00Z,2026-09-08T02:00:00Z,81,81
T_LARYW-2,LARYO-2,2026-09-08,7,2026-09-08T02:00:00Z,2026-09-08T02:30:00Z,80,80
T_LARYW-2,LARYO-2,2026-09-08,8,2026-09-08T02:30:00Z,2026-09-08T03:00:00Z,83,83
T_LARYW-2,LARYO-2,2026-09-08,9,2026-09-08T03:00:00Z,2026-09-08T03:30:00Z,86,86
T_LARYW-2,LARYO-2,2026-09-08,10,2026-09-08T03:30:00Z,2026-09-08T04:00:00Z,79,79
T_LARYW-2,LARYO-2,2026-09-08,11,2026-09-08T04:00:00Z,2026-09-08T04:30:00Z,82,82
T_LARYW-2,LARYO-2,2026-09-08,12,2026-09-08T04:30:00Z,2026-09-08T05:00:00Z,83,83
T_LARYW-2,LARYO-2,2026-09-08,13,2026-09-08T05:00:00Z,2026-09-08T05:30:00Z,84,84
T_LARYW-2,LARYO-2,2026-09-08,14,2026-09-08T05:30:00Z,2026-09-08T06:00:00Z,80,80
T_LARYW-2,LARYO-2,2026-09-08,15,2026-09-08T06:00:00Z,2026-09-08T06:30:00Z,81,81
T_LARYW-2,LARYO-2,2026-09-08,16,2026-09-08T06:30:00Z,2026-09-08T07:00:00Z,84,84
T_LARYW-2,LARYO-2,2026-09-08,17,2026-09-08T07:00:00Z,2026-09-08T07:30:00Z,83,83
T_LARYW-2,LARYO-2,2026-09-08,18,2026-09-08T07:30:00Z,2026-09-08T08:00:00Z,71,71
T_LARYW-2,LARYO-2,2026-09-08,19,2026-09-08T08:00:00Z,2026-09-08T08:30:00Z,61,61
T_LARYW-2,LARYO-2,2026-09-08,20,2026-09-08T08:30:00Z,2026-09-08T09:00:00Z,61,61
T_LARYW-2,LARYO-2,2026-09-08,21,2026-09-08T09:00:00Z,2026-09-08T09:30:00Z,61,61
T_LARYW-2,LARYO-2,2026-09-08,22,2026-09-08T09:30:00Z,2026-09-08T10:00:00Z,61,61
T_LARYW-2,LARYO-2,2026-09-08,23,2026-09-08T10:00:00Z,2026-09-08T10:30:00Z,58,58
T_LARYW-2,LARYO-2,2026-09-08,24,2026-09-08T10:30:00Z,2026-09-08T11:00:00Z,52,52
T_LARYW-2,LARYO-2,2026-09-08,25,2026-09-08T11:00:00Z,2026-09-08T11:30:00Z,46,46
T_LARYW-2,LARYO-2,2026-09-08,26,2026-09-08T11:30:00Z,2026-09-08T12:00:00Z,35,35
T_LARYW-2,LARYO-2,2026-09-08,27,2026-09-08T12:00:00Z,2026-09-08T12:30:00Z,30,30
T_LARYW-2,LARYO-2,2026-09-08,28,2026-09-08T12:30:00Z,2026-09-08T13:00:00Z,26,26
T_LARYW-2,LARYO-2,2026-09-08,29,2026-09-08T13:00:00Z,2026-09-08T13:30:00Z,11,11
T_LARYW-2,LARYO-2,2026-09-08,30,2026-09-08T13:30:00Z,2026-09-08T14:00:00Z,13,13
T_LARYW-2,LARYO-2,2026-09-08,31,2026-09-08T14:00:00Z,2026-09-08T14:30:00Z,22,22
T_LARYW-2,LARYO-2,2026-09-08,32,2026-09-08T14:30:00Z,2026-09-08T15:00:00Z,38,38
T_LARYW-2,LARYO-2,2026-09-08,33,2026-09-08T15:00:00Z,2026-09-08T15:30:00Z,52,52
T_LARYW-2,LARYO-2,2026-09-08,34,2026-09-08T15:30:00Z,2026-09-08T16:00:00Z,59,59
T_LARYW-2,LARYO-2,2026-09-08,35,2026-09-08T16:00:00Z,2026-09-08T16:30:00Z,69,69
T_LARYW-2,LARYO-2,2026-09-08,36,2026-09-08T16:30:00Z,2026-09-08T17:00:00Z,71,71
T_LARYW-2,LARYO-2,2026-09-08,37,2026-09-08T17:00:00Z,2026-09-08T17:30:00Z,73,73
T_LARYW-2,LARYO-2,2026-09-08,38,2026-09-08T17:30:00Z,2026-09-08T18:00:00Z,68,68
T_LARYW-2,LARYO-2,2026-09-08,39,2026-09-08T18:00:00Z,2026-09-08T18:30:00Z,75,75
T_LARYW-2,LARYO-2,2026-09-08,40,2026-09-08T18:30:00Z,2026-09-08T19:00:00Z,85,85
T_LARYW-2,LARYO-2,2026-09-08,41,2026-09-08T19:00:00Z,2026-09-08T19:30:00Z,98,98
T_LARYW-2,LARYO-2,2026-09-08,42,2026-09-08T19:30:00Z,2026-09-08T20:00:00Z,137,137
T_LARYW-2,LARYO-2,2026-09-08,43,2026-09-08T20:00:00Z,2026-09-08T20:30:00Z,142,142
T_LARYW-2,LARYO-2,2026-09-08,44,2026-09-08T20:30:00Z,2026-09-08T21:00:00Z,144,144
T_LARYW-2,LARYO-2,2026-09-08,45,2026-09-08T21:00:00Z,2026-09-08T21:30:00Z,145,145
T_LARYW-2,LARYO-2,2026-09-08,46,2026-09-08T21:30:00Z,2026-09-08T22:00:00Z,147,147
T_LARYW-2,LARYO-2,2026-09-08,47,2026-09-08T22:00:00Z,2026-09-08T22:30:00Z,140,140
T_LARYW-2,LARYO-2,2026-09-08,48,2026-09-08T22:30:00Z,2026-09-08T23:00:00Z,140,140
T_LARYW-3,LARYO-3,2026-09-08,1,2026-09-07T23:00:00Z,2026-09-07T23:30:00Z,76,76
T_LARYW-3,LARYO-3,2026-09-08,2,2026-09-07T23:30:00Z,2026-09-08T00:00:00Z,67,67
T_LARYW-3,LARYO-3,2026-09-08,3,2026-09-08T00:00:00Z,2026-09-08T00:30:00Z,63,63
T_LARYW-3,LARYO-3,2026-09-08,4,2026-09-08T00:30:00Z,2026-09-08T01:00:00Z,64,64
T_LARYW-3,LARYO-3,2026-09-08,5,2026-09-08T01:00:00Z,2026-09-08T01:30:00Z,64,64
T_LARYW-3,LARYO-3,2026-09-08,6,2026-09-08T01:30:00Z,2026-09-08T02:00:00Z,70,70
T_LARYW-3,LARYO-3,2026-09-08,7,2026-09-08T02:00:00Z,2026-09-08T02:30:00Z,70,70
T_LARYW-3,LARYO-3,2026-09-08,8,2026-09-08T02:30:00Z,2026-09-08T03:00:00Z,74,74
T_LARYW-3,LARYO-3,2026-09-08,9,2026-09-08T03:00:00Z,2026-09-08T03:30:00Z,75,75
T_LARYW-3,LARYO-3,2026-09-08,10,2026-09-08T03:30:00Z,2026-09-08T04:00:00Z,70,70
T_LARYW-3,LARYO-3,2026-09-08,11,2026-09-08T04:00:00Z,2026-09-08T04:30:00Z,72,72
T_LARYW-3,LARYO-3,2026-09-08,12,2026-09-08T04:30:00Z,2026-09-08T05:00:00Z,74,74
T_LARYW-3,LARYO-3,2026-09-08,13,2026-09-08T05:00:00Z,2026-09-08T05:30:00Z,74,74
T_LARYW-3,LARYO-3,2026-09-08,14,2026-09-08T05:30:00Z,2026-09-08T06:00:00Z,69,69
T_LARYW-3,LARYO-3,2026-09-08,15,2026-09-08T06:00:00Z,2026-09-08T06:30:00Z,70,70
T_LARYW-3,LARYO-3,2026-09-08,16,2026-09-08T06:30:00Z,2026-09-08T07:00:00Z,72,72
T_LARYW-3,LARYO-3,2026-09-08,17,2026-09-08T07:00:00Z,2026-09-08T07:30:00Z,72,72
T_LARYW-3,LARYO-3,2026-09-08,18,2026-09-08T07:30:00Z,2026-09-08T08:00:00Z,62,62
T_LARYW-3,LARYO-3,2026-09-08,19,2026-09-08T08:00:00Z,2026-09-08T08:30:00Z,62,62
T_LARYW-3,LARYO-3,2026-09-08,20,2026-09-08T08:30:00Z,2026-09-08T09:00:00Z,60,60
T_LARYW-3,LARYO-3,2026-09-08,21,2026-09-08T09:00:00Z,2026-09-08T09:30:00Z,59,59
T_LARYW-3,LARYO-3,2026-09-08,22,2026-09-08T09:30:00Z,2026-09-08T10:00:00Z,54,54
T_LARYW-3,LARYO-3,2026-09-08,23,2026-09-08T10:00:00Z,2026-09-08T10:30:00Z,51,51
T_LARYW-3,LARYO-3,2026-09-08,24,2026-09-08T10:30:00Z,2026-09-08T11:00:00Z,45,45
T_LARYW-3,LARYO-3,2026-09-08,25,2026-09-08T11:00:00Z,2026-09-08T11:30:00Z,38,38
T_LARYW-3,LARYO-3,2026-09-08,26,2026-09-08T11:30:00Z,2026-09-08T12:00:00Z,32,32
T_LARYW-3,LARYO-3,2026-09-08,27,2026-09-08T12:00:00Z,2026-09-08T12:30:00Z,28,28
T_LARYW-3,LARYO-3,2026-09-08,28,2026-09-08T12:30:00Z,2026-09-08T13:00:00Z,23,23
T_LARYW-3,LARYO-3,2026-09-08,29,2026-09-08T13:00:00Z,2026-09-08T13:30:00Z,21,21
T_LARYW-3,LARYO-3,2026-09-08,30,2026-09-08T13:30:00Z,2026-09-08T14:00:00Z,12,12
T_LARYW-3,LARYO-3,2026-09-08,31,2026-09-08T14:00:00Z,2026-09-08T14:30:00Z,19,19
T_LARYW-3,LARYO-3,2026-09-08,32,2026-09-08T14:30:00Z,2026-09-08T15:00:00Z,28,28
T_LARYW-3,LARYO-3,2026-09-08,33,2026-09-08T15:00:00Z,2026-09-08T15:30:00Z,41,41
T_LARYW-3,LARYO-3,2026-09-08,34,2026-09-08T15:30:00Z,2026-09-08T16:00:00Z,55,55
T_LARYW-3,LARYO-3,2026-09-08,35,2026-09-08T16:00:00Z,2026-09-08T16:30:00Z,65,65
T_LARYW-3,LARYO-3,2026-09-08,36,2026-09-08T16:30:00Z,2026-09-08T17:00:00Z,66,66
T_LARYW-3,LARYO-3,2026-09-08,37,2026-09-08T17:00:00Z,2026-09-08T17:30:00Z,66,66
T_LARYW-3,LARYO-3,2026-09-08,38,2026-09-08T17:30:00Z,2026-09-08T18:00:00Z,66,66
T_LARYW-3,LARYO-3,2026-09-08,39,2026-09-08T18:00:00Z,2026-09-08T18:30:00Z,69,69
T_LARYW-3,LARYO-3,2026-09-08,40,2026-09-08T18:30:00Z,2026-09-08T19:00:00Z,86,86
T_LARYW-3,LARYO-3,2026-09-08,41,2026-09-08T19:00:00Z,2026-09-08T19:30:00Z,98,98
T_LARYW-3,LARYO-3,2026-09-08,42,2026-09-08T19:30:00Z,2026-09-08T20:00:00Z,136,136
T_LARYW-3,LARYO-3,2026-09-08,43,2026-09-08T20:00:00Z,2026-09-08T20:30:00Z,144,144
T_LARYW-3,LARYO-3,2026-09-08,44,2026-09-08T20:30:00Z,2026-09-08T21:00:00Z,148,148
T_LARYW-3,LARYO-3,2026-09-08,45,2026-09-08T21:00:00Z,2026-09-08T21:30:00Z,150,150
T_LARYW-3,LARYO-3,2026-09-08,46,2026-09-08T21:30:00Z,2026-09-08T22:00:00Z,152,152
T_LARYW-3,LARYO-3,2026-09-08,47,2026-09-08T22:00:00Z,2026-09-08T22:30:00Z,146,146
T_LARYW-3,LARYO-3,2026-09-08,48,2026-09-08T22:30:00Z,2026-09-08T23:00:00Z,146,146
T_LARYW-4,LARYO-4,2026-09-08,1,2026-09-07T23:00:00Z,2026-09-07T23:30:00Z,83,83
T_LARYW-4,LARYO-4,2026-09-08,2,2026-09-07T23:30:00Z,2026-09-08T00:00:00Z,71,71
T_LARYW-4,LARYO-4,2026-09-08,3,2026-09-08T00:00:00Z,2026-09-08T00:30:00Z,67,67
T_LARYW-4,LARYO-4,2026-09-08,4,2026-09-08T00:30:00Z,2026-09-08T01:00:00Z,67,67
T_LARYW-4,LARYO-4,2026-09-08,5,2026-09-08T01:00:00Z,2026-09-08T01:30:00Z,66,66
T_LARYW-4,LARYO-4,2026-09-08,6,2026-09-08T01:30:00Z,2026-09-08T02:00:00Z,71,71
T_LARYW-4,LARYO-4,2026-09-08,7,2026-09-08T02:00:00Z,2026-09-08T02:30:00Z,71,71
T_LARYW-4,LARYO-4,2026-09-08,8,2026-09-08T02:30:00Z,2026-09-08T03:00:00Z,75,75
T_LARYW-4,LARYO-4,2026-09-08,9,2026-09-08T03:00:00Z,2026-09-08T03:30:00Z,77,77
T_LARYW-4,LARYO-4,2026-09-08,10,2026-09-08T03:30:00Z,2026-09-08T04:00:00Z,73,73
T_LARYW-4,LARYO-4,2026-09-08,11,2026-09-08T04:00:00Z,2026-09-08T04:30:00Z,75,75
T_LARYW-4,LARYO-4,2026-09-08,12,2026-09-08T04:30:00Z,2026-09-08T05:00:00Z,77,77
T_LARYW-4,LARYO-4,2026-09-08,13,2026-09-08T05:00:00Z,2026-09-08T05:30:00Z,78,78
T_LARYW-4,LARYO-4,2026-09-08,14,2026-09-08T05:30:00Z,2026-09-08T06:00:00Z,76,76
T_LARYW-4,LARYO-4,2026-09-08,15,2026-09-08T06:00:00Z,2026-09-08T06:30:00Z,76,76
T_LARYW-4,LARYO-4,2026-09-08,16,2026-09-08T06:30:00Z,2026-09-08T07:00:00Z,79,79
T_LARYW-4,LARYO-4,2026-09-08,17,2026-09-08T07:00:00Z,2026-09-08T07:30:00Z,78,78
T_LARYW-4,LARYO-4,2026-09-08,18,2026-09-08T07:30:00Z,2026-09-08T08:00:00Z,67,67
T_LARYW-4,LARYO-4,2026-09-08,19,2026-09-08T08:00:00Z,2026-09-08T08:30:00Z,67,67
T_LARYW-4,LARYO-4,2026-09-08,20,2026-09-08T08:30:00Z,2026-09-08T09:00:00Z,66,66
T_LARYW-4,LARYO-4,2026-09-08,21,2026-09-08T09:00:00Z,2026-09-08T09:30:00Z,61,61
T_LARYW-4,LARYO-4,2026-09-08,22,2026-09-08T09:30:00Z,2026-09-08T10:00:00Z,59,59
T_LARYW-4,LARYO-4,2026-09-08,23,2026-09-08T10:00:00Z,2026-09-08T10:30:00Z,56,56
T_LARYW-4,LARYO-4,2026-09-08,24,2026-09-08T10:30:00Z,2026-09-08T11:00:00Z,50,50
T_LARYW-4,LARYO-4,2026-09-08,25,2026-09-08T11:00:00Z,2026-09-08T11:30:00Z,44,44
T_LARYW-4,LARYO-4,2026-09-08,26,2026-09-08T11:30:00Z,2026-09-08T12:00:00Z,35,35
T_LARYW-4,LARYO-4,2026-09-08,27,2026-09-08T12:00:00Z,2026-09-08T12:30:00Z,30,30
T_LARYW-4,LARYO-4,2026-09-08,28,2026-09-08T12:30:00Z,2026-09-08T13:00:00Z,25,25
T_LARYW-4,LARYO-4,2026-09-08,29,2026-09-08T13:00:00Z,2026-09-08T13:30:00Z,22,22
T_LARYW-4,LARYO-4,2026-09-08,30,2026-09-08T13:30:00Z,2026-09-08T14:00:00Z,16,16
T_LARYW-4,LARYO-4,2026-09-08,31,2026-09-08T14:00:00Z,2026-09-08T14:30:00Z,23,23
T_LARYW-4,LARYO-4,2026-09-08,32,2026-09-08T14:30:00Z,2026-09-08T15:00:00Z,37,37
T_LARYW-4,LARYO-4,2026-09-08,33,2026-09-08T15:00:00Z,2026-09-08T15:30:00Z,50,50
T_LARYW-4,LARYO-4,2026-09-08,34,2026-09-08T15:30:00Z,2026-09-08T16:00:00Z,59,59
T_LARYW-4,LARYO-4,2026-09-08,35,2026-09-08T16:00:00Z,2026-09-08T16:30:00Z,69,69
T_LARYW-4,LARYO-4,2026-09-08,36,2026-09-08T16:30:00Z,2026-09-08T17:00:00Z,70,70
T_LARYW-4,LARYO-4,2026-09-08,37,2026-09-08T17:00:00Z,2026-09-08T17:30:00Z,71,71
T_LARYW-4,LARYO-4,2026-09-08,38,2026-09-08T17:30:00Z,2026-09-08T18:00:00Z,69,69
T_LARYW-4,LARYO-4,2026-09-08,39,2026-09-08T18:00:00Z,2026-09-08T18:30:00Z,72,72
T_LARYW-4,LARYO-4,2026-09-08,40,2026-09-08T18:30:00Z,2026-09-08T19:00:00Z,79,79
T_LARYW-4,LARYO-4,2026-09-08,41,2026-09-08T19:00:00Z,2026-09-08T19:30:00Z,91,91
T_LARYW-4,LARYO-4,2026-09-08,42,2026-09-08T19:30:00Z,2026-09-08T20:00:00Z,134,134
T_LARYW-4,LARYO-4,2026-09-08,43,2026-09-08T20:00:00Z,2026-09-08T20:30:00Z,142,142
T_LARYW-4,LARYO-4,2026-09-08,44,2026-09-08T20:30:00Z,2026-09-08T21:00:00Z,146,146
T_LARYW-4,LARYO-4,2026-09-08,45,2026-09-08T21:00:00Z,2026-09-08T21:30:00Z,149,149
T_LARYW-4,LARYO-4,2026-09-08,46,2026-09-08T21:30:00Z,2026-09-08T22:00:00Z,152,152
T_LARYW-4,LARYO-4,2026-09-08,47,2026-09-08T22:00:00Z,2026-09-08T22:30:00Z,148,148
T_LARYW-4,LARYO-4,2026-09-08,48,2026-09-08T22:30:00Z,2026-09-08T23:00:00Z,148,148
T_LCLTW-1,LCLTW-1,2026-09-08,1,2026-09-07T23:00:00Z,2026-09-07T23:30:00Z,60,60
T_LCLTW-1,LCLTW-1,2026-09-08,2,2026-09-07T23:30:00Z,2026-09-08T00:00:00Z,60,60
T_LCLTW-1,LCLTW-1,2026-09-08,3,2026-09-08T00:00:00Z,2026-09-08T00:30:00Z,61,61
T_LCLTW-1,LCLTW-1,2026-09-08,4,2026-09-08T00:30:00Z,2026-09-08T01:00:00Z,61,60
T_LCLTW-1,LCLTW-1,2026-09-08,5,2026-09-08T01:00:00Z,2026-09-08T01:30:00Z,60,60
T_LCLTW-1,LCLTW-1,2026-09-08,6,2026-09-08T01:30:00Z,2026-09-08T02:00:00Z,60,60
T_LCLTW-1,LCLTW-1,2026-09-08,7,2026-09-08T02:00:00Z,2026-09-08T02:30:00Z,60,60
T_LCLTW-1,LCLTW-1,2026-09-08,8,2026-09-08T02:30:00Z,2026-09-08T03:00:00Z,60,59
T_LCLTW-1,LCLTW-1,2026-09-08,9,2026-09-08T03:00:00Z,2026-09-08T03:30:00Z,59,58
T_LCLTW-1,LCLTW-1,2026-09-08,10,2026-09-08T03:30:00Z,2026-09-08T04:00:00Z,58,57
T_LCLTW-1,LCLTW-1,2026-09-08,11,2026-09-08T04:00:00Z,2026-09-08T04:30:00Z,57,58
T_LCLTW-1,LCLTW-1,2026-09-08,12,2026-09-08T04:30:00Z,2026-09-08T05:00:00Z,57,59
T_LCLTW-1,LCLTW-1,2026-09-08,13,2026-09-08T05:00:00Z,2026-09-08T05:30:00Z,59,59
T_LCLTW-1,LCLTW-1,2026-09-08,14,2026-09-08T05:30:00Z,2026-09-08T06:00:00Z,57,58
T_LCLTW-1,LCLTW-1,2026-09-08,15,2026-09-08T06:00:00Z,2026-09-08T06:30:00Z,56,57
T_LCLTW-1,LCLTW-1,2026-09-08,16,2026-09-08T06:30:00Z,2026-09-08T07:00:00Z,60,60
T_LCLTW-1,LCLTW-1,2026-09-08,17,2026-09-08T07:00:00Z,2026-09-08T07:30:00Z,60,60
T_LCLTW-1,LCLTW-1,2026-09-08,18,2026-09-08T07:30:00Z,2026-09-08T08:00:00Z,59,60
T_LCLTW-1,LCLTW-1,2026-09-08,19,2026-09-08T08:00:00Z,2026-09-08T08:30:00Z,59,59
T_LCLTW-1,LCLTW-1,2026-09-08,20,2026-09-08T08:30:00Z,2026-09-08T09:00:00Z,60,60
T_LCLTW-1,LCLTW-1,2026-09-08,21,2026-09-08T09:00:00Z,2026-09-08T09:30:00Z,60,60
T_LCLTW-1,LCLTW-1,2026-09-08,22,2026-09-08T09:30:00Z,2026-09-08T10:00:00Z,61,61
T_LCLTW-1,LCLTW-1,2026-09-08,23,2026-09-08T10:00:00Z,2026-09-08T10:30:00Z,60,60
T_LCLTW-1,LCLTW-1,2026-09-08,24,2026-09-08T10:30:00Z,2026-09-08T11:00:00Z,61,60
T_LCLTW-1,LCLTW-1,2026-09-08,25,2026-09-08T11:00:00Z,2026-09-08T11:30:00Z,60,60
T_LCLTW-1,LCLTW-1,2026-09-08,26,2026-09-08T11:30:00Z,2026-09-08T12:00:00Z,60,60
T_LCLTW-1,LCLTW-1,2026-09-08,27,2026-09-08T12:00:00Z,2026-09-08T12:30:00Z,57,59
T_LCLTW-1,LCLTW-1,2026-09-08,28,2026-09-08T12:30:00Z,2026-09-08T13:00:00Z,57,58
T_LCLTW-1,LCLTW-1,2026-09-08,29,2026-09-08T13:00:00Z,2026-09-08T13:30:00Z,59,59
T_LCLTW-1,LCLTW-1,2026-09-08,30,2026-09-08T13:30:00Z,2026-09-08T14:00:00Z,59,59
T_LCLTW-1,LCLTW-1,2026-09-08,31,2026-09-08T14:00:00Z,2026-09-08T14:30:00Z,61,61
T_LCLTW-1,LCLTW-1,2026-09-08,32,2026-09-08T14:30:00Z,2026-09-08T15:00:00Z,61,61
T_LCLTW-1,LCLTW-1,2026-09-08,33,2026-09-08T15:00:00Z,2026-09-08T15:30:00Z,61,60
T_LCLTW-1,LCLTW-1,2026-09-08,34,2026-09-08T15:30:00Z,2026-09-08T16:00:00Z,60,59
T_LCLTW-1,LCLTW-1,2026-09-08,35,2026-09-08T16:00:00Z,2026-09-08T16:30:00Z,57,55
T_LCLTW-1,LCLTW-1,2026-09-08,36,2026-09-08T16:30:00Z,2026-09-08T17:00:00Z,55,53
T_LCLTW-1,LCLTW-1,2026-09-08,37,2026-09-08T17:00:00Z,2026-09-08T17:30:00Z,51,49
T_LCLTW-1,LCLTW-1,2026-09-08,38,2026-09-08T17:30:00Z,2026-09-08T18:00:00Z,49,46
T_LCLTW-1,LCLTW-1,2026-09-08,39,2026-09-08T18:00:00Z,2026-09-08T18:30:00Z,47,42
T_LCLTW-1,LCLTW-1,2026-09-08,40,2026-09-08T18:30:00Z,2026-09-08T19:00:00Z,42,37
T_LCLTW-1,LCLTW-1,2026-09-08,41,2026-09-08T19:00:00Z,2026-09-08T19:30:00Z,37,34
T_LCLTW-1,LCLTW-1,2026-09-08,42,2026-09-08T19:30:00Z,2026-09-08T20:00:00Z,33,29
T_LCLTW-1,LCLTW-1,2026-09-08,43,2026-09-08T20:00:00Z,2026-09-08T20:30:00Z,29,27
T_LCLTW-1,LCLTW-1,2026-09-08,44,2026-09-08T20:30:00Z,2026-09-08T21:00:00Z,28,26
T_LCLTW-1,LCLTW-1,2026-09-08,45,2026-09-08T21:00:00Z,2026-09-08T21:30:00Z,25,25
T_LCLTW-1,LCLTW-1,2026-09-08,46,2026-09-08T21:30:00Z,2026-09-08T22:00:00Z,25,25
T_LCLTW-1,LCLTW-1,2026-09-08,47,2026-09-08T22:00:00Z,2026-09-08T22:30:00Z,25,25
T_LCLTW-1,LCLTW-1,2026-09-08,48,2026-09-08T22:30:00Z,2026-09-08T23:00:00Z,25,23
T_LIMKW-1,LIMKW-1,2026-09-08,1,2026-09-07T23:00:00Z,2026-09-07T23:30:00Z,70,70
T_LIMKW-1,LIMKW-1,2026-09-08,2,2026-09-07T23:30:00Z,2026-09-08T00:00:00Z,69,68
T_LIMKW-1,LIMKW-1,2026-09-08,3,2026-09-08T00:00:00Z,2026-09-08T00:30:00Z,70,84
T_LIMKW-1,LIMKW-1,2026-09-08,4,2026-09-08T00:30:00Z,2026-09-08T01:00:00Z,93,103
T_LIMKW-1,LIMKW-1,2026-09-08,5,2026-09-08T01:00:00Z,2026-09-08T01:30:00Z,101,100
T_LIMKW-1,LIMKW-1,2026-09-08,6,2026-09-08T01:30:00Z,2026-09-08T02:00:00Z,97,90
T_LIMKW-1,LIMKW-1,2026-09-08,7,2026-09-08T02:00:00Z,2026-09-08T02:30:00Z,98,95
T_LIMKW-1,LIMKW-1,2026-09-08,8,2026-09-08T02:30:00Z,2026-09-08T03:00:00Z,88,85
T_LIMKW-1,LIMKW-1,2026-09-08,9,2026-09-08T03:00:00Z,2026-09-08T03:30:00Z,94,99
T_LIMKW-1,LIMKW-1,2026-09-08,10,2026-09-08T03:30:00Z,2026-09-08T04:00:00Z,97,104
T_LIMKW-1,LIMKW-1,2026-09-08,11,2026-09-08T04:00:00Z,2026-09-08T04:30:00Z,100,103
T_LIMKW-1,LIMKW-1,2026-09-08,12,2026-09-08T04:30:00Z,2026-09-08T05:00:00Z,106,106
T_LIMKW-1,LIMKW-1,2026-09-08,13,2026-09-08T05:00:00Z,2026-09-08T05:30:00Z,106,106
T_LIMKW-1,LIMKW-1,2026-09-08,14,2026-09-08T05:30:00Z,2026-09-08T06:00:00Z,106,106
T_LIMKW-1,LIMKW-1,2026-09-08,15,2026-09-08T06:00:00Z,2026-09-08T06:30:00Z,106,106
T_LIMKW-1,LIMKW-1,2026-09-08,16,2026-09-08T06:30:00Z,2026-09-08T07:00:00Z,104,105
T_LIMKW-1,LIMKW-1,2026-09-08,17,2026-09-08T07:00:00Z,2026-09-08T07:30:00Z,105,105
T_LIMKW-1,LIMKW-1,2026-09-08,18,2026-09-08T07:30:00Z,2026-09-08T08:00:00Z,97,96
T_LIMKW-1,LIMKW-1,2026-09-08,19,2026-09-08T08:00:00Z,2026-09-08T08:30:00Z,98,91
T_LIMKW-1,LIMKW-1,2026-09-08,20,2026-09-08T08:30:00Z,2026-09-08T09:00:00Z,92,85
T_LIMKW-1,LIMKW-1,2026-09-08,21,2026-09-08T09:00:00Z,2026-09-08T09:30:00Z,88,61
T_LIMKW-1,LIMKW-1,2026-09-08,22,2026-09-08T09:30:00Z,2026-09-08T10:00:00Z,64,37
T_LIMKW-1,LIMKW-1,2026-09-08,23,2026-09-08T10:00:00Z,2026-09-08T10:30:00Z,39,44
T_LIMKW-1,LIMKW-1,2026-09-08,24,2026-09-08T10:30:00Z,2026-09-08T11:00:00Z,55,62
T_LIMKW-1,LIMKW-1,2026-09-08,25,2026-09-08T11:00:00Z,2026-09-08T11:30:00Z,57,81
T_LIMKW-1,LIMKW-1,2026-09-08,26,2026-09-08T11:30:00Z,2026-09-08T12:00:00Z,96,106
T_LIMKW-1,LIMKW-1,2026-09-08,27,2026-09-08T12:00:00Z,2026-09-08T12:30:00Z,106,106
T_LIMKW-1,LIMKW-1,2026-09-08,28,2026-09-08T12:30:00Z,2026-09-08T13:00:00Z,106,106
T_LIMKW-1,LIMKW-1,2026-09-08,29,2026-09-08T13:00:00Z,2026-09-08T13:30:00Z,106,106
T_LIMKW-1,LIMKW-1,2026-09-08,30,2026-09-08T13:30:00Z,2026-09-08T14:00:00Z,106,106
T_LIMKW-1,LIMKW-1,2026-09-08,31,2026-09-08T14:00:00Z,2026-09-08T14:30:00Z,106,105
T_LIMKW-1,LIMKW-1,2026-09-08,32,2026-09-08T14:30:00Z,2026-09-08T15:00:00Z,105,103
T_LIMKW-1,LIMKW-1,2026-09-08,33,2026-09-08T15:00:00Z,2026-09-08T15:30:00Z,103,94
T_LIMKW-1,LIMKW-1,2026-09-08,34,2026-09-08T15:30:00Z,2026-09-08T16:00:00Z,94,84
T_LIMKW-1,LIMKW-1,2026-09-08,35,2026-09-08T16:00:00Z,2026-09-08T16:30:00Z,84,81
T_LIMKW-1,LIMKW-1,2026-09-08,36,2026-09-08T16:30:00Z,2026-09-08T17:00:00Z,81,78
T_LIMKW-1,LIMKW-1,2026-09-08,37,2026-09-08T17:00:00Z,2026-09-08T17:30:00Z,78,82
T_LIMKW-1,LIMKW-1,2026-09-08,38,2026-09-08T17:30:00Z,2026-09-08T18:00:00Z,84,88
T_LIMKW-1,LIMKW-1,2026-09-08,39,2026-09-08T18:00:00Z,2026-09-08T18:30:00Z,87,85
T_LIMKW-1,LIMKW-1,2026-09-08,40,2026-09-08T18:30:00Z,2026-09-08T19:00:00Z,86,84
T_LIMKW-1,LIMKW-1,2026-09-08,41,2026-09-08T19:00:00Z,2026-09-08T19:30:00Z,83,83
T_LIMKW-1,LIMKW-1,2026-09-08,42,2026-09-08T19:30:00Z,2026-09-08T20:00:00Z,85,81
T_LIMKW-1,LIMKW-1,2026-09-08,43,2026-09-08T20:00:00Z,2026-09-08T20:30:00Z,81,73
T_LIMKW-1,LIMKW-1,2026-09-08,44,2026-09-08T20:30:00Z,2026-09-08T21:00:00Z,73,66
T_LIMKW-1,LIMKW-1,2026-09-08,45,2026-09-08T21:00:00Z,2026-09-08T21:30:00Z,66,63
T_LIMKW-1,LIMKW-1,2026-09-08,46,2026-09-08T21:30:00Z,2026-09-08T22:00:00Z,63,60
T_LIMKW-1,LIMKW-1,2026-09-08,47,2026-09-08T22:00:00Z,2026-09-08T22:30:00Z,60,64
T_LIMKW-1,LIMKW-1,2026-09-08,48,2026-09-08T22:30:00Z,2026-09-08T23:00:00Z,64,68
T_LNCSW-1,LNCSO-1,2026-09-08,1,2026-09-07T23:00:00Z,2026-09-07T23:30:00Z,88,96
T_LNCSW-1,LNCSO-1,2026-09-08,2,2026-09-07T23:30:00Z,2026-09-08T00:00:00Z,96,105
T_LNCSW-1,LNCSO-1,2026-09-08,3,2026-09-08T00:00:00Z,2026-09-08T00:30:00Z,83,99
T_LNCSW-1,LNCSO-1,2026-09-08,4,2026-09-08T00:30:00Z,2026-09-08T01:00:00Z,99,110
T_LNCSW-1,LNCSO-1,2026-09-08,5,2026-09-08T01:00:00Z,2026-09-08T01:30:00Z,95,108
T_LNCSW-1,LNCSO-1,2026-09-08,6,2026-09-08T01:30:00Z,2026-09-08T02:00:00Z,108,116
T_LNCSW-1,LNCSO-1,2026-09-08,7,2026-09-08T02:00:00Z,2026-09-08T02:30:00Z,94,105
T_LNCSW-1,LNCSO-1,2026-09-08,8,2026-09-08T02:30:00Z,2026-09-08T03:00:00Z,105,113
T_LNCSW-1,LNCSO-1,2026-09-08,9,2026-09-08T03:00:00Z,2026-09-08T03:30:00Z,119,122
T_LNCSW-1,LNCSO-1,2026-09-08,10,2026-09-08T03:30:00Z,2026-09-08T04:00:00Z,122,122
T_LNCSW-1,LNCSO-1,2026-09-08,11,2026-09-08T04:00:00Z,2026-09-08T04:30:00Z,119,119
T_LNCSW-1,LNCSO-1,2026-09-08,12,2026-09-08T04:30:00Z,2026-09-08T05:00:00Z,119,119
T_LNCSW-1,LNCSO-1,2026-09-08,13,2026-09-08T05:00:00Z,2026-09-08T05:30:00Z,117,116
T_LNCSW-1,LNCSO-1,2026-09-08,14,2026-09-08T05:30:00Z,2026-09-08T06:00:00Z,116,112
T_LNCSW-1,LNCSO-1,2026-09-08,15,2026-09-08T06:00:00Z,2026-09-08T06:30:00Z,108,99
T_LNCSW-1,LNCSO-1,2026-09-08,16,2026-09-08T06:30:00Z,2026-09-08T07:00:00Z,99,80
T_LNCSW-1,LNCSO-1,2026-09-08,17,2026-09-08T07:00:00Z,2026-09-08T07:30:00Z,80,61
T_LNCSW-1,LNCSO-1,2026-09-08,18,2026-09-08T07:30:00Z,2026-09-08T08:00:00Z,61,48
T_LNCSW-1,LNCSO-1,2026-09-08,19,2026-09-08T08:00:00Z,2026-09-08T08:30:00Z,46,38
T_LNCSW-1,LNCSO-1,2026-09-08,20,2026-09-08T08:30:00Z,2026-09-08T09:00:00Z,37,32
T_LNCSW-1,LNCSO-1,2026-09-08,21,2026-09-08T09:00:00Z,2026-09-08T09:30:00Z,19,17
T_LNCSW-1,LNCSO-1,2026-09-08,22,2026-09-08T09:30:00Z,2026-09-08T10:00:00Z,13,13
T_LNCSW-1,LNCSO-1,2026-09-08,23,2026-09-08T10:00:00Z,2026-09-08T10:30:00Z,12,12
T_LNCSW-1,LNCSO-1,2026-09-08,24,2026-09-08T10:30:00Z,2026-09-08T11:00:00Z,12,14
T_LNCSW-1,LNCSO-1,2026-09-08,25,2026-09-08T11:00:00Z,2026-09-08T11:30:00Z,14,17
T_LNCSW-1,LNCSO-1,2026-09-08,26,2026-09-08T11:30:00Z,2026-09-08T12:00:00Z,17,20
T_LNCSW-1,LNCSO-1,2026-09-08,27,2026-09-08T12:00:00Z,2026-09-08T12:30:00Z,20,24
T_LNCSW-1,LNCSO-1,2026-09-08,28,2026-09-08T12:30:00Z,2026-09-08T13:00:00Z,24,28
T_LNCSW-1,LNCSO-1,2026-09-08,29,2026-09-08T13:00:00Z,2026-09-08T13:30:00Z,25,30
T_LNCSW-1,LNCSO-1,2026-09-08,30,2026-09-08T13:30:00Z,2026-09-08T14:00:00Z,30,36
T_LNCSW-1,LNCSO-1,2026-09-08,31,2026-09-08T14:00:00Z,2026-09-08T14:30:00Z,34,43
T_LNCSW-1,LNCSO-1,2026-09-08,32,2026-09-08T14:30:00Z,2026-09-08T15:00:00Z,43,54
T_LNCSW-1,LNCSO-1,2026-09-08,33,2026-09-08T15:00:00Z,2026-09-08T15:30:00Z,55,72
T_LNCSW-1,LNCSO-1,2026-09-08,34,2026-09-08T15:30:00Z,2026-09-08T16:00:00Z,72,90
T_LNCSW-1,LNCSO-1,2026-09-08,35,2026-09-08T16:00:00Z,2026-09-08T16:30:00Z,76,90
T_LNCSW-1,LNCSO-1,2026-09-08,36,2026-09-08T16:30:00Z,2026-09-08T17:00:00Z,90,101
T_LNCSW-1,LNCSO-1,2026-09-08,37,2026-09-08T17:00:00Z,2026-09-08T17:30:00Z,88,98
T_LNCSW-1,LNCSO-1,2026-09-08,38,2026-09-08T17:30:00Z,2026-09-08T18:00:00Z,98,105
T_LNCSW-1,LNCSO-1,2026-09-08,39,2026-09-08T18:00:00Z,2026-09-08T18:30:00Z,105,109
T_LNCSW-1,LNCSO-1,2026-09-08,40,2026-09-08T18:30:00Z,2026-09-08T19:00:00Z,109,111
T_LNCSW-1,LNCSO-1,2026-09-08,41,2026-09-08T19:00:00Z,2026-09-08T19:30:00Z,112,114
T_LNCSW-1,LNCSO-1,2026-09-08,42,2026-09-08T19:30:00Z,2026-09-08T20:00:00Z,114,116
T_LNCSW-1,LNCSO-1,2026-09-08,43,2026-09-08T20:00:00Z,2026-09-08T20:30:00Z,110,113
T_LNCSW-1,LNCSO-1,2026-09-08,44,2026-09-08T20:30:00Z,2026-09-08T21:00:00Z,113,117
T_LNCSW-1,LNCSO-1,2026-09-08,45,2026-09-08T21:00:00Z,2026-09-08T21:30:00Z,119,121
T_LNCSW-1,LNCSO-1,2026-09-08,46,2026-09-08T21:30:00Z,2026-09-08T22:00:00Z,121,122
T_LNCSW-1,LNCSO-1,2026-09-08,47,2026-09-08T22:00:00Z,2026-09-08T22:30:00Z,120,121
T_LNCSW-1,LNCSO-1,2026-09-08,48,2026-09-08T22:30:00Z,2026-09-08T23:00:00Z,121,121
T_LNCSW-2,LNCSO-2,2026-09-08,1,2026-09-07T23:00:00Z,2026-09-07T23:30:00Z,93,102
T_LNCSW-2,LNCSO-2,2026-09-08,2,2026-09-07T23:30:00Z,2026-09-08T00:00:00Z,102,112
T_LNCSW-2,LNCSO-2,2026-09-08,3,2026-09-08T00:00:00Z,2026-09-08T00:30:00Z,88,105
T_LNCSW-2,LNCSO-2,2026-09-08,4,2026-09-08T00:30:00Z,2026-09-08T01:00:00Z,105,117
T_LNCSW-2,LNCSO-2,2026-09-08,5,2026-09-08T01:00:00Z,2026-09-08T01:30:00Z,101,115
T_LNCSW-2,LNCSO-2,2026-09-08,6,2026-09-08T01:30:00Z,2026-09-08T02:00:00Z,115,123
T_LNCSW-2,LNCSO-2,2026-09-08,7,2026-09-08T02:00:00Z,2026-09-08T02:30:00Z,100,112
T_LNCSW-2,LNCSO-2,2026-09-08,8,2026-09-08T02:30:00Z,2026-09-08T03:00:00Z,112,120
T_LNCSW-2,LNCSO-2,2026-09-08,9,2026-09-08T03:00:00Z,2026-09-08T03:30:00Z,127,129
T_LNCSW-2,LNCSO-2,2026-09-08,10,2026-09-08T03:30:00Z,2026-09-08T04:00:00Z,129,130
T_LNCSW-2,LNCSO-2,2026-09-08,11,2026-09-08T04:00:00Z,2026-09-08T04:30:00Z,126,127
T_LNCSW-2,LNCSO-2,2026-09-08,12,2026-09-08T04:30:00Z,2026-09-08T05:00:00Z,127,127
T_LNCSW-2,LNCSO-2,2026-09-08,13,2026-09-08T05:00:00Z,2026-09-08T05:30:00Z,127,126
T_LNCSW-2,LNCSO-2,2026-09-08,14,2026-09-08T05:30:00Z,2026-09-08T06:00:00Z,126,123
T_LNCSW-2,LNCSO-2,2026-09-08,15,2026-09-08T06:00:00Z,2026-09-08T06:30:00Z,118,108
T_LNCSW-2,LNCSO-2,2026-09-08,16,2026-09-08T06:30:00Z,2026-09-08T07:00:00Z,108,90
T_LNCSW-2,LNCSO-2,2026-09-08,17,2026-09-08T07:00:00Z,2026-09-08T07:30:00Z,90,69
T_LNCSW-2,LNCSO-2,2026-09-08,18,2026-09-08T07:30:00Z,2026-09-08T08:00:00Z,69,54
T_LNCSW-2,LNCSO-2,2026-09-08,19,2026-09-08T08:00:00Z,2026-09-08T08:30:00Z,52,43
T_LNCSW-2,LNCSO-2,2026-09-08,20,2026-09-08T08:30:00Z,2026-09-08T09:00:00Z,42,36
T_LNCSW-2,LNCSO-2,2026-09-08,21,2026-09-08T09:00:00Z,2026-09-08T09:30:00Z,21,19
T_LNCSW-2,LNCSO-2,2026-09-08,22,2026-09-08T09:30:00Z,2026-09-08T10:00:00Z,15,15
T_LNCSW-2,LNCSO-2,2026-09-08,23,2026-09-08T10:00:00Z,2026-09-08T10:30:00Z,13,14
T_LNCSW-2,LNCSO-2,2026-09-08,24,2026-09-08T10:30:00Z,2026-09-08T11:00:00Z,14,16
T_LNCSW-2,LNCSO-2,2026-09-08,25,2026-09-08T11:00:00Z,2026-09-08T11:30:00Z,16,19
T_LNCSW-2,LNCSO-2,2026-09-08,26,2026-09-08T11:30:00Z,2026-09-08T12:00:00Z,19,23
T_LNCSW-2,LNCSO-2,2026-09-08,27,2026-09-08T12:00:00Z,2026-09-08T12:30:00Z,23,27
T_LNCSW-2,LNCSO-2,2026-09-08,28,2026-09-08T12:30:00Z,2026-09-08T13:00:00Z,27,32
T_LNCSW-2,LNCSO-2,2026-09-08,29,2026-09-08T13:00:00Z,2026-09-08T13:30:00Z,28,34
T_LNCSW-2,LNCSO-2,2026-09-08,30,2026-09-08T13:30:00Z,2026-09-08T14:00:00Z,34,40
T_LNCSW-2,LNCSO-2,2026-09-08,31,2026-09-08T14:00:00Z,2026-09-08T14:30:00Z,38,47
T_LNCSW-2,LNCSO-2,2026-09-08,32,2026-09-08T14:30:00Z,2026-09-08T15:00:00Z,47,59
T_LNCSW-2,LNCSO-2,2026-09-08,33,2026-09-08T15:00:00Z,2026-09-08T15:30:00Z,61,80
T_LNCSW-2,LNCSO-2,2026-09-08,34,2026-09-08T15:30:00Z,2026-09-08T16:00:00Z,80,99
T_LNCSW-2,LNCSO-2,2026-09-08,35,2026-09-08T16:00:00Z,2026-09-08T16:30:00Z,84,99
T_LNCSW-2,LNCSO-2,2026-09-08,36,2026-09-08T16:30:00Z,2026-09-08T17:00:00Z,99,111
T_LNCSW-2,LNCSO-2,2026-09-08,37,2026-09-08T17:00:00Z,2026-09-08T17:30:00Z,97,108
T_LNCSW-2,LNCSO-2,2026-09-08,38,2026-09-08T17:30:00Z,2026-09-08T18:00:00Z,108,115
T_LNCSW-2,LNCSO-2,2026-09-08,39,2026-09-08T18:00:00Z,2026-09-08T18:30:00Z,116,119
T_LNCSW-2,LNCSO-2,2026-09-08,40,2026-09-08T18:30:00Z,2026-09-08T19:00:00Z,119,122
T_LNCSW-2,LNCSO-2,2026-09-08,41,2026-09-08T19:00:00Z,2026-09-08T19:30:00Z,123,125
T_LNCSW-2,LNCSO-2,2026-09-08,42,2026-09-08T19:30:00Z,2026-09-08T20:00:00Z,125,128
T_LNCSW-2,LNCSO-2,2026-09-08,43,2026-09-08T20:00:00Z,2026-09-08T20:30:00Z,120,125
T_LNCSW-2,LNCSO-2,2026-09-08,44,2026-09-08T20:30:00Z,2026-09-08T21:00:00Z,125,128
T_LNCSW-2,LNCSO-2,2026-09-08,45,2026-09-08T21:00:00Z,2026-09-08T21:30:00Z,131,133
T_LNCSW-2,LNCSO-2,2026-09-08,46,2026-09-08T21:30:00Z,2026-09-08T22:00:00Z,133,134
T_LNCSW-2,LNCSO-2,2026-09-08,47,2026-09-08T22:00:00Z,2026-09-08T22:30:00Z,132,133
T_LNCSW-2,LNCSO-2,2026-09-08,48,2026-09-08T22:30:00Z,2026-09-08T23:00:00Z,133,133
T_MIDMW-1,MIDMW-1,2026-09-08,1,2026-09-07T23:00:00Z,2026-09-07T23:30:00Z,31,31
T_MIDMW-1,MIDMW-1,2026-09-08,2,2026-09-07T23:30:00Z,2026-09-08T00:00:00Z,31,32
T_MIDMW-1,MIDMW-1,2026-09-08,3,2026-09-08T00:00:00Z,2026-09-08T00:30:00Z,30,31
T_MIDMW-1,MIDMW-1,2026-09-08,4,2026-09-08T00:30:00Z,2026-09-08T01:00:00Z,31,32
T_MIDMW-1,MIDMW-1,2026-09-08,5,2026-09-08T01:00:00Z,2026-09-08T01:30:00Z,34,34
T_MIDMW-1,MIDMW-1,2026-09-08,6,2026-09-08T01:30:00Z,2026-09-08T02:00:00Z,34,35
T_MIDMW-1,MIDMW-1,2026-09-08,7,2026-09-08T02:00:00Z,2026-09-08T02:30:00Z,34,35
T_MIDMW-1,MIDMW-1,2026-09-08,8,2026-09-08T02:30:00Z,2026-09-08T03:00:00Z,35,35
T_MIDMW-1,MIDMW-1,2026-09-08,9,2026-09-08T03:00:00Z,2026-09-08T03:30:00Z,36,36
T_MIDMW-1,MIDMW-1,2026-09-08,10,2026-09-08T03:30:00Z,2026-09-08T04:00:00Z,36,36
T_MIDMW-1,MIDMW-1,2026-09-08,11,2026-09-08T04:00:00Z,2026-09-08T04:30:00Z,39,38
T_MIDMW-1,MIDMW-1,2026-09-08,12,2026-09-08T04:30:00Z,2026-09-08T05:00:00Z,38,37
T_MIDMW-1,MIDMW-1,2026-09-08,13,2026-09-08T05:00:00Z,2026-09-08T05:30:00Z,36,36
T_MIDMW-1,MIDMW-1,2026-09-08,14,2026-09-08T05:30:00Z,2026-09-08T06:00:00Z,36,35
T_MIDMW-1,MIDMW-1,2026-09-08,15,2026-09-08T06:00:00Z,2026-09-08T06:30:00Z,38,37
T_MIDMW-1,MIDMW-1,2026-09-08,16,2026-09-08T06:30:00Z,2026-09-08T07:00:00Z,37,37
T_MIDMW-1,MIDMW-1,2026-09-08,17,2026-09-08T07:00:00Z,2026-09-08T07:30:00Z,36,36
T_MIDMW-1,MIDMW-1,2026-09-08,18,2026-09-08T07:30:00Z,2026-09-08T08:00:00Z,36,35
T_MIDMW-1,MIDMW-1,2026-09-08,19,2026-09-08T08:00:00Z,2026-09-08T08:30:00Z,37,37
T_MIDMW-1,MIDMW-1,2026-09-08,20,2026-09-08T08:30:00Z,2026-09-08T09:00:00Z,36,36
T_MIDMW-1,MIDMW-1,2026-09-08,21,2026-09-08T09:00:00Z,2026-09-08T09:30:00Z,39,39
T_MIDMW-1,MIDMW-1,2026-09-08,22,2026-09-08T09:30:00Z,2026-09-08T10:00:00Z,40,39
T_MIDMW-1,MIDMW-1,2026-09-08,23,2026-09-08T10:00:00Z,2026-09-08T10:30:00Z,40,40
T_MIDMW-1,MIDMW-1,2026-09-08,24,2026-09-08T10:30:00Z,2026-09-08T11:00:00Z,40,40
T_MIDMW-1,MIDMW-1,2026-09-08,25,2026-09-08T11:00:00Z,2026-09-08T11:30:00Z,40,41
T_MIDMW-1,MIDMW-1,2026-09-08,26,2026-09-08T11:30:00Z,2026-09-08T12:00:00Z,41,41
T_MIDMW-1,MIDMW-1,2026-09-08,27,2026-09-08T12:00:00Z,2026-09-08T12:30:00Z,39,40
T_MIDMW-1,MIDMW-1,2026-09-08,28,2026-09-08T12:30:00Z,2026-09-08T13:00:00Z,40,41
T_MIDMW-1,MIDMW-1,2026-09-08,29,2026-09-08T13:00:00Z,2026-09-08T13:30:00Z,42,41
T_MIDMW-1,MIDMW-1,2026-09-08,30,2026-09-08T13:30:00Z,2026-09-08T14:00:00Z,41,41
T_MIDMW-1,MIDMW-1,2026-09-08,31,2026-09-08T14:00:00Z,2026-09-08T14:30:00Z,44,43
T_MIDMW-1,MIDMW-1,2026-09-08,32,2026-09-08T14:30:00Z,2026-09-08T15:00:00Z,43,42
T_MIDMW-1,MIDMW-1,2026-09-08,33,2026-09-08T15:00:00Z,2026-09-08T15:30:00Z,42,41
T_MIDMW-1,MIDMW-1,2026-09-08,34,2026-09-08T15:30:00Z,2026-09-08T16:00:00Z,41,40
T_MIDMW-1,MIDMW-1,2026-09-08,35,2026-09-08T16:00:00Z,2026-09-08T16:30:00Z,42,41
T_MIDMW-1,MIDMW-1,2026-09-08,36,2026-09-08T16:30:00Z,2026-09-08T17:00:00Z,41,39
T_MIDMW-1,MIDMW-1,2026-09-08,37,2026-09-08T17:00:00Z,2026-09-08T17:30:00Z,40,38
T_MIDMW-1,MIDMW-1,2026-09-08,38,2026-09-08T17:30:00Z,2026-09-08T18:00:00Z,38,36
T_MIDMW-1,MIDMW-1,2026-09-08,39,2026-09-08T18:00:00Z,2026-09-08T18:30:00Z,36,34
T_MIDMW-1,MIDMW-1,2026-09-08,40,2026-09-08T18:30:00Z,2026-09-08T19:00:00Z,34,32
T_MIDMW-1,MIDMW-1,2026-09-08,41,2026-09-08T19:00:00Z,2026-09-08T19:30:00Z,31,30
T_MIDMW-1,MIDMW-1,2026-09-08,42,2026-09-08T19:30:00Z,2026-09-08T20:00:00Z,30,28
T_MIDMW-1,MIDMW-1,2026-09-08,43,2026-09-08T20:00:00Z,2026-09-08T20:30:00Z,31,29
T_MIDMW-1,MIDMW-1,2026-09-08,44,2026-09-08T20:30:00Z,2026-09-08T21:00:00Z,29,26
T_MIDMW-1,MIDMW-1,2026-09-08,45,2026-09-08T21:00:00Z,2026-09-08T21:30:00Z,30,26
T_MIDMW-1,MIDMW-1,2026-09-08,46,2026-09-08T21:30:00Z,2026-09-08T22:00:00Z,26,23
T_MIDMW-1,MIDMW-1,2026-09-08,47,2026-09-08T22:00:00Z,2026-09-08T22:30:00Z,24,20
T_MIDMW-1,MIDMW-1,2026-09-08,48,2026-09-08T22:30:00Z,2026-09-08T23:00:00Z,20,16
T_MILWW-1,MILWW-1,2026-09-08,1,2026-09-07T23:00:00Z,2026-09-07T23:30:00Z,44,42
T_MILWW-1,MILWW-1,2026-09-08,2,2026-09-07T23:30:00Z,2026-09-08T00:00:00Z,42,44
T_MILWW-1,MILWW-1,2026-09-08,3,2026-09-08T00:00:00Z,2026-09-08T00:30:00Z,44,42
T_MILWW-1,MILWW-1,2026-09-08,4,2026-09-08T00:30:00Z,2026-09-08T01:00:00Z,42,44
T_MILWW-1,MILWW-1,2026-09-08,5,2026-09-08T01:00:00Z,2026-09-08T01:30:00Z,44,42
T_MILWW-1,MILWW-1,2026-09-08,6,2026-09-08T01:30:00Z,2026-09-08T02:00:00Z,42,44
T_MILWW-1,MILWW-1,2026-09-08,7,2026-09-08T02:00:00Z,2026-09-08T02:30:00Z,44,41
T_MILWW-1,MILWW-1,2026-09-08,8,2026-09-08T02:30:00Z,2026-09-08T03:00:00Z,41,42
T_MILWW-1,MILWW-1,2026-09-08,9,2026-09-08T03:00:00Z,2026-09-08T03:30:00Z,42,39
T_MILWW-1,MILWW-1,2026-09-08,10,2026-09-08T03:30:00Z,2026-09-08T04:00:00Z,39,39
T_MILWW-1,MILWW-1,2026-09-08,11,2026-09-08T04:00:00Z,2026-09-08T04:30:00Z,39,37
T_MILWW-1,MILWW-1,2026-09-08,12,2026-09-08T04:30:00Z,2026-09-08T05:00:00Z,37,39
T_MILWW-1,MILWW-1,2026-09-08,13,2026-09-08T05:00:00Z,2026-09-08T05:30:00Z,39,37
T_MILWW-1,MILWW-1,2026-09-08,14,2026-09-08T05:30:00Z,2026-09-08T06:00:00Z,37,39
T_MILWW-1,MILWW-1,2026-09-08,15,2026-09-08T06:00:00Z,2026-09-08T06:30:00Z,39,38
T_MILWW-1,MILWW-1,2026-09-08,16,2026-09-08T06:30:00Z,2026-09-08T07:00:00Z,38,46
T_MILWW-1,MILWW-1,2026-09-08,17,2026-09-08T07:00:00Z,2026-09-08T07:30:00Z,46,46
T_MILWW-1,MILWW-1,2026-09-08,18,2026-09-08T07:30:00Z,2026-09-08T08:00:00Z,46,46
T_MILWW-1,MILWW-1,2026-09-08,19,2026-09-08T08:00:00Z,2026-09-08T08:30:00Z,46,46
T_MILWW-1,MILWW-1,2026-09-08,20,2026-09-08T08:30:00Z,2026-09-08T09:00:00Z,46,46
T_MILWW-1,MILWW-1,2026-09-08,21,2026-09-08T09:00:00Z,2026-09-08T09:30:00Z,46,45
T_MILWW-1,MILWW-1,2026-09-08,22,2026-09-08T09:30:00Z,2026-09-08T10:00:00Z,45,44
T_MILWW-1,MILWW-1,2026-09-08,23,2026-09-08T10:00:00Z,2026-09-08T10:30:00Z,44,43
T_MILWW-1,MILWW-1,2026-09-08,24,2026-09-08T10:30:00Z,2026-09-08T11:00:00Z,43,41
T_MILWW-1,MILWW-1,2026-09-08,25,2026-09-08T11:00:00Z,2026-09-08T11:30:00Z,41,40
T_MILWW-1,MILWW-1,2026-09-08,26,2026-09-08T11:30:00Z,2026-09-08T12:00:00Z,40,38
T_MILWW-1,MILWW-1,2026-09-08,27,2026-09-08T12:00:00Z,2026-09-08T12:30:00Z,38,37
T_MILWW-1,MILWW-1,2026-09-08,28,2026-09-08T12:30:00Z,2026-09-08T13:00:00Z,37,36
T_MILWW-1,MILWW-1,2026-09-08,29,2026-09-08T13:00:00Z,2026-09-08T13:30:00Z,36,36
T_MILWW-1,MILWW-1,2026-09-08,30,2026-09-08T13:30:00Z,2026-09-08T14:00:00Z,36,36
T_MILWW-1,MILWW-1,2026-09-08,31,2026-09-08T14:00:00Z,2026-09-08T14:30:00Z,36,35
T_MILWW-1,MILWW-1,2026-09-08,32,2026-09-08T14:30:00Z,2026-09-08T15:00:00Z,35,34
T_MILWW-1,MILWW-1,2026-09-08,33,2026-09-08T15:00:00Z,2026-09-08T15:30:00Z,34,32
T_MILWW-1,MILWW-1,2026-09-08,34,2026-09-08T15:30:00Z,2026-09-08T16:00:00Z,32,31
T_MILWW-1,MILWW-1,2026-09-08,35,2026-09-08T16:00:00Z,2026-09-08T16:30:00Z,31,29
T_MILWW-1,MILWW-1,2026-09-08,36,2026-09-08T16:30:00Z,2026-09-08T17:00:00Z,29,27
T_MILWW-1,MILWW-1,2026-09-08,37,2026-09-08T17:00:00Z,2026-09-08T17:30:00Z,27,27
T_MILWW-1,MILWW-1,2026-09-08,38,2026-09-08T17:30:00Z,2026-09-08T18:00:00Z,27,26
T_MILWW-1,MILWW-1,2026-09-08,39,2026-09-08T18:00:00Z,2026-09-08T18:30:00Z,26,25
T_MILWW-1,MILWW-1,2026-09-08,40,2026-09-08T18:30:00Z,2026-09-08T19:00:00Z,25,24
T_MILWW-1,MILWW-1,2026-09-08,41,2026-09-08T19:00:00Z,2026-09-08T19:30:00Z,24,23
T_MILWW-1,MILWW-1,2026-09-08,42,2026-09-08T19:30:00Z,2026-09-08T20:00:00Z,23,21
T_MILWW-1,MILWW-1,2026-09-08,43,2026-09-08T20:00:00Z,2026-09-08T20:30:00Z,21,19
T_MILWW-1,MILWW-1,2026-09-08,44,2026-09-08T20:30:00Z,2026-09-08T21:00:00Z,19,17
T_MILWW-1,MILWW-1,2026-09-08,45,2026-09-08T21:00:00Z,2026-09-08T21:30:00Z,17,15
T_MILWW-1,MILWW-1,2026-09-08,46,2026-09-08T21:30:00Z,2026-09-08T22:00:00Z,15,13
T_MILWW-1,MILWW-1,2026-09-08,47,2026-09-08T22:00:00Z,2026-09-08T22:30:00Z,13,11
T_MILWW-1,MILWW-1,2026-09-08,48,2026-09-08T22:30:00Z,2026-09-08T23:00:00Z,11,9
T_MKHLW-1,MKHLW-1,2026-09-08,1,2026-09-07T23:00:00Z,2026-09-07T23:30:00Z,17,17
T_MKHLW-1,MKHLW-1,2026-09-08,2,2026-09-07T23:30:00Z,2026-09-08T00:00:00Z,14,14
T_MKHLW-1,MKHLW-1,2026-09-08,3,2026-09-08T00:00:00Z,2026-09-08T00:30:00Z,16,16
T_MKHLW-1,MKHLW-1,2026-09-08,4,2026-09-08T00:30:00Z,2026-09-08T01:00:00Z,14,14
T_MKHLW-1,MKHLW-1,2026-09-08,5,2026-09-08T01:00:00Z,2026-09-08T01:30:00Z,15,15
T_MKHLW-1,MKHLW-1,2026-09-08,6,2026-09-08T01:30:00Z,2026-09-08T02:00:00Z,15,15
T_MKHLW-1,MKHLW-1,2026-09-08,7,2026-09-08T02:00:00Z,2026-09-08T02:30:00Z,13,13
T_MKHLW-1,MKHLW-1,2026-09-08,8,2026-09-08T02:30:00Z,2026-09-08T03:00:00Z,16,16
T_MKHLW-1,MKHLW-1,2026-09-08,9,2026-09-08T03:00:00Z,2026-09-08T03:30:00Z,20,20
T_MKHLW-1,MKHLW-1,2026-09-08,10,2026-09-08T03:30:00Z,2026-09-08T04:00:00Z,19,19
T_MKHLW-1,MKHLW-1,2026-09-08,11,2026-09-08T04:00:00Z,2026-09-08T04:30:00Z,18,18
T_MKHLW-1,MKHLW-1,2026-09-08,12,2026-09-08T04:30:00Z,2026-09-08T05:00:00Z,21,21
T_MKHLW-1,MKHLW-1,2026-09-08,13,2026-09-08T05:00:00Z,2026-09-08T05:30:00Z,24,24
T_MKHLW-1,MKHLW-1,2026-09-08,14,2026-09-08T05:30:00Z,2026-09-08T06:00:00Z,23,23
T_MKHLW-1,MKHLW-1,2026-09-08,15,2026-09-08T06:00:00Z,2026-09-08T06:30:00Z,24,24
T_MKHLW-1,MKHLW-1,2026-09-08,16,2026-09-08T06:30:00Z,2026-09-08T07:00:00Z,26,26
T_MKHLW-1,MKHLW-1,2026-09-08,17,2026-09-08T07:00:00Z,2026-09-08T07:30:00Z,30,30
T_MKHLW-1,MKHLW-1,2026-09-08,18,2026-09-08T07:30:00Z,2026-09-08T08:00:00Z,26,26
T_MKHLW-1,MKHLW-1,2026-09-08,19,2026-09-08T08:00:00Z,2026-09-08T08:30:00Z,28,28
T_MKHLW-1,MKHLW-1,2026-09-08,20,2026-09-08T08:30:00Z,2026-09-08T09:00:00Z,30,30
T_MKHLW-1,MKHLW-1,2026-09-08,21,2026-09-08T09:00:00Z,2026-09-08T09:30:00Z,34,34
T_MKHLW-1,MKHLW-1,2026-09-08,22,2026-09-08T09:30:00Z,2026-09-08T10:00:00Z,36,36
T_MKHLW-1,MKHLW-1,2026-09-08,23,2026-09-08T10:00:00Z,2026-09-08T10:30:00Z,38,38
T_MKHLW-1,MKHLW-1,2026-09-08,24,2026-09-08T10:30:00Z,2026-09-08T11:00:00Z,39,39
T_MKHLW-1,MKHLW-1,2026-09-08,25,2026-09-08T11:00:00Z,2026-09-08T11:30:00Z,39,39
T_MKHLW-1,MKHLW-1,2026-09-08,26,2026-09-08T11:30:00Z,2026-09-08T12:00:00Z,39,39
T_MKHLW-1,MKHLW-1,2026-09-08,27,2026-09-08T12:00:00Z,2026-09-08T12:30:00Z,43,43
T_MKHLW-1,MKHLW-1,2026-09-08,28,2026-09-08T12:30:00Z,2026-09-08T13:00:00Z,43,43
T_MKHLW-1,MKHLW-1,2026-09-08,29,2026-09-08T13:00:00Z,2026-09-08T13:30:00Z,50,50
T_MKHLW-1,MKHLW-1,2026-09-08,30,2026-09-08T13:30:00Z,2026-09-08T14:00:00Z,49,49
T_MKHLW-1,MKHLW-1,2026-09-08,31,2026-09-08T14:00:00Z,2026-09-08T14:30:00Z,49,49
T_MKHLW-1,MKHLW-1,2026-09-08,32,2026-09-08T14:30:00Z,2026-09-08T15:00:00Z,51,51
T_MKHLW-1,MKHLW-1,2026-09-08,33,2026-09-08T15:00:00Z,2026-09-08T15:30:00Z,50,50
T_MKHLW-1,MKHLW-1,2026-09-08,34,2026-09-08T15:30:00Z,2026-09-08T16:00:00Z,50,50
T_MKHLW-1,MKHLW-1,2026-09-08,35,2026-09-08T16:00:00Z,2026-09-08T16:30:00Z,49,49
T_MKHLW-1,MKHLW-1,2026-09-08,36,2026-09-08T16:30:00Z,2026-09-08T17:00:00Z,50,50
T_MKHLW-1,MKHLW-1,2026-09-08,37,2026-09-08T17:00:00Z,2026-09-08T17:30:00Z,51,51
T_MKHLW-1,MKHLW-1,2026-09-08,38,2026-09-08T17:30:00Z,2026-09-08T18:00:00Z,51,51
T_MKHLW-1,MKHLW-1,2026-09-08,39,2026-09-08T18:00:00Z,2026-09-08T18:30:00Z,50,50
T_MKHLW-1,MKHLW-1,2026-09-08,40,2026-09-08T18:30:00Z,2026-09-08T19:00:00Z,49,49
T_MKHLW-1,MKHLW-1,2026-09-08,41,2026-09-08T19:00:00Z,2026-09-08T19:30:00Z,49,49
T_MKHLW-1,MKHLW-1,2026-09-08,42,2026-09-08T19:30:00Z,2026-09-08T20:00:00Z,48,48
T_MKHLW-1,MKHLW-1,2026-09-08,43,2026-09-08T20:00:00Z,2026-09-08T20:30:00Z,49,49
T_MKHLW-1,MKHLW-1,2026-09-08,44,2026-09-08T20:30:00Z,2026-09-08T21:00:00Z,43,43
T_MKHLW-1,MKHLW-1,2026-09-08,45,2026-09-08T21:00:00Z,2026-09-08T21:30:00Z,41,41
T_MKHLW-1,MKHLW-1,2026-09-08,46,2026-09-08T21:30:00Z,2026-09-08T22:00:00Z,37,37
T_MKHLW-1,MKHLW-1,2026-09-08,47,2026-09-08T22:00:00Z,2026-09-08T22:30:00Z,38,38
T_MKHLW-1,MKHLW-1,2026-09-08,48,2026-09-08T22:30:00Z,2026-09-08T23:00:00Z,33,33
T_MOWEO-1,MOWEO-1,2026-09-08,1,2026-09-07T23:00:00Z,2026-09-07T23:30:00Z,291,291
T_MOWEO-1,MOWEO-1,2026-09-08,2,2026-09-07T23:30:00Z,2026-09-08T00:00:00Z,287,287
T_MOWEO-1,MOWEO-1,2026-09-08,3,2026-09-08T00:00:00Z,2026-09-08T00:30:00Z,278,278
T_MOWEO-1,MOWEO-1,2026-09-08,4,2026-09-08T00:30:00Z,2026-09-08T01:00:00Z,282,282
T_MOWEO-1,MOWEO-1,2026-09-08,5,2026-09-08T01:00:00Z,2026-09-08T01:30:00Z,286,286
T_MOWEO-1,MOWEO-1,2026-09-08,6,2026-09-08T01:30:00Z,2026-09-08T02:00:00Z,287,287
T_MOWEO-1,MOWEO-1,2026-09-08,7,2026-09-08T02:00:00Z,2026-09-08T02:30:00Z,283,283
T_MOWEO-1,MOWEO-1,2026-09-08,8,2026-09-08T02:30:00Z,2026-09-08T03:00:00Z,285,285
T_MOWEO-1,MOWEO-1,2026-09-08,9,2026-09-08T03:00:00Z,2026-09-08T03:30:00Z,286,286
T_MOWEO-1,MOWEO-1,2026-09-08,10,2026-09-08T03:30:00Z,2026-09-08T04:00:00Z,286,286
T_MOWEO-1,MOWEO-1,2026-09-08,11,2026-09-08T04:00:00Z,2026-09-08T04:30:00Z,286,286
T_MOWEO-1,MOWEO-1,2026-09-08,12,2026-09-08T04:30:00Z,2026-09-08T05:00:00Z,288,288
T_MOWEO-1,MOWEO-1,2026-09-08,13,2026-09-08T05:00:00Z,2026-09-08T05:30:00Z,290,290
T_MOWEO-1,MOWEO-1,2026-09-08,14,2026-09-08T05:30:00Z,2026-09-08T06:00:00Z,293,293
T_MOWEO-1,MOWEO-1,2026-09-08,15,2026-09-08T06:00:00Z,2026-09-08T06:30:00Z,290,290
T_MOWEO-1,MOWEO-1,2026-09-08,16,2026-09-08T06:30:00Z,2026-09-08T07:00:00Z,289,289
T_MOWEO-1,MOWEO-1,2026-09-08,17,2026-09-08T07:00:00Z,2026-09-08T07:30:00Z,281,281
T_MOWEO-1,MOWEO-1,2026-09-08,18,2026-09-08T07:30:00Z,2026-09-08T08:00:00Z,285,285
T_MOWEO-1,MOWEO-1,2026-09-08,19,2026-09-08T08:00:00Z,2026-09-08T08:30:00Z,286,286
T_MOWEO-1,MOWEO-1,2026-09-08,20,2026-09-08T08:30:00Z,2026-09-08T09:00:00Z,290,290
T_MOWEO-1,MOWEO-1,2026-09-08,21,2026-09-08T09:00:00Z,2026-09-08T09:30:00Z,294,294
T_MOWEO-1,MOWEO-1,2026-09-08,22,2026-09-08T09:30:00Z,2026-09-08T10:00:00Z,294,294
T_MOWEO-1,MOWEO-1,2026-09-08,23,2026-09-08T10:00:00Z,2026-09-08T10:30:00Z,292,292
T_MOWEO-1,MOWEO-1,2026-09-08,24,2026-09-08T10:30:00Z,2026-09-08T11:00:00Z,293,293
T_MOWEO-1,MOWEO-1,2026-09-08,25,2026-09-08T11:00:00Z,2026-09-08T11:30:00Z,293,293
T_MOWEO-1,MOWEO-1,2026-09-08,26,2026-09-08T11:30:00Z,2026-09-08T12:00:00Z,294,294
T_MOWEO-1,MOWEO-1,2026-09-08,27,2026-09-08T12:00:00Z,2026-09-08T12:30:00Z,293,293
T_MOWEO-1,MOWEO-1,2026-09-08,28,2026-09-08T12:30:00Z,2026-09-08T13:00:00Z,290,290
T_MOWEO-1,MOWEO-1,2026-09-08,29,2026-09-08T13:00:00Z,2026-09-08T13:30:00Z,291,291
T_MOWEO-1,MOWEO-1,2026-09-08,30,2026-09-08T13:30:00Z,2026-09-08T14:00:00Z,289,289
T_MOWEO-1,MOWEO-1,2026-09-08,31,2026-09-08T14:00:00Z,2026-09-08T14:30:00Z,280,280
T_MOWEO-1,MOWEO-1,2026-09-08,32,2026-09-08T14:30:00Z,2026-09-08T15:00:00Z,258,258
T_MOWEO-1,MOWEO-1,2026-09-08,33,2026-09-08T15:00:00Z,2026-09-08T15:30:00Z,274,274
T_MOWEO-1,MOWEO-1,2026-09-08,34,2026-09-08T15:30:00Z,2026-09-08T16:00:00Z,288,288
T_MOWEO-1,MOWEO-1,2026-09-08,35,2026-09-08T16:00:00Z,2026-09-08T16:30:00Z,293,293
T_MOWEO-1,MOWEO-1,2026-09-08,36,2026-09-08T16:30:00Z,2026-09-08T17:00:00Z,294,294
T_MOWEO-1,MOWEO-1,2026-09-08,37,2026-09-08T17:00:00Z,2026-09-08T17:30:00Z,291,291
T_MOWEO-1,MOWEO-1,2026-09-08,38,2026-09-08T17:30:00Z,2026-09-08T18:00:00Z,289,289
T_MOWEO-1,MOWEO-1,2026-09-08,39,2026-09-08T18:00:00Z,2026-09-08T18:30:00Z,287,287
T_MOWEO-1,MOWEO-1,2026-09-08,40,2026-09-08T18:30:00Z,2026-09-08T19:00:00Z,280,280
T_MOWEO-1,MOWEO-1,2026-09-08,41,2026-09-08T19:00:00Z,2026-09-08T19:30:00Z,274,274
T_MOWEO-1,MOWEO-1,2026-09-08,42,2026-09-08T19:30:00Z,2026-09-08T20:00:00Z,271,271
T_MOWEO-1,MOWEO-1,2026-09-08,43,2026-09-08T20:00:00Z,2026-09-08T20:30:00Z,271,271
T_MOWEO-1,MOWEO-1,2026-09-08,44,2026-09-08T20:30:00Z,2026-09-08T21:00:00Z,266,266
T_MOWEO-1,MOWEO-1,2026-09-08,45,2026-09-08T21:00:00Z,2026-09-08T21:30:00Z,264,264
T_MOWEO-1,MOWEO-1,2026-09-08,46,2026-09-08T21:30:00Z,2026-09-08T22:00:00Z,272,272
T_MOWEO-1,MOWEO-1,2026-09-08,47,2026-09-08T22:00:00Z,2026-09-08T22:30:00Z,272,272
T_MOWEO-1,MOWEO-1,2026-09-08,48,2026-09-08T22:30:00Z,2026-09-08T23:00:00Z,270,270
T_MOWEO-2,MOWEO-2,2026-09-08,1,2026-09-07T23:00:00Z,2026-09-07T23:30:00Z,258,258
T_MOWEO-2,MOWEO-2,2026-09-08,2,2026-09-07T23:30:00Z,2026-09-08T00:00:00Z,262,262
T_MOWEO-2,MOWEO-2,2026-09-08,3,2026-09-08T00:00:00Z,2026-09-08T00:30:00Z,254,254
T_MOWEO-2,MOWEO-2,2026-09-08,4,2026-09-08T00:30:00Z,2026-09-08T01:00:00Z,257,257
T_MOWEO-2,MOWEO-2,2026-09-08,5,2026-09-08T01:00:00Z,2026-09-08T01:30:00Z,259,259
T_MOWEO-2,MOWEO-2,2026-09-08,6,2026-09-08T01:30:00Z,2026-09-08T02:00:00Z,259,259
T_MOWEO-2,MOWEO-2,2026-09-08,7,2026-09-08T02:00:00Z,2026-09-08T02:30:00Z,258,258
T_MOWEO-2,MOWEO-2,2026-09-08,8,2026-09-08T02:30:00Z,2026-09-08T03:00:00Z,258,258
T_MOWEO-2,MOWEO-2,2026-09-08,9,2026-09-08T03:00:00Z,2026-09-08T03:30:00Z,273,273
T_MOWEO-2,MOWEO-2,2026-09-08,10,2026-09-08T03:30:00Z,2026-09-08T04:00:00Z,272,272
T_MOWEO-2,MOWEO-2,2026-09-08,11,2026-09-08T04:00:00Z,2026-09-08T04:30:00Z,272,272
T_MOWEO-2,MOWEO-2,2026-09-08,12,2026-09-08T04:30:00Z,2026-09-08T05:00:00Z,271,271
T_MOWEO-2,MOWEO-2,2026-09-08,13,2026-09-08T05:00:00Z,2026-09-08T05:30:00Z,272,272
T_MOWEO-2,MOWEO-2,2026-09-08,14,2026-09-08T05:30:00Z,2026-09-08T06:00:00Z,268,268
T_MOWEO-2,MOWEO-2,2026-09-08,15,2026-09-08T06:00:00Z,2026-09-08T06:30:00Z,265,265
T_MOWEO-2,MOWEO-2,2026-09-08,16,2026-09-08T06:30:00Z,2026-09-08T07:00:00Z,262,262
T_MOWEO-2,MOWEO-2,2026-09-08,17,2026-09-08T07:00:00Z,2026-09-08T07:30:00Z,256,256
T_MOWEO-2,MOWEO-2,2026-09-08,18,2026-09-08T07:30:00Z,2026-09-08T08:00:00Z,255,255
T_MOWEO-2,MOWEO-2,2026-09-08,19,2026-09-08T08:00:00Z,2026-09-08T08:30:00Z,261,261
T_MOWEO-2,MOWEO-2,2026-09-08,20,2026-09-08T08:30:00Z,2026-09-08T09:00:00Z,266,266
T_MOWEO-2,MOWEO-2,2026-09-08,21,2026-09-08T09:00:00Z,2026-09-08T09:30:00Z,267,267
T_MOWEO-2,MOWEO-2,2026-09-08,22,2026-09-08T09:30:00Z,2026-09-08T10:00:00Z,268,268
T_MOWEO-2,MOWEO-2,2026-09-08,23,2026-09-08T10:00:00Z,2026-09-08T10:30:00Z,268,268
T_MOWEO-2,MOWEO-2,2026-09-08,24,2026-09-08T10:30:00Z,2026-09-08T11:00:00Z,268,268
T_MOWEO-2,MOWEO-2,2026-09-08,25,2026-09-08T11:00:00Z,2026-09-08T11:30:00Z,266,266
T_MOWEO-2,MOWEO-2,2026-09-08,26,2026-09-08T11:30:00Z,2026-09-08T12:00:00Z,269,269
T_MOWEO-2,MOWEO-2,2026-09-08,27,2026-09-08T12:00:00Z,2026-09-08T12:30:00Z,267,267
T_MOWEO-2,MOWEO-2,2026-09-08,28,2026-09-08T12:30:00Z,2026-09-08T13:00:00Z,266,266
T_MOWEO-2,MOWEO-2,2026-09-08,29,2026-09-08T13:00:00Z,2026-09-08T13:30:00Z,264,264
T_MOWEO-2,MOWEO-2,2026-09-08,30,2026-09-08T13:30:00Z,2026-09-08T14:00:00Z,261,261
T_MOWEO-2,MOWEO-2,2026-09-08,31,2026-09-08T14:00:00Z,2026-09-08T14:30:00Z,234,234
T_MOWEO-2,MOWEO-2,2026-09-08,32,2026-09-08T14:30:00Z,2026-09-08T15:00:00Z,188,188
T_MOWEO-2,MOWEO-2,2026-09-08,33,2026-09-08T15:00:00Z,2026-09-08T15:30:00Z,235,235
T_MOWEO-2,MOWEO-2,2026-09-08,34,2026-09-08T15:30:00Z,2026-09-08T16:00:00Z,259,259
T_MOWEO-2,MOWEO-2,2026-09-08,35,2026-09-08T16:00:00Z,2026-09-08T16:30:00Z,269,269
T_MOWEO-2,MOWEO-2,2026-09-08,36,2026-09-08T16:30:00Z,2026-09-08T17:00:00Z,269,269
T_MOWEO-2,MOWEO-2,2026-09-08,37,2026-09-08T17:00:00Z,2026-09-08T17:30:00Z,266,266
T_MOWEO-2,MOWEO-2,2026-09-08,38,2026-09-08T17:30:00Z,2026-09-08T18:00:00Z,262,262
T_MOWEO-2,MOWEO-2,2026-09-08,39,2026-09-08T18:00:00Z,2026-09-08T18:30:00Z,260,260
T_MOWEO-2,MOWEO-2,2026-09-08,40,2026-09-08T18:30:00Z,2026-09-08T19:00:00Z,253,253
T_MOWEO-2,MOWEO-2,2026-09-08,41,2026-09-08T19:00:00Z,2026-09-08T19:30:00Z,250,250
T_MOWEO-2,MOWEO-2,2026-09-08,42,2026-09-08T19:30:00Z,2026-09-08T20:00:00Z,248,248
T_MOWEO-2,MOWEO-2,2026-09-08,43,2026-09-08T20:00:00Z,2026-09-08T20:30:00Z,242,242
T_MOWEO-2,MOWEO-2,2026-09-08,44,2026-09-08T20:30:00Z,2026-09-08T21:00:00Z,241,241
T_MOWEO-2,MOWEO-2,2026-09-08,45,2026-09-08T21:00:00Z,2026-09-08T21:30:00Z,245,245
T_MOWEO-2,MOWEO-2,2026-09-08,46,2026-09-08T21:30:00Z,2026-09-08T22:00:00Z,244,244
T_MOWEO-2,MOWEO-2,2026-09-08,47,2026-09-08T22:00:00Z,2026-09-08T22:30:00Z,245,245
T_MOWEO-2,MOWEO-2,2026-09-08,48,2026-09-08T22:30:00Z,2026-09-08T23:00:00Z,245,245
T_MOWEO-3,MOWEO-3,2026-09-08,1,2026-09-07T23:00:00Z,2026-09-07T23:30:00Z,248,248
T_MOWEO-3,MOWEO-3,2026-09-08,2,2026-09-07T23:30:00Z,2026-09-08T00:00:00Z,250,250
T_MOWEO-3,MOWEO-3,2026-09-08,3,2026-09-08T00:00:00Z,2026-09-08T00:30:00Z,243,243
T_MOWEO-3,MOWEO-3,2026-09-08,4,2026-09-08T00:30:00Z,2026-09-08T01:00:00Z,246,246
T_MOWEO-3,MOWEO-3,2026-09-08,5,2026-09-08T01:00:00Z,2026-09-08T01:30:00Z,244,244
T_MOWEO-3,MOWEO-3,2026-09-08,6,2026-09-08T01:30:00Z,2026-09-08T02:00:00Z,249,249
T_MOWEO-3,MOWEO-3,2026-09-08,7,2026-09-08T02:00:00Z,2026-09-08T02:30:00Z,251,251
T_MOWEO-3,MOWEO-3,2026-09-08,8,2026-09-08T02:30:00Z,2026-09-08T03:00:00Z,252,252
T_MOWEO-3,MOWEO-3,2026-09-08,9,2026-09-08T03:00:00Z,2026-09-08T03:30:00Z,251,251
T_MOWEO-3,MOWEO-3,2026-09-08,10,2026-09-08T03:30:00Z,2026-09-08T04:00:00Z,249,249
T_MOWEO-3,MOWEO-3,2026-09-08,11,2026-09-08T04:00:00Z,2026-09-08T04:30:00Z,245,245
T_MOWEO-3,MOWEO-3,2026-09-08,12,2026-09-08T04:30:00Z,2026-09-08T05:00:00Z,243,243
T_MOWEO-3,MOWEO-3,2026-09-08,13,2026-09-08T05:00:00Z,2026-09-08T05:30:00Z,246,246
T_MOWEO-3,MOWEO-3,2026-09-08,14,2026-09-08T05:30:00Z,2026-09-08T06:00:00Z,250,250
T_MOWEO-3,MOWEO-3,2026-09-08,15,2026-09-08T06:00:00Z,2026-09-08T06:30:00Z,252,252
T_MOWEO-3,MOWEO-3,2026-09-08,16,2026-09-08T06:30:00Z,2026-09-08T07:00:00Z,247,247
T_MOWEO-3,MOWEO-3,2026-09-08,17,2026-09-08T07:00:00Z,2026-09-08T07:30:00Z,249,249
T_MOWEO-3,MOWEO-3,2026-09-08,18,2026-09-08T07:30:00Z,2026-09-08T08:00:00Z,247,247
T_MOWEO-3,MOWEO-3,2026-09-08,19,2026-09-08T08:00:00Z,2026-09-08T08:30:00Z,248,248
T_MOWEO-3,MOWEO-3,2026-09-08,20,2026-09-08T08:30:00Z,2026-09-08T09:00:00Z,251,251
T_MOWEO-3,MOWEO-3,2026-09-08,21,2026-09-08T09:00:00Z,2026-09-08T09:30:00Z,254,254
T_MOWEO-3,MOWEO-3,2026-09-08,22,2026-09-08T09:30:00Z,2026-09-08T10:00:00Z,252,252
T_MOWEO-3,MOWEO-3,2026-09-08,23,2026-09-08T10:00:00Z,2026-09-08T10:30:00Z,251,251
T_MOWEO-3,MOWEO-3,2026-09-08,24,2026-09-08T10:30:00Z,2026-09-08T11:00:00Z,254,254
T_MOWEO-3,MOWEO-3,2026-09-08,25,2026-09-08T11:00:00Z,2026-09-08T11:30:00Z,252,252
T_MOWEO-3,MOWEO-3,2026-09-08,26,2026-09-08T11:30:00Z,2026-09-08T12:00:00Z,255,255
T_MOWEO-3,MOWEO-3,2026-09-08,27,2026-09-08T12:00:00Z,2026-09-08T12:30:00Z,253,253
T_MOWEO-3,MOWEO-3,2026-09-08,28,2026-09-08T12:30:00Z,2026-09-08T13:00:00Z,251,251
T_MOWEO-3,MOWEO-3,2026-09-08,29,2026-09-08T13:00:00Z,2026-09-08T13:30:00Z,253,253
T_MOWEO-3,MOWEO-3,2026-09-08,30,2026-09-08T13:30:00Z,2026-09-08T14:00:00Z,252,252
T_MOWEO-3,MOWEO-3,2026-09-08,31,2026-09-08T14:00:00Z,2026-09-08T14:30:00Z,238,238
T_MOWEO-3,MOWEO-3,2026-09-08,32,2026-09-08T14:30:00Z,2026-09-08T15:00:00Z,216,216
T_MOWEO-3,MOWEO-3,2026-09-08,33,2026-09-08T15:00:00Z,2026-09-08T15:30:00Z,226,226
T_MOWEO-3,MOWEO-3,2026-09-08,34,2026-09-08T15:30:00Z,2026-09-08T16:00:00Z,246,246
T_MOWEO-3,MOWEO-3,2026-09-08,35,2026-09-08T16:00:00Z,2026-09-08T16:30:00Z,249,249
T_MOWEO-3,MOWEO-3,2026-09-08,36,2026-09-08T16:30:00Z,2026-09-08T17:00:00Z,255,255
T_MOWEO-3,MOWEO-3,2026-09-08,37,2026-09-08T17:00:00Z,2026-09-08T17:30:00Z,254,254
T_MOWEO-3,MOWEO-3,2026-09-08,38,2026-09-08T17:30:00Z,2026-09-08T18:00:00Z,251,251
T_MOWEO-3,MOWEO-3,2026-09-08,39,2026-09-08T18:00:00Z,2026-09-08T18:30:00Z,248,248
T_MOWEO-3,MOWEO-3,2026-09-08,40,2026-09-08T18:30:00Z,2026-09-08T19:00:00Z,244,244
T_MOWEO-3,MOWEO-3,2026-09-08,41,2026-09-08T19:00:00Z,2026-09-08T19:30:00Z,239,239
T_MOWEO-3,MOWEO-3,2026-09-08,42,2026-09-08T19:30:00Z,2026-09-08T20:00:00Z,240,240
T_MOWEO-3,MOWEO-3,2026-09-08,43,2026-09-08T20:00:00Z,2026-09-08T20:30:00Z,235,235
T_MOWEO-3,MOWEO-3,2026-09-08,44,2026-09-08T20:30:00Z,2026-09-08T21:00:00Z,234,234
T_MOWEO-3,MOWEO-3,2026-09-08,45,2026-09-08T21:00:00Z,2026-09-08T21:30:00Z,234,234
T_MOWEO-3,MOWEO-3,2026-09-08,46,2026-09-08T21:30:00Z,2026-09-08T22:00:00Z,239,239
T_MOWEO-3,MOWEO-3,2026-09-08,47,2026-09-08T22:00:00Z,2026-09-08T22:30:00Z,241,241
T_MOWEO-3,MOWEO-3,2026-09-08,48,2026-09-08T22:30:00Z,2026-09-08T23:00:00Z,241,241
T_MOWWO-1,MOWWO-1,2026-09-08,1,2026-09-07T23:00:00Z,2026-09-07T23:30:00Z,192,192
T_MOWWO-1,MOWWO-1,2026-09-08,2,2026-09-07T23:30:00Z,2026-09-08T00:00:00Z,192,192
T_MOWWO-1,MOWWO-1,2026-09-08,3,2026-09-08T00:00:00Z,2026-09-08T00:30:00Z,192,192
T_MOWWO-1,MOWWO-1,2026-09-08,4,2026-09-08T00:30:00Z,2026-09-08T01:00:00Z,192,192
T_MOWWO-1,MOWWO-1,2026-09-08,5,2026-09-08T01:00:00Z,2026-09-08T01:30:00Z,192,192
T_MOWWO-1,MOWWO-1,2026-09-08,6,2026-09-08T01:30:00Z,2026-09-08T02:00:00Z,192,192
T_MOWWO-1,MOWWO-1,2026-09-08,7,2026-09-08T02:00:00Z,2026-09-08T02:30:00Z,192,192
T_MOWWO-1,MOWWO-1,2026-09-08,8,2026-09-08T02:30:00Z,2026-09-08T03:00:00Z,192,192
T_MOWWO-1,MOWWO-1,2026-09-08,9,2026-09-08T03:00:00Z,2026-09-08T03:30:00Z,192,192
T_MOWWO-1,MOWWO-1,2026-09-08,10,2026-09-08T03:30:00Z,2026-09-08T04:00:00Z,192,192
T_MOWWO-1,MOWWO-1,2026-09-08,11,2026-09-08T04:00:00Z,2026-09-08T04:30:00Z,192,192
T_MOWWO-1,MOWWO-1,2026-09-08,12,2026-09-08T04:30:00Z,2026-09-08T05:00:00Z,192,192
T_MOWWO-1,MOWWO-1,2026-09-08,13,2026-09-08T05:00:00Z,2026-09-08T05:30:00Z,192,192
T_MOWWO-1,MOWWO-1,2026-09-08,14,2026-09-08T05:30:00Z,2026-09-08T06:00:00Z,192,192
T_MOWWO-1,MOWWO-1,2026-09-08,15,2026-09-08T06:00:00Z,2026-09-08T06:30:00Z,192,192
T_MOWWO-1,MOWWO-1,2026-09-08,16,2026-09-08T06:30:00Z,2026-09-08T07:00:00Z,192,192
T_MOWWO-1,MOWWO-1,2026-09-08,17,2026-09-08T07:00:00Z,2026-09-08T07:30:00Z,192,192
T_MOWWO-1,MOWWO-1,2026-09-08,18,2026-09-08T07:30:00Z,2026-09-08T08:00:00Z,192,192
T_MOWWO-1,MOWWO-1,2026-09-08,19,2026-09-08T08:00:00Z,2026-09-08T08:30:00Z,192,192
T_MOWWO-1,MOWWO-1,2026-09-08,20,2026-09-08T08:30:00Z,2026-09-08T09:00:00Z,192,192
T_MOWWO-1,MOWWO-1,2026-09-08,21,2026-09-08T09:00:00Z,2026-09-08T09:30:00Z,192,192
T_MOWWO-1,MOWWO-1,2026-09-08,22,2026-09-08T09:30:00Z,2026-09-08T10:00:00Z,192,192
T_MOWWO-1,MOWWO-1,2026-09-08,23,2026-09-08T10:00:00Z,2026-09-08T10:30:00Z,192,192
T_MOWWO-1,MOWWO-1,2026-09-08,24,2026-09-08T10:30:00Z,2026-09-08T11:00:00Z,192,192
T_MOWWO-1,MOWWO-1,2026-09-08,25,2026-09-08T11:00:00Z,2026-09-08T11:30:00Z,192,192
T_MOWWO-1,MOWWO-1,2026-09-08,26,2026-09-08T11:30:00Z,2026-09-08T12:00:00Z,192,192
T_MOWWO-1,MOWWO-1,2026-09-08,27,2026-09-08T12:00:00Z,2026-09-08T12:30:00Z,192,192
T_MOWWO-1,MOWWO-1,2026-09-08,28,2026-09-08T12:30:00Z,2026-09-08T13:00:00Z,192,192
T_MOWWO-1,MOWWO-1,2026-09-08,29,2026-09-08T13:00:00Z,2026-09-08T13:30:00Z,192,192
T_MOWWO-1,MOWWO-1,2026-09-08,30,2026-09-08T13:30:00Z,2026-09-08T14:00:00Z,192,192
T_MOWWO-1,MOWWO-1,2026-09-08,31,2026-09-08T14:00:00Z,2026-09-08T14:30:00Z,192,192
T_MOWWO-1,MOWWO-1,2026-09-08,32,2026-09-08T14:30:00Z,2026-09-08T15:00:00Z,192,192
T_MOWWO-1,MOWWO-1,2026-09-08,33,2026-09-08T15:00:00Z,2026-09-08T15:30:00Z,192,192
T_MOWWO-1,MOWWO-1,2026-09-08,34,2026-09-08T15:30:00Z,2026-09-08T16:00:00Z,192,192
T_MOWWO-1,MOWWO-1,2026-09-08,35,2026-09-08T16:00:00Z,2026-09-08T16:30:00Z,192,192
T_MOWWO-1,MOWWO-1,2026-09-08,36,2026-09-08T16:30:00Z,2026-09-08T17:00:00Z,192,192
T_MOWWO-1,MOWWO-1,2026-09-08,37,2026-09-08T17:00:00Z,2026-09-08T17:30:00Z,192,192
T_MOWWO-1,MOWWO-1,2026-09-08,38,2026-09-08T17:30:00Z,2026-09-08T18:00:00Z,192,192
T_MOWWO-1,MOWWO-1,2026-09-08,39,2026-09-08T18:00:00Z,2026-09-08T18:30:00Z,192,192
T_MOWWO-1,MOWWO-1,2026-09-08,40,2026-09-08T18:30:00Z,2026-09-08T19:00:00Z,192,192
T_MOWWO-1,MOWWO-1,2026-09-08,41,2026-09-08T19:00:00Z,2026-09-08T19:30:00Z,191,191
T_MOWWO-1,MOWWO-1,2026-09-08,42,2026-09-08T19:30:00Z,2026-09-08T20:00:00Z,190,190
T_MOWWO-1,MOWWO-1,2026-09-08,43,2026-09-08T20:00:00Z,2026-09-08T20:30:00Z,188,188
T_MOWWO-1,MOWWO-1,2026-09-08,44,2026-09-08T20:30:00Z,2026-09-08T21:00:00Z,191,191
T_MOWWO-1,MOWWO-1,2026-09-08,45,2026-09-08T21:00:00Z,2026-09-08T21:30:00Z,191,191
T_MOWWO-1,MOWWO-1,2026-09-08,46,2026-09-08T21:30:00Z,2026-09-08T22:00:00Z,190,190
T_MOWWO-1,MOWWO-1,2026-09-08,47,2026-09-08T22:00:00Z,2026-09-08T22:30:00Z,189,189
T_MOWWO-1,MOWWO-1,2026-09-08,48,2026-09-08T22:30:00Z,2026-09-08T23:00:00Z,188,188
T_MOWWO-2,MOWWO-2,2026-09-08,1,2026-09-07T23:00:00Z,2026-09-07T23:30:00Z,198,198
T_MOWWO-2,MOWWO-2,2026-09-08,2,2026-09-07T23:30:00Z,2026-09-08T00:00:00Z,196,196
T_MOWWO-2,MOWWO-2,2026-09-08,3,2026-09-08T00:00:00Z,2026-09-08T00:30:00Z,198,198
T_MOWWO-2,MOWWO-2,2026-09-08,4,2026-09-08T00:30:00Z,2026-09-08T01:00:00Z,197,197
T_MOWWO-2,MOWWO-2,2026-09-08,5,2026-09-08T01:00:00Z,2026-09-08T01:30:00Z,194,194
T_MOWWO-2,MOWWO-2,2026-09-08,6,2026-09-08T01:30:00Z,2026-09-08T02:00:00Z,196,196
T_MOWWO-2,MOWWO-2,2026-09-08,7,2026-09-08T02:00:00Z,2026-09-08T02:30:00Z,196,196
T_MOWWO-2,MOWWO-2,2026-09-08,8,2026-09-08T02:30:00Z,2026-09-08T03:00:00Z,196,196
T_MOWWO-2,MOWWO-2,2026-09-08,9,2026-09-08T03:00:00Z,2026-09-08T03:30:00Z,195,195
T_MOWWO-2,MOWWO-2,2026-09-08,10,2026-09-08T03:30:00Z,2026-09-08T04:00:00Z,195,195
T_MOWWO-2,MOWWO-2,2026-09-08,11,2026-09-08T04:00:00Z,2026-09-08T04:30:00Z,195,195
T_MOWWO-2,MOWWO-2,2026-09-08,12,2026-09-08T04:30:00Z,2026-09-08T05:00:00Z,195,195
T_MOWWO-2,MOWWO-2,2026-09-08,13,2026-09-08T05:00:00Z,2026-09-08T05:30:00Z,195,195
T_MOWWO-2,MOWWO-2,2026-09-08,14,2026-09-08T05:30:00Z,2026-09-08T06:00:00Z,195,195
T_MOWWO-2,MOWWO-2,2026-09-08,15,2026-09-08T06:00:00Z,2026-09-08T06:30:00Z,196,196
T_MOWWO-2,MOWWO-2,2026-09-08,16,2026-09-08T06:30:00Z,2026-09-08T07:00:00Z,196,196
T_MOWWO-2,MOWWO-2,2026-09-08,17,2026-09-08T07:00:00Z,2026-09-08T07:30:00Z,196,196
T_MOWWO-2,MOWWO-2,2026-09-08,18,2026-09-08T07:30:00Z,2026-09-08T08:00:00Z,197,197
T_MOWWO-2,MOWWO-2,2026-09-08,19,2026-09-08T08:00:00Z,2026-09-08T08:30:00Z,198,198
T_MOWWO-2,MOWWO-2,2026-09-08,20,2026-09-08T08:30:00Z,2026-09-08T09:00:00Z,200,200
T_MOWWO-2,MOWWO-2,2026-09-08,21,2026-09-08T09:00:00Z,2026-09-08T09:30:00Z,200,200
T_MOWWO-2,MOWWO-2,2026-09-08,22,2026-09-08T09:30:00Z,2026-09-08T10:00:00Z,200,200
T_MOWWO-2,MOWWO-2,2026-09-08,23,2026-09-08T10:00:00Z,2026-09-08T10:30:00Z,201,201
T_MOWWO-2,MOWWO-2,2026-09-08,24,2026-09-08T10:30:00Z,2026-09-08T11:00:00Z,201,201
T_MOWWO-2,MOWWO-2,2026-09-08,25,2026-09-08T11:00:00Z,2026-09-08T11:30:00Z,201,201
T_MOWWO-2,MOWWO-2,2026-09-08,26,2026-09-08T11:30:00Z,2026-09-08T12:00:00Z,201,201
T_MOWWO-2,MOWWO-2,2026-09-08,27,2026-09-08T12:00:00Z,2026-09-08T12:30:00Z,198,198
T_MOWWO-2,MOWWO-2,2026-09-08,28,2026-09-08T12:30:00Z,2026-09-08T13:00:00Z,198,198
T_MOWWO-2,MOWWO-2,2026-09-08,29,2026-09-08T13:00:00Z,2026-09-08T13:30:00Z,199,199
T_MOWWO-2,MOWWO-2,2026-09-08,30,2026-09-08T13:30:00Z,2026-09-08T14:00:00Z,201,201
T_MOWWO-2,MOWWO-2,2026-09-08,31,2026-09-08T14:00:00Z,2026-09-08T14:30:00Z,203,203
T_MOWWO-2,MOWWO-2,2026-09-08,32,2026-09-08T14:30:00Z,2026-09-08T15:00:00Z,206,206
T_MOWWO-2,MOWWO-2,2026-09-08,33,2026-09-08T15:00:00Z,2026-09-08T15:30:00Z,206,206
T_MOWWO-2,MOWWO-2,2026-09-08,34,2026-09-08T15:30:00Z,2026-09-08T16:00:00Z,205,205
T_MOWWO-2,MOWWO-2,2026-09-08,35,2026-09-08T16:00:00Z,2026-09-08T16:30:00Z,203,203
T_MOWWO-2,MOWWO-2,2026-09-08,36,2026-09-08T16:30:00Z,2026-09-08T17:00:00Z,200,200
T_MOWWO-2,MOWWO-2,2026-09-08,37,2026-09-08T17:00:00Z,2026-09-08T17:30:00Z,197,197
T_MOWWO-2,MOWWO-2,2026-09-08,38,2026-09-08T17:30:00Z,2026-09-08T18:00:00Z,195,195
T_MOWWO-2,MOWWO-2,2026-09-08,39,2026-09-08T18:00:00Z,2026-09-08T18:30:00Z,194,194
T_MOWWO-2,MOWWO-2,2026-09-08,40,2026-09-08T18:30:00Z,2026-09-08T19:00:00Z,194,194
T_MOWWO-2,MOWWO-2,2026-09-08,41,2026-09-08T19:00:00Z,2026-09-08T19:30:00Z,194,194
T_MOWWO-2,MOWWO-2,2026-09-08,42,2026-09-08T19:30:00Z,2026-09-08T20:00:00Z,194,194
T_MOWWO-2,MOWWO-2,2026-09-08,43,2026-09-08T20:00:00Z,2026-09-08T20:30:00Z,194,194
T_MOWWO-2,MOWWO-2,2026-09-08,44,2026-09-08T20:30:00Z,2026-09-08T21:00:00Z,194,194
T_MOWWO-2,MOWWO-2,2026-09-08,45,2026-09-08T21:00:00Z,2026-09-08T21:30:00Z,194,194
T_MOWWO-2,MOWWO-2,2026-09-08,46,2026-09-08T21:30:00Z,2026-09-08T22:00:00Z,194,194
T_MOWWO-2,MOWWO-2,2026-09-08,47,2026-09-08T22:00:00Z,2026-09-08T22:30:00Z,194,194
T_MOWWO-2,MOWWO-2,2026-09-08,48,2026-09-08T22:30:00Z,2026-09-08T23:00:00Z,193,193
T_MOWWO-3,MOWWO-3,2026-09-08,1,2026-09-07T23:00:00Z,2026-09-07T23:30:00Z,143,143
T_MOWWO-3,MOWWO-3,2026-09-08,2,2026-09-07T23:30:00Z,2026-09-08T00:00:00Z,143,143
T_MOWWO-3,MOWWO-3,2026-09-08,3,2026-09-08T00:00:00Z,2026-09-08T00:30:00Z,143,143
T_MOWWO-3,MOWWO-3,2026-09-08,4,2026-09-08T00:30:00Z,2026-09-08T01:00:00Z,143,143
T_MOWWO-3,MOWWO-3,2026-09-08,5,2026-09-08T01:00:00Z,2026-09-08T01:30:00Z,143,143
T_MOWWO-3,MOWWO-3,2026-09-08,6,2026-09-08T01:30:00Z,2026-09-08T02:00:00Z,143,143
T_MOWWO-3,MOWWO-3,2026-09-08,7,2026-09-08T02:00:00Z,2026-09-08T02:30:00Z,143,143
T_MOWWO-3,MOWWO-3,2026-09-08,8,2026-09-08T02:30:00Z,2026-09-08T03:00:00Z,143,143
T_MOWWO-3,MOWWO-3,2026-09-08,9,2026-09-08T03:00:00Z,2026-09-08T03:30:00Z,143,143
T_MOWWO-3,MOWWO-3,2026-09-08,10,2026-09-08T03:30:00Z,2026-09-08T04:00:00Z,143,143
T_MOWWO-3,MOWWO-3,2026-09-08,11,2026-09-08T04:00:00Z,2026-09-08T04:30:00Z,143,143
T_MOWWO-3,MOWWO-3,2026-09-08,12,2026-09-08T04:30:00Z,2026-09-08T05:00:00Z,143,143
T_MOWWO-3,MOWWO-3,2026-09-08,13,2026-09-08T05:00:00Z,2026-09-08T05:30:00Z,143,143
T_MOWWO-3,MOWWO-3,2026-09-08,14,2026-09-08T05:30:00Z,2026-09-08T06:00:00Z,143,143
T_MOWWO-3,MOWWO-3,2026-09-08,15,2026-09-08T06:00:00Z,2026-09-08T06:30:00Z,143,143
T_MOWWO-3,MOWWO-3,2026-09-08,16,2026-09-08T06:30:00Z,2026-09-08T07:00:00Z,143,143
T_MOWWO-3,MOWWO-3,2026-09-08,17,2026-09-08T07:00:00Z,2026-09-08T07:30:00Z,143,143
T_MOWWO-3,MOWWO-3,2026-09-08,18,2026-09-08T07:30:00Z,2026-09-08T08:00:00Z,143,143
T_MOWWO-3,MOWWO-3,2026-09-08,19,2026-09-08T08:00:00Z,2026-09-08T08:30:00Z,143,143
T_MOWWO-3,MOWWO-3,2026-09-08,20,2026-09-08T08:30:00Z,2026-09-08T09:00:00Z,143,143
T_MOWWO-3,MOWWO-3,2026-09-08,21,2026-09-08T09:00:00Z,2026-09-08T09:30:00Z,143,143
T_MOWWO-3,MOWWO-3,2026-09-08,22,2026-09-08T09:30:00Z,2026-09-08T10:00:00Z,143,143
T_MOWWO-3,MOWWO-3,2026-09-08,23,2026-09-08T10:00:00Z,2026-09-08T10:30:00Z,143,143
T_MOWWO-3,MOWWO-3,2026-09-08,24,2026-09-08T10:30:00Z,2026-09-08T11:00:00Z,143,143
T_MOWWO-3,MOWWO-3,2026-09-08,25,2026-09-08T11:00:00Z,2026-09-08T11:30:00Z,143,143
T_MOWWO-3,MOWWO-3,2026-09-08,26,2026-09-08T11:30:00Z,2026-09-08T12:00:00Z,143,143
T_MOWWO-3,MOWWO-3,2026-09-08,27,2026-09-08T12:00:00Z,2026-09-08T12:30:00Z,143,143
T_MOWWO-3,MOWWO-3,2026-09-08,28,2026-09-08T12:30:00Z,2026-09-08T13:00:00Z,143,143
T_MOWWO-3,MOWWO-3,2026-09-08,29,2026-09-08T13:00:00Z,2026-09-08T13:30:00Z,143,143
T_MOWWO-3,MOWWO-3,2026-09-08,30,2026-09-08T13:30:00Z,2026-09-08T14:00:00Z,143,143
T_MOWWO-3,MOWWO-3,2026-09-08,31,2026-09-08T14:00:00Z,2026-09-08T14:30:00Z,142,142
T_MOWWO-3,MOWWO-3,2026-09-08,32,2026-09-08T14:30:00Z,2026-09-08T15:00:00Z,129,129
T_MOWWO-3,MOWWO-3,2026-09-08,33,2026-09-08T15:00:00Z,2026-09-08T15:30:00Z,143,143
T_MOWWO-3,MOWWO-3,2026-09-08,34,2026-09-08T15:30:00Z,2026-09-08T16:00:00Z,143,143
T_MOWWO-3,MOWWO-3,2026-09-08,35,2026-09-08T16:00:00Z,2026-09-08T16:30:00Z,143,143
T_MOWWO-3,MOWWO-3,2026-09-08,36,2026-09-08T16:30:00Z,2026-09-08T17:00:00Z,143,143
T_MOWWO-3,MOWWO-3,2026-09-08,37,2026-09-08T17:00:00Z,2026-09-08T17:30:00Z,143,143
T_MOWWO-3,MOWWO-3,2026-09-08,38,2026-09-08T17:30:00Z,2026-09-08T18:00:00Z,143,143
T_MOWWO-3,MOWWO-3,2026-09-08,39,2026-09-08T18:00:00Z,2026-09-08T18:30:00Z,143,143
T_MOWWO-3,MOWWO-3,2026-09-08,40,2026-09-08T18:30:00Z,2026-09-08T19:00:00Z,143,143
T_MOWWO-3,MOWWO-3,2026-09-08,41,2026-09-08T19:00:00Z,2026-09-08T19:30:00Z,142,142
T_MOWWO-3,MOWWO-3,2026-09-08,42,2026-09-08T19:30:00Z,2026-09-08T20:00:00Z,142,142
T_MOWWO-3,MOWWO-3,2026-09-08,43,2026-09-08T20:00:00Z,2026-09-08T20:30:00Z,140,140
T_MOWWO-3,MOWWO-3,2026-09-08,44,2026-09-08T20:30:00Z,2026-09-08T21:00:00Z,140,140
T_MOWWO-3,MOWWO-3,2026-09-08,45,2026-09-08T21:00:00Z,2026-09-08T21:30:00Z,139,139
T_MOWWO-3,MOWWO-3,2026-09-08,46,2026-09-08T21:30:00Z,2026-09-08T22:00:00Z,141,141
T_MOWWO-3,MOWWO-3,2026-09-08,47,2026-09-08T22:00:00Z,2026-09-08T22:30:00Z,141,141
T_MOWWO-3,MOWWO-3,2026-09-08,48,2026-09-08T22:30:00Z,2026-09-08T23:00:00Z,140,140
T_MOWWO-4,MOWWO-4,2026-09-08,1,2026-09-07T23:00:00Z,2026-09-07T23:30:00Z,230,230
T_MOWWO-4,MOWWO-4,2026-09-08,2,2026-09-07T23:30:00Z,2026-09-08T00:00:00Z,230,230
T_MOWWO-4,MOWWO-4,2026-09-08,3,2026-09-08T00:00:00Z,2026-09-08T00:30:00Z,230,230
T_MOWWO-4,MOWWO-4,2026-09-08,4,2026-09-08T00:30:00Z,2026-09-08T01:00:00Z,230,230
T_MOWWO-4,MOWWO-4,2026-09-08,5,2026-09-08T01:00:00Z,2026-09-08T01:30:00Z,230,230
T_MOWWO-4,MOWWO-4,2026-09-08,6,2026-09-08T01:30:00Z,2026-09-08T02:00:00Z,230,230
T_MOWWO-4,MOWWO-4,2026-09-08,7,2026-09-08T02:00:00Z,2026-09-08T02:30:00Z,230,230
T_MOWWO-4,MOWWO-4,2026-09-08,8,2026-09-08T02:30:00Z,2026-09-08T03:00:00Z,230,230
T_MOWWO-4,MOWWO-4,2026-09-08,9,2026-09-08T03:00:00Z,2026-09-08T03:30:00Z,230,230
T_MOWWO-4,MOWWO-4,2026-09-08,10,2026-09-08T03:30:00Z,2026-09-08T04:00:00Z,230,230
T_MOWWO-4,MOWWO-4,2026-09-08,11,2026-09-08T04:00:00Z,2026-09-08T04:30:00Z,230,230
T_MOWWO-4,MOWWO-4,2026-09-08,12,2026-09-08T04:30:00Z,2026-09-08T05:00:00Z,230,230
T_MOWWO-4,MOWWO-4,2026-09-08,13,2026-09-08T05:00:00Z,2026-09-08T05:30:00Z,230,230
T_MOWWO-4,MOWWO-4,2026-09-08,14,2026-09-08T05:30:00Z,2026-09-08T06:00:00Z,230,230
T_MOWWO-4,MOWWO-4,2026-09-08,15,2026-09-08T06:00:00Z,2026-09-08T06:30:00Z,230,230
T_MOWWO-4,MOWWO-4,2026-09-08,16,2026-09-08T06:30:00Z,2026-09-08T07:00:00Z,230,230
T_MOWWO-4,MOWWO-4,2026-09-08,17,2026-09-08T07:00:00Z,2026-09-08T07:30:00Z,230,230
T_MOWWO-4,MOWWO-4,2026-09-08,18,2026-09-08T07:30:00Z,2026-09-08T08:00:00Z,230,230
T_MOWWO-4,MOWWO-4,2026-09-08,19,2026-09-08T08:00:00Z,2026-09-08T08:30:00Z,230,230
T_MOWWO-4,MOWWO-4,2026-09-08,20,2026-09-08T08:30:00Z,2026-09-08T09:00:00Z,230,230
T_MOWWO-4,MOWWO-4,2026-09-08,21,2026-09-08T09:00:00Z,2026-09-08T09:30:00Z,230,230
T_MOWWO-4,MOWWO-4,2026-09-08,22,2026-09-08T09:30:00Z,2026-09-08T10:00:00Z,231,231
T_MOWWO-4,MOWWO-4,2026-09-08,23,2026-09-08T10:00:00Z,2026-09-08T10:30:00Z,231,231
T_MOWWO-4,MOWWO-4,2026-09-08,24,2026-09-08T10:30:00Z,2026-09-08T11:00:00Z,231,231
T_MOWWO-4,MOWWO-4,2026-09-08,25,2026-09-08T11:00:00Z,2026-09-08T11:30:00Z,231,231
T_MOWWO-4,MOWWO-4,2026-09-08,26,2026-09-08T11:30:00Z,2026-09-08T12:00:00Z,231,231
T_MOWWO-4,MOWWO-4,2026-09-08,27,2026-09-08T12:00:00Z,2026-09-08T12:30:00Z,230,230
T_MOWWO-4,MOWWO-4,2026-09-08,28,2026-09-08T12:30:00Z,2026-09-08T13:00:00Z,230,230
T_MOWWO-4,MOWWO-4,2026-09-08,29,2026-09-08T13:00:00Z,2026-09-08T13:30:00Z,230,230
T_MOWWO-4,MOWWO-4,2026-09-08,30,2026-09-08T13:30:00Z,2026-09-08T14:00:00Z,230,230
T_MOWWO-4,MOWWO-4,2026-09-08,31,2026-09-08T14:00:00Z,2026-09-08T14:30:00Z,230,230
T_MOWWO-4,MOWWO-4,2026-09-08,32,2026-09-08T14:30:00Z,2026-09-08T15:00:00Z,223,223
T_MOWWO-4,MOWWO-4,2026-09-08,33,2026-09-08T15:00:00Z,2026-09-08T15:30:00Z,231,231
T_MOWWO-4,MOWWO-4,2026-09-08,34,2026-09-08T15:30:00Z,2026-09-08T16:00:00Z,231,231
T_MOWWO-4,MOWWO-4,2026-09-08,35,2026-09-08T16:00:00Z,2026-09-08T16:30:00Z,231,231
T_MOWWO-4,MOWWO-4,2026-09-08,36,2026-09-08T16:30:00Z,2026-09-08T17:00:00Z,231,231
T_MOWWO-4,MOWWO-4,2026-09-08,37,2026-09-08T17:00:00Z,2026-09-08T17:30:00Z,230,230
T_MOWWO-4,MOWWO-4,2026-09-08,38,2026-09-08T17:30:00Z,2026-09-08T18:00:00Z,230,230
T_MOWWO-4,MOWWO-4,2026-09-08,39,2026-09-08T18:00:00Z,2026-09-08T18:30:00Z,229,229
T_MOWWO-4,MOWWO-4,2026-09-08,40,2026-09-08T18:30:00Z,2026-09-08T19:00:00Z,229,229
T_MOWWO-4,MOWWO-4,2026-09-08,41,2026-09-08T19:00:00Z,2026-09-08T19:30:00Z,227,227
T_MOWWO-4,MOWWO-4,2026-09-08,42,2026-09-08T19:30:00Z,2026-09-08T20:00:00Z,227,227
T_MOWWO-4,MOWWO-4,2026-09-08,43,2026-09-08T20:00:00Z,2026-09-08T20:30:00Z,225,225
T_MOWWO-4,MOWWO-4,2026-09-08,44,2026-09-08T20:30:00Z,2026-09-08T21:00:00Z,225,225
T_MOWWO-4,MOWWO-4,2026-09-08,45,2026-09-08T21:00:00Z,2026-09-08T21:30:00Z,225,225
T_MOWWO-4,MOWWO-4,2026-09-08,46,2026-09-08T21:30:00Z,2026-09-08T22:00:00Z,225,225
T_MOWWO-4,MOWWO-4,2026-09-08,47,2026-09-08T22:00:00Z,2026-09-08T22:30:00Z,224,224
T_MOWWO-4,MOWWO-4,2026-09-08,48,2026-09-08T22:30:00Z,2026-09-08T23:00:00Z,221,221
T_MYGPW-1,MYGPW-1,2026-09-08,1,2026-09-07T23:00:00Z,2026-09-07T23:15:00Z,12,12
T_MYGPW-1,MYGPW-1,2026-09-08,1,2026-09-07T23:15:00Z,2026-09-07T23:30:00Z,12,12
T_MYGPW-1,MYGPW-1,2026-09-08,2,2026-09-07T23:30:00Z,2026-09-07T23:45:00Z,13,13
T_MYGPW-1,MYGPW-1,2026-09-08,2,2026-09-07T23:45:00Z,2026-09-08T00:00:00Z,14,14
T_MYGPW-1,MYGPW-1,2026-09-08,3,2026-09-08T00:00:00Z,2026-09-08T00:15:00Z,13,13
T_MYGPW-1,MYGPW-1,2026-09-08,3,2026-09-08T00:15:00Z,2026-09-08T00:30:00Z,13,13
T_MYGPW-1,MYGPW-1,2026-09-08,4,2026-09-08T00:30:00Z,2026-09-08T00:45:00Z,13,13
T_MYGPW-1,MYGPW-1,2026-09-08,4,2026-09-08T00:45:00Z,2026-09-08T01:00:00Z,11,11
T_MYGPW-1,MYGPW-1,2026-09-08,5,2026-09-08T01:00:00Z,2026-09-08T01:15:00Z,12,12
T_MYGPW-1,MYGPW-1,2026-09-08,5,2026-09-08T01:15:00Z,2026-09-08T01:30:00Z,13,13
T_MYGPW-1,MYGPW-1,2026-09-08,6,2026-09-08T01:30:00Z,2026-09-08T01:45:00Z,13,13
T_MYGPW-1,MYGPW-1,2026-09-08,6,2026-09-08T01:45:00Z,2026-09-08T02:00:00Z,13,13
T_MYGPW-1,MYGPW-1,2026-09-08,7,2026-09-08T02:00:00Z,2026-09-08T02:15:00Z,14,14
T_MYGPW-1,MYGPW-1,2026-09-08,7,2026-09-08T02:15:00Z,2026-09-08T02:30:00Z,14,14
T_MYGPW-1,MYGPW-1,2026-09-08,8,2026-09-08T02:30:00Z,2026-09-08T02:45:00Z,14,14
T_MYGPW-1,MYGPW-1,2026-09-08,8,2026-09-08T02:45:00Z,2026-09-08T03:00:00Z,14,14
T_MYGPW-1,MYGPW-1,2026-09-08,9,2026-09-08T03:00:00Z,2026-09-08T03:15:00Z,14,14
T_MYGPW-1,MYGPW-1,2026-09-08,9,2026-09-08T03:15:00Z,2026-09-08T03:30:00Z,14,14
T_MYGPW-1,MYGPW-1,2026-09-08,10,2026-09-08T03:30:00Z,2026-09-08T03:45:00Z,14,14
T_MYGPW-1,MYGPW-1,2026-09-08,10,2026-09-08T03:45:00Z,2026-09-08T04:00:00Z,13,13
T_MYGPW-1,MYGPW-1,2026-09-08,11,2026-09-08T04:00:00Z,2026-09-08T04:15:00Z,13,13
T_MYGPW-1,MYGPW-1,2026-09-08,11,2026-09-08T04:15:00Z,2026-09-08T04:30:00Z,13,13
T_MYGPW-1,MYGPW-1,2026-09-08,12,2026-09-08T04:30:00Z,2026-09-08T04:45:00Z,13,13
T_MYGPW-1,MYGPW-1,2026-09-08,12,2026-09-08T04:45:00Z,2026-09-08T05:00:00Z,13,13
T_MYGPW-1,MYGPW-1,2026-09-08,13,2026-09-08T05:00:00Z,2026-09-08T05:15:00Z,12,12
T_MYGPW-1,MYGPW-1,2026-09-08,13,2026-09-08T05:15:00Z,2026-09-08T05:30:00Z,12,12
T_MYGPW-1,MYGPW-1,2026-09-08,14,2026-09-08T05:30:00Z,2026-09-08T05:45:00Z,12,12
T_MYGPW-1,MYGPW-1,2026-09-08,14,2026-09-08T05:45:00Z,2026-09-08T06:00:00Z,12,12
T_MYGPW-1,MYGPW-1,2026-09-08,15,2026-09-08T06:00:00Z,2026-09-08T06:15:00Z,12,12
T_MYGPW-1,MYGPW-1,2026-09-08,15,2026-09-08T06:15:00Z,2026-09-08T06:30:00Z,12,12
T_MYGPW-1,MYGPW-1,2026-09-08,16,2026-09-08T06:30:00Z,2026-09-08T06:45:00Z,13,13
T_MYGPW-1,MYGPW-1,2026-09-08,16,2026-09-08T06:45:00Z,2026-09-08T07:00:00Z,13,13
T_MYGPW-1,MYGPW-1,2026-09-08,17,2026-09-08T07:00:00Z,2026-09-08T07:15:00Z,13,13
T_MYGPW-1,MYGPW-1,2026-09-08,17,2026-09-08T07:15:00Z,2026-09-08T07:30:00Z,13,13
T_MYGPW-1,MYGPW-1,2026-09-08,18,2026-09-08T07:30:00Z,2026-09-08T07:45:00Z,14,14
T_MYGPW-1,MYGPW-1,2026-09-08,18,2026-09-08T07:45:00Z,2026-09-08T08:00:00Z,13,13
T_MYGPW-1,MYGPW-1,2026-09-08,19,2026-09-08T08:00:00Z,2026-09-08T08:15:00Z,14,14
T_MYGPW-1,MYGPW-1,2026-09-08,19,2026-09-08T08:15:00Z,2026-09-08T08:30:00Z,15,15
T_MYGPW-1,MYGPW-1,2026-09-08,20,2026-09-08T08:30:00Z,2026-09-08T08:45:00Z,14,14
T_MYGPW-1,MYGPW-1,2026-09-08,20,2026-09-08T08:45:00Z,2026-09-08T09:00:00Z,14,14
T_MYGPW-1,MYGPW-1,2026-09-08,21,2026-09-08T09:00:00Z,2026-09-08T09:15:00Z,15,15
T_MYGPW-1,MYGPW-1,2026-09-08,21,2026-09-08T09:15:00Z,2026-09-08T09:30:00Z,15,15
T_MYGPW-1,MYGPW-1,2026-09-08,22,2026-09-08T09:30:00Z,2026-09-08T09:45:00Z,15,15
T_MYGPW-1,MYGPW-1,2026-09-08,22,2026-09-08T09:45:00Z,2026-09-08T10:00:00Z,15,15
T_MYGPW-1,MYGPW-1,2026-09-08,23,2026-09-08T10:00:00Z,2026-09-08T10:15:00Z,15,15
T_MYGPW-1,MYGPW-1,2026-09-08,23,2026-09-08T10:15:00Z,2026-09-08T10:30:00Z,16,16
T_MYGPW-1,MYGPW-1,2026-09-08,24,2026-09-08T10:30:00Z,2026-09-08T10:45:00Z,16,16
T_MYGPW-1,MYGPW-1,2026-09-08,24,2026-09-08T10:45:00Z,2026-09-08T11:00:00Z,17,17
T_MYGPW-1,MYGPW-1,2026-09-08,25,2026-09-08T11:00:00Z,2026-09-08T11:15:00Z,19,19
T_MYGPW-1,MYGPW-1,2026-09-08,25,2026-09-08T11:15:00Z,2026-09-08T11:30:00Z,19,19
T_MYGPW-1,MYGPW-1,2026-09-08,26,2026-09-08T11:30:00Z,2026-09-08T11:45:00Z,20,20
T_MYGPW-1,MYGPW-1,2026-09-08,26,2026-09-08T11:45:00Z,2026-09-08T12:00:00Z,21,21
T_MYGPW-1,MYGPW-1,2026-09-08,27,2026-09-08T12:00:00Z,2026-09-08T12:15:00Z,21,21
T_MYGPW-1,MYGPW-1,2026-09-08,27,2026-09-08T12:15:00Z,2026-09-08T12:30:00Z,21,21
T_MYGPW-1,MYGPW-1,2026-09-08,28,2026-09-08T12:30:00Z,2026-09-08T12:45:00Z,21,21
T_MYGPW-1,MYGPW-1,2026-09-08,28,2026-09-08T12:45:00Z,2026-09-08T13:00:00Z,21,21
T_MYGPW-1,MYGPW-1,2026-09-08,29,2026-09-08T13:00:00Z,2026-09-08T13:15:00Z,21,21
T_MYGPW-1,MYGPW-1,2026-09-08,29,2026-09-08T13:15:00Z,2026-09-08T13:30:00Z,21,21
T_MYGPW-1,MYGPW-1,2026-09-08,30,2026-09-08T13:30:00Z,2026-09-08T13:45:00Z,22,22
T_MYGPW-1,MYGPW-1,2026-09-08,30,2026-09-08T13:45:00Z,2026-09-08T14:00:00Z,21,21
T_MYGPW-1,MYGPW-1,2026-09-08,31,2026-09-08T14:00:00Z,2026-09-08T14:15:00Z,21,21
T_MYGPW-1,MYGPW-1,2026-09-08,31,2026-09-08T14:15:00Z,2026-09-08T14:30:00Z,21,21
T_MYGPW-1,MYGPW-1,2026-09-08,32,2026-09-08T14:30:00Z,2026-09-08T14:45:00Z,22,22
T_MYGPW-1,MYGPW-1,2026-09-08,32,2026-09-08T14:45:00Z,2026-09-08T15:00:00Z,22,22
T_MYGPW-1,MYGPW-1,2026-09-08,33,2026-09-08T15:00:00Z,2026-09-08T15:15:00Z,22,22
T_MYGPW-1,MYGPW-1,2026-09-08,33,2026-09-08T15:15:00Z,2026-09-08T15:30:00Z,22,22
T_MYGPW-1,MYGPW-1,2026-09-08,34,2026-09-08T15:30:00Z,2026-09-08T15:45:00Z,22,22
T_MYGPW-1,MYGPW-1,2026-09-08,34,2026-09-08T15:45:00Z,2026-09-08T16:00:00Z,22,22
T_MYGPW-1,MYGPW-1,2026-09-08,35,2026-09-08T16:00:00Z,2026-09-08T16:15:00Z,21,21
T_MYGPW-1,MYGPW-1,2026-09-08,35,2026-09-08T16:15:00Z,2026-09-08T16:30:00Z,22,22
T_MYGPW-1,MYGPW-1,2026-09-08,36,2026-09-08T16:30:00Z,2026-09-08T16:45:00Z,23,23
T_MYGPW-1,MYGPW-1,2026-09-08,36,2026-09-08T16:45:00Z,2026-09-08T17:00:00Z,23,23
T_MYGPW-1,MYGPW-1,2026-09-08,37,2026-09-08T17:00:00Z,2026-09-08T17:15:00Z,24,24
T_MYGPW-1,MYGPW-1,2026-09-08,37,2026-09-08T17:15:00Z,2026-09-08T17:30:00Z,24,24
T_MYGPW-1,MYGPW-1,2026-09-08,38,2026-09-08T17:30:00Z,2026-09-08T17:45:00Z,24,24
T_MYGPW-1,MYGPW-1,2026-09-08,38,2026-09-08T17:45:00Z,2026-09-08T18:00:00Z,25,25
T_MYGPW-1,MYGPW-1,2026-09-08,39,2026-09-08T18:00:00Z,2026-09-08T18:15:00Z,25,25
T_MYGPW-1,MYGPW-1,2026-09-08,39,2026-09-08T18:15:00Z,2026-09-08T18:30:00Z,25,25
T_MYGPW-1,MYGPW-1,2026-09-08,40,2026-09-08T18:30:00Z,2026-09-08T18:45:00Z,24,24
T_MYGPW-1,MYGPW-1,2026-09-08,40,2026-09-08T18:45:00Z,2026-09-08T19:00:00Z,25,25
T_MYGPW-1,MYGPW-1,2026-09-08,41,2026-09-08T19:00:00Z,2026-09-08T19:15:00Z,25,25
T_MYGPW-1,MYGPW-1,2026-09-08,41,2026-09-08T19:15:00Z,2026-09-08T19:30:00Z,24,24
T_MYGPW-1,MYGPW-1,2026-09-08,42,2026-09-08T19:30:00Z,2026-09-08T19:45:00Z,24,24
T_MYGPW-1,MYGPW-1,2026-09-08,42,2026-09-08T19:45:00Z,2026-09-08T20:00:00Z,25,25
T_MYGPW-1,MYGPW-1,2026-09-08,43,2026-09-08T20:00:00Z,2026-09-08T20:15:00Z,25,25
T_MYGPW-1,MYGPW-1,2026-09-08,43,2026-09-08T20:15:00Z,2026-09-08T20:30:00Z,25,25
T_MYGPW-1,MYGPW-1,2026-09-08,44,2026-09-08T20:30:00Z,2026-09-08T20:45:00Z,25,25
T_MYGPW-1,MYGPW-1,2026-09-08,44,2026-09-08T20:45:00Z,2026-09-08T21:00:00Z,25,25
T_MYGPW-1,MYGPW-1,2026-09-08,45,2026-09-08T21:00:00Z,2026-09-08T21:15:00Z,24,24
T_MYGPW-1,MYGPW-1,2026-09-08,45,2026-09-08T21:15:00Z,2026-09-08T21:30:00Z,23,23
T_MYGPW-1,MYGPW-1,2026-09-08,46,2026-09-08T21:30:00Z,2026-09-08T21:45:00Z,21,21
T_MYGPW-1,MYGPW-1,2026-09-08,46,2026-09-08T21:45:00Z,2026-09-08T22:00:00Z,22,22
T_MYGPW-1,MYGPW-1,2026-09-08,47,2026-09-08T22:00:00Z,2026-09-08T22:15:00Z,19,19
T_MYGPW-1,MYGPW-1,2026-09-08,47,2026-09-08T22:15:00Z,2026-09-08T22:30:00Z,19,19
T_MYGPW-1,MYGPW-1,2026-09-08,48,2026-09-08T22:30:00Z,2026-09-08T22:45:00Z,17,17
T_MYGPW-1,MYGPW-1,2026-09-08,48,2026-09-08T22:45:00Z,2026-09-08T23:00:00Z,17,17
T_NNGAO-1,NNGAO-1,2026-09-08,1,2026-09-07T23:00:00Z,2026-09-07T23:30:00Z,224,224
T_NNGAO-1,NNGAO-1,2026-09-08,2,2026-09-07T23:30:00Z,2026-09-08T00:00:00Z,224,224
T_NNGAO-1,NNGAO-1,2026-09-08,3,2026-09-08T00:00:00Z,2026-09-08T00:30:00Z,224,224
T_NNGAO-1,NNGAO-1,2026-09-08,4,2026-09-08T00:30:00Z,2026-09-08T01:00:00Z,224,224
T_NNGAO-1,NNGAO-1,2026-09-08,5,2026-09-08T01:00:00Z,2026-09-08T01:30:00Z,224,224
T_NNGAO-1,NNGAO-1,2026-09-08,6,2026-09-08T01:30:00Z,2026-09-08T02:00:00Z,224,224
T_NNGAO-1,NNGAO-1,2026-09-08,7,2026-09-08T02:00:00Z,2026-09-08T02:30:00Z,224,224
T_NNGAO-1,NNGAO-1,2026-09-08,8,2026-09-08T02:30:00Z,2026-09-08T03:00:00Z,224,224
T_NNGAO-1,NNGAO-1,2026-09-08,9,2026-09-08T03:00:00Z,2026-09-08T03:30:00Z,224,224
T_NNGAO-1,NNGAO-1,2026-09-08,10,2026-09-08T03:30:00Z,2026-09-08T04:00:00Z,224,224
T_NNGAO-1,NNGAO-1,2026-09-08,11,2026-09-08T04:00:00Z,2026-09-08T04:30:00Z,224,224
T_NNGAO-1,NNGAO-1,2026-09-08,12,2026-09-08T04:30:00Z,2026-09-08T05:00:00Z,224,224
T_NNGAO-1,NNGAO-1,2026-09-08,13,2026-09-08T05:00:00Z,2026-09-08T05:30:00Z,224,224
T_NNGAO-1,NNGAO-1,2026-09-08,14,2026-09-08T05:30:00Z,2026-09-08T06:00:00Z,224,224
T_NNGAO-1,NNGAO-1,2026-09-08,15,2026-09-08T06:00:00Z,2026-09-08T06:30:00Z,224,224
T_NNGAO-1,NNGAO-1,2026-09-08,16,2026-09-08T06:30:00Z,2026-09-08T07:00:00Z,224,224
T_NNGAO-1,NNGAO-1,2026-09-08,17,2026-09-08T07:00:00Z,2026-09-08T07:30:00Z,224,224
T_NNGAO-1,NNGAO-1,2026-09-08,18,2026-09-08T07:30:00Z,2026-09-08T08:00:00Z,224,224
T_NNGAO-1,NNGAO-1,2026-09-08,19,2026-09-08T08:00:00Z,2026-09-08T08:30:00Z,224,224
T_NNGAO-1,NNGAO-1,2026-09-08,20,2026-09-08T08:30:00Z,2026-09-08T09:00:00Z,224,224
T_NNGAO-1,NNGAO-1,2026-09-08,21,2026-09-08T09:00:00Z,2026-09-08T09:30:00Z,224,224
T_NNGAO-1,NNGAO-1,2026-09-08,22,2026-09-08T09:30:00Z,2026-09-08T10:00:00Z,224,224
T_NNGAO-1,NNGAO-1,2026-09-08,23,2026-09-08T10:00:00Z,2026-09-08T10:30:00Z,224,224
T_NNGAO-1,NNGAO-1,2026-09-08,24,2026-09-08T10:30:00Z,2026-09-08T11:00:00Z,224,224
T_NNGAO-1,NNGAO-1,2026-09-08,25,2026-09-08T11:00:00Z,2026-09-08T11:30:00Z,224,224
T_NNGAO-1,NNGAO-1,2026-09-08,26,2026-09-08T11:30:00Z,2026-09-08T12:00:00Z,224,224
T_NNGAO-1,NNGAO-1,2026-09-08,27,2026-09-08T12:00:00Z,2026-09-08T12:30:00Z,224,224
T_NNGAO-1,NNGAO-1,2026-09-08,28,2026-09-08T12:30:00Z,2026-09-08T13:00:00Z,224,224
T_NNGAO-1,NNGAO-1,2026-09-08,29,2026-09-08T13:00:00Z,2026-09-08T13:30:00Z,224,224
T_NNGAO-1,NNGAO-1,2026-09-08,30,2026-09-08T13:30:00Z,2026-09-08T14:00:00Z,224,224
T_NNGAO-1,NNGAO-1,2026-09-08,31,2026-09-08T14:00:00Z,2026-09-08T14:30:00Z,224,224
T_NNGAO-1,NNGAO-1,2026-09-08,32,2026-09-08T14:30:00Z,2026-09-08T15:00:00Z,224,224
T_NNGAO-1,NNGAO-1,2026-09-08,33,2026-09-08T15:00:00Z,2026-09-08T15:30:00Z,224,224
T_NNGAO-1,NNGAO-1,2026-09-08,34,2026-09-08T15:30:00Z,2026-09-08T16:00:00Z,224,224
T_NNGAO-1,NNGAO-1,2026-09-08,35,2026-09-08T16:00:00Z,2026-09-08T16:30:00Z,224,224
T_NNGAO-1,NNGAO-1,2026-09-08,36,2026-09-08T16:30:00Z,2026-09-08T17:00:00Z,224,224
T_NNGAO-1,NNGAO-1,2026-09-08,37,2026-09-08T17:00:00Z,2026-09-08T17:30:00Z,224,224
T_NNGAO-1,NNGAO-1,2026-09-08,38,2026-09-08T17:30:00Z,2026-09-08T18:00:00Z,224,224
T_NNGAO-1,NNGAO-1,2026-09-08,39,2026-09-08T18:00:00Z,2026-09-08T18:30:00Z,224,224
T_NNGAO-1,NNGAO-1,2026-09-08,40,2026-09-08T18:30:00Z,2026-09-08T19:00:00Z,224,224
T_NNGAO-1,NNGAO-1,2026-09-08,41,2026-09-08T19:00:00Z,2026-09-08T19:30:00Z,224,224
T_NNGAO-1,NNGAO-1,2026-09-08,42,2026-09-08T19:30:00Z,2026-09-08T20:00:00Z,224,224
T_NNGAO-1,NNGAO-1,2026-09-08,43,2026-09-08T20:00:00Z,2026-09-08T20:30:00Z,224,224
T_NNGAO-1,NNGAO-1,2026-09-08,44,2026-09-08T20:30:00Z,2026-09-08T21:00:00Z,224,224
T_NNGAO-1,NNGAO-1,2026-09-08,45,2026-09-08T21:00:00Z,2026-09-08T21:30:00Z,224,224
T_NNGAO-1,NNGAO-1,2026-09-08,46,2026-09-08T21:30:00Z,2026-09-08T22:00:00Z,224,224
T_NNGAO-1,NNGAO-1,2026-09-08,47,2026-09-08T22:00:00Z,2026-09-08T22:30:00Z,224,224
T_NNGAO-1,NNGAO-1,2026-09-08,48,2026-09-08T22:30:00Z,2026-09-08T23:00:00Z,224,224
T_NNGAO-2,NNGAO-2,2026-09-08,1,2026-09-07T23:00:00Z,2026-09-07T23:30:00Z,0,0
T_NNGAO-2,NNGAO-2,2026-09-08,2,2026-09-07T23:30:00Z,2026-09-08T00:00:00Z,0,0
T_NNGAO-2,NNGAO-2,2026-09-08,3,2026-09-08T00:00:00Z,2026-09-08T00:30:00Z,0,0
T_NNGAO-2,NNGAO-2,2026-09-08,4,2026-09-08T00:30:00Z,2026-09-08T01:00:00Z,0,0
T_NNGAO-2,NNGAO-2,2026-09-08,5,2026-09-08T01:00:00Z,2026-09-08T01:30:00Z,0,0
T_NNGAO-2,NNGAO-2,2026-09-08,6,2026-09-08T01:30:00Z,2026-09-08T02:00:00Z,0,0
T_NNGAO-2,NNGAO-2,2026-09-08,7,2026-09-08T02:00:00Z,2026-09-08T02:30:00Z,0,0
T_NNGAO-2,NNGAO-2,2026-09-08,8,2026-09-08T02:30:00Z,2026-09-08T03:00:00Z,0,0
T_NNGAO-2,NNGAO-2,2026-09-08,9,2026-09-08T03:00:00Z,2026-09-08T03:30:00Z,0,0
T_NNGAO-2,NNGAO-2,2026-09-08,10,2026-09-08T03:30:00Z,2026-09-08T04:00:00Z,0,0
T_NNGAO-2,NNGAO-2,2026-09-08,11,2026-09-08T04:00:00Z,2026-09-08T04:30:00Z,0,0
T_NNGAO-2,NNGAO-2,2026-09-08,12,2026-09-08T04:30:00Z,2026-09-08T05:00:00Z,0,0
T_NNGAO-2,NNGAO-2,2026-09-08,13,2026-09-08T05:00:00Z,2026-09-08T05:30:00Z,0,0
T_NNGAO-2,NNGAO-2,2026-09-08,14,2026-09-08T05:30:00Z,2026-09-08T06:00:00Z,0,0
T_NNGAO-2,NNGAO-2,2026-09-08,15,2026-09-08T06:00:00Z,2026-09-08T06:30:00Z,0,0
T_NNGAO-2,NNGAO-2,2026-09-08,16,2026-09-08T06:30:00Z,2026-09-08T07:00:00Z,0,0
T_NNGAO-2,NNGAO-2,2026-09-08,17,2026-09-08T07:00:00Z,2026-09-08T07:30:00Z,0,0
T_NNGAO-2,NNGAO-2,2026-09-08,18,2026-09-08T07:30:00Z,2026-09-08T08:00:00Z,0,0
T_NNGAO-2,NNGAO-2,2026-09-08,19,2026-09-08T08:00:00Z,2026-09-08T08:30:00Z,0,0
T_NNGAO-2,NNGAO-2,2026-09-08,20,2026-09-08T08:30:00Z,2026-09-08T09:00:00Z,0,0
T_NNGAO-2,NNGAO-2,2026-09-08,21,2026-09-08T09:00:00Z,2026-09-08T09:30:00Z,0,0
T_NNGAO-2,NNGAO-2,2026-09-08,22,2026-09-08T09:30:00Z,2026-09-08T10:00:00Z,0,0
T_NNGAO-2,NNGAO-2,2026-09-08,23,2026-09-08T10:00:00Z,2026-09-08T10:30:00Z,0,0
T_NNGAO-2,NNGAO-2,2026-09-08,24,2026-09-08T10:30:00Z,2026-09-08T11:00:00Z,0,0
T_NNGAO-2,NNGAO-2,2026-09-08,25,2026-09-08T11:00:00Z,2026-09-08T11:30:00Z,0,0
T_NNGAO-2,NNGAO-2,2026-09-08,26,2026-09-08T11:30:00Z,2026-09-08T12:00:00Z,0,0
T_NNGAO-2,NNGAO-2,2026-09-08,27,2026-09-08T12:00:00Z,2026-09-08T12:30:00Z,0,0
T_NNGAO-2,NNGAO-2,2026-09-08,28,2026-09-08T12:30:00Z,2026-09-08T13:00:00Z,0,0
T_NNGAO-2,NNGAO-2,2026-09-08,29,2026-09-08T13:00:00Z,2026-09-08T13:30:00Z,0,0
T_NNGAO-2,NNGAO-2,2026-09-08,30,2026-09-08T13:30:00Z,2026-09-08T14:00:00Z,0,0
T_NNGAO-2,NNGAO-2,2026-09-08,31,2026-09-08T14:00:00Z,2026-09-08T14:30:00Z,0,0
T_NNGAO-2,NNGAO-2,2026-09-08,32,2026-09-08T14:30:00Z,2026-09-08T15:00:00Z,0,0
T_NNGAO-2,NNGAO-2,2026-09-08,33,2026-09-08T15:00:00Z,2026-09-08T15:30:00Z,0,0
T_NNGAO-2,NNGAO-2,2026-09-08,34,2026-09-08T15:30:00Z,2026-09-08T16:00:00Z,0,0
T_NNGAO-2,NNGAO-2,2026-09-08,35,2026-09-08T16:00:00Z,2026-09-08T16:30:00Z,0,0
T_NNGAO-2,NNGAO-2,2026-09-08,36,2026-09-08T16:30:00Z,2026-09-08T17:00:00Z,0,0
T_NNGAO-2,NNGAO-2,2026-09-08,37,2026-09-08T17:00:00Z,2026-09-08T17:30:00Z,0,0
T_NNGAO-2,NNGAO-2,2026-09-08,38,2026-09-08T17:30:00Z,2026-09-08T18:00:00Z,0,0
T_NNGAO-2,NNGAO-2,2026-09-08,39,2026-09-08T18:00:00Z,2026-09-08T18:30:00Z,0,0
T_NNGAO-2,NNGAO-2,2026-09-08,40,2026-09-08T18:30:00Z,2026-09-08T19:00:00Z,0,0
T_NNGAO-2,NNGAO-2,2026-09-08,41,2026-09-08T19:00:00Z,2026-09-08T19:30:00Z,0,0
T_NNGAO-2,NNGAO-2,2026-09-08,42,2026-09-08T19:30:00Z,2026-09-08T20:00:00Z,0,0
T_NNGAO-2,NNGAO-2,2026-09-08,43,2026-09-08T20:00:00Z,2026-09-08T20:30:00Z,0,0
T_NNGAO-2,NNGAO-2,2026-09-08,44,2026-09-08T20:30:00Z,2026-09-08T21:00:00Z,0,0
T_NNGAO-2,NNGAO-2,2026-09-08,45,2026-09-08T21:00:00Z,2026-09-08T21:30:00Z,0,0
T_NNGAO-2,NNGAO-2,2026-09-08,46,2026-09-08T21:30:00Z,2026-09-08T22:00:00Z,0,0
T_NNGAO-2,NNGAO-2,2026-09-08,47,2026-09-08T22:00:00Z,2026-09-08T22:30:00Z,0,0
T_NNGAO-2,NNGAO-2,2026-09-08,48,2026-09-08T22:30:00Z,2026-09-08T23:00:00Z,0,0
T_NOKYW-1,NOKYW-1,2026-09-08,1,2026-09-07T23:00:00Z,2026-09-07T23:30:00Z,89,94
T_NOKYW-1,NOKYW-1,2026-09-08,2,2026-09-07T23:30:00Z,2026-09-08T00:00:00Z,86,90
T_NOKYW-1,NOKYW-1,2026-09-08,3,2026-09-08T00:00:00Z,2026-09-08T00:30:00Z,95,98
T_NOKYW-1,NOKYW-1,2026-09-08,4,2026-09-08T00:30:00Z,2026-09-08T01:00:00Z,100,101
T_NOKYW-1,NOKYW-1,2026-09-08,5,2026-09-08T01:00:00Z,2026-09-08T01:30:00Z,101,101
T_NOKYW-1,NOKYW-1,2026-09-08,6,2026-09-08T01:30:00Z,2026-09-08T02:00:00Z,102,102
T_NOKYW-1,NOKYW-1,2026-09-08,7,2026-09-08T02:00:00Z,2026-09-08T02:30:00Z,95,96
T_NOKYW-1,NOKYW-1,2026-09-08,8,2026-09-08T02:30:00Z,2026-09-08T03:00:00Z,94,95
T_NOKYW-1,NOKYW-1,2026-09-08,9,2026-09-08T03:00:00Z,2026-09-08T03:30:00Z,91,93
T_NOKYW-1,NOKYW-1,2026-09-08,10,2026-09-08T03:30:00Z,2026-09-08T04:00:00Z,90,92
T_NOKYW-1,NOKYW-1,2026-09-08,11,2026-09-08T04:00:00Z,2026-09-08T04:30:00Z,92,93
T_NOKYW-1,NOKYW-1,2026-09-08,12,2026-09-08T04:30:00Z,2026-09-08T05:00:00Z,96,97
T_NOKYW-1,NOKYW-1,2026-09-08,13,2026-09-08T05:00:00Z,2026-09-08T05:30:00Z,99,99
T_NOKYW-1,NOKYW-1,2026-09-08,14,2026-09-08T05:30:00Z,2026-09-08T06:00:00Z,96,97
T_NOKYW-1,NOKYW-1,2026-09-08,15,2026-09-08T06:00:00Z,2026-09-08T06:30:00Z,96,93
T_NOKYW-1,NOKYW-1,2026-09-08,16,2026-09-08T06:30:00Z,2026-09-08T07:00:00Z,92,89
T_NOKYW-1,NOKYW-1,2026-09-08,17,2026-09-08T07:00:00Z,2026-09-08T07:30:00Z,89,89
T_NOKYW-1,NOKYW-1,2026-09-08,18,2026-09-08T07:30:00Z,2026-09-08T08:00:00Z,92,91
T_NOKYW-1,NOKYW-1,2026-09-08,19,2026-09-08T08:00:00Z,2026-09-08T08:30:00Z,99,98
T_NOKYW-1,NOKYW-1,2026-09-08,20,2026-09-08T08:30:00Z,2026-09-08T09:00:00Z,99,97
T_NOKYW-1,NOKYW-1,2026-09-08,21,2026-09-08T09:00:00Z,2026-09-08T09:30:00Z,99,101
T_NOKYW-1,NOKYW-1,2026-09-08,22,2026-09-08T09:30:00Z,2026-09-08T10:00:00Z,100,102
T_NOKYW-1,NOKYW-1,2026-09-08,23,2026-09-08T10:00:00Z,2026-09-08T10:30:00Z,101,101
T_NOKYW-1,NOKYW-1,2026-09-08,24,2026-09-08T10:30:00Z,2026-09-08T11:00:00Z,101,102
T_NOKYW-1,NOKYW-1,2026-09-08,25,2026-09-08T11:00:00Z,2026-09-08T11:30:00Z,98,99
T_NOKYW-1,NOKYW-1,2026-09-08,26,2026-09-08T11:30:00Z,2026-09-08T12:00:00Z,98,99
T_NOKYW-1,NOKYW-1,2026-09-08,27,2026-09-08T12:00:00Z,2026-09-08T12:30:00Z,94,94
T_NOKYW-1,NOKYW-1,2026-09-08,28,2026-09-08T12:30:00Z,2026-09-08T13:00:00Z,99,99
T_NOKYW-1,NOKYW-1,2026-09-08,29,2026-09-08T13:00:00Z,2026-09-08T13:30:00Z,102,100
T_NOKYW-1,NOKYW-1,2026-09-08,30,2026-09-08T13:30:00Z,2026-09-08T14:00:00Z,103,101
T_NOKYW-1,NOKYW-1,2026-09-08,31,2026-09-08T14:00:00Z,2026-09-08T14:30:00Z,106,106
T_NOKYW-1,NOKYW-1,2026-09-08,32,2026-09-08T14:30:00Z,2026-09-08T15:00:00Z,105,103
T_NOKYW-1,NOKYW-1,2026-09-08,33,2026-09-08T15:00:00Z,2026-09-08T15:30:00Z,105,105
T_NOKYW-1,NOKYW-1,2026-09-08,34,2026-09-08T15:30:00Z,2026-09-08T16:00:00Z,105,105
T_NOKYW-1,NOKYW-1,2026-09-08,35,2026-09-08T16:00:00Z,2026-09-08T16:30:00Z,105,106
T_NOKYW-1,NOKYW-1,2026-09-08,36,2026-09-08T16:30:00Z,2026-09-08T17:00:00Z,106,106
T_NOKYW-1,NOKYW-1,2026-09-08,37,2026-09-08T17:00:00Z,2026-09-08T17:30:00Z,106,106
T_NOKYW-1,NOKYW-1,2026-09-08,38,2026-09-08T17:30:00Z,2026-09-08T18:00:00Z,106,106
T_NOKYW-1,NOKYW-1,2026-09-08,39,2026-09-08T18:00:00Z,2026-09-08T18:30:00Z,104,99
T_NOKYW-1,NOKYW-1,2026-09-08,40,2026-09-08T18:30:00Z,2026-09-08T19:00:00Z,91,82
T_NOKYW-1,NOKYW-1,2026-09-08,41,2026-09-08T19:00:00Z,2026-09-08T19:30:00Z,79,75
T_NOKYW-1,NOKYW-1,2026-09-08,42,2026-09-08T19:30:00Z,2026-09-08T20:00:00Z,73,69
T_NOKYW-1,NOKYW-1,2026-09-08,43,2026-09-08T20:00:00Z,2026-09-08T20:30:00Z,71,69
T_NOKYW-1,NOKYW-1,2026-09-08,44,2026-09-08T20:30:00Z,2026-09-08T21:00:00Z,82,80
T_NOKYW-1,NOKYW-1,2026-09-08,45,2026-09-08T21:00:00Z,2026-09-08T21:30:00Z,85,84
T_NOKYW-1,NOKYW-1,2026-09-08,46,2026-09-08T21:30:00Z,2026-09-08T22:00:00Z,94,92
T_NOKYW-1,NOKYW-1,2026-09-08,47,2026-09-08T22:00:00Z,2026-09-08T22:30:00Z,97,90
T_NOKYW-1,NOKYW-1,2026-09-08,48,2026-09-08T22:30:00Z,2026-09-08T23:00:00Z,89,81
T_NOKYW-2,NOKYW-2,2026-09-08,1,2026-09-07T23:00:00Z,2026-09-07T23:30:00Z,90,95
T_NOKYW-2,NOKYW-2,2026-09-08,2,2026-09-07T23:30:00Z,2026-09-08T00:00:00Z,87,91
T_NOKYW-2,NOKYW-2,2026-09-08,3,2026-09-08T00:00:00Z,2026-09-08T00:30:00Z,93,96
T_NOKYW-2,NOKYW-2,2026-09-08,4,2026-09-08T00:30:00Z,2026-09-08T01:00:00Z,100,102
T_NOKYW-2,NOKYW-2,2026-09-08,5,2026-09-08T01:00:00Z,2026-09-08T01:30:00Z,101,101
T_NOKYW-2,NOKYW-2,2026-09-08,6,2026-09-08T01:30:00Z,2026-09-08T02:00:00Z,103,103
T_NOKYW-2,NOKYW-2,2026-09-08,7,2026-09-08T02:00:00Z,2026-09-08T02:30:00Z,95,96
T_NOKYW-2,NOKYW-2,2026-09-08,8,2026-09-08T02:30:00Z,2026-09-08T03:00:00Z,95,95
T_NOKYW-2,NOKYW-2,2026-09-08,9,2026-09-08T03:00:00Z,2026-09-08T03:30:00Z,92,93
T_NOKYW-2,NOKYW-2,2026-09-08,10,2026-09-08T03:30:00Z,2026-09-08T04:00:00Z,90,91
T_NOKYW-2,NOKYW-2,2026-09-08,11,2026-09-08T04:00:00Z,2026-09-08T04:30:00Z,92,93
T_NOKYW-2,NOKYW-2,2026-09-08,12,2026-09-08T04:30:00Z,2026-09-08T05:00:00Z,95,96
T_NOKYW-2,NOKYW-2,2026-09-08,13,2026-09-08T05:00:00Z,2026-09-08T05:30:00Z,98,99
T_NOKYW-2,NOKYW-2,2026-09-08,14,2026-09-08T05:30:00Z,2026-09-08T06:00:00Z,97,97
T_NOKYW-2,NOKYW-2,2026-09-08,15,2026-09-08T06:00:00Z,2026-09-08T06:30:00Z,96,93
T_NOKYW-2,NOKYW-2,2026-09-08,16,2026-09-08T06:30:00Z,2026-09-08T07:00:00Z,91,88
T_NOKYW-2,NOKYW-2,2026-09-08,17,2026-09-08T07:00:00Z,2026-09-08T07:30:00Z,89,88
T_NOKYW-2,NOKYW-2,2026-09-08,18,2026-09-08T07:30:00Z,2026-09-08T08:00:00Z,91,90
T_NOKYW-2,NOKYW-2,2026-09-08,19,2026-09-08T08:00:00Z,2026-09-08T08:30:00Z,99,98
T_NOKYW-2,NOKYW-2,2026-09-08,20,2026-09-08T08:30:00Z,2026-09-08T09:00:00Z,99,97
T_NOKYW-2,NOKYW-2,2026-09-08,21,2026-09-08T09:00:00Z,2026-09-08T09:30:00Z,99,101
T_NOKYW-2,NOKYW-2,2026-09-08,22,2026-09-08T09:30:00Z,2026-09-08T10:00:00Z,100,103
T_NOKYW-2,NOKYW-2,2026-09-08,23,2026-09-08T10:00:00Z,2026-09-08T10:30:00Z,101,101
T_NOKYW-2,NOKYW-2,2026-09-08,24,2026-09-08T10:30:00Z,2026-09-08T11:00:00Z,101,102
T_NOKYW-2,NOKYW-2,2026-09-08,25,2026-09-08T11:00:00Z,2026-09-08T11:30:00Z,99,100
T_NOKYW-2,NOKYW-2,2026-09-08,26,2026-09-08T11:30:00Z,2026-09-08T12:00:00Z,99,100
T_NOKYW-2,NOKYW-2,2026-09-08,27,2026-09-08T12:00:00Z,2026-09-08T12:30:00Z,94,94
T_NOKYW-2,NOKYW-2,2026-09-08,28,2026-09-08T12:30:00Z,2026-09-08T13:00:00Z,98,98
T_NOKYW-2,NOKYW-2,2026-09-08,29,2026-09-08T13:00:00Z,2026-09-08T13:30:00Z,102,100
T_NOKYW-2,NOKYW-2,2026-09-08,30,2026-09-08T13:30:00Z,2026-09-08T14:00:00Z,104,102
T_NOKYW-2,NOKYW-2,2026-09-08,31,2026-09-08T14:00:00Z,2026-09-08T14:30:00Z,106,106
T_NOKYW-2,NOKYW-2,2026-09-08,32,2026-09-08T14:30:00Z,2026-09-08T15:00:00Z,105,104
T_NOKYW-2,NOKYW-2,2026-09-08,33,2026-09-08T15:00:00Z,2026-09-08T15:30:00Z,103,105
T_NOKYW-2,NOKYW-2,2026-09-08,34,2026-09-08T15:30:00Z,2026-09-08T16:00:00Z,105,106
T_NOKYW-2,NOKYW-2,2026-09-08,35,2026-09-08T16:00:00Z,2026-09-08T16:30:00Z,105,106
T_NOKYW-2,NOKYW-2,2026-09-08,36,2026-09-08T16:30:00Z,2026-09-08T17:00:00Z,106,106
T_NOKYW-2,NOKYW-2,2026-09-08,37,2026-09-08T17:00:00Z,2026-09-08T17:30:00Z,106,106
T_NOKYW-2,NOKYW-2,2026-09-08,38,2026-09-08T17:30:00Z,2026-09-08T18:00:00Z,106,106
T_NOKYW-2,NOKYW-2,2026-09-08,39,2026-09-08T18:00:00Z,2026-09-08T18:30:00Z,105,100
T_NOKYW-2,NOKYW-2,2026-09-08,40,2026-09-08T18:30:00Z,2026-09-08T19:00:00Z,92,83
T_NOKYW-2,NOKYW-2,2026-09-08,41,2026-09-08T19:00:00Z,2026-09-08T19:30:00Z,77,73
T_NOKYW-2,NOKYW-2,2026-09-08,42,2026-09-08T19:30:00Z,2026-09-08T20:00:00Z,73,69
T_NOKYW-2,NOKYW-2,2026-09-08,43,2026-09-08T20:00:00Z,2026-09-08T20:30:00Z,71,69
T_NOKYW-2,NOKYW-2,2026-09-08,44,2026-09-08T20:30:00Z,2026-09-08T21:00:00Z,80,77
T_NOKYW-2,NOKYW-2,2026-09-08,45,2026-09-08T21:00:00Z,2026-09-08T21:30:00Z,86,85
T_NOKYW-2,NOKYW-2,2026-09-08,46,2026-09-08T21:30:00Z,2026-09-08T22:00:00Z,95,94
T_NOKYW-2,NOKYW-2,2026-09-08,47,2026-09-08T22:00:00Z,2026-09-08T22:30:00Z,97,90
T_NOKYW-2,NOKYW-2,2026-09-08,48,2026-09-08T22:30:00Z,2026-09-08T23:00:00Z,89,81
T_OMNDW-1,OMNDO-1,2026-09-08,1,2026-09-07T23:00:00Z,2026-09-07T23:15:00Z,93,93
T_OMNDW-1,OMNDO-1,2026-09-08,1,2026-09-07T23:15:00Z,2026-09-07T23:30:00Z,93,93
T_OMNDW-1,OMNDO-1,2026-09-08,2,2026-09-07T23:30:00Z,2026-09-07T23:45:00Z,98,98
T_OMNDW-1,OMNDO-1,2026-09-08,2,2026-09-07T23:45:00Z,2026-09-08T00:00:00Z,100,100
T_OMNDW-1,OMNDO-1,2026-09-08,3,2026-09-08T00:00:00Z,2026-09-08T00:15:00Z,108,108
T_OMNDW-1,OMNDO-1,2026-09-08,3,2026-09-08T00:15:00Z,2026-09-08T00:30:00Z,106,106
T_OMNDW-1,OMNDO-1,2026-09-08,4,2026-09-08T00:30:00Z,2026-09-08T00:45:00Z,109,109
T_OMNDW-1,OMNDO-1,2026-09-08,4,2026-09-08T00:45:00Z,2026-09-08T01:00:00Z,112,112
T_OMNDW-1,OMNDO-1,2026-09-08,5,2026-09-08T01:00:00Z,2026-09-08T01:15:00Z,110,110
T_OMNDW-1,OMNDO-1,2026-09-08,5,2026-09-08T01:15:00Z,2026-09-08T01:30:00Z,109,109
T_OMNDW-1,OMNDO-1,2026-09-08,6,2026-09-08T01:30:00Z,2026-09-08T01:45:00Z,109,109
T_OMNDW-1,OMNDO-1,2026-09-08,6,2026-09-08T01:45:00Z,2026-09-08T02:00:00Z,112,112
T_OMNDW-1,OMNDO-1,2026-09-08,7,2026-09-08T02:00:00Z,2026-09-08T02:15:00Z,113,113
T_OMNDW-1,OMNDO-1,2026-09-08,7,2026-09-08T02:15:00Z,2026-09-08T02:30:00Z,116,116
T_OMNDW-1,OMNDO-1,2026-09-08,8,2026-09-08T02:30:00Z,2026-09-08T02:45:00Z,115,115
T_OMNDW-1,OMNDO-1,2026-09-08,8,2026-09-08T02:45:00Z,2026-09-08T03:00:00Z,117,117
T_OMNDW-1,OMNDO-1,2026-09-08,9,2026-09-08T03:00:00Z,2026-09-08T03:15:00Z,116,116
T_OMNDW-1,OMNDO-1,2026-09-08,9,2026-09-08T03:15:00Z,2026-09-08T03:30:00Z,117,117
T_OMNDW-1,OMNDO-1,2026-09-08,10,2026-09-08T03:30:00Z,2026-09-08T03:45:00Z,115,115
T_OMNDW-1,OMNDO-1,2026-09-08,10,2026-09-08T03:45:00Z,2026-09-08T04:00:00Z,116,116
T_OMNDW-1,OMNDO-1,2026-09-08,11,2026-09-08T04:00:00Z,2026-09-08T04:15:00Z,116,116
T_OMNDW-1,OMNDO-1,2026-09-08,11,2026-09-08T04:15:00Z,2026-09-08T04:30:00Z,116,116
T_OMNDW-1,OMNDO-1,2026-09-08,12,2026-09-08T04:30:00Z,2026-09-08T04:45:00Z,111,111
T_OMNDW-1,OMNDO-1,2026-09-08,12,2026-09-08T04:45:00Z,2026-09-08T05:00:00Z,113,113
T_OMNDW-1,OMNDO-1,2026-09-08,13,2026-09-08T05:00:00Z,2026-09-08T05:15:00Z,114,114
T_OMNDW-1,OMNDO-1,2026-09-08,13,2026-09-08T05:15:00Z,2026-09-08T05:30:00Z,115,115
T_OMNDW-1,OMNDO-1,2026-09-08,14,2026-09-08T05:30:00Z,2026-09-08T05:45:00Z,116,116
T_OMNDW-1,OMNDO-1,2026-09-08,14,2026-09-08T05:45:00Z,2026-09-08T06:00:00Z,118,118
T_OMNDW-1,OMNDO-1,2026-09-08,15,2026-09-08T06:00:00Z,2026-09-08T06:15:00Z,122,122
T_OMNDW-1,OMNDO-1,2026-09-08,15,2026-09-08T06:15:00Z,2026-09-08T06:30:00Z,122,122
T_OMNDW-1,OMNDO-1,2026-09-08,16,2026-09-08T06:30:00Z,2026-09-08T06:45:00Z,118,118
T_OMNDW-1,OMNDO-1,2026-09-08,16,2026-09-08T06:45:00Z,2026-09-08T07:00:00Z,119,119
T_OMNDW-1,OMNDO-1,2026-09-08,17,2026-09-08T07:00:00Z,2026-09-08T07:15:00Z,118,118
T_OMNDW-1,OMNDO-1,2026-09-08,17,2026-09-08T07:15:00Z,2026-09-08T07:30:00Z,118,118
T_OMNDW-1,OMNDO-1,2026-09-08,18,2026-09-08T07:30:00Z,2026-09-08T07:45:00Z,127,127
T_OMNDW-1,OMNDO-1,2026-09-08,18,2026-09-08T07:45:00Z,2026-09-08T08:00:00Z,129,129
T_OMNDW-1,OMNDO-1,2026-09-08,19,2026-09-08T08:00:00Z,2026-09-08T08:15:00Z,127,127
T_OMNDW-1,OMNDO-1,2026-09-08,19,2026-09-08T08:15:00Z,2026-09-08T08:30:00Z,127,127
T_OMNDW-1,OMNDO-1,2026-09-08,20,2026-09-08T08:30:00Z,2026-09-08T08:45:00Z,125,125
T_OMNDW-1,OMNDO-1,2026-09-08,20,2026-09-08T08:45:00Z,2026-09-08T09:00:00Z,127,127
T_OMNDW-1,OMNDO-1,2026-09-08,21,2026-09-08T09:00:00Z,2026-09-08T09:15:00Z,131,131
T_OMNDW-1,OMNDO-1,2026-09-08,21,2026-09-08T09:15:00Z,2026-09-08T09:30:00Z,131,131
T_OMNDW-1,OMNDO-1,2026-09-08,22,2026-09-08T09:30:00Z,2026-09-08T09:45:00Z,130,130
T_OMNDW-1,OMNDO-1,2026-09-08,22,2026-09-08T09:45:00Z,2026-09-08T10:00:00Z,134,134
T_OMNDW-1,OMNDO-1,2026-09-08,23,2026-09-08T10:00:00Z,2026-09-08T10:15:00Z,129,129
T_OMNDW-1,OMNDO-1,2026-09-08,23,2026-09-08T10:15:00Z,2026-09-08T10:30:00Z,129,129
T_OMNDW-1,OMNDO-1,2026-09-08,24,2026-09-08T10:30:00Z,2026-09-08T10:45:00Z,125,125
T_OMNDW-1,OMNDO-1,2026-09-08,24,2026-09-08T10:45:00Z,2026-09-08T11:00:00Z,124,124
T_OMNDW-1,OMNDO-1,2026-09-08,25,2026-09-08T11:00:00Z,2026-09-08T11:15:00Z,123,123
T_OMNDW-1,OMNDO-1,2026-09-08,25,2026-09-08T11:15:00Z,2026-09-08T11:30:00Z,122,122
T_OMNDW-1,OMNDO-1,2026-09-08,26,2026-09-08T11:30:00Z,2026-09-08T11:45:00Z,125,125
T_OMNDW-1,OMNDO-1,2026-09-08,26,2026-09-08T11:45:00Z,2026-09-08T12:00:00Z,125,125
T_OMNDW-1,OMNDO-1,2026-09-08,27,2026-09-08T12:00:00Z,2026-09-08T12:15:00Z,127,127
T_OMNDW-1,OMNDO-1,2026-09-08,27,2026-09-08T12:15:00Z,2026-09-08T12:30:00Z,124,124
T_OMNDW-1,OMNDO-1,2026-09-08,28,2026-09-08T12:30:00Z,2026-09-08T12:45:00Z,115,115
T_OMNDW-1,OMNDO-1,2026-09-08,28,2026-09-08T12:45:00Z,2026-09-08T13:00:00Z,117,117
T_OMNDW-1,OMNDO-1,2026-09-08,29,2026-09-08T13:00:00Z,2026-09-08T13:15:00Z,117,117
T_OMNDW-1,OMNDO-1,2026-09-08,29,2026-09-08T13:15:00Z,2026-09-08T13:30:00Z,114,114
T_OMNDW-1,OMNDO-1,2026-09-08,30,2026-09-08T13:30:00Z,2026-09-08T13:45:00Z,120,120
T_OMNDW-1,OMNDO-1,2026-09-08,30,2026-09-08T13:45:00Z,2026-09-08T14:00:00Z,123,123
T_OMNDW-1,OMNDO-1,2026-09-08,31,2026-09-08T14:00:00Z,2026-09-08T14:15:00Z,126,126
T_OMNDW-1,OMNDO-1,2026-09-08,31,2026-09-08T14:15:00Z,2026-09-08T14:30:00Z,126,126
T_OMNDW-1,OMNDO-1,2026-09-08,32,2026-09-08T14:30:00Z,2026-09-08T14:45:00Z,125,125
T_OMNDW-1,OMNDO-1,2026-09-08,32,2026-09-08T14:45:00Z,2026-09-08T15:00:00Z,128,128
T_OMNDW-1,OMNDO-1,2026-09-08,33,2026-09-08T15:00:00Z,2026-09-08T15:15:00Z,126,126
T_OMNDW-1,OMNDO-1,2026-09-08,33,2026-09-08T15:15:00Z,2026-09-08T15:30:00Z,128,128
T_OMNDW-1,OMNDO-1,2026-09-08,34,2026-09-08T15:30:00Z,2026-09-08T15:45:00Z,123,123
T_OMNDW-1,OMNDO-1,2026-09-08,34,2026-09-08T15:45:00Z,2026-09-08T16:00:00Z,126,126
T_OMNDW-1,OMNDO-1,2026-09-08,35,2026-09-08T16:00:00Z,2026-09-08T16:15:00Z,128,128
T_OMNDW-1,OMNDO-1,2026-09-08,35,2026-09-08T16:15:00Z,2026-09-08T16:30:00Z,128,128
T_OMNDW-1,OMNDO-1,2026-09-08,36,2026-09-08T16:30:00Z,2026-09-08T16:45:00Z,122,122
T_OMNDW-1,OMNDO-1,2026-09-08,36,2026-09-08T16:45:00Z,2026-09-08T17:00:00Z,123,123
T_OMNDW-1,OMNDO-1,2026-09-08,37,2026-09-08T17:00:00Z,2026-09-08T17:15:00Z,123,123
T_OMNDW-1,OMNDO-1,2026-09-08,37,2026-09-08T17:15:00Z,2026-09-08T17:30:00Z,122,122
T_OMNDW-1,OMNDO-1,2026-09-08,38,2026-09-08T17:30:00Z,2026-09-08T17:45:00Z,123,123
T_OMNDW-1,OMNDO-1,2026-09-08,38,2026-09-08T17:45:00Z,2026-09-08T18:00:00Z,125,125
T_OMNDW-1,OMNDO-1,2026-09-08,39,2026-09-08T18:00:00Z,2026-09-08T18:15:00Z,123,123
T_OMNDW-1,OMNDO-1,2026-09-08,39,2026-09-08T18:15:00Z,2026-09-08T18:30:00Z,123,123
T_OMNDW-1,OMNDO-1,2026-09-08,40,2026-09-08T18:30:00Z,2026-09-08T18:45:00Z,134,134
T_OMNDW-1,OMNDO-1,2026-09-08,40,2026-09-08T18:45:00Z,2026-09-08T19:00:00Z,134,134
T_OMNDW-1,OMNDO-1,2026-09-08,41,2026-09-08T19:00:00Z,2026-09-08T19:15:00Z,134,134
T_OMNDW-1,OMNDO-1,2026-09-08,41,2026-09-08T19:15:00Z,2026-09-08T19:30:00Z,135,135
T_OMNDW-1,OMNDO-1,2026-09-08,42,2026-09-08T19:30:00Z,2026-09-08T19:45:00Z,134,134
T_OMNDW-1,OMNDO-1,2026-09-08,42,2026-09-08T19:45:00Z,2026-09-08T20:00:00Z,133,133
T_OMNDW-1,OMNDO-1,2026-09-08,43,2026-09-08T20:00:00Z,2026-09-08T20:15:00Z,134,134
T_OMNDW-1,OMNDO-1,2026-09-08,43,2026-09-08T20:15:00Z,2026-09-08T20:30:00Z,134,134
T_OMNDW-1,OMNDO-1,2026-09-08,44,2026-09-08T20:30:00Z,2026-09-08T20:45:00Z,133,133
T_OMNDW-1,OMNDO-1,2026-09-08,44,2026-09-08T20:45:00Z,2026-09-08T21:00:00Z,132,132
T_OMNDW-1,OMNDO-1,2026-09-08,45,2026-09-08T21:00:00Z,2026-09-08T21:15:00Z,132,132
T_OMNDW-1,OMNDO-1,2026-09-08,45,2026-09-08T21:15:00Z,2026-09-08T21:30:00Z,132,132
T_OMNDW-1,OMNDO-1,2026-09-08,46,2026-09-08T21:30:00Z,2026-09-08T21:45:00Z,131,131
T_OMNDW-1,OMNDO-1,2026-09-08,46,2026-09-08T21:45:00Z,2026-09-08T22:00:00Z,133,133
T_OMNDW-1,OMNDO-1,2026-09-08,47,2026-09-08T22:00:00Z,2026-09-08T22:15:00Z,130,130
T_OMNDW-1,OMNDO-1,2026-09-08,47,2026-09-08T22:15:00Z,2026-09-08T22:30:00Z,130,130
T_OMNDW-1,OMNDO-1,2026-09-08,48,2026-09-08T22:30:00Z,2026-09-08T22:45:00Z,124,124
T_OMNDW-1,OMNDO-1,2026-09-08,48,2026-09-08T22:45:00Z,2026-09-08T23:00:00Z,124,124
T_PGBIW-1,PGBIW-1,2026-09-08,1,2026-09-07T23:00:00Z,2026-09-07T23:30:00Z,5,5
T_PGBIW-1,PGBIW-1,2026-09-08,2,2026-09-07T23:30:00Z,2026-09-08T00:00:00Z,5,5
T_PGBIW-1,PGBIW-1,2026-09-08,3,2026-09-08T00:00:00Z,2026-09-08T00:30:00Z,6,6
T_PGBIW-1,PGBIW-1,2026-09-08,4,2026-09-08T00:30:00Z,2026-09-08T01:00:00Z,7,7
T_PGBIW-1,PGBIW-1,2026-09-08,5,2026-09-08T01:00:00Z,2026-09-08T01:30:00Z,7,7
T_PGBIW-1,PGBIW-1,2026-09-08,6,2026-09-08T01:30:00Z,2026-09-08T02:00:00Z,7,7
T_PGBIW-1,PGBIW-1,2026-09-08,7,2026-09-08T02:00:00Z,2026-09-08T02:30:00Z,7,6
T_PGBIW-1,PGBIW-1,2026-09-08,8,2026-09-08T02:30:00Z,2026-09-08T03:00:00Z,6,6
T_PGBIW-1,PGBIW-1,2026-09-08,9,2026-09-08T03:00:00Z,2026-09-08T03:30:00Z,6,7
T_PGBIW-1,PGBIW-1,2026-09-08,10,2026-09-08T03:30:00Z,2026-09-08T04:00:00Z,7,6
T_PGBIW-1,PGBIW-1,2026-09-08,11,2026-09-08T04:00:00Z,2026-09-08T04:30:00Z,6,6
T_PGBIW-1,PGBIW-1,2026-09-08,12,2026-09-08T04:30:00Z,2026-09-08T05:00:00Z,6,6
T_PGBIW-1,PGBIW-1,2026-09-08,13,2026-09-08T05:00:00Z,2026-09-08T05:30:00Z,6,6
T_PGBIW-1,PGBIW-1,2026-09-08,14,2026-09-08T05:30:00Z,2026-09-08T06:00:00Z,6,6
T_PGBIW-1,PGBIW-1,2026-09-08,15,2026-09-08T06:00:00Z,2026-09-08T06:30:00Z,6,6
T_PGBIW-1,PGBIW-1,2026-09-08,16,2026-09-08T06:30:00Z,2026-09-08T07:00:00Z,6,6
T_PGBIW-1,PGBIW-1,2026-09-08,17,2026-09-08T07:00:00Z,2026-09-08T07:30:00Z,6,6
T_PGBIW-1,PGBIW-1,2026-09-08,18,2026-09-08T07:30:00Z,2026-09-08T08:00:00Z,7,7
T_PGBIW-1,PGBIW-1,2026-09-08,19,2026-09-08T08:00:00Z,2026-09-08T08:30:00Z,7,8
T_PGBIW-1,PGBIW-1,2026-09-08,20,2026-09-08T08:30:00Z,2026-09-08T09:00:00Z,8,8
T_PGBIW-1,PGBIW-1,2026-09-08,21,2026-09-08T09:00:00Z,2026-09-08T09:30:00Z,8,8
T_PGBIW-1,PGBIW-1,2026-09-08,22,2026-09-08T09:30:00Z,2026-09-08T10:00:00Z,8,7
T_PGBIW-1,PGBIW-1,2026-09-08,23,2026-09-08T10:00:00Z,2026-09-08T10:30:00Z,7,8
T_PGBIW-1,PGBIW-1,2026-09-08,24,2026-09-08T10:30:00Z,2026-09-08T11:00:00Z,8,8
T_PGBIW-1,PGBIW-1,2026-09-08,25,2026-09-08T11:00:00Z,2026-09-08T11:30:00Z,8,8
T_PGBIW-1,PGBIW-1,2026-09-08,26,2026-09-08T11:30:00Z,2026-09-08T12:00:00Z,8,8
T_PGBIW-1,PGBIW-1,2026-09-08,27,2026-09-08T12:00:00Z,2026-09-08T12:30:00Z,9,9
T_PGBIW-1,PGBIW-1,2026-09-08,28,2026-09-08T12:30:00Z,2026-09-08T13:00:00Z,10,10
T_PGBIW-1,PGBIW-1,2026-09-08,29,2026-09-08T13:00:00Z,2026-09-08T13:30:00Z,10,10
T_PGBIW-1,PGBIW-1,2026-09-08,30,2026-09-08T13:30:00Z,2026-09-08T14:00:00Z,8,8
T_PGBIW-1,PGBIW-1,2026-09-08,31,2026-09-08T14:00:00Z,2026-09-08T14:30:00Z,8,8
T_PGBIW-1,PGBIW-1,2026-09-08,32,2026-09-08T14:30:00Z,2026-09-08T15:00:00Z,8,8
T_PGBIW-1,PGBIW-1,2026-09-08,33,2026-09-08T15:00:00Z,2026-09-08T15:30:00Z,8,8
T_PGBIW-1,PGBIW-1,2026-09-08,34,2026-09-08T15:30:00Z,2026-09-08T16:00:00Z,8,8
T_PGBIW-1,PGBIW-1,2026-09-08,35,2026-09-08T16:00:00Z,2026-09-08T16:30:00Z,8,8
T_PGBIW-1,PGBIW-1,2026-09-08,36,2026-09-08T16:30:00Z,2026-09-08T17:00:00Z,8,8
T_PGBIW-1,PGBIW-1,2026-09-08,37,2026-09-08T17:00:00Z,2026-09-08T17:30:00Z,8,8
T_PGBIW-1,PGBIW-1,2026-09-08,38,2026-09-08T17:30:00Z,2026-09-08T18:00:00Z,8,7
T_PGBIW-1,PGBIW-1,2026-09-08,39,2026-09-08T18:00:00Z,2026-09-08T18:30:00Z,7,7
T_PGBIW-1,PGBIW-1,2026-09-08,40,2026-09-08T18:30:00Z,2026-09-08T19:00:00Z,7,7
T_PGBIW-1,PGBIW-1,2026-09-08,41,2026-09-08T19:00:00Z,2026-09-08T19:30:00Z,7,7
T_PGBIW-1,PGBIW-1,2026-09-08,42,2026-09-08T19:30:00Z,2026-09-08T20:00:00Z,7,7
T_PGBIW-1,PGBIW-1,2026-09-08,43,2026-09-08T20:00:00Z,2026-09-08T20:30:00Z,7,7
T_PGBIW-1,PGBIW-1,2026-09-08,44,2026-09-08T20:30:00Z,2026-09-08T21:00:00Z,7,7
T_PGBIW-1,PGBIW-1,2026-09-08,45,2026-09-08T21:00:00Z,2026-09-08T21:30:00Z,7,6
T_PGBIW-1,PGBIW-1,2026-09-08,46,2026-09-08T21:30:00Z,2026-09-08T22:00:00Z,6,6
T_PGBIW-1,PGBIW-1,2026-09-08,47,2026-09-08T22:00:00Z,2026-09-08T22:30:00Z,6,5
T_PGBIW-1,PGBIW-1,2026-09-08,48,2026-09-08T22:30:00Z,2026-09-08T23:00:00Z,5,5
T_PLOEW-1,PLOEW-1,2026-09-08,1,2026-09-07T23:00:00Z,2026-09-07T23:30:00Z,0,0
T_PLOEW-1,PLOEW-1,2026-09-08,2,2026-09-07T23:30:00Z,2026-09-08T00:00:00Z,0,0
T_PLOEW-1,PLOEW-1,2026-09-08,3,2026-09-08T00:00:00Z,2026-09-08T00:30:00Z,0,0
T_PLOEW-1,PLOEW-1,2026-09-08,4,2026-09-08T00:30:00Z,2026-09-08T01:00:00Z,0,0
T_PLOEW-1,PLOEW-1,2026-09-08,5,2026-09-08T01:00:00Z,2026-09-08T01:30:00Z,0,0
T_PLOEW-1,PLOEW-1,2026-09-08,6,2026-09-08T01:30:00Z,2026-09-08T02:00:00Z,0,0
T_PLOEW-1,PLOEW-1,2026-09-08,7,2026-09-08T02:00:00Z,2026-09-08T02:30:00Z,0,0
T_PLOEW-1,PLOEW-1,2026-09-08,8,2026-09-08T02:30:00Z,2026-09-08T03:00:00Z,0,0
T_PLOEW-1,PLOEW-1,2026-09-08,9,2026-09-08T03:00:00Z,2026-09-08T03:30:00Z,0,0
T_PLOEW-1,PLOEW-1,2026-09-08,10,2026-09-08T03:30:00Z,2026-09-08T04:00:00Z,0,0
T_PLOEW-1,PLOEW-1,2026-09-08,11,2026-09-08T04:00:00Z,2026-09-08T04:30:00Z,0,0
T_PLOEW-1,PLOEW-1,2026-09-08,12,2026-09-08T04:30:00Z,2026-09-08T05:00:00Z,0,0
T_PLOEW-1,PLOEW-1,2026-09-08,13,2026-09-08T05:00:00Z,2026-09-08T05:30:00Z,0,0
T_PLOEW-1,PLOEW-1,2026-09-08,14,2026-09-08T05:30:00Z,2026-09-08T06:00:00Z,0,0
T_PLOEW-1,PLOEW-1,2026-09-08,15,2026-09-08T06:00:00Z,2026-09-08T06:30:00Z,0,0
T_PLOEW-1,PLOEW-1,2026-09-08,16,2026-09-08T06:30:00Z,2026-09-08T07:00:00Z,0,0
T_PLOEW-1,PLOEW-1,2026-09-08,17,2026-09-08T07:00:00Z,2026-09-08T07:30:00Z,0,0
T_PLOEW-1,PLOEW-1,2026-09-08,18,2026-09-08T07:30:00Z,2026-09-08T08:00:00Z,0,0
T_PLOEW-1,PLOEW-1,2026-09-08,19,2026-09-08T08:00:00Z,2026-09-08T08:30:00Z,0,0
T_PLOEW-1,PLOEW-1,2026-09-08,20,2026-09-08T08:30:00Z,2026-09-08T09:00:00Z,0,0
T_PLOEW-1,PLOEW-1,2026-09-08,21,2026-09-08T09:00:00Z,2026-09-08T09:30:00Z,0,0
T_PLOEW-1,PLOEW-1,2026-09-08,22,2026-09-08T09:30:00Z,2026-09-08T10:00:00Z,0,0
T_PLOEW-1,PLOEW-1,2026-09-08,23,2026-09-08T10:00:00Z,2026-09-08T10:30:00Z,0,0
T_PLOEW-1,PLOEW-1,2026-09-08,24,2026-09-08T10:30:00Z,2026-09-08T11:00:00Z,0,0
T_PLOEW-1,PLOEW-1,2026-09-08,25,2026-09-08T11:00:00Z,2026-09-08T11:30:00Z,0,0
T_PLOEW-1,PLOEW-1,2026-09-08,26,2026-09-08T11:30:00Z,2026-09-08T12:00:00Z,0,0
T_PLOEW-1,PLOEW-1,2026-09-08,27,2026-09-08T12:00:00Z,2026-09-08T12:30:00Z,0,0
T_PLOEW-1,PLOEW-1,2026-09-08,28,2026-09-08T12:30:00Z,2026-09-08T13:00:00Z,0,0
T_PLOEW-1,PLOEW-1,2026-09-08,29,2026-09-08T13:00:00Z,2026-09-08T13:30:00Z,0,0
T_PLOEW-1,PLOEW-1,2026-09-08,30,2026-09-08T13:30:00Z,2026-09-08T14:00:00Z,0,0
T_PLOEW-1,PLOEW-1,2026-09-08,31,2026-09-08T14:00:00Z,2026-09-08T14:30:00Z,0,0
T_PLOEW-1,PLOEW-1,2026-09-08,32,2026-09-08T14:30:00Z,2026-09-08T15:00:00Z,0,0
T_PLOEW-1,PLOEW-1,2026-09-08,33,2026-09-08T15:00:00Z,2026-09-08T15:30:00Z,0,0
T_PLOEW-1,PLOEW-1,2026-09-08,34,2026-09-08T15:30:00Z,2026-09-08T16:00:00Z,0,0
T_PLOEW-1,PLOEW-1,2026-09-08,35,2026-09-08T16:00:00Z,2026-09-08T16:30:00Z,0,0
T_PLOEW-1,PLOEW-1,2026-09-08,36,2026-09-08T16:30:00Z,2026-09-08T17:00:00Z,0,0
T_PLOEW-1,PLOEW-1,2026-09-08,37,2026-09-08T17:00:00Z,2026-09-08T17:30:00Z,0,0
T_PLOEW-1,PLOEW-1,2026-09-08,38,2026-09-08T17:30:00Z,2026-09-08T18:00:00Z,0,0
T_PLOEW-1,PLOEW-1,2026-09-08,39,2026-09-08T18:00:00Z,2026-09-08T18:30:00Z,0,0
T_PLOEW-1,PLOEW-1,2026-09-08,40,2026-09-08T18:30:00Z,2026-09-08T19:00:00Z,0,0
T_PLOEW-1,PLOEW-1,2026-09-08,41,2026-09-08T19:00:00Z,2026-09-08T19:30:00Z,0,0
T_PLOEW-1,PLOEW-1,2026-09-08,42,2026-09-08T19:30:00Z,2026-09-08T20:00:00Z,0,0
T_PLOEW-1,PLOEW-1,2026-09-08,43,2026-09-08T20:00:00Z,2026-09-08T20:30:00Z,0,0
T_PLOEW-1,PLOEW-1,2026-09-08,44,2026-09-08T20:30:00Z,2026-09-08T21:00:00Z,0,0
T_PLOEW-1,PLOEW-1,2026-09-08,45,2026-09-08T21:00:00Z,2026-09-08T21:30:00Z,0,0
T_PLOEW-1,PLOEW-1,2026-09-08,46,2026-09-08T21:30:00Z,2026-09-08T22:00:00Z,0,0
T_PLOEW-1,PLOEW-1,2026-09-08,47,2026-09-08T22:00:00Z,2026-09-08T22:30:00Z,0,0
T_PLOEW-1,PLOEW-1,2026-09-08,48,2026-09-08T22:30:00Z,2026-09-08T23:00:00Z,0,0
T_PNYCW-1,PNYCW-1,2026-09-08,1,2026-09-07T23:00:00Z,2026-09-07T23:15:00Z,116,116
T_PNYCW-1,PNYCW-1,2026-09-08,1,2026-09-07T23:15:00Z,2026-09-07T23:30:00Z,119,119
T_PNYCW-1,PNYCW-1,2026-09-08,2,2026-09-07T23:30:00Z,2026-09-07T23:45:00Z,109,109
T_PNYCW-1,PNYCW-1,2026-09-08,2,2026-09-07T23:45:00Z,2026-09-08T00:00:00Z,111,111
T_PNYCW-1,PNYCW-1,2026-09-08,3,2026-09-08T00:00:00Z,2026-09-08T00:15:00Z,119,119
T_PNYCW-1,PNYCW-1,2026-09-08,3,2026-09-08T00:15:00Z,2026-09-08T00:30:00Z,120,120
T_PNYCW-1,PNYCW-1,2026-09-08,4,2026-09-08T00:30:00Z,2026-09-08T00:45:00Z,116,116
T_PNYCW-1,PNYCW-1,2026-09-08,4,2026-09-08T00:45:00Z,2026-09-08T01:00:00Z,118,118
T_PNYCW-1,PNYCW-1,2026-09-08,5,2026-09-08T01:00:00Z,2026-09-08T01:15:00Z,109,109
T_PNYCW-1,PNYCW-1,2026-09-08,5,2026-09-08T01:15:00Z,2026-09-08T01:30:00Z,111,111
T_PNYCW-1,PNYCW-1,2026-09-08,6,2026-09-08T01:30:00Z,2026-09-08T01:45:00Z,112,112
T_PNYCW-1,PNYCW-1,2026-09-08,6,2026-09-08T01:45:00Z,2026-09-08T02:00:00Z,107,107
T_PNYCW-1,PNYCW-1,2026-09-08,7,2026-09-08T02:00:00Z,2026-09-08T02:15:00Z,102,102
T_PNYCW-1,PNYCW-1,2026-09-08,7,2026-09-08T02:15:00Z,2026-09-08T02:30:00Z,95,95
T_PNYCW-1,PNYCW-1,2026-09-08,8,2026-09-08T02:30:00Z,2026-09-08T02:45:00Z,85,85
T_PNYCW-1,PNYCW-1,2026-09-08,8,2026-09-08T02:45:00Z,2026-09-08T03:00:00Z,87,87
T_PNYCW-1,PNYCW-1,2026-09-08,9,2026-09-08T03:00:00Z,2026-09-08T03:15:00Z,84,84
T_PNYCW-1,PNYCW-1,2026-09-08,9,2026-09-08T03:15:00Z,2026-09-08T03:30:00Z,78,78
T_PNYCW-1,PNYCW-1,2026-09-08,10,2026-09-08T03:30:00Z,2026-09-08T03:45:00Z,77,77
T_PNYCW-1,PNYCW-1,2026-09-08,10,2026-09-08T03:45:00Z,2026-09-08T04:00:00Z,73,73
T_PNYCW-1,PNYCW-1,2026-09-08,11,2026-09-08T04:00:00Z,2026-09-08T04:15:00Z,51,51
T_PNYCW-1,PNYCW-1,2026-09-08,11,2026-09-08T04:15:00Z,2026-09-08T04:30:00Z,40,40
T_PNYCW-1,PNYCW-1,2026-09-08,12,2026-09-08T04:30:00Z,2026-09-08T04:45:00Z,41,41
T_PNYCW-1,PNYCW-1,2026-09-08,12,2026-09-08T04:45:00Z,2026-09-08T05:00:00Z,34,34
T_PNYCW-1,PNYCW-1,2026-09-08,13,2026-09-08T05:00:00Z,2026-09-08T05:15:00Z,28,28
T_PNYCW-1,PNYCW-1,2026-09-08,13,2026-09-08T05:15:00Z,2026-09-08T05:30:00Z,30,30
T_PNYCW-1,PNYCW-1,2026-09-08,14,2026-09-08T05:30:00Z,2026-09-08T05:45:00Z,27,27
T_PNYCW-1,PNYCW-1,2026-09-08,14,2026-09-08T05:45:00Z,2026-09-08T06:00:00Z,26,26
T_PNYCW-1,PNYCW-1,2026-09-08,15,2026-09-08T06:00:00Z,2026-09-08T06:15:00Z,23,23
T_PNYCW-1,PNYCW-1,2026-09-08,15,2026-09-08T06:15:00Z,2026-09-08T06:30:00Z,20,20
T_PNYCW-1,PNYCW-1,2026-09-08,16,2026-09-08T06:30:00Z,2026-09-08T06:45:00Z,23,23
T_PNYCW-1,PNYCW-1,2026-09-08,16,2026-09-08T06:45:00Z,2026-09-08T07:00:00Z,22,22
T_PNYCW-1,PNYCW-1,2026-09-08,17,2026-09-08T07:00:00Z,2026-09-08T07:15:00Z,22,22
T_PNYCW-1,PNYCW-1,2026-09-08,17,2026-09-08T07:15:00Z,2026-09-08T07:30:00Z,22,22
T_PNYCW-1,PNYCW-1,2026-09-08,18,2026-09-08T07:30:00Z,2026-09-08T07:45:00Z,33,33
T_PNYCW-1,PNYCW-1,2026-09-08,18,2026-09-08T07:45:00Z,2026-09-08T08:00:00Z,35,35
T_PNYCW-1,PNYCW-1,2026-09-08,19,2026-09-08T08:00:00Z,2026-09-08T08:15:00Z,35,35
T_PNYCW-1,PNYCW-1,2026-09-08,19,2026-09-08T08:15:00Z,2026-09-08T08:30:00Z,35,35
T_PNYCW-1,PNYCW-1,2026-09-08,20,2026-09-08T08:30:00Z,2026-09-08T08:45:00Z,34,34
T_PNYCW-1,PNYCW-1,2026-09-08,20,2026-09-08T08:45:00Z,2026-09-08T09:00:00Z,32,32
T_PNYCW-1,PNYCW-1,2026-09-08,21,2026-09-08T09:00:00Z,2026-09-08T09:15:00Z,34,34
T_PNYCW-1,PNYCW-1,2026-09-08,21,2026-09-08T09:15:00Z,2026-09-08T09:30:00Z,37,37
T_PNYCW-1,PNYCW-1,2026-09-08,22,2026-09-08T09:30:00Z,2026-09-08T09:45:00Z,41,41
T_PNYCW-1,PNYCW-1,2026-09-08,22,2026-09-08T09:45:00Z,2026-09-08T10:00:00Z,42,42
T_PNYCW-1,PNYCW-1,2026-09-08,23,2026-09-08T10:00:00Z,2026-09-08T10:15:00Z,47,47
T_PNYCW-1,PNYCW-1,2026-09-08,23,2026-09-08T10:15:00Z,2026-09-08T10:30:00Z,50,50
T_PNYCW-1,PNYCW-1,2026-09-08,24,2026-09-08T10:30:00Z,2026-09-08T10:45:00Z,52,52
T_PNYCW-1,PNYCW-1,2026-09-08,24,2026-09-08T10:45:00Z,2026-09-08T11:00:00Z,56,56
T_PNYCW-1,PNYCW-1,2026-09-08,25,2026-09-08T11:00:00Z,2026-09-08T11:15:00Z,68,68
T_PNYCW-1,PNYCW-1,2026-09-08,25,2026-09-08T11:15:00Z,2026-09-08T11:30:00Z,69,69
T_PNYCW-1,PNYCW-1,2026-09-08,26,2026-09-08T11:30:00Z,2026-09-08T11:45:00Z,76,76
T_PNYCW-1,PNYCW-1,2026-09-08,26,2026-09-08T11:45:00Z,2026-09-08T12:00:00Z,79,79
T_PNYCW-1,PNYCW-1,2026-09-08,27,2026-09-08T12:00:00Z,2026-09-08T12:15:00Z,91,91
T_PNYCW-1,PNYCW-1,2026-09-08,27,2026-09-08T12:15:00Z,2026-09-08T12:30:00Z,94,94
T_PNYCW-1,PNYCW-1,2026-09-08,28,2026-09-08T12:30:00Z,2026-09-08T12:45:00Z,98,98
T_PNYCW-1,PNYCW-1,2026-09-08,28,2026-09-08T12:45:00Z,2026-09-08T13:00:00Z,104,104
T_PNYCW-1,PNYCW-1,2026-09-08,29,2026-09-08T13:00:00Z,2026-09-08T13:15:00Z,109,109
T_PNYCW-1,PNYCW-1,2026-09-08,29,2026-09-08T13:15:00Z,2026-09-08T13:30:00Z,105,105
T_PNYCW-1,PNYCW-1,2026-09-08,30,2026-09-08T13:30:00Z,2026-09-08T13:45:00Z,113,113
T_PNYCW-1,PNYCW-1,2026-09-08,30,2026-09-08T13:45:00Z,2026-09-08T14:00:00Z,112,112
T_PNYCW-1,PNYCW-1,2026-09-08,31,2026-09-08T14:00:00Z,2026-09-08T14:15:00Z,110,110
T_PNYCW-1,PNYCW-1,2026-09-08,31,2026-09-08T14:15:00Z,2026-09-08T14:30:00Z,111,111
T_PNYCW-1,PNYCW-1,2026-09-08,32,2026-09-08T14:30:00Z,2026-09-08T14:45:00Z,117,117
T_PNYCW-1,PNYCW-1,2026-09-08,32,2026-09-08T14:45:00Z,2026-09-08T15:00:00Z,117,117
T_PNYCW-1,PNYCW-1,2026-09-08,33,2026-09-08T15:00:00Z,2026-09-08T15:15:00Z,116,116
T_PNYCW-1,PNYCW-1,2026-09-08,33,2026-09-08T15:15:00Z,2026-09-08T15:30:00Z,120,120
T_PNYCW-1,PNYCW-1,2026-09-08,34,2026-09-08T15:30:00Z,2026-09-08T15:45:00Z,118,118
T_PNYCW-1,PNYCW-1,2026-09-08,34,2026-09-08T15:45:00Z,2026-09-08T16:00:00Z,119,119
T_PNYCW-1,PNYCW-1,2026-09-08,35,2026-09-08T16:00:00Z,2026-09-08T16:15:00Z,118,118
T_PNYCW-1,PNYCW-1,2026-09-08,35,2026-09-08T16:15:00Z,2026-09-08T16:30:00Z,120,120
T_PNYCW-1,PNYCW-1,2026-09-08,36,2026-09-08T16:30:00Z,2026-09-08T16:45:00Z,122,122
T_PNYCW-1,PNYCW-1,2026-09-08,36,2026-09-08T16:45:00Z,2026-09-08T17:00:00Z,121,121
T_PNYCW-1,PNYCW-1,2026-09-08,37,2026-09-08T17:00:00Z,2026-09-08T17:15:00Z,115,115
T_PNYCW-1,PNYCW-1,2026-09-08,37,2026-09-08T17:15:00Z,2026-09-08T17:30:00Z,116,116
T_PNYCW-1,PNYCW-1,2026-09-08,38,2026-09-08T17:30:00Z,2026-09-08T17:45:00Z,122,122
T_PNYCW-1,PNYCW-1,2026-09-08,38,2026-09-08T17:45:00Z,2026-09-08T18:00:00Z,120,120
T_PNYCW-1,PNYCW-1,2026-09-08,39,2026-09-08T18:00:00Z,2026-09-08T18:15:00Z,115,115
T_PNYCW-1,PNYCW-1,2026-09-08,39,2026-09-08T18:15:00Z,2026-09-08T18:30:00Z,118,118
T_PNYCW-1,PNYCW-1,2026-09-08,40,2026-09-08T18:30:00Z,2026-09-08T18:45:00Z,121,121
T_PNYCW-1,PNYCW-1,2026-09-08,40,2026-09-08T18:45:00Z,2026-09-08T19:00:00Z,120,120
T_PNYCW-1,PNYCW-1,2026-09-08,41,2026-09-08T19:00:00Z,2026-09-08T19:15:00Z,115,115
T_PNYCW-1,PNYCW-1,2026-09-08,41,2026-09-08T19:15:00Z,2026-09-08T19:30:00Z,115,115
T_PNYCW-1,PNYCW-1,2026-09-08,42,2026-09-08T19:30:00Z,2026-09-08T19:45:00Z,115,115
T_PNYCW-1,PNYCW-1,2026-09-08,42,2026-09-08T19:45:00Z,2026-09-08T20:00:00Z,118,118
T_PNYCW-1,PNYCW-1,2026-09-08,43,2026-09-08T20:00:00Z,2026-09-08T20:15:00Z,119,119
T_PNYCW-1,PNYCW-1,2026-09-08,43,2026-09-08T20:15:00Z,2026-09-08T20:30:00Z,118,118
T_PNYCW-1,PNYCW-1,2026-09-08,44,2026-09-08T20:30:00Z,2026-09-08T20:45:00Z,114,114
T_PNYCW-1,PNYCW-1,2026-09-08,44,2026-09-08T20:45:00Z,2026-09-08T21:00:00Z,109,109
T_PNYCW-1,PNYCW-1,2026-09-08,45,2026-09-08T21:00:00Z,2026-09-08T21:15:00Z,107,107
T_PNYCW-1,PNYCW-1,2026-09-08,45,2026-09-08T21:15:00Z,2026-09-08T21:30:00Z,108,108
T_PNYCW-1,PNYCW-1,2026-09-08,46,2026-09-08T21:30:00Z,2026-09-08T21:45:00Z,89,89
T_PNYCW-1,PNYCW-1,2026-09-08,46,2026-09-08T21:45:00Z,2026-09-08T22:00:00Z,96,96
T_PNYCW-1,PNYCW-1,2026-09-08,47,2026-09-08T22:00:00Z,2026-09-08T22:15:00Z,99,99
T_PNYCW-1,PNYCW-1,2026-09-08,47,2026-09-08T22:15:00Z,2026-09-08T22:30:00Z,96,96
T_PNYCW-1,PNYCW-1,2026-09-08,48,2026-09-08T22:30:00Z,2026-09-08T22:45:00Z,95,95
T_PNYCW-1,PNYCW-1,2026-09-08,48,2026-09-08T22:45:00Z,2026-09-08T23:00:00Z,94,94
T_RCBKO-1,RCBKO-1,2026-09-08,1,2026-09-07T23:00:00Z,2026-09-07T23:30:00Z,201,216
T_RCBKO-1,RCBKO-1,2026-09-08,2,2026-09-07T23:30:00Z,2026-09-08T00:00:00Z,216,229
T_RCBKO-1,RCBKO-1,2026-09-08,3,2026-09-08T00:00:00Z,2026-09-08T00:30:00Z,192,210
T_RCBKO-1,RCBKO-1,2026-09-08,4,2026-09-08T00:30:00Z,2026-09-08T01:00:00Z,210,226
T_RCBKO-1,RCBKO-1,2026-09-08,5,2026-09-08T01:00:00Z,2026-09-08T01:30:00Z,221,229
T_RCBKO-1,RCBKO-1,2026-09-08,6,2026-09-08T01:30:00Z,2026-09-08T02:00:00Z,229,238
T_RCBKO-1,RCBKO-1,2026-09-08,7,2026-09-08T02:00:00Z,2026-09-08T02:30:00Z,219,227
T_RCBKO-1,RCBKO-1,2026-09-08,8,2026-09-08T02:30:00Z,2026-09-08T03:00:00Z,227,234
T_RCBKO-1,RCBKO-1,2026-09-08,9,2026-09-08T03:00:00Z,2026-09-08T03:30:00Z,250,248
T_RCBKO-1,RCBKO-1,2026-09-08,10,2026-09-08T03:30:00Z,2026-09-08T04:00:00Z,248,248
T_RCBKO-1,RCBKO-1,2026-09-08,11,2026-09-08T04:00:00Z,2026-09-08T04:30:00Z,243,241
T_RCBKO-1,RCBKO-1,2026-09-08,12,2026-09-08T04:30:00Z,2026-09-08T05:00:00Z,241,241
T_RCBKO-1,RCBKO-1,2026-09-08,13,2026-09-08T05:00:00Z,2026-09-08T05:30:00Z,245,240
T_RCBKO-1,RCBKO-1,2026-09-08,14,2026-09-08T05:30:00Z,2026-09-08T06:00:00Z,240,237
T_RCBKO-1,RCBKO-1,2026-09-08,15,2026-09-08T06:00:00Z,2026-09-08T06:30:00Z,239,227
T_RCBKO-1,RCBKO-1,2026-09-08,16,2026-09-08T06:30:00Z,2026-09-08T07:00:00Z,227,212
T_RCBKO-1,RCBKO-1,2026-09-08,17,2026-09-08T07:00:00Z,2026-09-08T07:30:00Z,212,182
T_RCBKO-1,RCBKO-1,2026-09-08,18,2026-09-08T07:30:00Z,2026-09-08T08:00:00Z,182,138
T_RCBKO-1,RCBKO-1,2026-09-08,19,2026-09-08T08:00:00Z,2026-09-08T08:30:00Z,137,108
T_RCBKO-1,RCBKO-1,2026-09-08,20,2026-09-08T08:30:00Z,2026-09-08T09:00:00Z,108,85
T_RCBKO-1,RCBKO-1,2026-09-08,21,2026-09-08T09:00:00Z,2026-09-08T09:30:00Z,71,60
T_RCBKO-1,RCBKO-1,2026-09-08,22,2026-09-08T09:30:00Z,2026-09-08T10:00:00Z,40,34
T_RCBKO-1,RCBKO-1,2026-09-08,23,2026-09-08T10:00:00Z,2026-09-08T10:30:00Z,27,26
T_RCBKO-1,RCBKO-1,2026-09-08,24,2026-09-08T10:30:00Z,2026-09-08T11:00:00Z,26,25
T_RCBKO-1,RCBKO-1,2026-09-08,25,2026-09-08T11:00:00Z,2026-09-08T11:30:00Z,25,28
T_RCBKO-1,RCBKO-1,2026-09-08,26,2026-09-08T11:30:00Z,2026-09-08T12:00:00Z,28,33
T_RCBKO-1,RCBKO-1,2026-09-08,27,2026-09-08T12:00:00Z,2026-09-08T12:30:00Z,35,43
T_RCBKO-1,RCBKO-1,2026-09-08,28,2026-09-08T12:30:00Z,2026-09-08T13:00:00Z,43,50
T_RCBKO-1,RCBKO-1,2026-09-08,29,2026-09-08T13:00:00Z,2026-09-08T13:30:00Z,55,62
T_RCBKO-1,RCBKO-1,2026-09-08,30,2026-09-08T13:30:00Z,2026-09-08T14:00:00Z,62,71
T_RCBKO-1,RCBKO-1,2026-09-08,31,2026-09-08T14:00:00Z,2026-09-08T14:30:00Z,71,86
T_RCBKO-1,RCBKO-1,2026-09-08,32,2026-09-08T14:30:00Z,2026-09-08T15:00:00Z,86,108
T_RCBKO-1,RCBKO-1,2026-09-08,33,2026-09-08T15:00:00Z,2026-09-08T15:30:00Z,112,145
T_RCBKO-1,RCBKO-1,2026-09-08,34,2026-09-08T15:30:00Z,2026-09-08T16:00:00Z,145,183
T_RCBKO-1,RCBKO-1,2026-09-08,35,2026-09-08T16:00:00Z,2026-09-08T16:30:00Z,172,202
T_RCBKO-1,RCBKO-1,2026-09-08,36,2026-09-08T16:30:00Z,2026-09-08T17:00:00Z,202,223
T_RCBKO-1,RCBKO-1,2026-09-08,37,2026-09-08T17:00:00Z,2026-09-08T17:30:00Z,204,217
T_RCBKO-1,RCBKO-1,2026-09-08,38,2026-09-08T17:30:00Z,2026-09-08T18:00:00Z,217,228
T_RCBKO-1,RCBKO-1,2026-09-08,39,2026-09-08T18:00:00Z,2026-09-08T18:30:00Z,219,227
T_RCBKO-1,RCBKO-1,2026-09-08,40,2026-09-08T18:30:00Z,2026-09-08T19:00:00Z,227,233
T_RCBKO-1,RCBKO-1,2026-09-08,41,2026-09-08T19:00:00Z,2026-09-08T19:30:00Z,252,251
T_RCBKO-1,RCBKO-1,2026-09-08,42,2026-09-08T19:30:00Z,2026-09-08T20:00:00Z,251,253
T_RCBKO-1,RCBKO-1,2026-09-08,43,2026-09-08T20:00:00Z,2026-09-08T20:30:00Z,254,253
T_RCBKO-1,RCBKO-1,2026-09-08,44,2026-09-08T20:30:00Z,2026-09-08T21:00:00Z,253,254
T_RCBKO-1,RCBKO-1,2026-09-08,45,2026-09-08T21:00:00Z,2026-09-08T21:30:00Z,255,255
T_RCBKO-1,RCBKO-1,2026-09-08,46,2026-09-08T21:30:00Z,2026-09-08T22:00:00Z,255,256
T_RCBKO-1,RCBKO-1,2026-09-08,47,2026-09-08T22:00:00Z,2026-09-08T22:30:00Z,257,256
T_RCBKO-1,RCBKO-1,2026-09-08,48,2026-09-08T22:30:00Z,2026-09-08T23:00:00Z,256,256
T_RCBKO-2,RCBKO-2,2026-09-08,1,2026-09-07T23:00:00Z,2026-09-07T23:30:00Z,217,234
T_RCBKO-2,RCBKO-2,2026-09-08,2,2026-09-07T23:30:00Z,2026-09-08T00:00:00Z,234,248
T_RCBKO-2,RCBKO-2,2026-09-08,3,2026-09-08T00:00:00Z,2026-09-08T00:30:00Z,208,227
T_RCBKO-2,RCBKO-2,2026-09-08,4,2026-09-08T00:30:00Z,2026-09-08T01:00:00Z,227,245
T_RCBKO-2,RCBKO-2,2026-09-08,5,2026-09-08T01:00:00Z,2026-09-08T01:30:00Z,239,248
T_RCBKO-2,RCBKO-2,2026-09-08,6,2026-09-08T01:30:00Z,2026-09-08T02:00:00Z,248,258
T_RCBKO-2,RCBKO-2,2026-09-08,7,2026-09-08T02:00:00Z,2026-09-08T02:30:00Z,238,246
T_RCBKO-2,RCBKO-2,2026-09-08,8,2026-09-08T02:30:00Z,2026-09-08T03:00:00Z,246,254
T_RCBKO-2,RCBKO-2,2026-09-08,9,2026-09-08T03:00:00Z,2026-09-08T03:30:00Z,270,269
T_RCBKO-2,RCBKO-2,2026-09-08,10,2026-09-08T03:30:00Z,2026-09-08T04:00:00Z,269,269
T_RCBKO-2,RCBKO-2,2026-09-08,11,2026-09-08T04:00:00Z,2026-09-08T04:30:00Z,263,261
T_RCBKO-2,RCBKO-2,2026-09-08,12,2026-09-08T04:30:00Z,2026-09-08T05:00:00Z,261,261
T_RCBKO-2,RCBKO-2,2026-09-08,13,2026-09-08T05:00:00Z,2026-09-08T05:30:00Z,266,260
T_RCBKO-2,RCBKO-2,2026-09-08,14,2026-09-08T05:30:00Z,2026-09-08T06:00:00Z,260,256
T_RCBKO-2,RCBKO-2,2026-09-08,15,2026-09-08T06:00:00Z,2026-09-08T06:30:00Z,259,246
T_RCBKO-2,RCBKO-2,2026-09-08,16,2026-09-08T06:30:00Z,2026-09-08T07:00:00Z,246,230
T_RCBKO-2,RCBKO-2,2026-09-08,17,2026-09-08T07:00:00Z,2026-09-08T07:30:00Z,230,184
T_RCBKO-2,RCBKO-2,2026-09-08,18,2026-09-08T07:30:00Z,2026-09-08T08:00:00Z,184,147
T_RCBKO-2,RCBKO-2,2026-09-08,19,2026-09-08T08:00:00Z,2026-09-08T08:30:00Z,145,115
T_RCBKO-2,RCBKO-2,2026-09-08,20,2026-09-08T08:30:00Z,2026-09-08T09:00:00Z,115,90
T_RCBKO-2,RCBKO-2,2026-09-08,21,2026-09-08T09:00:00Z,2026-09-08T09:30:00Z,75,64
T_RCBKO-2,RCBKO-2,2026-09-08,22,2026-09-08T09:30:00Z,2026-09-08T10:00:00Z,43,37
T_RCBKO-2,RCBKO-2,2026-09-08,23,2026-09-08T10:00:00Z,2026-09-08T10:30:00Z,29,28
T_RCBKO-2,RCBKO-2,2026-09-08,24,2026-09-08T10:30:00Z,2026-09-08T11:00:00Z,28,27
T_RCBKO-2,RCBKO-2,2026-09-08,25,2026-09-08T11:00:00Z,2026-09-08T11:30:00Z,27,30
T_RCBKO-2,RCBKO-2,2026-09-08,26,2026-09-08T11:30:00Z,2026-09-08T12:00:00Z,30,35
T_RCBKO-2,RCBKO-2,2026-09-08,27,2026-09-08T12:00:00Z,2026-09-08T12:30:00Z,38,46
T_RCBKO-2,RCBKO-2,2026-09-08,28,2026-09-08T12:30:00Z,2026-09-08T13:00:00Z,46,53
T_RCBKO-2,RCBKO-2,2026-09-08,29,2026-09-08T13:00:00Z,2026-09-08T13:30:00Z,58,66
T_RCBKO-2,RCBKO-2,2026-09-08,30,2026-09-08T13:30:00Z,2026-09-08T14:00:00Z,66,74
T_RCBKO-2,RCBKO-2,2026-09-08,31,2026-09-08T14:00:00Z,2026-09-08T14:30:00Z,74,93
T_RCBKO-2,RCBKO-2,2026-09-08,32,2026-09-08T14:30:00Z,2026-09-08T15:00:00Z,93,114
T_RCBKO-2,RCBKO-2,2026-09-08,33,2026-09-08T15:00:00Z,2026-09-08T15:30:00Z,119,153
T_RCBKO-2,RCBKO-2,2026-09-08,34,2026-09-08T15:30:00Z,2026-09-08T16:00:00Z,153,194
T_RCBKO-2,RCBKO-2,2026-09-08,35,2026-09-08T16:00:00Z,2026-09-08T16:30:00Z,188,221
T_RCBKO-2,RCBKO-2,2026-09-08,36,2026-09-08T16:30:00Z,2026-09-08T17:00:00Z,221,244
T_RCBKO-2,RCBKO-2,2026-09-08,37,2026-09-08T17:00:00Z,2026-09-08T17:30:00Z,224,238
T_RCBKO-2,RCBKO-2,2026-09-08,38,2026-09-08T17:30:00Z,2026-09-08T18:00:00Z,238,250
T_RCBKO-2,RCBKO-2,2026-09-08,39,2026-09-08T18:00:00Z,2026-09-08T18:30:00Z,239,248
T_RCBKO-2,RCBKO-2,2026-09-08,40,2026-09-08T18:30:00Z,2026-09-08T19:00:00Z,248,255
T_RCBKO-2,RCBKO-2,2026-09-08,41,2026-09-08T19:00:00Z,2026-09-08T19:30:00Z,266,266
T_RCBKO-2,RCBKO-2,2026-09-08,42,2026-09-08T19:30:00Z,2026-09-08T20:00:00Z,266,267
T_RCBKO-2,RCBKO-2,2026-09-08,43,2026-09-08T20:00:00Z,2026-09-08T20:30:00Z,269,268
T_RCBKO-2,RCBKO-2,2026-09-08,44,2026-09-08T20:30:00Z,2026-09-08T21:00:00Z,268,269
T_RCBKO-2,RCBKO-2,2026-09-08,45,2026-09-08T21:00:00Z,2026-09-08T21:30:00Z,270,270
T_RCBKO-2,RCBKO-2,2026-09-08,46,2026-09-08T21:30:00Z,2026-09-08T22:00:00Z,270,271
T_RCBKO-2,RCBKO-2,2026-09-08,47,2026-09-08T22:00:00Z,2026-09-08T22:30:00Z,272,271
T_RCBKO-2,RCBKO-2,2026-09-08,48,2026-09-08T22:30:00Z,2026-09-08T23:00:00Z,271,271
T_RMPNO-1,RMPNO-1,2026-09-08,1,2026-09-07T23:00:00Z,2026-09-07T23:30:00Z,144,144
T_RMPNO-1,RMPNO-1,2026-09-08,2,2026-09-07T23:30:00Z,2026-09-08T00:00:00Z,145,145
T_RMPNO-1,RMPNO-1,2026-09-08,3,2026-09-08T00:00:00Z,2026-09-08T00:30:00Z,143,143
T_RMPNO-1,RMPNO-1,2026-09-08,4,2026-09-08T00:30:00Z,2026-09-08T01:00:00Z,141,141
T_RMPNO-1,RMPNO-1,2026-09-08,5,2026-09-08T01:00:00Z,2026-09-08T01:30:00Z,139,139
T_RMPNO-1,RMPNO-1,2026-09-08,6,2026-09-08T01:30:00Z,2026-09-08T02:00:00Z,136,136
T_RMPNO-1,RMPNO-1,2026-09-08,7,2026-09-08T02:00:00Z,2026-09-08T02:30:00Z,133,133
T_RMPNO-1,RMPNO-1,2026-09-08,8,2026-09-08T02:30:00Z,2026-09-08T03:00:00Z,130,130
T_RMPNO-1,RMPNO-1,2026-09-08,9,2026-09-08T03:00:00Z,2026-09-08T03:30:00Z,128,128
T_RMPNO-1,RMPNO-1,2026-09-08,10,2026-09-08T03:30:00Z,2026-09-08T04:00:00Z,124,124
T_RMPNO-1,RMPNO-1,2026-09-08,11,2026-09-08T04:00:00Z,2026-09-08T04:30:00Z,121,121
T_RMPNO-1,RMPNO-1,2026-09-08,12,2026-09-08T04:30:00Z,2026-09-08T05:00:00Z,117,117
T_RMPNO-1,RMPNO-1,2026-09-08,13,2026-09-08T05:00:00Z,2026-09-08T05:30:00Z,114,114
T_RMPNO-1,RMPNO-1,2026-09-08,14,2026-09-08T05:30:00Z,2026-09-08T06:00:00Z,112,112
T_RMPNO-1,RMPNO-1,2026-09-08,15,2026-09-08T06:00:00Z,2026-09-08T06:30:00Z,109,109
T_RMPNO-1,RMPNO-1,2026-09-08,16,2026-09-08T06:30:00Z,2026-09-08T07:00:00Z,106,106
T_RMPNO-1,RMPNO-1,2026-09-08,17,2026-09-08T07:00:00Z,2026-09-08T07:30:00Z,100,100
T_RMPNO-1,RMPNO-1,2026-09-08,18,2026-09-08T07:30:00Z,2026-09-08T08:00:00Z,81,81
T_RMPNO-1,RMPNO-1,2026-09-08,19,2026-09-08T08:00:00Z,2026-09-08T08:30:00Z,85,85
T_RMPNO-1,RMPNO-1,2026-09-08,20,2026-09-08T08:30:00Z,2026-09-08T09:00:00Z,92,92
T_RMPNO-1,RMPNO-1,2026-09-08,21,2026-09-08T09:00:00Z,2026-09-08T09:30:00Z,92,92
T_RMPNO-1,RMPNO-1,2026-09-08,22,2026-09-08T09:30:00Z,2026-09-08T10:00:00Z,84,84
T_RMPNO-1,RMPNO-1,2026-09-08,23,2026-09-08T10:00:00Z,2026-09-08T10:30:00Z,82,82
T_RMPNO-1,RMPNO-1,2026-09-08,24,2026-09-08T10:30:00Z,2026-09-08T11:00:00Z,83,83
T_RMPNO-1,RMPNO-1,2026-09-08,25,2026-09-08T11:00:00Z,2026-09-08T11:30:00Z,77,77
T_RMPNO-1,RMPNO-1,2026-09-08,26,2026-09-08T11:30:00Z,2026-09-08T12:00:00Z,58,58
T_RMPNO-1,RMPNO-1,2026-09-08,27,2026-09-08T12:00:00Z,2026-09-08T12:30:00Z,62,62
T_RMPNO-1,RMPNO-1,2026-09-08,28,2026-09-08T12:30:00Z,2026-09-08T13:00:00Z,79,79
T_RMPNO-1,RMPNO-1,2026-09-08,29,2026-09-08T13:00:00Z,2026-09-08T13:30:00Z,90,90
T_RMPNO-1,RMPNO-1,2026-09-08,30,2026-09-08T13:30:00Z,2026-09-08T14:00:00Z,97,97
T_RMPNO-1,RMPNO-1,2026-09-08,31,2026-09-08T14:00:00Z,2026-09-08T14:30:00Z,113,113
T_RMPNO-1,RMPNO-1,2026-09-08,32,2026-09-08T14:30:00Z,2026-09-08T15:00:00Z,127,127
T_RMPNO-1,RMPNO-1,2026-09-08,33,2026-09-08T15:00:00Z,2026-09-08T15:30:00Z,138,138
T_RMPNO-1,RMPNO-1,2026-09-08,34,2026-09-08T15:30:00Z,2026-09-08T16:00:00Z,152,152
T_RMPNO-1,RMPNO-1,2026-09-08,35,2026-09-08T16:00:00Z,2026-09-08T16:30:00Z,148,148
T_RMPNO-1,RMPNO-1,2026-09-08,36,2026-09-08T16:30:00Z,2026-09-08T17:00:00Z,136,136
T_RMPNO-1,RMPNO-1,2026-09-08,37,2026-09-08T17:00:00Z,2026-09-08T17:30:00Z,133,133
T_RMPNO-1,RMPNO-1,2026-09-08,38,2026-09-08T17:30:00Z,2026-09-08T18:00:00Z,140,140
T_RMPNO-1,RMPNO-1,2026-09-08,39,2026-09-08T18:00:00Z,2026-09-08T18:30:00Z,148,148
T_RMPNO-1,RMPNO-1,2026-09-08,40,2026-09-08T18:30:00Z,2026-09-08T19:00:00Z,156,156
T_RMPNO-1,RMPNO-1,2026-09-08,41,2026-09-08T19:00:00Z,2026-09-08T19:30:00Z,162,162
T_RMPNO-1,RMPNO-1,2026-09-08,42,2026-09-08T19:30:00Z,2026-09-08T20:00:00Z,172,172
T_RMPNO-1,RMPNO-1,2026-09-08,43,2026-09-08T20:00:00Z,2026-09-08T20:30:00Z,172,172
T_RMPNO-1,RMPNO-1,2026-09-08,44,2026-09-08T20:30:00Z,2026-09-08T21:00:00Z,172,172
T_RMPNO-1,RMPNO-1,2026-09-08,45,2026-09-08T21:00:00Z,2026-09-08T21:30:00Z,171,171
T_RMPNO-1,RMPNO-1,2026-09-08,46,2026-09-08T21:30:00Z,2026-09-08T22:00:00Z,169,169
T_RMPNO-1,RMPNO-1,2026-09-08,47,2026-09-08T22:00:00Z,2026-09-08T22:30:00Z,167,167
T_RMPNO-1,RMPNO-1,2026-09-08,48,2026-09-08T22:30:00Z,2026-09-08T23:00:00Z,164,164
T_RMPNO-2,RMPNO-2,2026-09-08,1,2026-09-07T23:00:00Z,2026-09-07T23:30:00Z,124,124
T_RMPNO-2,RMPNO-2,2026-09-08,2,2026-09-07T23:30:00Z,2026-09-08T00:00:00Z,128,128
T_RMPNO-2,RMPNO-2,2026-09-08,3,2026-09-08T00:00:00Z,2026-09-08T00:30:00Z,127,127
T_RMPNO-2,RMPNO-2,2026-09-08,4,2026-09-08T00:30:00Z,2026-09-08T01:00:00Z,124,124
T_RMPNO-2,RMPNO-2,2026-09-08,5,2026-09-08T01:00:00Z,2026-09-08T01:30:00Z,121,121
T_RMPNO-2,RMPNO-2,2026-09-08,6,2026-09-08T01:30:00Z,2026-09-08T02:00:00Z,116,116
T_RMPNO-2,RMPNO-2,2026-09-08,7,2026-09-08T02:00:00Z,2026-09-08T02:30:00Z,113,113
T_RMPNO-2,RMPNO-2,2026-09-08,8,2026-09-08T02:30:00Z,2026-09-08T03:00:00Z,111,111
T_RMPNO-2,RMPNO-2,2026-09-08,9,2026-09-08T03:00:00Z,2026-09-08T03:30:00Z,109,109
T_RMPNO-2,RMPNO-2,2026-09-08,10,2026-09-08T03:30:00Z,2026-09-08T04:00:00Z,103,103
T_RMPNO-2,RMPNO-2,2026-09-08,11,2026-09-08T04:00:00Z,2026-09-08T04:30:00Z,102,102
T_RMPNO-2,RMPNO-2,2026-09-08,12,2026-09-08T04:30:00Z,2026-09-08T05:00:00Z,102,102
T_RMPNO-2,RMPNO-2,2026-09-08,13,2026-09-08T05:00:00Z,2026-09-08T05:30:00Z,100,100
T_RMPNO-2,RMPNO-2,2026-09-08,14,2026-09-08T05:30:00Z,2026-09-08T06:00:00Z,98,98
T_RMPNO-2,RMPNO-2,2026-09-08,15,2026-09-08T06:00:00Z,2026-09-08T06:30:00Z,96,96
T_RMPNO-2,RMPNO-2,2026-09-08,16,2026-09-08T06:30:00Z,2026-09-08T07:00:00Z,93,93
T_RMPNO-2,RMPNO-2,2026-09-08,17,2026-09-08T07:00:00Z,2026-09-08T07:30:00Z,88,88
T_RMPNO-2,RMPNO-2,2026-09-08,18,2026-09-08T07:30:00Z,2026-09-08T08:00:00Z,72,72
T_RMPNO-2,RMPNO-2,2026-09-08,19,2026-09-08T08:00:00Z,2026-09-08T08:30:00Z,79,79
T_RMPNO-2,RMPNO-2,2026-09-08,20,2026-09-08T08:30:00Z,2026-09-08T09:00:00Z,88,88
T_RMPNO-2,RMPNO-2,2026-09-08,21,2026-09-08T09:00:00Z,2026-09-08T09:30:00Z,87,87
T_RMPNO-2,RMPNO-2,2026-09-08,22,2026-09-08T09:30:00Z,2026-09-08T10:00:00Z,80,80
T_RMPNO-2,RMPNO-2,2026-09-08,23,2026-09-08T10:00:00Z,2026-09-08T10:30:00Z,77,77
T_RMPNO-2,RMPNO-2,2026-09-08,24,2026-09-08T10:30:00Z,2026-09-08T11:00:00Z,75,75
T_RMPNO-2,RMPNO-2,2026-09-08,25,2026-09-08T11:00:00Z,2026-09-08T11:30:00Z,69,69
T_RMPNO-2,RMPNO-2,2026-09-08,26,2026-09-08T11:30:00Z,2026-09-08T12:00:00Z,52,52
T_RMPNO-2,RMPNO-2,2026-09-08,27,2026-09-08T12:00:00Z,2026-09-08T12:30:00Z,57,57
T_RMPNO-2,RMPNO-2,2026-09-08,28,2026-09-08T12:30:00Z,2026-09-08T13:00:00Z,74,74
T_RMPNO-2,RMPNO-2,2026-09-08,29,2026-09-08T13:00:00Z,2026-09-08T13:30:00Z,85,85
T_RMPNO-2,RMPNO-2,2026-09-08,30,2026-09-08T13:30:00Z,2026-09-08T14:00:00Z,99,99
T_RMPNO-2,RMPNO-2,2026-09-08,31,2026-09-08T14:00:00Z,2026-09-08T14:30:00Z,111,111
T_RMPNO-2,RMPNO-2,2026-09-08,32,2026-09-08T14:30:00Z,2026-09-08T15:00:00Z,120,120
T_RMPNO-2,RMPNO-2,2026-09-08,33,2026-09-08T15:00:00Z,2026-09-08T15:30:00Z,129,129
T_RMPNO-2,RMPNO-2,2026-09-08,34,2026-09-08T15:30:00Z,2026-09-08T16:00:00Z,145,145
T_RMPNO-2,RMPNO-2,2026-09-08,35,2026-09-08T16:00:00Z,2026-09-08T16:30:00Z,143,143
T_RMPNO-2,RMPNO-2,2026-09-08,36,2026-09-08T16:30:00Z,2026-09-08T17:00:00Z,130,130
T_RMPNO-2,RMPNO-2,2026-09-08,37,2026-09-08T17:00:00Z,2026-09-08T17:30:00Z,124,124
T_RMPNO-2,RMPNO-2,2026-09-08,38,2026-09-08T17:30:00Z,2026-09-08T18:00:00Z,126,126
T_RMPNO-2,RMPNO-2,2026-09-08,39,2026-09-08T18:00:00Z,2026-09-08T18:30:00Z,133,133
T_RMPNO-2,RMPNO-2,2026-09-08,40,2026-09-08T18:30:00Z,2026-09-08T19:00:00Z,143,143
T_RMPNO-2,RMPNO-2,2026-09-08,41,2026-09-08T19:00:00Z,2026-09-08T19:30:00Z,150,150
T_RMPNO-2,RMPNO-2,2026-09-08,42,2026-09-08T19:30:00Z,2026-09-08T20:00:00Z,161,161
T_RMPNO-2,RMPNO-2,2026-09-08,43,2026-09-08T20:00:00Z,2026-09-08T20:30:00Z,162,162
T_RMPNO-2,RMPNO-2,2026-09-08,44,2026-09-08T20:30:00Z,2026-09-08T21:00:00Z,162,162
T_RMPNO-2,RMPNO-2,2026-09-08,45,2026-09-08T21:00:00Z,2026-09-08T21:30:00Z,160,160
T_RMPNO-2,RMPNO-2,2026-09-08,46,2026-09-08T21:30:00Z,2026-09-08T22:00:00Z,159,159
T_RMPNO-2,RMPNO-2,2026-09-08,47,2026-09-08T22:00:00Z,2026-09-08T22:30:00Z,155,155
T_RMPNO-2,RMPNO-2,2026-09-08,48,2026-09-08T22:30:00Z,2026-09-08T23:00:00Z,152,152
T_RREW-1,RREW-1,2026-09-08,1,2026-09-07T23:00:00Z,2026-09-07T23:30:00Z,69,69
T_RREW-1,RREW-1,2026-09-08,2,2026-09-07T23:30:00Z,2026-09-08T00:00:00Z,71,71
T_RREW-1,RREW-1,2026-09-08,3,2026-09-08T00:00:00Z,2026-09-08T00:30:00Z,71,71
T_RREW-1,RREW-1,2026-09-08,4,2026-09-08T00:30:00Z,2026-09-08T01:00:00Z,71,71
T_RREW-1,RREW-1,2026-09-08,5,2026-09-08T01:00:00Z,2026-09-08T01:30:00Z,71,71
T_RREW-1,RREW-1,2026-09-08,6,2026-09-08T01:30:00Z,2026-09-08T02:00:00Z,71,71
T_RREW-1,RREW-1,2026-09-08,7,2026-09-08T02:00:00Z,2026-09-08T02:30:00Z,71,71
T_RREW-1,RREW-1,2026-09-08,8,2026-09-08T02:30:00Z,2026-09-08T03:00:00Z,72,72
T_RREW-1,RREW-1,2026-09-08,9,2026-09-08T03:00:00Z,2026-09-08T03:30:00Z,72,72
T_RREW-1,RREW-1,2026-09-08,10,2026-09-08T03:30:00Z,2026-09-08T04:00:00Z,72,72
T_RREW-1,RREW-1,2026-09-08,11,2026-09-08T04:00:00Z,2026-09-08T04:30:00Z,72,72
T_RREW-1,RREW-1,2026-09-08,12,2026-09-08T04:30:00Z,2026-09-08T05:00:00Z,71,71
T_RREW-1,RREW-1,2026-09-08,13,2026-09-08T05:00:00Z,2026-09-08T05:30:00Z,71,71
T_RREW-1,RREW-1,2026-09-08,14,2026-09-08T05:30:00Z,2026-09-08T06:00:00Z,72,72
T_RREW-1,RREW-1,2026-09-08,15,2026-09-08T06:00:00Z,2026-09-08T06:30:00Z,72,72
T_RREW-1,RREW-1,2026-09-08,16,2026-09-08T06:30:00Z,2026-09-08T07:00:00Z,72,72
T_RREW-1,RREW-1,2026-09-08,17,2026-09-08T07:00:00Z,2026-09-08T07:30:00Z,72,72
T_RREW-1,RREW-1,2026-09-08,18,2026-09-08T07:30:00Z,2026-09-08T08:00:00Z,71,71
T_RREW-1,RREW-1,2026-09-08,19,2026-09-08T08:00:00Z,2026-09-08T08:30:00Z,71,71
T_RREW-1,RREW-1,2026-09-08,20,2026-09-08T08:30:00Z,2026-09-08T09:00:00Z,71,71
T_RREW-1,RREW-1,2026-09-08,21,2026-09-08T09:00:00Z,2026-09-08T09:30:00Z,71,71
T_RREW-1,RREW-1,2026-09-08,22,2026-09-08T09:30:00Z,2026-09-08T10:00:00Z,70,70
T_RREW-1,RREW-1,2026-09-08,23,2026-09-08T10:00:00Z,2026-09-08T10:30:00Z,69,69
T_RREW-1,RREW-1,2026-09-08,24,2026-09-08T10:30:00Z,2026-09-08T11:00:00Z,67,67
T_RREW-1,RREW-1,2026-09-08,25,2026-09-08T11:00:00Z,2026-09-08T11:30:00Z,66,66
T_RREW-1,RREW-1,2026-09-08,26,2026-09-08T11:30:00Z,2026-09-08T12:00:00Z,66,66
T_RREW-1,RREW-1,2026-09-08,27,2026-09-08T12:00:00Z,2026-09-08T12:30:00Z,66,66
T_RREW-1,RREW-1,2026-09-08,28,2026-09-08T12:30:00Z,2026-09-08T13:00:00Z,66,66
T_RREW-1,RREW-1,2026-09-08,29,2026-09-08T13:00:00Z,2026-09-08T13:30:00Z,67,67
T_RREW-1,RREW-1,2026-09-08,30,2026-09-08T13:30:00Z,2026-09-08T14:00:00Z,66,66
T_RREW-1,RREW-1,2026-09-08,31,2026-09-08T14:00:00Z,2026-09-08T14:30:00Z,67,67
T_RREW-1,RREW-1,2026-09-08,32,2026-09-08T14:30:00Z,2026-09-08T15:00:00Z,68,68
T_RREW-1,RREW-1,2026-09-08,33,2026-09-08T15:00:00Z,2026-09-08T15:30:00Z,69,69
T_RREW-1,RREW-1,2026-09-08,34,2026-09-08T15:30:00Z,2026-09-08T16:00:00Z,68,68
T_RREW-1,RREW-1,2026-09-08,35,2026-09-08T16:00:00Z,2026-09-08T16:30:00Z,68,68
T_RREW-1,RREW-1,2026-09-08,36,2026-09-08T16:30:00Z,2026-09-08T17:00:00Z,68,68
T_RREW-1,RREW-1,2026-09-08,37,2026-09-08T17:00:00Z,2026-09-08T17:30:00Z,67,67
T_RREW-1,RREW-1,2026-09-08,38,2026-09-08T17:30:00Z,2026-09-08T18:00:00Z,67,67
T_RREW-1,RREW-1,2026-09-08,39,2026-09-08T18:00:00Z,2026-09-08T18:30:00Z,64,64
T_RREW-1,RREW-1,2026-09-08,40,2026-09-08T18:30:00Z,2026-09-08T19:00:00Z,60,60
T_RREW-1,RREW-1,2026-09-08,41,2026-09-08T19:00:00Z,2026-09-08T19:30:00Z,57,57
T_RREW-1,RREW-1,2026-09-08,42,2026-09-08T19:30:00Z,2026-09-08T20:00:00Z,55,55
T_RREW-1,RREW-1,2026-09-08,43,2026-09-08T20:00:00Z,2026-09-08T20:30:00Z,52,52
T_RREW-1,RREW-1,2026-09-08,44,2026-09-08T20:30:00Z,2026-09-08T21:00:00Z,50,50
T_RREW-1,RREW-1,2026-09-08,45,2026-09-08T21:00:00Z,2026-09-08T21:30:00Z,48,48
T_RREW-1,RREW-1,2026-09-08,46,2026-09-08T21:30:00Z,2026-09-08T22:00:00Z,46,46
T_RREW-1,RREW-1,2026-09-08,47,2026-09-08T22:00:00Z,2026-09-08T22:30:00Z,44,44
T_RREW-1,RREW-1,2026-09-08,48,2026-09-08T22:30:00Z,2026-09-08T23:00:00Z,43,43
T_RRWW-1,RRWW-1,2026-09-08,1,2026-09-07T23:00:00Z,2026-09-07T23:30:00Z,79,79
T_RRWW-1,RRWW-1,2026-09-08,2,2026-09-07T23:30:00Z,2026-09-08T00:00:00Z,80,80
T_RRWW-1,RRWW-1,2026-09-08,3,2026-09-08T00:00:00Z,2026-09-08T00:30:00Z,80,80
T_RRWW-1,RRWW-1,2026-09-08,4,2026-09-08T00:30:00Z,2026-09-08T01:00:00Z,80,80
T_RRWW-1,RRWW-1,2026-09-08,5,2026-09-08T01:00:00Z,2026-09-08T01:30:00Z,81,81
T_RRWW-1,RRWW-1,2026-09-08,6,2026-09-08T01:30:00Z,2026-09-08T02:00:00Z,81,81
T_RRWW-1,RRWW-1,2026-09-08,7,2026-09-08T02:00:00Z,2026-09-08T02:30:00Z,81,81
T_RRWW-1,RRWW-1,2026-09-08,8,2026-09-08T02:30:00Z,2026-09-08T03:00:00Z,81,81
T_RRWW-1,RRWW-1,2026-09-08,9,2026-09-08T03:00:00Z,2026-09-08T03:30:00Z,82,82
T_RRWW-1,RRWW-1,2026-09-08,10,2026-09-08T03:30:00Z,2026-09-08T04:00:00Z,82,82
T_RRWW-1,RRWW-1,2026-09-08,11,2026-09-08T04:00:00Z,2026-09-08T04:30:00Z,81,81
T_RRWW-1,RRWW-1,2026-09-08,12,2026-09-08T04:30:00Z,2026-09-08T05:00:00Z,81,81
T_RRWW-1,RRWW-1,2026-09-08,13,2026-09-08T05:00:00Z,2026-09-08T05:30:00Z,81,81
T_RRWW-1,RRWW-1,2026-09-08,14,2026-09-08T05:30:00Z,2026-09-08T06:00:00Z,82,82
T_RRWW-1,RRWW-1,2026-09-08,15,2026-09-08T06:00:00Z,2026-09-08T06:30:00Z,82,82
T_RRWW-1,RRWW-1,2026-09-08,16,2026-09-08T06:30:00Z,2026-09-08T07:00:00Z,82,82
T_RRWW-1,RRWW-1,2026-09-08,17,2026-09-08T07:00:00Z,2026-09-08T07:30:00Z,82,82
T_RRWW-1,RRWW-1,2026-09-08,18,2026-09-08T07:30:00Z,2026-09-08T08:00:00Z,81,81
T_RRWW-1,RRWW-1,2026-09-08,19,2026-09-08T08:00:00Z,2026-09-08T08:30:00Z,82,82
T_RRWW-1,RRWW-1,2026-09-08,20,2026-09-08T08:30:00Z,2026-09-08T09:00:00Z,82,82
T_RRWW-1,RRWW-1,2026-09-08,21,2026-09-08T09:00:00Z,2026-09-08T09:30:00Z,81,81
T_RRWW-1,RRWW-1,2026-09-08,22,2026-09-08T09:30:00Z,2026-09-08T10:00:00Z,80,80
T_RRWW-1,RRWW-1,2026-09-08,23,2026-09-08T10:00:00Z,2026-09-08T10:30:00Z,80,80
T_RRWW-1,RRWW-1,2026-09-08,24,2026-09-08T10:30:00Z,2026-09-08T11:00:00Z,78,78
T_RRWW-1,RRWW-1,2026-09-08,25,2026-09-08T11:00:00Z,2026-09-08T11:30:00Z,77,77
T_RRWW-1,RRWW-1,2026-09-08,26,2026-09-08T11:30:00Z,2026-09-08T12:00:00Z,76,76
T_RRWW-1,RRWW-1,2026-09-08,27,2026-09-08T12:00:00Z,2026-09-08T12:30:00Z,75,75
T_RRWW-1,RRWW-1,2026-09-08,28,2026-09-08T12:30:00Z,2026-09-08T13:00:00Z,76,76
T_RRWW-1,RRWW-1,2026-09-08,29,2026-09-08T13:00:00Z,2026-09-08T13:30:00Z,76,76
T_RRWW-1,RRWW-1,2026-09-08,30,2026-09-08T13:30:00Z,2026-09-08T14:00:00Z,76,76
T_RRWW-1,RRWW-1,2026-09-08,31,2026-09-08T14:00:00Z,2026-09-08T14:30:00Z,77,77
T_RRWW-1,RRWW-1,2026-09-08,32,2026-09-08T14:30:00Z,2026-09-08T15:00:00Z,78,78
T_RRWW-1,RRWW-1,2026-09-08,33,2026-09-08T15:00:00Z,2026-09-08T15:30:00Z,78,78
T_RRWW-1,RRWW-1,2026-09-08,34,2026-09-08T15:30:00Z,2026-09-08T16:00:00Z,78,78
T_RRWW-1,RRWW-1,2026-09-08,35,2026-09-08T16:00:00Z,2026-09-08T16:30:00Z,77,77
T_RRWW-1,RRWW-1,2026-09-08,36,2026-09-08T16:30:00Z,2026-09-08T17:00:00Z,77,77
T_RRWW-1,RRWW-1,2026-09-08,37,2026-09-08T17:00:00Z,2026-09-08T17:30:00Z,77,77
T_RRWW-1,RRWW-1,2026-09-08,38,2026-09-08T17:30:00Z,2026-09-08T18:00:00Z,74,74
T_RRWW-1,RRWW-1,2026-09-08,39,2026-09-08T18:00:00Z,2026-09-08T18:30:00Z,71,71
T_RRWW-1,RRWW-1,2026-09-08,40,2026-09-08T18:30:00Z,2026-09-08T19:00:00Z,67,67
T_RRWW-1,RRWW-1,2026-09-08,41,2026-09-08T19:00:00Z,2026-09-08T19:30:00Z,63,63
T_RRWW-1,RRWW-1,2026-09-08,42,2026-09-08T19:30:00Z,2026-09-08T20:00:00Z,61,61
T_RRWW-1,RRWW-1,2026-09-08,43,2026-09-08T20:00:00Z,2026-09-08T20:30:00Z,58,58
T_RRWW-1,RRWW-1,2026-09-08,44,2026-09-08T20:30:00Z,2026-09-08T21:00:00Z,55,55
T_RRWW-1,RRWW-1,2026-09-08,45,2026-09-08T21:00:00Z,2026-09-08T21:30:00Z,52,52
T_RRWW-1,RRWW-1,2026-09-08,46,2026-09-08T21:30:00Z,2026-09-08T22:00:00Z,51,51
T_RRWW-1,RRWW-1,2026-09-08,47,2026-09-08T22:00:00Z,2026-09-08T22:30:00Z,49,49
T_RRWW-1,RRWW-1,2026-09-08,48,2026-09-08T22:30:00Z,2026-09-08T23:00:00Z,47,47
T_SAKNW-1,SAKNW-1,2026-09-08,1,2026-09-07T23:00:00Z,2026-09-07T23:30:00Z,66,70
T_SAKNW-1,SAKNW-1,2026-09-08,2,2026-09-07T23:30:00Z,2026-09-08T00:00:00Z,70,74
T_SAKNW-1,SAKNW-1,2026-09-08,3,2026-09-08T00:00:00Z,2026-09-08T00:30:00Z,81,82
T_SAKNW-1,SAKNW-1,2026-09-08,4,2026-09-08T00:30:00Z,2026-09-08T01:00:00Z,82,82
T_SAKNW-1,SAKNW-1,2026-09-08,5,2026-09-08T01:00:00Z,2026-09-08T01:30:00Z,82,84
T_SAKNW-1,SAKNW-1,2026-09-08,6,2026-09-08T01:30:00Z,2026-09-08T02:00:00Z,81,82
T_SAKNW-1,SAKNW-1,2026-09-08,7,2026-09-08T02:00:00Z,2026-09-08T02:30:00Z,82,83
T_SAKNW-1,SAKNW-1,2026-09-08,8,2026-09-08T02:30:00Z,2026-09-08T03:00:00Z,83,85
T_SAKNW-1,SAKNW-1,2026-09-08,9,2026-09-08T03:00:00Z,2026-09-08T03:30:00Z,85,84
T_SAKNW-1,SAKNW-1,2026-09-08,10,2026-09-08T03:30:00Z,2026-09-08T04:00:00Z,84,83
T_SAKNW-1,SAKNW-1,2026-09-08,11,2026-09-08T04:00:00Z,2026-09-08T04:30:00Z,83,83
T_SAKNW-1,SAKNW-1,2026-09-08,12,2026-09-08T04:30:00Z,2026-09-08T05:00:00Z,83,83
T_SAKNW-1,SAKNW-1,2026-09-08,13,2026-09-08T05:00:00Z,2026-09-08T05:30:00Z,83,84
T_SAKNW-1,SAKNW-1,2026-09-08,14,2026-09-08T05:30:00Z,2026-09-08T06:00:00Z,84,85
T_SAKNW-1,SAKNW-1,2026-09-08,15,2026-09-08T06:00:00Z,2026-09-08T06:30:00Z,85,86
T_SAKNW-1,SAKNW-1,2026-09-08,16,2026-09-08T06:30:00Z,2026-09-08T07:00:00Z,86,86
T_SAKNW-1,SAKNW-1,2026-09-08,17,2026-09-08T07:00:00Z,2026-09-08T07:30:00Z,86,77
T_SAKNW-1,SAKNW-1,2026-09-08,18,2026-09-08T07:30:00Z,2026-09-08T08:00:00Z,76,67
T_SAKNW-1,SAKNW-1,2026-09-08,19,2026-09-08T08:00:00Z,2026-09-08T08:30:00Z,67,67
T_SAKNW-1,SAKNW-1,2026-09-08,20,2026-09-08T08:30:00Z,2026-09-08T09:00:00Z,67,68
T_SAKNW-1,SAKNW-1,2026-09-08,21,2026-09-08T09:00:00Z,2026-09-08T09:30:00Z,68,68
T_SAKNW-1,SAKNW-1,2026-09-08,22,2026-09-08T09:30:00Z,2026-09-08T10:00:00Z,68,68
T_SAKNW-1,SAKNW-1,2026-09-08,23,2026-09-08T10:00:00Z,2026-09-08T10:30:00Z,68,68
T_SAKNW-1,SAKNW-1,2026-09-08,24,2026-09-08T10:30:00Z,2026-09-08T11:00:00Z,68,69
T_SAKNW-1,SAKNW-1,2026-09-08,25,2026-09-08T11:00:00Z,2026-09-08T11:30:00Z,64,64
T_SAKNW-1,SAKNW-1,2026-09-08,26,2026-09-08T11:30:00Z,2026-09-08T12:00:00Z,69,69
T_SAKNW-1,SAKNW-1,2026-09-08,27,2026-09-08T12:00:00Z,2026-09-08T12:30:00Z,69,69
T_SAKNW-1,SAKNW-1,2026-09-08,28,2026-09-08T12:30:00Z,2026-09-08T13:00:00Z,69,69
T_SAKNW-1,SAKNW-1,2026-09-08,29,2026-09-08T13:00:00Z,2026-09-08T13:30:00Z,69,68
T_SAKNW-1,SAKNW-1,2026-09-08,30,2026-09-08T13:30:00Z,2026-09-08T14:00:00Z,69,69
T_SAKNW-1,SAKNW-1,2026-09-08,31,2026-09-08T14:00:00Z,2026-09-08T14:30:00Z,69,68
T_SAKNW-1,SAKNW-1,2026-09-08,32,2026-09-08T14:30:00Z,2026-09-08T15:00:00Z,68,68
T_SAKNW-1,SAKNW-1,2026-09-08,33,2026-09-08T15:00:00Z,2026-09-08T15:30:00Z,68,77
T_SAKNW-1,SAKNW-1,2026-09-08,34,2026-09-08T15:30:00Z,2026-09-08T16:00:00Z,77,86
T_SAKNW-1,SAKNW-1,2026-09-08,35,2026-09-08T16:00:00Z,2026-09-08T16:30:00Z,86,86
T_SAKNW-1,SAKNW-1,2026-09-08,36,2026-09-08T16:30:00Z,2026-09-08T17:00:00Z,86,86
T_SAKNW-1,SAKNW-1,2026-09-08,37,2026-09-08T17:00:00Z,2026-09-08T17:30:00Z,86,86
T_SAKNW-1,SAKNW-1,2026-09-08,38,2026-09-08T17:30:00Z,2026-09-08T18:00:00Z,86,86
T_SAKNW-1,SAKNW-1,2026-09-08,39,2026-09-08T18:00:00Z,2026-09-08T18:30:00Z,86,86
T_SAKNW-1,SAKNW-1,2026-09-08,40,2026-09-08T18:30:00Z,2026-09-08T19:00:00Z,86,86
T_SAKNW-1,SAKNW-1,2026-09-08,41,2026-09-08T19:00:00Z,2026-09-08T19:30:00Z,86,86
T_SAKNW-1,SAKNW-1,2026-09-08,42,2026-09-08T19:30:00Z,2026-09-08T20:00:00Z,86,86
T_SAKNW-1,SAKNW-1,2026-09-08,43,2026-09-08T20:00:00Z,2026-09-08T20:30:00Z,86,86
T_SAKNW-1,SAKNW-1,2026-09-08,44,2026-09-08T20:30:00Z,2026-09-08T21:00:00Z,86,86
T_SAKNW-1,SAKNW-1,2026-09-08,45,2026-09-08T21:00:00Z,2026-09-08T21:30:00Z,86,84
T_SAKNW-1,SAKNW-1,2026-09-08,46,2026-09-08T21:30:00Z,2026-09-08T22:00:00Z,84,83
T_SAKNW-1,SAKNW-1,2026-09-08,47,2026-09-08T22:00:00Z,2026-09-08T22:30:00Z,83,79
T_SAKNW-1,SAKNW-1,2026-09-08,48,2026-09-08T22:30:00Z,2026-09-08T23:00:00Z,79,76
T_SANQW-1,SANQW-1,2026-09-08,1,2026-09-07T23:00:00Z,2026-09-07T23:30:00Z,25,27
T_SANQW-1,SANQW-1,2026-09-08,2,2026-09-07T23:30:00Z,2026-09-08T00:00:00Z,28,30
T_SANQW-1,SANQW-1,2026-09-08,3,2026-09-08T00:00:00Z,2026-09-08T00:30:00Z,30,30
T_SANQW-1,SANQW-1,2026-09-08,4,2026-09-08T00:30:00Z,2026-09-08T01:00:00Z,30,30
T_SANQW-1,SANQW-1,2026-09-08,5,2026-09-08T01:00:00Z,2026-09-08T01:30:00Z,30,30
T_SANQW-1,SANQW-1,2026-09-08,6,2026-09-08T01:30:00Z,2026-09-08T02:00:00Z,30,30
T_SANQW-1,SANQW-1,2026-09-08,7,2026-09-08T02:00:00Z,2026-09-08T02:30:00Z,30,30
T_SANQW-1,SANQW-1,2026-09-08,8,2026-09-08T02:30:00Z,2026-09-08T03:00:00Z,30,30
T_SANQW-1,SANQW-1,2026-09-08,9,2026-09-08T03:00:00Z,2026-09-08T03:30:00Z,30,30
T_SANQW-1,SANQW-1,2026-09-08,10,2026-09-08T03:30:00Z,2026-09-08T04:00:00Z,30,30
T_SANQW-1,SANQW-1,2026-09-08,11,2026-09-08T04:00:00Z,2026-09-08T04:30:00Z,30,30
T_SANQW-1,SANQW-1,2026-09-08,12,2026-09-08T04:30:00Z,2026-09-08T05:00:00Z,30,30
T_SANQW-1,SANQW-1,2026-09-08,13,2026-09-08T05:00:00Z,2026-09-08T05:30:00Z,30,30
T_SANQW-1,SANQW-1,2026-09-08,14,2026-09-08T05:30:00Z,2026-09-08T06:00:00Z,30,30
T_SANQW-1,SANQW-1,2026-09-08,15,2026-09-08T06:00:00Z,2026-09-08T06:30:00Z,30,30
T_SANQW-1,SANQW-1,2026-09-08,16,2026-09-08T06:30:00Z,2026-09-08T07:00:00Z,30,30
T_SANQW-1,SANQW-1,2026-09-08,17,2026-09-08T07:00:00Z,2026-09-08T07:30:00Z,30,30
T_SANQW-1,SANQW-1,2026-09-08,18,2026-09-08T07:30:00Z,2026-09-08T08:00:00Z,30,30
T_SANQW-1,SANQW-1,2026-09-08,19,2026-09-08T08:00:00Z,2026-09-08T08:30:00Z,30,30
T_SANQW-1,SANQW-1,2026-09-08,20,2026-09-08T08:30:00Z,2026-09-08T09:00:00Z,30,30
T_SANQW-1,SANQW-1,2026-09-08,21,2026-09-08T09:00:00Z,2026-09-08T09:30:00Z,30,30
T_SANQW-1,SANQW-1,2026-09-08,22,2026-09-08T09:30:00Z,2026-09-08T10:00:00Z,30,30
T_SANQW-1,SANQW-1,2026-09-08,23,2026-09-08T10:00:00Z,2026-09-08T10:30:00Z,30,30
T_SANQW-1,SANQW-1,2026-09-08,24,2026-09-08T10:30:00Z,2026-09-08T11:00:00Z,30,30
T_SANQW-1,SANQW-1,2026-09-08,25,2026-09-08T11:00:00Z,2026-09-08T11:30:00Z,30,30
T_SANQW-1,SANQW-1,2026-09-08,26,2026-09-08T11:30:00Z,2026-09-08T12:00:00Z,30,30
T_SANQW-1,SANQW-1,2026-09-08,27,2026-09-08T12:00:00Z,2026-09-08T12:30:00Z,30,30
T_SANQW-1,SANQW-1,2026-09-08,28,2026-09-08T12:30:00Z,2026-09-08T13:00:00Z,30,30
T_SANQW-1,SANQW-1,2026-09-08,29,2026-09-08T13:00:00Z,2026-09-08T13:30:00Z,30,30
T_SANQW-1,SANQW-1,2026-09-08,30,2026-09-08T13:30:00Z,2026-09-08T14:00:00Z,30,30
T_SANQW-1,SANQW-1,2026-09-08,31,2026-09-08T14:00:00Z,2026-09-08T14:30:00Z,30,30
T_SANQW-1,SANQW-1,2026-09-08,32,2026-09-08T14:30:00Z,2026-09-08T15:00:00Z,30,30
T_SANQW-1,SANQW-1,2026-09-08,33,2026-09-08T15:00:00Z,2026-09-08T15:30:00Z,30,30
T_SANQW-1,SANQW-1,2026-09-08,34,2026-09-08T15:30:00Z,2026-09-08T16:00:00Z,30,30
T_SANQW-1,SANQW-1,2026-09-08,35,2026-09-08T16:00:00Z,2026-09-08T16:30:00Z,30,30
T_SANQW-1,SANQW-1,2026-09-08,36,2026-09-08T16:30:00Z,2026-09-08T17:00:00Z,30,30
T_SANQW-1,SANQW-1,2026-09-08,37,2026-09-08T17:00:00Z,2026-09-08T17:30:00Z,30,30
T_SANQW-1,SANQW-1,2026-09-08,38,2026-09-08T17:30:00Z,2026-09-08T18:00:00Z,30,30
T_SANQW-1,SANQW-1,2026-09-08,39,2026-09-08T18:00:00Z,2026-09-08T18:30:00Z,30,30
T_SANQW-1,SANQW-1,2026-09-08,40,2026-09-08T18:30:00Z,2026-09-08T19:00:00Z,30,30
T_SANQW-1,SANQW-1,2026-09-08,41,2026-09-08T19:00:00Z,2026-09-08T19:30:00Z,30,30
T_SANQW-1,SANQW-1,2026-09-08,42,2026-09-08T19:30:00Z,2026-09-08T20:00:00Z,30,30
T_SANQW-1,SANQW-1,2026-09-08,43,2026-09-08T20:00:00Z,2026-09-08T20:30:00Z,30,30
T_SANQW-1,SANQW-1,2026-09-08,44,2026-09-08T20:30:00Z,2026-09-08T21:00:00Z,30,30
T_SANQW-1,SANQW-1,2026-09-08,45,2026-09-08T21:00:00Z,2026-09-08T21:30:00Z,30,30
T_SANQW-1,SANQW-1,2026-09-08,46,2026-09-08T21:30:00Z,2026-09-08T22:00:00Z,30,30
T_SANQW-1,SANQW-1,2026-09-08,47,2026-09-08T22:00:00Z,2026-09-08T22:30:00Z,30,30
T_SANQW-1,SANQW-1,2026-09-08,48,2026-09-08T22:30:00Z,2026-09-08T23:00:00Z,30,30
T_SGRWO-1,SGRWO-1,2026-09-08,1,2026-09-07T23:00:00Z,2026-09-07T23:29:00Z,261,261
T_SGRWO-1,SGRWO-1,2026-09-08,1,2026-09-07T23:29:00Z,2026-09-07T23:30:00Z,261,258
T_SGRWO-1,SGRWO-1,2026-09-08,2,2026-09-07T23:30:00Z,2026-09-07T23:59:00Z,258,258
T_SGRWO-1,SGRWO-1,2026-09-08,2,2026-09-07T23:59:00Z,2026-09-08T00:00:00Z,258,256
T_SGRWO-1,SGRWO-1,2026-09-08,3,2026-09-08T00:00:00Z,2026-09-08T00:29:00Z,255,255
T_SGRWO-1,SGRWO-1,2026-09-08,3,2026-09-08T00:29:00Z,2026-09-08T00:30:00Z,255,260
T_SGRWO-1,SGRWO-1,2026-09-08,4,2026-09-08T00:30:00Z,2026-09-08T00:59:00Z,260,260
T_SGRWO-1,SGRWO-1,2026-09-08,4,2026-09-08T00:59:00Z,2026-09-08T01:00:00Z,260,265
T_SGRWO-1,SGRWO-1,2026-09-08,5,2026-09-08T01:00:00Z,2026-09-08T01:29:00Z,265,265
T_SGRWO-1,SGRWO-1,2026-09-08,5,2026-09-08T01:29:00Z,2026-09-08T01:30:00Z,265,268
T_SGRWO-1,SGRWO-1,2026-09-08,6,2026-09-08T01:30:00Z,2026-09-08T01:59:00Z,268,268
T_SGRWO-1,SGRWO-1,2026-09-08,6,2026-09-08T01:59:00Z,2026-09-08T02:00:00Z,268,271
T_SGRWO-1,SGRWO-1,2026-09-08,7,2026-09-08T02:00:00Z,2026-09-08T02:29:00Z,271,271
T_SGRWO-1,SGRWO-1,2026-09-08,7,2026-09-08T02:29:00Z,2026-09-08T02:30:00Z,271,274
T_SGRWO-1,SGRWO-1,2026-09-08,8,2026-09-08T02:30:00Z,2026-09-08T02:59:00Z,274,274
T_SGRWO-1,SGRWO-1,2026-09-08,8,2026-09-08T02:59:00Z,2026-09-08T03:00:00Z,274,277
T_SGRWO-1,SGRWO-1,2026-09-08,9,2026-09-08T03:00:00Z,2026-09-08T03:30:00Z,277,277
T_SGRWO-1,SGRWO-1,2026-09-08,10,2026-09-08T03:30:00Z,2026-09-08T03:59:00Z,277,277
T_SGRWO-1,SGRWO-1,2026-09-08,10,2026-09-08T03:59:00Z,2026-09-08T04:00:00Z,277,278
T_SGRWO-1,SGRWO-1,2026-09-08,11,2026-09-08T04:00:00Z,2026-09-08T04:30:00Z,278,278
T_SGRWO-1,SGRWO-1,2026-09-08,12,2026-09-08T04:30:00Z,2026-09-08T04:59:00Z,278,278
T_SGRWO-1,SGRWO-1,2026-09-08,12,2026-09-08T04:59:00Z,2026-09-08T05:00:00Z,278,279
T_SGRWO-1,SGRWO-1,2026-09-08,13,2026-09-08T05:00:00Z,2026-09-08T05:29:00Z,278,278
T_SGRWO-1,SGRWO-1,2026-09-08,13,2026-09-08T05:29:00Z,2026-09-08T05:30:00Z,278,279
T_SGRWO-1,SGRWO-1,2026-09-08,14,2026-09-08T05:30:00Z,2026-09-08T06:00:00Z,279,279
T_SGRWO-1,SGRWO-1,2026-09-08,15,2026-09-08T06:00:00Z,2026-09-08T06:30:00Z,279,279
T_SGRWO-1,SGRWO-1,2026-09-08,16,2026-09-08T06:30:00Z,2026-09-08T07:00:00Z,279,279
T_SGRWO-1,SGRWO-1,2026-09-08,17,2026-09-08T07:00:00Z,2026-09-08T07:29:00Z,279,279
T_SGRWO-1,SGRWO-1,2026-09-08,17,2026-09-08T07:29:00Z,2026-09-08T07:30:00Z,279,278
T_SGRWO-1,SGRWO-1,2026-09-08,18,2026-09-08T07:30:00Z,2026-09-08T08:00:00Z,278,278
T_SGRWO-1,SGRWO-1,2026-09-08,19,2026-09-08T08:00:00Z,2026-09-08T08:29:00Z,277,277
T_SGRWO-1,SGRWO-1,2026-09-08,19,2026-09-08T08:29:00Z,2026-09-08T08:30:00Z,277,276
T_SGRWO-1,SGRWO-1,2026-09-08,20,2026-09-08T08:30:00Z,2026-09-08T08:59:00Z,276,276
T_SGRWO-1,SGRWO-1,2026-09-08,20,2026-09-08T08:59:00Z,2026-09-08T09:00:00Z,276,274
T_SGRWO-1,SGRWO-1,2026-09-08,21,2026-09-08T09:00:00Z,2026-09-08T09:30:00Z,274,274
T_SGRWO-1,SGRWO-1,2026-09-08,22,2026-09-08T09:30:00Z,2026-09-08T09:59:00Z,274,274
T_SGRWO-1,SGRWO-1,2026-09-08,22,2026-09-08T09:59:00Z,2026-09-08T10:00:00Z,274,275
T_SGRWO-1,SGRWO-1,2026-09-08,23,2026-09-08T10:00:00Z,2026-09-08T10:29:00Z,274,274
T_SGRWO-1,SGRWO-1,2026-09-08,23,2026-09-08T10:29:00Z,2026-09-08T10:30:00Z,274,273
T_SGRWO-1,SGRWO-1,2026-09-08,24,2026-09-08T10:30:00Z,2026-09-08T11:00:00Z,273,273
T_SGRWO-1,SGRWO-1,2026-09-08,25,2026-09-08T11:00:00Z,2026-09-08T11:29:00Z,272,272
T_SGRWO-1,SGRWO-1,2026-09-08,25,2026-09-08T11:29:00Z,2026-09-08T11:30:00Z,272,271
T_SGRWO-1,SGRWO-1,2026-09-08,26,2026-09-08T11:30:00Z,2026-09-08T11:59:00Z,271,271
T_SGRWO-1,SGRWO-1,2026-09-08,26,2026-09-08T11:59:00Z,2026-09-08T12:00:00Z,271,269
T_SGRWO-1,SGRWO-1,2026-09-08,27,2026-09-08T12:00:00Z,2026-09-08T12:30:00Z,269,269
T_SGRWO-1,SGRWO-1,2026-09-08,28,2026-09-08T12:30:00Z,2026-09-08T12:59:00Z,269,269
T_SGRWO-1,SGRWO-1,2026-09-08,28,2026-09-08T12:59:00Z,2026-09-08T13:00:00Z,269,270
T_SGRWO-1,SGRWO-1,2026-09-08,29,2026-09-08T13:00:00Z,2026-09-08T13:30:00Z,270,270
T_SGRWO-1,SGRWO-1,2026-09-08,30,2026-09-08T13:30:00Z,2026-09-08T13:59:00Z,270,270
T_SGRWO-1,SGRWO-1,2026-09-08,30,2026-09-08T13:59:00Z,2026-09-08T14:00:00Z,270,271
T_SGRWO-1,SGRWO-1,2026-09-08,31,2026-09-08T14:00:00Z,2026-09-08T14:30:00Z,270,270
T_SGRWO-1,SGRWO-1,2026-09-08,32,2026-09-08T14:30:00Z,2026-09-08T14:59:00Z,270,270
T_SGRWO-1,SGRWO-1,2026-09-08,32,2026-09-08T14:59:00Z,2026-09-08T15:00:00Z,270,271
T_SGRWO-1,SGRWO-1,2026-09-08,33,2026-09-08T15:00:00Z,2026-09-08T15:29:00Z,267,267
T_SGRWO-1,SGRWO-1,2026-09-08,33,2026-09-08T15:29:00Z,2026-09-08T15:30:00Z,267,272
T_SGRWO-1,SGRWO-1,2026-09-08,34,2026-09-08T15:30:00Z,2026-09-08T15:59:00Z,272,272
T_SGRWO-1,SGRWO-1,2026-09-08,34,2026-09-08T15:59:00Z,2026-09-08T16:00:00Z,272,277
T_SGRWO-1,SGRWO-1,2026-09-08,35,2026-09-08T16:00:00Z,2026-09-08T16:29:00Z,277,277
T_SGRWO-1,SGRWO-1,2026-09-08,35,2026-09-08T16:29:00Z,2026-09-08T16:30:00Z,277,280
T_SGRWO-1,SGRWO-1,2026-09-08,36,2026-09-08T16:30:00Z,2026-09-08T17:00:00Z,280,280
T_SGRWO-1,SGRWO-1,2026-09-08,37,2026-09-08T17:00:00Z,2026-09-08T17:29:00Z,280,280
T_SGRWO-1,SGRWO-1,2026-09-08,37,2026-09-08T17:29:00Z,2026-09-08T17:30:00Z,280,281
T_SGRWO-1,SGRWO-1,2026-09-08,38,2026-09-08T17:30:00Z,2026-09-08T18:00:00Z,281,281
T_SGRWO-1,SGRWO-1,2026-09-08,39,2026-09-08T18:00:00Z,2026-09-08T18:30:00Z,281,281
T_SGRWO-1,SGRWO-1,2026-09-08,40,2026-09-08T18:30:00Z,2026-09-08T19:00:00Z,281,281
T_SGRWO-1,SGRWO-1,2026-09-08,41,2026-09-08T19:00:00Z,2026-09-08T19:30:00Z,281,281
T_SGRWO-1,SGRWO-1,2026-09-08,42,2026-09-08T19:30:00Z,2026-09-08T20:00:00Z,281,281
T_SGRWO-1,SGRWO-1,2026-09-08,43,2026-09-08T20:00:00Z,2026-09-08T20:30:00Z,281,281
T_SGRWO-1,SGRWO-1,2026-09-08,44,2026-09-08T20:30:00Z,2026-09-08T21:00:00Z,281,281
T_SGRWO-1,SGRWO-1,2026-09-08,45,2026-09-08T21:00:00Z,2026-09-08T21:30:00Z,281,281
T_SGRWO-1,SGRWO-1,2026-09-08,46,2026-09-08T21:30:00Z,2026-09-08T21:59:00Z,281,281
T_SGRWO-1,SGRWO-1,2026-09-08,46,2026-09-08T21:59:00Z,2026-09-08T22:00:00Z,281,280
T_SGRWO-1,SGRWO-1,2026-09-08,47,2026-09-08T22:00:00Z,2026-09-08T22:29:00Z,281,281
T_SGRWO-1,SGRWO-1,2026-09-08,47,2026-09-08T22:29:00Z,2026-09-08T22:30:00Z,281,280
T_SGRWO-1,SGRWO-1,2026-09-08,48,2026-09-08T22:30:00Z,2026-09-08T22:59:00Z,280,280
T_SGRWO-1,SGRWO-1,2026-09-08,48,2026-09-08T22:59:00Z,2026-09-08T23:00:00Z,280,278
T_SGRWO-2,SGRWO-2,2026-09-08,1,2026-09-07T23:00:00Z,2026-09-07T23:30:00Z,71,71
T_SGRWO-2,SGRWO-2,2026-09-08,2,2026-09-07T23:30:00Z,2026-09-07T23:59:00Z,71,71
T_SGRWO-2,SGRWO-2,2026-09-08,2,2026-09-07T23:59:00Z,2026-09-08T00:00:00Z,71,70
T_SGRWO-2,SGRWO-2,2026-09-08,3,2026-09-08T00:00:00Z,2026-09-08T00:29:00Z,69,69
T_SGRWO-2,SGRWO-2,2026-09-08,3,2026-09-08T00:29:00Z,2026-09-08T00:30:00Z,69,71
T_SGRWO-2,SGRWO-2,2026-09-08,4,2026-09-08T00:30:00Z,2026-09-08T00:59:00Z,71,71
T_SGRWO-2,SGRWO-2,2026-09-08,4,2026-09-08T00:59:00Z,2026-09-08T01:00:00Z,71,72
T_SGRWO-2,SGRWO-2,2026-09-08,5,2026-09-08T01:00:00Z,2026-09-08T01:29:00Z,72,72
T_SGRWO-2,SGRWO-2,2026-09-08,5,2026-09-08T01:29:00Z,2026-09-08T01:30:00Z,72,73
T_SGRWO-2,SGRWO-2,2026-09-08,6,2026-09-08T01:30:00Z,2026-09-08T01:59:00Z,73,73
T_SGRWO-2,SGRWO-2,2026-09-08,6,2026-09-08T01:59:00Z,2026-09-08T02:00:00Z,73,74
T_SGRWO-2,SGRWO-2,2026-09-08,7,2026-09-08T02:00:00Z,2026-09-08T02:29:00Z,74,74
T_SGRWO-2,SGRWO-2,2026-09-08,7,2026-09-08T02:29:00Z,2026-09-08T02:30:00Z,74,75
T_SGRWO-2,SGRWO-2,2026-09-08,8,2026-09-08T02:30:00Z,2026-09-08T03:00:00Z,75,75
T_SGRWO-2,SGRWO-2,2026-09-08,9,2026-09-08T03:00:00Z,2026-09-08T03:30:00Z,76,76
T_SGRWO-2,SGRWO-2,2026-09-08,10,2026-09-08T03:30:00Z,2026-09-08T04:00:00Z,76,76
T_SGRWO-2,SGRWO-2,2026-09-08,11,2026-09-08T04:00:00Z,2026-09-08T04:30:00Z,76,76
T_SGRWO-2,SGRWO-2,2026-09-08,12,2026-09-08T04:30:00Z,2026-09-08T05:00:00Z,76,76
T_SGRWO-2,SGRWO-2,2026-09-08,13,2026-09-08T05:00:00Z,2026-09-08T05:30:00Z,76,76
T_SGRWO-2,SGRWO-2,2026-09-08,14,2026-09-08T05:30:00Z,2026-09-08T06:00:00Z,76,76
T_SGRWO-2,SGRWO-2,2026-09-08,15,2026-09-08T06:00:00Z,2026-09-08T06:30:00Z,76,76
T_SGRWO-2,SGRWO-2,2026-09-08,16,2026-09-08T06:30:00Z,2026-09-08T07:00:00Z,76,76
T_SGRWO-2,SGRWO-2,2026-09-08,17,2026-09-08T07:00:00Z,2026-09-08T07:30:00Z,76,76
T_SGRWO-2,SGRWO-2,2026-09-08,18,2026-09-08T07:30:00Z,2026-09-08T07:59:00Z,76,76
T_SGRWO-2,SGRWO-2,2026-09-08,18,2026-09-08T07:59:00Z,2026-09-08T08:00:00Z,76,75
T_SGRWO-2,SGRWO-2,2026-09-08,19,2026-09-08T08:00:00Z,2026-09-08T08:29:00Z,76,76
T_SGRWO-2,SGRWO-2,2026-09-08,19,2026-09-08T08:29:00Z,2026-09-08T08:30:00Z,76,75
T_SGRWO-2,SGRWO-2,2026-09-08,20,2026-09-08T08:30:00Z,2026-09-08T09:00:00Z,75,75
T_SGRWO-2,SGRWO-2,2026-09-08,21,2026-09-08T09:00:00Z,2026-09-08T09:30:00Z,75,75
T_SGRWO-2,SGRWO-2,2026-09-08,22,2026-09-08T09:30:00Z,2026-09-08T10:00:00Z,75,75
T_SGRWO-2,SGRWO-2,2026-09-08,23,2026-09-08T10:00:00Z,2026-09-08T10:30:00Z,75,75
T_SGRWO-2,SGRWO-2,2026-09-08,24,2026-09-08T10:30:00Z,2026-09-08T10:59:00Z,75,75
T_SGRWO-2,SGRWO-2,2026-09-08,24,2026-09-08T10:59:00Z,2026-09-08T11:00:00Z,75,74
T_SGRWO-2,SGRWO-2,2026-09-08,25,2026-09-08T11:00:00Z,2026-09-08T11:29:00Z,75,75
T_SGRWO-2,SGRWO-2,2026-09-08,25,2026-09-08T11:29:00Z,2026-09-08T11:30:00Z,75,74
T_SGRWO-2,SGRWO-2,2026-09-08,26,2026-09-08T11:30:00Z,2026-09-08T12:00:00Z,74,74
T_SGRWO-2,SGRWO-2,2026-09-08,27,2026-09-08T12:00:00Z,2026-09-08T12:30:00Z,74,74
T_SGRWO-2,SGRWO-2,2026-09-08,28,2026-09-08T12:30:00Z,2026-09-08T13:00:00Z,74,74
T_SGRWO-2,SGRWO-2,2026-09-08,29,2026-09-08T13:00:00Z,2026-09-08T13:30:00Z,74,74
T_SGRWO-2,SGRWO-2,2026-09-08,30,2026-09-08T13:30:00Z,2026-09-08T14:00:00Z,74,74
T_SGRWO-2,SGRWO-2,2026-09-08,31,2026-09-08T14:00:00Z,2026-09-08T14:30:00Z,74,74
T_SGRWO-2,SGRWO-2,2026-09-08,32,2026-09-08T14:30:00Z,2026-09-08T15:00:00Z,74,74
T_SGRWO-2,SGRWO-2,2026-09-08,33,2026-09-08T15:00:00Z,2026-09-08T15:29:00Z,73,73
T_SGRWO-2,SGRWO-2,2026-09-08,33,2026-09-08T15:29:00Z,2026-09-08T15:30:00Z,73,75
T_SGRWO-2,SGRWO-2,2026-09-08,34,2026-09-08T15:30:00Z,2026-09-08T15:59:00Z,75,75
T_SGRWO-2,SGRWO-2,2026-09-08,34,2026-09-08T15:59:00Z,2026-09-08T16:00:00Z,75,76
T_SGRWO-2,SGRWO-2,2026-09-08,35,2026-09-08T16:00:00Z,2026-09-08T16:29:00Z,76,76
T_SGRWO-2,SGRWO-2,2026-09-08,35,2026-09-08T16:29:00Z,2026-09-08T16:30:00Z,76,77
T_SGRWO-2,SGRWO-2,2026-09-08,36,2026-09-08T16:30:00Z,2026-09-08T17:00:00Z,77,77
T_SGRWO-2,SGRWO-2,2026-09-08,37,2026-09-08T17:00:00Z,2026-09-08T17:29:00Z,77,77
T_SGRWO-2,SGRWO-2,2026-09-08,37,2026-09-08T17:29:00Z,2026-09-08T17:30:00Z,77,76
T_SGRWO-2,SGRWO-2,2026-09-08,38,2026-09-08T17:30:00Z,2026-09-08T18:00:00Z,76,76
T_SGRWO-2,SGRWO-2,2026-09-08,39,2026-09-08T18:00:00Z,2026-09-08T18:30:00Z,76,76
T_SGRWO-2,SGRWO-2,2026-09-08,40,2026-09-08T18:30:00Z,2026-09-08T19:00:00Z,76,76
T_SGRWO-2,SGRWO-2,2026-09-08,41,2026-09-08T19:00:00Z,2026-09-08T19:30:00Z,76,76
T_SGRWO-2,SGRWO-2,2026-09-08,42,2026-09-08T19:30:00Z,2026-09-08T20:00:00Z,76,76
T_SGRWO-2,SGRWO-2,2026-09-08,43,2026-09-08T20:00:00Z,2026-09-08T20:30:00Z,76,76
T_SGRWO-2,SGRWO-2,2026-09-08,44,2026-09-08T20:30:00Z,2026-09-08T21:00:00Z,76,76
T_SGRWO-2,SGRWO-2,2026-09-08,45,2026-09-08T21:00:00Z,2026-09-08T21:30:00Z,76,76
T_SGRWO-2,SGRWO-2,2026-09-08,46,2026-09-08T21:30:00Z,2026-09-08T21:59:00Z,76,76
T_SGRWO-2,SGRWO-2,2026-09-08,46,2026-09-08T21:59:00Z,2026-09-08T22:00:00Z,76,77
T_SGRWO-2,SGRWO-2,2026-09-08,47,2026-09-08T22:00:00Z,2026-09-08T22:30:00Z,76,76
T_SGRWO-2,SGRWO-2,2026-09-08,48,2026-09-08T22:30:00Z,2026-09-08T22:59:00Z,76,76
T_SGRWO-2,SGRWO-2,2026-09-08,48,2026-09-08T22:59:00Z,2026-09-08T23:00:00Z,76,75
T_SGRWO-3,SGRWO-3,2026-09-08,1,2026-09-07T23:00:00Z,2026-09-07T23:29:00Z,134,134
T_SGRWO-3,SGRWO-3,2026-09-08,1,2026-09-07T23:29:00Z,2026-09-07T23:30:00Z,134,133
T_SGRWO-3,SGRWO-3,2026-09-08,2,2026-09-07T23:30:00Z,2026-09-07T23:59:00Z,133,133
T_SGRWO-3,SGRWO-3,2026-09-08,2,2026-09-07T23:59:00Z,2026-09-08T00:00:00Z,133,132
T_SGRWO-3,SGRWO-3,2026-09-08,3,2026-09-08T00:00:00Z,2026-09-08T00:29:00Z,133,133
T_SGRWO-3,SGRWO-3,2026-09-08,3,2026-09-08T00:29:00Z,2026-09-08T00:30:00Z,133,134
T_SGRWO-3,SGRWO-3,2026-09-08,4,2026-09-08T00:30:00Z,2026-09-08T00:59:00Z,134,134
T_SGRWO-3,SGRWO-3,2026-09-08,4,2026-09-08T00:59:00Z,2026-09-08T01:00:00Z,134,135
T_SGRWO-3,SGRWO-3,2026-09-08,5,2026-09-08T01:00:00Z,2026-09-08T01:30:00Z,137,137
T_SGRWO-3,SGRWO-3,2026-09-08,6,2026-09-08T01:30:00Z,2026-09-08T01:59:00Z,137,137
T_SGRWO-3,SGRWO-3,2026-09-08,6,2026-09-08T01:59:00Z,2026-09-08T02:00:00Z,137,138
T_SGRWO-3,SGRWO-3,2026-09-08,7,2026-09-08T02:00:00Z,2026-09-08T02:30:00Z,140,140
T_SGRWO-3,SGRWO-3,2026-09-08,8,2026-09-08T02:30:00Z,2026-09-08T02:59:00Z,140,140
T_SGRWO-3,SGRWO-3,2026-09-08,8,2026-09-08T02:59:00Z,2026-09-08T03:00:00Z,140,139
T_SGRWO-3,SGRWO-3,2026-09-08,9,2026-09-08T03:00:00Z,2026-09-08T03:30:00Z,140,140
T_SGRWO-3,SGRWO-3,2026-09-08,10,2026-09-08T03:30:00Z,2026-09-08T03:59:00Z,140,140
T_SGRWO-3,SGRWO-3,2026-09-08,10,2026-09-08T03:59:00Z,2026-09-08T04:00:00Z,140,139
T_SGRWO-3,SGRWO-3,2026-09-08,11,2026-09-08T04:00:00Z,2026-09-08T04:29:00Z,140,140
T_SGRWO-3,SGRWO-3,2026-09-08,11,2026-09-08T04:29:00Z,2026-09-08T04:30:00Z,140,139
T_SGRWO-3,SGRWO-3,2026-09-08,12,2026-09-08T04:30:00Z,2026-09-08T05:00:00Z,139,139
T_SGRWO-3,SGRWO-3,2026-09-08,13,2026-09-08T05:00:00Z,2026-09-08T05:30:00Z,139,139
T_SGRWO-3,SGRWO-3,2026-09-08,14,2026-09-08T05:30:00Z,2026-09-08T06:00:00Z,139,139
T_SGRWO-3,SGRWO-3,2026-09-08,15,2026-09-08T06:00:00Z,2026-09-08T06:30:00Z,139,139
T_SGRWO-3,SGRWO-3,2026-09-08,16,2026-09-08T06:30:00Z,2026-09-08T07:00:00Z,139,139
T_SGRWO-3,SGRWO-3,2026-09-08,17,2026-09-08T07:00:00Z,2026-09-08T07:30:00Z,139,139
T_SGRWO-3,SGRWO-3,2026-09-08,18,2026-09-08T07:30:00Z,2026-09-08T08:00:00Z,139,139
T_SGRWO-3,SGRWO-3,2026-09-08,19,2026-09-08T08:00:00Z,2026-09-08T08:29:00Z,140,140
T_SGRWO-3,SGRWO-3,2026-09-08,19,2026-09-08T08:29:00Z,2026-09-08T08:30:00Z,140,139
T_SGRWO-3,SGRWO-3,2026-09-08,20,2026-09-08T08:30:00Z,2026-09-08T09:00:00Z,139,139
T_SGRWO-3,SGRWO-3,2026-09-08,21,2026-09-08T09:00:00Z,2026-09-08T09:29:00Z,140,140
T_SGRWO-3,SGRWO-3,2026-09-08,21,2026-09-08T09:29:00Z,2026-09-08T09:30:00Z,140,139
T_SGRWO-3,SGRWO-3,2026-09-08,22,2026-09-08T09:30:00Z,2026-09-08T10:00:00Z,139,139
T_SGRWO-3,SGRWO-3,2026-09-08,23,2026-09-08T10:00:00Z,2026-09-08T10:29:00Z,140,140
T_SGRWO-3,SGRWO-3,2026-09-08,23,2026-09-08T10:29:00Z,2026-09-08T10:30:00Z,140,139
T_SGRWO-3,SGRWO-3,2026-09-08,24,2026-09-08T10:30:00Z,2026-09-08T10:59:00Z,139,139
T_SGRWO-3,SGRWO-3,2026-09-08,24,2026-09-08T10:59:00Z,2026-09-08T11:00:00Z,139,138
T_SGRWO-3,SGRWO-3,2026-09-08,25,2026-09-08T11:00:00Z,2026-09-08T11:29:00Z,140,140
T_SGRWO-3,SGRWO-3,2026-09-08,25,2026-09-08T11:29:00Z,2026-09-08T11:30:00Z,140,138
T_SGRWO-3,SGRWO-3,2026-09-08,26,2026-09-08T11:30:00Z,2026-09-08T11:59:00Z,138,138
T_SGRWO-3,SGRWO-3,2026-09-08,26,2026-09-08T11:59:00Z,2026-09-08T12:00:00Z,138,137
T_SGRWO-3,SGRWO-3,2026-09-08,27,2026-09-08T12:00:00Z,2026-09-08T12:29:00Z,138,138
T_SGRWO-3,SGRWO-3,2026-09-08,27,2026-09-08T12:29:00Z,2026-09-08T12:30:00Z,138,137
T_SGRWO-3,SGRWO-3,2026-09-08,28,2026-09-08T12:30:00Z,2026-09-08T13:00:00Z,137,137
T_SGRWO-3,SGRWO-3,2026-09-08,29,2026-09-08T13:00:00Z,2026-09-08T13:30:00Z,137,137
T_SGRWO-3,SGRWO-3,2026-09-08,30,2026-09-08T13:30:00Z,2026-09-08T13:59:00Z,138,138
T_SGRWO-3,SGRWO-3,2026-09-08,30,2026-09-08T13:59:00Z,2026-09-08T14:00:00Z,138,137
T_SGRWO-3,SGRWO-3,2026-09-08,31,2026-09-08T14:00:00Z,2026-09-08T14:30:00Z,138,138
T_SGRWO-3,SGRWO-3,2026-09-08,32,2026-09-08T14:30:00Z,2026-09-08T14:59:00Z,138,138
T_SGRWO-3,SGRWO-3,2026-09-08,32,2026-09-08T14:59:00Z,2026-09-08T15:00:00Z,138,137
T_SGRWO-3,SGRWO-3,2026-09-08,33,2026-09-08T15:00:00Z,2026-09-08T15:29:00Z,136,136
T_SGRWO-3,SGRWO-3,2026-09-08,33,2026-09-08T15:29:00Z,2026-09-08T15:30:00Z,136,138
T_SGRWO-3,SGRWO-3,2026-09-08,34,2026-09-08T15:30:00Z,2026-09-08T15:59:00Z,138,138
T_SGRWO-3,SGRWO-3,2026-09-08,34,2026-09-08T15:59:00Z,2026-09-08T16:00:00Z,138,139
T_SGRWO-3,SGRWO-3,2026-09-08,35,2026-09-08T16:00:00Z,2026-09-08T16:30:00Z,140,140
T_SGRWO-3,SGRWO-3,2026-09-08,36,2026-09-08T16:30:00Z,2026-09-08T17:00:00Z,140,140
T_SGRWO-3,SGRWO-3,2026-09-08,37,2026-09-08T17:00:00Z,2026-09-08T17:29:00Z,139,139
T_SGRWO-3,SGRWO-3,2026-09-08,37,2026-09-08T17:29:00Z,2026-09-08T17:30:00Z,139,140
T_SGRWO-3,SGRWO-3,2026-09-08,38,2026-09-08T17:30:00Z,2026-09-08T18:00:00Z,140,140
T_SGRWO-3,SGRWO-3,2026-09-08,39,2026-09-08T18:00:00Z,2026-09-08T18:30:00Z,140,140
T_SGRWO-3,SGRWO-3,2026-09-08,40,2026-09-08T18:30:00Z,2026-09-08T19:00:00Z,140,140
T_SGRWO-3,SGRWO-3,2026-09-08,41,2026-09-08T19:00:00Z,2026-09-08T19:30:00Z,140,140
T_SGRWO-3,SGRWO-3,2026-09-08,42,2026-09-08T19:30:00Z,2026-09-08T20:00:00Z,140,140
T_SGRWO-3,SGRWO-3,2026-09-08,43,2026-09-08T20:00:00Z,2026-09-08T20:30:00Z,140,140
T_SGRWO-3,SGRWO-3,2026-09-08,44,2026-09-08T20:30:00Z,2026-09-08T21:00:00Z,140,140
T_SGRWO-3,SGRWO-3,2026-09-08,45,2026-09-08T21:00:00Z,2026-09-08T21:29:00Z,140,140
T_SGRWO-3,SGRWO-3,2026-09-08,45,2026-09-08T21:29:00Z,2026-09-08T21:30:00Z,140,139
T_SGRWO-3,SGRWO-3,2026-09-08,46,2026-09-08T21:30:00Z,2026-09-08T22:00:00Z,139,139
T_SGRWO-3,SGRWO-3,2026-09-08,47,2026-09-08T22:00:00Z,2026-09-08T22:30:00Z,139,139
T_SGRWO-3,SGRWO-3,2026-09-08,48,2026-09-08T22:30:00Z,2026-09-08T23:00:00Z,139,139
T_SGRWO-4,SGRWO-4,2026-09-08,1,2026-09-07T23:00:00Z,2026-09-07T23:30:00Z,128,128
T_SGRWO-4,SGRWO-4,2026-09-08,2,2026-09-07T23:30:00Z,2026-09-07T23:59:00Z,128,128
T_SGRWO-4,SGRWO-4,2026-09-08,2,2026-09-07T23:59:00Z,2026-09-08T00:00:00Z,128,127
T_SGRWO-4,SGRWO-4,2026-09-08,3,2026-09-08T00:00:00Z,2026-09-08T00:29:00Z,128,128
T_SGRWO-4,SGRWO-4,2026-09-08,3,2026-09-08T00:29:00Z,2026-09-08T00:30:00Z,128,129
T_SGRWO-4,SGRWO-4,2026-09-08,4,2026-09-08T00:30:00Z,2026-09-08T00:59:00Z,129,129
T_SGRWO-4,SGRWO-4,2026-09-08,4,2026-09-08T00:59:00Z,2026-09-08T01:00:00Z,129,130
T_SGRWO-4,SGRWO-4,2026-09-08,5,2026-09-08T01:00:00Z,2026-09-08T01:29:00Z,130,130
T_SGRWO-4,SGRWO-4,2026-09-08,5,2026-09-08T01:29:00Z,2026-09-08T01:30:00Z,130,131
T_SGRWO-4,SGRWO-4,2026-09-08,6,2026-09-08T01:30:00Z,2026-09-08T01:59:00Z,131,131
T_SGRWO-4,SGRWO-4,2026-09-08,6,2026-09-08T01:59:00Z,2026-09-08T02:00:00Z,131,132
T_SGRWO-4,SGRWO-4,2026-09-08,7,2026-09-08T02:00:00Z,2026-09-08T02:30:00Z,132,132
T_SGRWO-4,SGRWO-4,2026-09-08,8,2026-09-08T02:30:00Z,2026-09-08T02:59:00Z,132,132
T_SGRWO-4,SGRWO-4,2026-09-08,8,2026-09-08T02:59:00Z,2026-09-08T03:00:00Z,132,133
T_SGRWO-4,SGRWO-4,2026-09-08,9,2026-09-08T03:00:00Z,2026-09-08T03:30:00Z,132,132
T_SGRWO-4,SGRWO-4,2026-09-08,10,2026-09-08T03:30:00Z,2026-09-08T03:59:00Z,132,132
T_SGRWO-4,SGRWO-4,2026-09-08,10,2026-09-08T03:59:00Z,2026-09-08T04:00:00Z,132,133
T_SGRWO-4,SGRWO-4,2026-09-08,11,2026-09-08T04:00:00Z,2026-09-08T04:30:00Z,132,132
T_SGRWO-4,SGRWO-4,2026-09-08,12,2026-09-08T04:30:00Z,2026-09-08T04:59:00Z,132,132
T_SGRWO-4,SGRWO-4,2026-09-08,12,2026-09-08T04:59:00Z,2026-09-08T05:00:00Z,132,133
T_SGRWO-4,SGRWO-4,2026-09-08,13,2026-09-08T05:00:00Z,2026-09-08T05:30:00Z,132,132
T_SGRWO-4,SGRWO-4,2026-09-08,14,2026-09-08T05:30:00Z,2026-09-08T05:59:00Z,132,132
T_SGRWO-4,SGRWO-4,2026-09-08,14,2026-09-08T05:59:00Z,2026-09-08T06:00:00Z,132,133
T_SGRWO-4,SGRWO-4,2026-09-08,15,2026-09-08T06:00:00Z,2026-09-08T06:29:00Z,132,132
T_SGRWO-4,SGRWO-4,2026-09-08,15,2026-09-08T06:29:00Z,2026-09-08T06:30:00Z,132,133
T_SGRWO-4,SGRWO-4,2026-09-08,16,2026-09-08T06:30:00Z,2026-09-08T07:00:00Z,133,133
T_SGRWO-4,SGRWO-4,2026-09-08,17,2026-09-08T07:00:00Z,2026-09-08T07:29:00Z,132,132
T_SGRWO-4,SGRWO-4,2026-09-08,17,2026-09-08T07:29:00Z,2026-09-08T07:30:00Z,132,133
T_SGRWO-4,SGRWO-4,2026-09-08,18,2026-09-08T07:30:00Z,2026-09-08T08:00:00Z,133,133
T_SGRWO-4,SGRWO-4,2026-09-08,19,2026-09-08T08:00:00Z,2026-09-08T08:29:00Z,132,132
T_SGRWO-4,SGRWO-4,2026-09-08,19,2026-09-08T08:29:00Z,2026-09-08T08:30:00Z,132,133
T_SGRWO-4,SGRWO-4,2026-09-08,20,2026-09-08T08:30:00Z,2026-09-08T09:00:00Z,133,133
T_SGRWO-4,SGRWO-4,2026-09-08,21,2026-09-08T09:00:00Z,2026-09-08T09:29:00Z,132,132
T_SGRWO-4,SGRWO-4,2026-09-08,21,2026-09-08T09:29:00Z,2026-09-08T09:30:00Z,132,133
T_SGRWO-4,SGRWO-4,2026-09-08,22,2026-09-08T09:30:00Z,2026-09-08T10:00:00Z,133,133
T_SGRWO-4,SGRWO-4,2026-09-08,23,2026-09-08T10:00:00Z,2026-09-08T10:30:00Z,132,132
T_SGRWO-4,SGRWO-4,2026-09-08,24,2026-09-08T10:30:00Z,2026-09-08T11:00:00Z,132,132
T_SGRWO-4,SGRWO-4,2026-09-08,25,2026-09-08T11:00:00Z,2026-09-08T11:29:00Z,132,132
T_SGRWO-4,SGRWO-4,2026-09-08,25,2026-09-08T11:29:00Z,2026-09-08T11:30:00Z,132,131
T_SGRWO-4,SGRWO-4,2026-09-08,26,2026-09-08T11:30:00Z,2026-09-08T11:59:00Z,131,131
T_SGRWO-4,SGRWO-4,2026-09-08,26,2026-09-08T11:59:00Z,2026-09-08T12:00:00Z,131,130
T_SGRWO-4,SGRWO-4,2026-09-08,27,2026-09-08T12:00:00Z,2026-09-08T12:30:00Z,130,130
T_SGRWO-4,SGRWO-4,2026-09-08,28,2026-09-08T12:30:00Z,2026-09-08T12:59:00Z,130,130
T_SGRWO-4,SGRWO-4,2026-09-08,28,2026-09-08T12:59:00Z,2026-09-08T13:00:00Z,130,131
T_SGRWO-4,SGRWO-4,2026-09-08,29,2026-09-08T13:00:00Z,2026-09-08T13:30:00Z,131,131
T_SGRWO-4,SGRWO-4,2026-09-08,30,2026-09-08T13:30:00Z,2026-09-08T14:00:00Z,131,131
T_SGRWO-4,SGRWO-4,2026-09-08,31,2026-09-08T14:00:00Z,2026-09-08T14:30:00Z,131,131
T_SGRWO-4,SGRWO-4,2026-09-08,32,2026-09-08T14:30:00Z,2026-09-08T15:00:00Z,131,131
T_SGRWO-4,SGRWO-4,2026-09-08,33,2026-09-08T15:00:00Z,2026-09-08T15:29:00Z,129,129
T_SGRWO-4,SGRWO-4,2026-09-08,33,2026-09-08T15:29:00Z,2026-09-08T15:30:00Z,129,131
T_SGRWO-4,SGRWO-4,2026-09-08,34,2026-09-08T15:30:00Z,2026-09-08T15:59:00Z,131,131
T_SGRWO-4,SGRWO-4,2026-09-08,34,2026-09-08T15:59:00Z,2026-09-08T16:00:00Z,131,132
T_SGRWO-4,SGRWO-4,2026-09-08,35,2026-09-08T16:00:00Z,2026-09-08T16:30:00Z,132,132
T_SGRWO-4,SGRWO-4,2026-09-08,36,2026-09-08T16:30:00Z,2026-09-08T17:00:00Z,132,132
T_SGRWO-4,SGRWO-4,2026-09-08,37,2026-09-08T17:00:00Z,2026-09-08T17:30:00Z,132,132
T_SGRWO-4,SGRWO-4,2026-09-08,38,2026-09-08T17:30:00Z,2026-09-08T18:00:00Z,132,132
T_SGRWO-4,SGRWO-4,2026-09-08,39,2026-09-08T18:00:00Z,2026-09-08T18:30:00Z,132,132
T_SGRWO-4,SGRWO-4,2026-09-08,40,2026-09-08T18:30:00Z,2026-09-08T19:00:00Z,132,132
T_SGRWO-4,SGRWO-4,2026-09-08,41,2026-09-08T19:00:00Z,2026-09-08T19:29:00Z,132,132
T_SGRWO-4,SGRWO-4,2026-09-08,41,2026-09-08T19:29:00Z,2026-09-08T19:30:00Z,132,133
T_SGRWO-4,SGRWO-4,2026-09-08,42,2026-09-08T19:30:00Z,2026-09-08T20:00:00Z,133,133
T_SGRWO-4,SGRWO-4,2026-09-08,43,2026-09-08T20:00:00Z,2026-09-08T20:30:00Z,133,133
T_SGRWO-4,SGRWO-4,2026-09-08,44,2026-09-08T20:30:00Z,2026-09-08T21:00:00Z,133,133
T_SGRWO-4,SGRWO-4,2026-09-08,45,2026-09-08T21:00:00Z,2026-09-08T21:30:00Z,133,133
T_SGRWO-4,SGRWO-4,2026-09-08,46,2026-09-08T21:30:00Z,2026-09-08T22:00:00Z,133,133
T_SGRWO-4,SGRWO-4,2026-09-08,47,2026-09-08T22:00:00Z,2026-09-08T22:30:00Z,133,133
T_SGRWO-4,SGRWO-4,2026-09-08,48,2026-09-08T22:30:00Z,2026-09-08T23:00:00Z,133,133
T_SGRWO-5,SGRWO-5,2026-09-08,1,2026-09-07T23:00:00Z,2026-09-07T23:30:00Z,72,72
T_SGRWO-5,SGRWO-5,2026-09-08,2,2026-09-07T23:30:00Z,2026-09-07T23:59:00Z,72,72
T_SGRWO-5,SGRWO-5,2026-09-08,2,2026-09-07T23:59:00Z,2026-09-08T00:00:00Z,72,71
T_SGRWO-5,SGRWO-5,2026-09-08,3,2026-09-08T00:00:00Z,2026-09-08T00:29:00Z,71,71
T_SGRWO-5,SGRWO-5,2026-09-08,3,2026-09-08T00:29:00Z,2026-09-08T00:30:00Z,71,72
T_SGRWO-5,SGRWO-5,2026-09-08,4,2026-09-08T00:30:00Z,2026-09-08T00:59:00Z,72,72
T_SGRWO-5,SGRWO-5,2026-09-08,4,2026-09-08T00:59:00Z,2026-09-08T01:00:00Z,72,73
T_SGRWO-5,SGRWO-5,2026-09-08,5,2026-09-08T01:00:00Z,2026-09-08T01:29:00Z,73,73
T_SGRWO-5,SGRWO-5,2026-09-08,5,2026-09-08T01:29:00Z,2026-09-08T01:30:00Z,73,74
T_SGRWO-5,SGRWO-5,2026-09-08,6,2026-09-08T01:30:00Z,2026-09-08T01:59:00Z,74,74
T_SGRWO-5,SGRWO-5,2026-09-08,6,2026-09-08T01:59:00Z,2026-09-08T02:00:00Z,74,75
T_SGRWO-5,SGRWO-5,2026-09-08,7,2026-09-08T02:00:00Z,2026-09-08T02:30:00Z,75,75
T_SGRWO-5,SGRWO-5,2026-09-08,8,2026-09-08T02:30:00Z,2026-09-08T03:00:00Z,75,75
T_SGRWO-5,SGRWO-5,2026-09-08,9,2026-09-08T03:00:00Z,2026-09-08T03:30:00Z,75,75
T_SGRWO-5,SGRWO-5,2026-09-08,10,2026-09-08T03:30:00Z,2026-09-08T04:00:00Z,75,75
T_SGRWO-5,SGRWO-5,2026-09-08,11,2026-09-08T04:00:00Z,2026-09-08T04:30:00Z,75,75
T_SGRWO-5,SGRWO-5,2026-09-08,12,2026-09-08T04:30:00Z,2026-09-08T05:00:00Z,75,75
T_SGRWO-5,SGRWO-5,2026-09-08,13,2026-09-08T05:00:00Z,2026-09-08T05:30:00Z,75,75
T_SGRWO-5,SGRWO-5,2026-09-08,14,2026-09-08T05:30:00Z,2026-09-08T06:00:00Z,75,75
T_SGRWO-5,SGRWO-5,2026-09-08,15,2026-09-08T06:00:00Z,2026-09-08T06:30:00Z,75,75
T_SGRWO-5,SGRWO-5,2026-09-08,16,2026-09-08T06:30:00Z,2026-09-08T07:00:00Z,75,75
T_SGRWO-5,SGRWO-5,2026-09-08,17,2026-09-08T07:00:00Z,2026-09-08T07:30:00Z,75,75
T_SGRWO-5,SGRWO-5,2026-09-08,18,2026-09-08T07:30:00Z,2026-09-08T08:00:00Z,75,75
T_SGRWO-5,SGRWO-5,2026-09-08,19,2026-09-08T08:00:00Z,2026-09-08T08:30:00Z,75,75
T_SGRWO-5,SGRWO-5,2026-09-08,20,2026-09-08T08:30:00Z,2026-09-08T09:00:00Z,75,75
T_SGRWO-5,SGRWO-5,2026-09-08,21,2026-09-08T09:00:00Z,2026-09-08T09:30:00Z,75,75
T_SGRWO-5,SGRWO-5,2026-09-08,22,2026-09-08T09:30:00Z,2026-09-08T10:00:00Z,75,75
T_SGRWO-5,SGRWO-5,2026-09-08,23,2026-09-08T10:00:00Z,2026-09-08T10:30:00Z,75,75
T_SGRWO-5,SGRWO-5,2026-09-08,24,2026-09-08T10:30:00Z,2026-09-08T10:59:00Z,75,75
T_SGRWO-5,SGRWO-5,2026-09-08,24,2026-09-08T10:59:00Z,2026-09-08T11:00:00Z,75,74
T_SGRWO-5,SGRWO-5,2026-09-08,25,2026-09-08T11:00:00Z,2026-09-08T11:29:00Z,75,75
T_SGRWO-5,SGRWO-5,2026-09-08,25,2026-09-08T11:29:00Z,2026-09-08T11:30:00Z,75,74
T_SGRWO-5,SGRWO-5,2026-09-08,26,2026-09-08T11:30:00Z,2026-09-08T12:00:00Z,74,74
T_SGRWO-5,SGRWO-5,2026-09-08,27,2026-09-08T12:00:00Z,2026-09-08T12:30:00Z,74,74
T_SGRWO-5,SGRWO-5,2026-09-08,28,2026-09-08T12:30:00Z,2026-09-08T13:00:00Z,74,74
T_SGRWO-5,SGRWO-5,2026-09-08,29,2026-09-08T13:00:00Z,2026-09-08T13:30:00Z,74,74
T_SGRWO-5,SGRWO-5,2026-09-08,30,2026-09-08T13:30:00Z,2026-09-08T14:00:00Z,74,74
T_SGRWO-5,SGRWO-5,2026-09-08,31,2026-09-08T14:00:00Z,2026-09-08T14:30:00Z,74,74
T_SGRWO-5,SGRWO-5,2026-09-08,32,2026-09-08T14:30:00Z,2026-09-08T15:00:00Z,74,74
T_SGRWO-5,SGRWO-5,2026-09-08,33,2026-09-08T15:00:00Z,2026-09-08T15:29:00Z,73,73
T_SGRWO-5,SGRWO-5,2026-09-08,33,2026-09-08T15:29:00Z,2026-09-08T15:30:00Z,73,74
T_SGRWO-5,SGRWO-5,2026-09-08,34,2026-09-08T15:30:00Z,2026-09-08T15:59:00Z,74,74
T_SGRWO-5,SGRWO-5,2026-09-08,34,2026-09-08T15:59:00Z,2026-09-08T16:00:00Z,74,75
T_SGRWO-5,SGRWO-5,2026-09-08,35,2026-09-08T16:00:00Z,2026-09-08T16:30:00Z,75,75
T_SGRWO-5,SGRWO-5,2026-09-08,36,2026-09-08T16:30:00Z,2026-09-08T17:00:00Z,75,75
T_SGRWO-5,SGRWO-5,2026-09-08,37,2026-09-08T17:00:00Z,2026-09-08T17:30:00Z,75,75
T_SGRWO-5,SGRWO-5,2026-09-08,38,2026-09-08T17:30:00Z,2026-09-08T18:00:00Z,75,75
T_SGRWO-5,SGRWO-5,2026-09-08,39,2026-09-08T18:00:00Z,2026-09-08T18:30:00Z,75,75
T_SGRWO-5,SGRWO-5,2026-09-08,40,2026-09-08T18:30:00Z,2026-09-08T19:00:00Z,75,75
T_SGRWO-5,SGRWO-5,2026-09-08,41,2026-09-08T19:00:00Z,2026-09-08T19:30:00Z,75,75
T_SGRWO-5,SGRWO-5,2026-09-08,42,2026-09-08T19:30:00Z,2026-09-08T20:00:00Z,75,75
T_SGRWO-5,SGRWO-5,2026-09-08,43,2026-09-08T20:00:00Z,2026-09-08T20:30:00Z,75,75
T_SGRWO-5,SGRWO-5,2026-09-08,44,2026-09-08T20:30:00Z,2026-09-08T21:00:00Z,75,75
T_SGRWO-5,SGRWO-5,2026-09-08,45,2026-09-08T21:00:00Z,2026-09-08T21:30:00Z,75,75
T_SGRWO-5,SGRWO-5,2026-09-08,46,2026-09-08T21:30:00Z,2026-09-08T22:00:00Z,75,75
T_SGRWO-5,SGRWO-5,2026-09-08,47,2026-09-08T22:00:00Z,2026-09-08T22:30:00Z,75,75
T_SGRWO-5,SGRWO-5,2026-09-08,48,2026-09-08T22:30:00Z,2026-09-08T23:00:00Z,75,75
T_SGRWO-6,SGRWO-6,2026-09-08,1,2026-09-07T23:00:00Z,2026-09-07T23:29:00Z,327,327
T_SGRWO-6,SGRWO-6,2026-09-08,1,2026-09-07T23:29:00Z,2026-09-07T23:30:00Z,327,326
T_SGRWO-6,SGRWO-6,2026-09-08,2,2026-09-07T23:30:00Z,2026-09-07T23:59:00Z,326,326
T_SGRWO-6,SGRWO-6,2026-09-08,2,2026-09-07T23:59:00Z,2026-09-08T00:00:00Z,326,333
T_SGRWO-6,SGRWO-6,2026-09-08,3,2026-09-08T00:00:00Z,2026-09-08T00:29:00Z,330,330
T_SGRWO-6,SGRWO-6,2026-09-08,3,2026-09-08T00:29:00Z,2026-09-08T00:30:00Z,330,336
T_SGRWO-6,SGRWO-6,2026-09-08,4,2026-09-08T00:30:00Z,2026-09-08T00:59:00Z,336,336
T_SGRWO-6,SGRWO-6,2026-09-08,4,2026-09-08T00:59:00Z,2026-09-08T01:00:00Z,336,341
T_SGRWO-6,SGRWO-6,2026-09-08,5,2026-09-08T01:00:00Z,2026-09-08T01:29:00Z,340,340
T_SGRWO-6,SGRWO-6,2026-09-08,5,2026-09-08T01:29:00Z,2026-09-08T01:30:00Z,340,343
T_SGRWO-6,SGRWO-6,2026-09-08,6,2026-09-08T01:30:00Z,2026-09-08T01:59:00Z,343,343
T_SGRWO-6,SGRWO-6,2026-09-08,6,2026-09-08T01:59:00Z,2026-09-08T02:00:00Z,343,346
T_SGRWO-6,SGRWO-6,2026-09-08,7,2026-09-08T02:00:00Z,2026-09-08T02:29:00Z,346,346
T_SGRWO-6,SGRWO-6,2026-09-08,7,2026-09-08T02:29:00Z,2026-09-08T02:30:00Z,346,349
T_SGRWO-6,SGRWO-6,2026-09-08,8,2026-09-08T02:30:00Z,2026-09-08T02:59:00Z,349,349
T_SGRWO-6,SGRWO-6,2026-09-08,8,2026-09-08T02:59:00Z,2026-09-08T03:00:00Z,349,351
T_SGRWO-6,SGRWO-6,2026-09-08,9,2026-09-08T03:00:00Z,2026-09-08T03:30:00Z,351,351
T_SGRWO-6,SGRWO-6,2026-09-08,10,2026-09-08T03:30:00Z,2026-09-08T03:59:00Z,351,351
T_SGRWO-6,SGRWO-6,2026-09-08,10,2026-09-08T03:59:00Z,2026-09-08T04:00:00Z,351,352
T_SGRWO-6,SGRWO-6,2026-09-08,11,2026-09-08T04:00:00Z,2026-09-08T04:30:00Z,352,352
T_SGRWO-6,SGRWO-6,2026-09-08,12,2026-09-08T04:30:00Z,2026-09-08T05:00:00Z,352,352
T_SGRWO-6,SGRWO-6,2026-09-08,13,2026-09-08T05:00:00Z,2026-09-08T05:30:00Z,353,353
T_SGRWO-6,SGRWO-6,2026-09-08,14,2026-09-08T05:30:00Z,2026-09-08T06:00:00Z,353,353
T_SGRWO-6,SGRWO-6,2026-09-08,15,2026-09-08T06:00:00Z,2026-09-08T06:30:00Z,353,353
T_SGRWO-6,SGRWO-6,2026-09-08,16,2026-09-08T06:30:00Z,2026-09-08T07:00:00Z,353,353
T_SGRWO-6,SGRWO-6,2026-09-08,17,2026-09-08T07:00:00Z,2026-09-08T07:29:00Z,353,353
T_SGRWO-6,SGRWO-6,2026-09-08,17,2026-09-08T07:29:00Z,2026-09-08T07:30:00Z,353,352
T_SGRWO-6,SGRWO-6,2026-09-08,18,2026-09-08T07:30:00Z,2026-09-08T08:00:00Z,352,352
T_SGRWO-6,SGRWO-6,2026-09-08,19,2026-09-08T08:00:00Z,2026-09-08T08:29:00Z,352,352
T_SGRWO-6,SGRWO-6,2026-09-08,19,2026-09-08T08:29:00Z,2026-09-08T08:30:00Z,352,351
T_SGRWO-6,SGRWO-6,2026-09-08,20,2026-09-08T08:30:00Z,2026-09-08T08:59:00Z,351,351
T_SGRWO-6,SGRWO-6,2026-09-08,20,2026-09-08T08:59:00Z,2026-09-08T09:00:00Z,351,350
T_SGRWO-6,SGRWO-6,2026-09-08,21,2026-09-08T09:00:00Z,2026-09-08T09:30:00Z,350,350
T_SGRWO-6,SGRWO-6,2026-09-08,22,2026-09-08T09:30:00Z,2026-09-08T09:59:00Z,350,350
T_SGRWO-6,SGRWO-6,2026-09-08,22,2026-09-08T09:59:00Z,2026-09-08T10:00:00Z,350,349
T_SGRWO-6,SGRWO-6,2026-09-08,23,2026-09-08T10:00:00Z,2026-09-08T10:29:00Z,348,348
T_SGRWO-6,SGRWO-6,2026-09-08,23,2026-09-08T10:29:00Z,2026-09-08T10:30:00Z,348,347
T_SGRWO-6,SGRWO-6,2026-09-08,24,2026-09-08T10:30:00Z,2026-09-08T10:59:00Z,347,347
T_SGRWO-6,SGRWO-6,2026-09-08,24,2026-09-08T10:59:00Z,2026-09-08T11:00:00Z,347,346
T_SGRWO-6,SGRWO-6,2026-09-08,25,2026-09-08T11:00:00Z,2026-09-08T11:29:00Z,346,346
T_SGRWO-6,SGRWO-6,2026-09-08,25,2026-09-08T11:29:00Z,2026-09-08T11:30:00Z,346,345
T_SGRWO-6,SGRWO-6,2026-09-08,26,2026-09-08T11:30:00Z,2026-09-08T11:59:00Z,345,345
T_SGRWO-6,SGRWO-6,2026-09-08,26,2026-09-08T11:59:00Z,2026-09-08T12:00:00Z,345,344
T_SGRWO-6,SGRWO-6,2026-09-08,27,2026-09-08T12:00:00Z,2026-09-08T12:30:00Z,343,343
T_SGRWO-6,SGRWO-6,2026-09-08,28,2026-09-08T12:30:00Z,2026-09-08T12:59:00Z,343,343
T_SGRWO-6,SGRWO-6,2026-09-08,28,2026-09-08T12:59:00Z,2026-09-08T13:00:00Z,343,344
T_SGRWO-6,SGRWO-6,2026-09-08,29,2026-09-08T13:00:00Z,2026-09-08T13:30:00Z,344,344
T_SGRWO-6,SGRWO-6,2026-09-08,30,2026-09-08T13:30:00Z,2026-09-08T14:00:00Z,344,344
T_SGRWO-6,SGRWO-6,2026-09-08,31,2026-09-08T14:00:00Z,2026-09-08T14:29:00Z,343,343
T_SGRWO-6,SGRWO-6,2026-09-08,31,2026-09-08T14:29:00Z,2026-09-08T14:30:00Z,343,344
T_SGRWO-6,SGRWO-6,2026-09-08,32,2026-09-08T14:30:00Z,2026-09-08T15:00:00Z,344,344
T_SGRWO-6,SGRWO-6,2026-09-08,33,2026-09-08T15:00:00Z,2026-09-08T15:29:00Z,332,332
T_SGRWO-6,SGRWO-6,2026-09-08,33,2026-09-08T15:29:00Z,2026-09-08T15:30:00Z,332,336
T_SGRWO-6,SGRWO-6,2026-09-08,34,2026-09-08T15:30:00Z,2026-09-08T15:59:00Z,336,336
T_SGRWO-6,SGRWO-6,2026-09-08,34,2026-09-08T15:59:00Z,2026-09-08T16:00:00Z,336,340
T_SGRWO-6,SGRWO-6,2026-09-08,35,2026-09-08T16:00:00Z,2026-09-08T16:29:00Z,340,340
T_SGRWO-6,SGRWO-6,2026-09-08,35,2026-09-08T16:29:00Z,2026-09-08T16:30:00Z,340,343
T_SGRWO-6,SGRWO-6,2026-09-08,36,2026-09-08T16:30:00Z,2026-09-08T16:59:00Z,343,343
T_SGRWO-6,SGRWO-6,2026-09-08,36,2026-09-08T16:59:00Z,2026-09-08T17:00:00Z,343,345
T_SGRWO-6,SGRWO-6,2026-09-08,37,2026-09-08T17:00:00Z,2026-09-08T17:29:00Z,346,346
T_SGRWO-6,SGRWO-6,2026-09-08,37,2026-09-08T17:29:00Z,2026-09-08T17:30:00Z,346,348
T_SGRWO-6,SGRWO-6,2026-09-08,38,2026-09-08T17:30:00Z,2026-09-08T17:59:00Z,348,348
T_SGRWO-6,SGRWO-6,2026-09-08,38,2026-09-08T17:59:00Z,2026-09-08T18:00:00Z,348,350
T_SGRWO-6,SGRWO-6,2026-09-08,39,2026-09-08T18:00:00Z,2026-09-08T18:30:00Z,358,358
T_SGRWO-6,SGRWO-6,2026-09-08,40,2026-09-08T18:30:00Z,2026-09-08T19:00:00Z,358,358
T_SGRWO-6,SGRWO-6,2026-09-08,41,2026-09-08T19:00:00Z,2026-09-08T19:30:00Z,358,358
T_SGRWO-6,SGRWO-6,2026-09-08,42,2026-09-08T19:30:00Z,2026-09-08T20:00:00Z,358,358
T_SGRWO-6,SGRWO-6,2026-09-08,43,2026-09-08T20:00:00Z,2026-09-08T20:29:00Z,358,358
T_SGRWO-6,SGRWO-6,2026-09-08,43,2026-09-08T20:29:00Z,2026-09-08T20:30:00Z,358,357
T_SGRWO-6,SGRWO-6,2026-09-08,44,2026-09-08T20:30:00Z,2026-09-08T21:00:00Z,357,357
T_SGRWO-6,SGRWO-6,2026-09-08,45,2026-09-08T21:00:00Z,2026-09-08T21:29:00Z,357,357
T_SGRWO-6,SGRWO-6,2026-09-08,45,2026-09-08T21:29:00Z,2026-09-08T21:30:00Z,357,355
T_SGRWO-6,SGRWO-6,2026-09-08,46,2026-09-08T21:30:00Z,2026-09-08T21:59:00Z,355,355
T_SGRWO-6,SGRWO-6,2026-09-08,46,2026-09-08T21:59:00Z,2026-09-08T22:00:00Z,355,354
T_SGRWO-6,SGRWO-6,2026-09-08,47,2026-09-08T22:00:00Z,2026-09-08T22:29:00Z,354,354
T_SGRWO-6,SGRWO-6,2026-09-08,47,2026-09-08T22:29:00Z,2026-09-08T22:30:00Z,354,353
T_SGRWO-6,SGRWO-6,2026-09-08,48,2026-09-08T22:30:00Z,2026-09-08T22:59:00Z,353,353
T_SGRWO-6,SGRWO-6,2026-09-08,48,2026-09-08T22:59:00Z,2026-09-08T23:00:00Z,353,351
T_SHRSW-1,SHRSO-1,2026-09-08,1,2026-09-07T23:00:00Z,2026-09-07T23:30:00Z,91,91
T_SHRSW-1,SHRSO-1,2026-09-08,2,2026-09-07T23:30:00Z,2026-09-08T00:00:00Z,78,78
T_SHRSW-1,SHRSO-1,2026-09-08,3,2026-09-08T00:00:00Z,2026-09-08T00:30:00Z,98,98
T_SHRSW-1,SHRSO-1,2026-09-08,4,2026-09-08T00:30:00Z,2026-09-08T01:00:00Z,100,100
T_SHRSW-1,SHRSO-1,2026-09-08,5,2026-09-08T01:00:00Z,2026-09-08T01:30:00Z,109,109
T_SHRSW-1,SHRSO-1,2026-09-08,6,2026-09-08T01:30:00Z,2026-09-08T02:00:00Z,102,102
T_SHRSW-1,SHRSO-1,2026-09-08,7,2026-09-08T02:00:00Z,2026-09-08T02:30:00Z,97,97
T_SHRSW-1,SHRSO-1,2026-09-08,8,2026-09-08T02:30:00Z,2026-09-08T03:00:00Z,121,121
T_SHRSW-1,SHRSO-1,2026-09-08,9,2026-09-08T03:00:00Z,2026-09-08T03:30:00Z,126,126
T_SHRSW-1,SHRSO-1,2026-09-08,10,2026-09-08T03:30:00Z,2026-09-08T04:00:00Z,120,120
T_SHRSW-1,SHRSO-1,2026-09-08,11,2026-09-08T04:00:00Z,2026-09-08T04:30:00Z,119,119
T_SHRSW-1,SHRSO-1,2026-09-08,12,2026-09-08T04:30:00Z,2026-09-08T05:00:00Z,121,121
T_SHRSW-1,SHRSO-1,2026-09-08,13,2026-09-08T05:00:00Z,2026-09-08T05:30:00Z,120,120
T_SHRSW-1,SHRSO-1,2026-09-08,14,2026-09-08T05:30:00Z,2026-09-08T06:00:00Z,120,120
T_SHRSW-1,SHRSO-1,2026-09-08,15,2026-09-08T06:00:00Z,2026-09-08T06:30:00Z,117,117
T_SHRSW-1,SHRSO-1,2026-09-08,16,2026-09-08T06:30:00Z,2026-09-08T07:00:00Z,112,112
T_SHRSW-1,SHRSO-1,2026-09-08,17,2026-09-08T07:00:00Z,2026-09-08T07:30:00Z,102,102
T_SHRSW-1,SHRSO-1,2026-09-08,18,2026-09-08T07:30:00Z,2026-09-08T08:00:00Z,88,88
T_SHRSW-1,SHRSO-1,2026-09-08,19,2026-09-08T08:00:00Z,2026-09-08T08:30:00Z,85,85
T_SHRSW-1,SHRSO-1,2026-09-08,20,2026-09-08T08:30:00Z,2026-09-08T09:00:00Z,78,78
T_SHRSW-1,SHRSO-1,2026-09-08,21,2026-09-08T09:00:00Z,2026-09-08T09:30:00Z,77,77
T_SHRSW-1,SHRSO-1,2026-09-08,22,2026-09-08T09:30:00Z,2026-09-08T10:00:00Z,73,73
T_SHRSW-1,SHRSO-1,2026-09-08,23,2026-09-08T10:00:00Z,2026-09-08T10:30:00Z,56,56
T_SHRSW-1,SHRSO-1,2026-09-08,24,2026-09-08T10:30:00Z,2026-09-08T11:00:00Z,49,49
T_SHRSW-1,SHRSO-1,2026-09-08,25,2026-09-08T11:00:00Z,2026-09-08T11:30:00Z,24,24
T_SHRSW-1,SHRSO-1,2026-09-08,26,2026-09-08T11:30:00Z,2026-09-08T12:00:00Z,16,16
T_SHRSW-1,SHRSO-1,2026-09-08,27,2026-09-08T12:00:00Z,2026-09-08T12:30:00Z,18,18
T_SHRSW-1,SHRSO-1,2026-09-08,28,2026-09-08T12:30:00Z,2026-09-08T13:00:00Z,25,25
T_SHRSW-1,SHRSO-1,2026-09-08,29,2026-09-08T13:00:00Z,2026-09-08T13:30:00Z,36,36
T_SHRSW-1,SHRSO-1,2026-09-08,30,2026-09-08T13:30:00Z,2026-09-08T14:00:00Z,37,37
T_SHRSW-1,SHRSO-1,2026-09-08,31,2026-09-08T14:00:00Z,2026-09-08T14:30:00Z,39,39
T_SHRSW-1,SHRSO-1,2026-09-08,32,2026-09-08T14:30:00Z,2026-09-08T15:00:00Z,37,37
T_SHRSW-1,SHRSO-1,2026-09-08,33,2026-09-08T15:00:00Z,2026-09-08T15:30:00Z,48,48
T_SHRSW-1,SHRSO-1,2026-09-08,34,2026-09-08T15:30:00Z,2026-09-08T16:00:00Z,57,57
T_SHRSW-1,SHRSO-1,2026-09-08,35,2026-09-08T16:00:00Z,2026-09-08T16:30:00Z,78,78
T_SHRSW-1,SHRSO-1,2026-09-08,36,2026-09-08T16:30:00Z,2026-09-08T17:00:00Z,97,97
T_SHRSW-1,SHRSO-1,2026-09-08,37,2026-09-08T17:00:00Z,2026-09-08T17:30:00Z,116,116
T_SHRSW-1,SHRSO-1,2026-09-08,38,2026-09-08T17:30:00Z,2026-09-08T18:00:00Z,131,131
T_SHRSW-1,SHRSO-1,2026-09-08,39,2026-09-08T18:00:00Z,2026-09-08T18:30:00Z,127,127
T_SHRSW-1,SHRSO-1,2026-09-08,40,2026-09-08T18:30:00Z,2026-09-08T19:00:00Z,138,138
T_SHRSW-1,SHRSO-1,2026-09-08,41,2026-09-08T19:00:00Z,2026-09-08T19:30:00Z,137,137
T_SHRSW-1,SHRSO-1,2026-09-08,42,2026-09-08T19:30:00Z,2026-09-08T20:00:00Z,142,142
T_SHRSW-1,SHRSO-1,2026-09-08,43,2026-09-08T20:00:00Z,2026-09-08T20:30:00Z,142,142
T_SHRSW-1,SHRSO-1,2026-09-08,44,2026-09-08T20:30:00Z,2026-09-08T21:00:00Z,142,142
T_SHRSW-1,SHRSO-1,2026-09-08,45,2026-09-08T21:00:00Z,2026-09-08T21:30:00Z,142,142
T_SHRSW-1,SHRSO-1,2026-09-08,46,2026-09-08T21:30:00Z,2026-09-08T22:00:00Z,144,144
T_SHRSW-1,SHRSO-1,2026-09-08,47,2026-09-08T22:00:00Z,2026-09-08T22:30:00Z,144,144
T_SHRSW-1,SHRSO-1,2026-09-08,48,2026-09-08T22:30:00Z,2026-09-08T23:00:00Z,142,142
T_SHRSW-2,SHRSO-2,2026-09-08,1,2026-09-07T23:00:00Z,2026-09-07T23:30:00Z,77,77
T_SHRSW-2,SHRSO-2,2026-09-08,2,2026-09-07T23:30:00Z,2026-09-08T00:00:00Z,72,72
T_SHRSW-2,SHRSO-2,2026-09-08,3,2026-09-08T00:00:00Z,2026-09-08T00:30:00Z,97,97
T_SHRSW-2,SHRSO-2,2026-09-08,4,2026-09-08T00:30:00Z,2026-09-08T01:00:00Z,97,97
T_SHRSW-2,SHRSO-2,2026-09-08,5,2026-09-08T01:00:00Z,2026-09-08T01:30:00Z,111,111
T_SHRSW-2,SHRSO-2,2026-09-08,6,2026-09-08T01:30:00Z,2026-09-08T02:00:00Z,98,98
T_SHRSW-2,SHRSO-2,2026-09-08,7,2026-09-08T02:00:00Z,2026-09-08T02:30:00Z,96,96
T_SHRSW-2,SHRSO-2,2026-09-08,8,2026-09-08T02:30:00Z,2026-09-08T03:00:00Z,114,114
T_SHRSW-2,SHRSO-2,2026-09-08,9,2026-09-08T03:00:00Z,2026-09-08T03:30:00Z,125,125
T_SHRSW-2,SHRSO-2,2026-09-08,10,2026-09-08T03:30:00Z,2026-09-08T04:00:00Z,126,126
T_SHRSW-2,SHRSO-2,2026-09-08,11,2026-09-08T04:00:00Z,2026-09-08T04:30:00Z,122,122
T_SHRSW-2,SHRSO-2,2026-09-08,12,2026-09-08T04:30:00Z,2026-09-08T05:00:00Z,124,124
T_SHRSW-2,SHRSO-2,2026-09-08,13,2026-09-08T05:00:00Z,2026-09-08T05:30:00Z,121,121
T_SHRSW-2,SHRSO-2,2026-09-08,14,2026-09-08T05:30:00Z,2026-09-08T06:00:00Z,120,120
T_SHRSW-2,SHRSO-2,2026-09-08,15,2026-09-08T06:00:00Z,2026-09-08T06:30:00Z,119,119
T_SHRSW-2,SHRSO-2,2026-09-08,16,2026-09-08T06:30:00Z,2026-09-08T07:00:00Z,117,117
T_SHRSW-2,SHRSO-2,2026-09-08,17,2026-09-08T07:00:00Z,2026-09-08T07:30:00Z,110,110
T_SHRSW-2,SHRSO-2,2026-09-08,18,2026-09-08T07:30:00Z,2026-09-08T08:00:00Z,89,89
T_SHRSW-2,SHRSO-2,2026-09-08,19,2026-09-08T08:00:00Z,2026-09-08T08:30:00Z,85,85
T_SHRSW-2,SHRSO-2,2026-09-08,20,2026-09-08T08:30:00Z,2026-09-08T09:00:00Z,78,78
T_SHRSW-2,SHRSO-2,2026-09-08,21,2026-09-08T09:00:00Z,2026-09-08T09:30:00Z,76,76
T_SHRSW-2,SHRSO-2,2026-09-08,22,2026-09-08T09:30:00Z,2026-09-08T10:00:00Z,66,66
T_SHRSW-2,SHRSO-2,2026-09-08,23,2026-09-08T10:00:00Z,2026-09-08T10:30:00Z,55,55
T_SHRSW-2,SHRSO-2,2026-09-08,24,2026-09-08T10:30:00Z,2026-09-08T11:00:00Z,48,48
T_SHRSW-2,SHRSO-2,2026-09-08,25,2026-09-08T11:00:00Z,2026-09-08T11:30:00Z,37,37
T_SHRSW-2,SHRSO-2,2026-09-08,26,2026-09-08T11:30:00Z,2026-09-08T12:00:00Z,12,12
T_SHRSW-2,SHRSO-2,2026-09-08,27,2026-09-08T12:00:00Z,2026-09-08T12:30:00Z,15,15
T_SHRSW-2,SHRSO-2,2026-09-08,28,2026-09-08T12:30:00Z,2026-09-08T13:00:00Z,19,19
T_SHRSW-2,SHRSO-2,2026-09-08,29,2026-09-08T13:00:00Z,2026-09-08T13:30:00Z,30,30
T_SHRSW-2,SHRSO-2,2026-09-08,30,2026-09-08T13:30:00Z,2026-09-08T14:00:00Z,34,34
T_SHRSW-2,SHRSO-2,2026-09-08,31,2026-09-08T14:00:00Z,2026-09-08T14:30:00Z,37,37
T_SHRSW-2,SHRSO-2,2026-09-08,32,2026-09-08T14:30:00Z,2026-09-08T15:00:00Z,36,36
T_SHRSW-2,SHRSO-2,2026-09-08,33,2026-09-08T15:00:00Z,2026-09-08T15:30:00Z,42,42
T_SHRSW-2,SHRSO-2,2026-09-08,34,2026-09-08T15:30:00Z,2026-09-08T16:00:00Z,48,48
T_SHRSW-2,SHRSO-2,2026-09-08,35,2026-09-08T16:00:00Z,2026-09-08T16:30:00Z,63,63
T_SHRSW-2,SHRSO-2,2026-09-08,36,2026-09-08T16:30:00Z,2026-09-08T17:00:00Z,84,84
T_SHRSW-2,SHRSO-2,2026-09-08,37,2026-09-08T17:00:00Z,2026-09-08T17:30:00Z,105,105
T_SHRSW-2,SHRSO-2,2026-09-08,38,2026-09-08T17:30:00Z,2026-09-08T18:00:00Z,133,133
T_SHRSW-2,SHRSO-2,2026-09-08,39,2026-09-08T18:00:00Z,2026-09-08T18:30:00Z,133,133
T_SHRSW-2,SHRSO-2,2026-09-08,40,2026-09-08T18:30:00Z,2026-09-08T19:00:00Z,139,139
T_SHRSW-2,SHRSO-2,2026-09-08,41,2026-09-08T19:00:00Z,2026-09-08T19:30:00Z,137,137
T_SHRSW-2,SHRSO-2,2026-09-08,42,2026-09-08T19:30:00Z,2026-09-08T20:00:00Z,147,147
T_SHRSW-2,SHRSO-2,2026-09-08,43,2026-09-08T20:00:00Z,2026-09-08T20:30:00Z,149,149
T_SHRSW-2,SHRSO-2,2026-09-08,44,2026-09-08T20:30:00Z,2026-09-08T21:00:00Z,149,149
T_SHRSW-2,SHRSO-2,2026-09-08,45,2026-09-08T21:00:00Z,2026-09-08T21:30:00Z,148,148
T_SHRSW-2,SHRSO-2,2026-09-08,46,2026-09-08T21:30:00Z,2026-09-08T22:00:00Z,149,149
T_SHRSW-2,SHRSO-2,2026-09-08,47,2026-09-08T22:00:00Z,2026-09-08T22:30:00Z,149,149
T_SHRSW-2,SHRSO-2,2026-09-08,48,2026-09-08T22:30:00Z,2026-09-08T23:00:00Z,149,149
T_SOFOW-11,SOFWO-11,2026-09-08,1,2026-09-07T23:00:00Z,2026-09-07T23:30:00Z,128,128
T_SOFOW-11,SOFWO-11,2026-09-08,2,2026-09-07T23:30:00Z,2026-09-08T00:00:00Z,128,128
T_SOFOW-11,SOFWO-11,2026-09-08,3,2026-09-08T00:00:00Z,2026-09-08T00:30:00Z,128,128
T_SOFOW-11,SOFWO-11,2026-09-08,4,2026-09-08T00:30:00Z,2026-09-08T01:00:00Z,128,128
T_SOFOW-11,SOFWO-11,2026-09-08,5,2026-09-08T01:00:00Z,2026-09-08T01:30:00Z,128,128
T_SOFOW-11,SOFWO-11,2026-09-08,6,2026-09-08T01:30:00Z,2026-09-08T02:00:00Z,128,128
T_SOFOW-11,SOFWO-11,2026-09-08,7,2026-09-08T02:00:00Z,2026-09-08T02:30:00Z,128,128
T_SOFOW-11,SOFWO-11,2026-09-08,8,2026-09-08T02:30:00Z,2026-09-08T03:00:00Z,128,128
T_SOFOW-11,SOFWO-11,2026-09-08,9,2026-09-08T03:00:00Z,2026-09-08T03:30:00Z,128,128
T_SOFOW-11,SOFWO-11,2026-09-08,10,2026-09-08T03:30:00Z,2026-09-08T04:00:00Z,128,128
T_SOFOW-11,SOFWO-11,2026-09-08,11,2026-09-08T04:00:00Z,2026-09-08T04:30:00Z,128,128
T_SOFOW-11,SOFWO-11,2026-09-08,12,2026-09-08T04:30:00Z,2026-09-08T05:00:00Z,128,128
T_SOFOW-11,SOFWO-11,2026-09-08,13,2026-09-08T05:00:00Z,2026-09-08T05:30:00Z,128,128
T_SOFOW-11,SOFWO-11,2026-09-08,14,2026-09-08T05:30:00Z,2026-09-08T06:00:00Z,128,128
T_SOFOW-11,SOFWO-11,2026-09-08,15,2026-09-08T06:00:00Z,2026-09-08T06:30:00Z,128,128
T_SOFOW-11,SOFWO-11,2026-09-08,16,2026-09-08T06:30:00Z,2026-09-08T07:00:00Z,128,128
T_SOFOW-11,SOFWO-11,2026-09-08,17,2026-09-08T07:00:00Z,2026-09-08T07:30:00Z,128,128
T_SOFOW-11,SOFWO-11,2026-09-08,18,2026-09-08T07:30:00Z,2026-09-08T08:00:00Z,128,128
T_SOFOW-11,SOFWO-11,2026-09-08,19,2026-09-08T08:00:00Z,2026-09-08T08:30:00Z,72,72
T_SOFOW-11,SOFWO-11,2026-09-08,20,2026-09-08T08:30:00Z,2026-09-08T09:00:00Z,72,72
T_SOFOW-11,SOFWO-11,2026-09-08,21,2026-09-08T09:00:00Z,2026-09-08T09:30:00Z,72,72
T_SOFOW-11,SOFWO-11,2026-09-08,22,2026-09-08T09:30:00Z,2026-09-08T10:00:00Z,72,72
T_SOFOW-11,SOFWO-11,2026-09-08,23,2026-09-08T10:00:00Z,2026-09-08T10:30:00Z,72,72
T_SOFOW-11,SOFWO-11,2026-09-08,24,2026-09-08T10:30:00Z,2026-09-08T11:00:00Z,72,72
T_SOFOW-11,SOFWO-11,2026-09-08,25,2026-09-08T11:00:00Z,2026-09-08T11:30:00Z,72,72
T_SOFOW-11,SOFWO-11,2026-09-08,26,2026-09-08T11:30:00Z,2026-09-08T12:00:00Z,72,72
T_SOFOW-11,SOFWO-11,2026-09-08,27,2026-09-08T12:00:00Z,2026-09-08T12:30:00Z,72,72
T_SOFOW-11,SOFWO-11,2026-09-08,28,2026-09-08T12:30:00Z,2026-09-08T13:00:00Z,72,72
T_SOFOW-11,SOFWO-11,2026-09-08,29,2026-09-08T13:00:00Z,2026-09-08T13:30:00Z,72,72
T_SOFOW-11,SOFWO-11,2026-09-08,30,2026-09-08T13:30:00Z,2026-09-08T14:00:00Z,72,72
T_SOFOW-11,SOFWO-11,2026-09-08,31,2026-09-08T14:00:00Z,2026-09-08T14:30:00Z,72,72
T_SOFOW-11,SOFWO-11,2026-09-08,32,2026-09-08T14:30:00Z,2026-09-08T15:00:00Z,72,72
T_SOFOW-11,SOFWO-11,2026-09-08,33,2026-09-08T15:00:00Z,2026-09-08T15:30:00Z,72,72
T_SOFOW-11,SOFWO-11,2026-09-08,34,2026-09-08T15:30:00Z,2026-09-08T16:00:00Z,72,72
T_SOFOW-11,SOFWO-11,2026-09-08,35,2026-09-08T16:00:00Z,2026-09-08T16:30:00Z,72,72
T_SOFOW-11,SOFWO-11,2026-09-08,36,2026-09-08T16:30:00Z,2026-09-08T17:00:00Z,72,72
T_SOFOW-11,SOFWO-11,2026-09-08,37,2026-09-08T17:00:00Z,2026-09-08T17:30:00Z,72,72
T_SOFOW-11,SOFWO-11,2026-09-08,38,2026-09-08T17:30:00Z,2026-09-08T18:00:00Z,72,72
T_SOFOW-11,SOFWO-11,2026-09-08,39,2026-09-08T18:00:00Z,2026-09-08T18:30:00Z,72,72
T_SOFOW-11,SOFWO-11,2026-09-08,40,2026-09-08T18:30:00Z,2026-09-08T19:00:00Z,72,72
T_SOFOW-11,SOFWO-11,2026-09-08,41,2026-09-08T19:00:00Z,2026-09-08T19:30:00Z,72,72
T_SOFOW-11,SOFWO-11,2026-09-08,42,2026-09-08T19:30:00Z,2026-09-08T20:00:00Z,72,72
T_SOFOW-11,SOFWO-11,2026-09-08,43,2026-09-08T20:00:00Z,2026-09-08T20:30:00Z,72,72
T_SOFOW-11,SOFWO-11,2026-09-08,44,2026-09-08T20:30:00Z,2026-09-08T21:00:00Z,72,72
T_SOFOW-11,SOFWO-11,2026-09-08,45,2026-09-08T21:00:00Z,2026-09-08T21:30:00Z,72,72
T_SOFOW-11,SOFWO-11,2026-09-08,46,2026-09-08T21:30:00Z,2026-09-08T22:00:00Z,72,72
T_SOFOW-11,SOFWO-11,2026-09-08,47,2026-09-08T22:00:00Z,2026-09-08T22:30:00Z,72,72
T_SOFOW-11,SOFWO-11,2026-09-08,48,2026-09-08T22:30:00Z,2026-09-08T23:00:00Z,72,72
T_SOFOW-12,SOFWO-12,2026-09-08,1,2026-09-07T23:00:00Z,2026-09-07T23:30:00Z,72,72
T_SOFOW-12,SOFWO-12,2026-09-08,2,2026-09-07T23:30:00Z,2026-09-08T00:00:00Z,72,72
T_SOFOW-12,SOFWO-12,2026-09-08,3,2026-09-08T00:00:00Z,2026-09-08T00:30:00Z,72,72
T_SOFOW-12,SOFWO-12,2026-09-08,4,2026-09-08T00:30:00Z,2026-09-08T01:00:00Z,72,72
T_SOFOW-12,SOFWO-12,2026-09-08,5,2026-09-08T01:00:00Z,2026-09-08T01:30:00Z,72,72
T_SOFOW-12,SOFWO-12,2026-09-08,6,2026-09-08T01:30:00Z,2026-09-08T02:00:00Z,72,72
T_SOFOW-12,SOFWO-12,2026-09-08,7,2026-09-08T02:00:00Z,2026-09-08T02:30:00Z,72,72
T_SOFOW-12,SOFWO-12,2026-09-08,8,2026-09-08T02:30:00Z,2026-09-08T03:00:00Z,72,72
T_SOFOW-12,SOFWO-12,2026-09-08,9,2026-09-08T03:00:00Z,2026-09-08T03:30:00Z,72,72
T_SOFOW-12,SOFWO-12,2026-09-08,10,2026-09-08T03:30:00Z,2026-09-08T04:00:00Z,72,72
T_SOFOW-12,SOFWO-12,2026-09-08,11,2026-09-08T04:00:00Z,2026-09-08T04:30:00Z,72,72
T_SOFOW-12,SOFWO-12,2026-09-08,12,2026-09-08T04:30:00Z,2026-09-08T05:00:00Z,72,72
T_SOFOW-12,SOFWO-12,2026-09-08,13,2026-09-08T05:00:00Z,2026-09-08T05:30:00Z,72,72
T_SOFOW-12,SOFWO-12,2026-09-08,14,2026-09-08T05:30:00Z,2026-09-08T06:00:00Z,72,72
T_SOFOW-12,SOFWO-12,2026-09-08,15,2026-09-08T06:00:00Z,2026-09-08T06:30:00Z,72,72
T_SOFOW-12,SOFWO-12,2026-09-08,16,2026-09-08T06:30:00Z,2026-09-08T07:00:00Z,72,72
T_SOFOW-12,SOFWO-12,2026-09-08,17,2026-09-08T07:00:00Z,2026-09-08T07:30:00Z,72,72
T_SOFOW-12,SOFWO-12,2026-09-08,18,2026-09-08T07:30:00Z,2026-09-08T08:00:00Z,72,72
T_SOFOW-12,SOFWO-12,2026-09-08,19,2026-09-08T08:00:00Z,2026-09-08T08:30:00Z,72,72
T_SOFOW-12,SOFWO-12,2026-09-08,20,2026-09-08T08:30:00Z,2026-09-08T09:00:00Z,72,72
T_SOFOW-12,SOFWO-12,2026-09-08,21,2026-09-08T09:00:00Z,2026-09-08T09:30:00Z,72,72
T_SOFOW-12,SOFWO-12,2026-09-08,22,2026-09-08T09:30:00Z,2026-09-08T10:00:00Z,72,72
T_SOFOW-12,SOFWO-12,2026-09-08,23,2026-09-08T10:00:00Z,2026-09-08T10:30:00Z,72,72
T_SOFOW-12,SOFWO-12,2026-09-08,24,2026-09-08T10:30:00Z,2026-09-08T11:00:00Z,72,72
T_SOFOW-12,SOFWO-12,2026-09-08,25,2026-09-08T11:00:00Z,2026-09-08T11:30:00Z,72,72
T_SOFOW-12,SOFWO-12,2026-09-08,26,2026-09-08T11:30:00Z,2026-09-08T12:00:00Z,72,72
T_SOFOW-12,SOFWO-12,2026-09-08,27,2026-09-08T12:00:00Z,2026-09-08T12:30:00Z,72,72
T_SOFOW-12,SOFWO-12,2026-09-08,28,2026-09-08T12:30:00Z,2026-09-08T13:00:00Z,72,72
T_SOFOW-12,SOFWO-12,2026-09-08,29,2026-09-08T13:00:00Z,2026-09-08T13:30:00Z,72,72
T_SOFOW-12,SOFWO-12,2026-09-08,30,2026-09-08T13:30:00Z,2026-09-08T14:00:00Z,72,72
T_SOFOW-12,SOFWO-12,2026-09-08,31,2026-09-08T14:00:00Z,2026-09-08T14:30:00Z,72,72
T_SOFOW-12,SOFWO-12,2026-09-08,32,2026-09-08T14:30:00Z,2026-09-08T15:00:00Z,72,72
T_SOFOW-12,SOFWO-12,2026-09-08,33,2026-09-08T15:00:00Z,2026-09-08T15:30:00Z,72,72
T_SOFOW-12,SOFWO-12,2026-09-08,34,2026-09-08T15:30:00Z,2026-09-08T16:00:00Z,72,72
T_SOFOW-12,SOFWO-12,2026-09-08,35,2026-09-08T16:00:00Z,2026-09-08T16:30:00Z,72,72
T_SOFOW-12,SOFWO-12,2026-09-08,36,2026-09-08T16:30:00Z,2026-09-08T17:00:00Z,72,72
T_SOFOW-12,SOFWO-12,2026-09-08,37,2026-09-08T17:00:00Z,2026-09-08T17:30:00Z,72,72
T_SOFOW-12,SOFWO-12,2026-09-08,38,2026-09-08T17:30:00Z,2026-09-08T18:00:00Z,72,72
T_SOFOW-12,SOFWO-12,2026-09-08,39,2026-09-08T18:00:00Z,2026-09-08T18:30:00Z,72,72
T_SOFOW-12,SOFWO-12,2026-09-08,40,2026-09-08T18:30:00Z,2026-09-08T19:00:00Z,72,72
T_SOFOW-12,SOFWO-12,2026-09-08,41,2026-09-08T19:00:00Z,2026-09-08T19:30:00Z,72,72
T_SOFOW-12,SOFWO-12,2026-09-08,42,2026-09-08T19:30:00Z,2026-09-08T20:00:00Z,72,72
T_SOFOW-12,SOFWO-12,2026-09-08,43,2026-09-08T20:00:00Z,2026-09-08T20:30:00Z,72,72
T_SOFOW-12,SOFWO-12,2026-09-08,44,2026-09-08T20:30:00Z,2026-09-08T21:00:00Z,72,72
T_SOFOW-12,SOFWO-12,2026-09-08,45,2026-09-08T21:00:00Z,2026-09-08T21:30:00Z,72,72
T_SOFOW-12,SOFWO-12,2026-09-08,46,2026-09-08T21:30:00Z,2026-09-08T22:00:00Z,72,72
T_SOFOW-12,SOFWO-12,2026-09-08,47,2026-09-08T22:00:00Z,2026-09-08T22:30:00Z,72,72
T_SOFOW-12,SOFWO-12,2026-09-08,48,2026-09-08T22:30:00Z,2026-09-08T23:00:00Z,72,72
T_SOFOW-21,SOFWO-21,2026-09-08,1,2026-09-07T23:00:00Z,2026-09-07T23:30:00Z,72,72
T_SOFOW-21,SOFWO-21,2026-09-08,2,2026-09-07T23:30:00Z,2026-09-08T00:00:00Z,72,72
T_SOFOW-21,SOFWO-21,2026-09-08,3,2026-09-08T00:00:00Z,2026-09-08T00:30:00Z,72,72
T_SOFOW-21,SOFWO-21,2026-09-08,4,2026-09-08T00:30:00Z,2026-09-08T01:00:00Z,72,72
T_SOFOW-21,SOFWO-21,2026-09-08,5,2026-09-08T01:00:00Z,2026-09-08T01:30:00Z,72,72
T_SOFOW-21,SOFWO-21,2026-09-08,6,2026-09-08T01:30:00Z,2026-09-08T02:00:00Z,72,72
T_SOFOW-21,SOFWO-21,2026-09-08,7,2026-09-08T02:00:00Z,2026-09-08T02:30:00Z,72,72
T_SOFOW-21,SOFWO-21,2026-09-08,8,2026-09-08T02:30:00Z,2026-09-08T03:00:00Z,72,72
T_SOFOW-21,SOFWO-21,2026-09-08,9,2026-09-08T03:00:00Z,2026-09-08T03:30:00Z,72,72
T_SOFOW-21,SOFWO-21,2026-09-08,10,2026-09-08T03:30:00Z,2026-09-08T04:00:00Z,72,72
T_SOFOW-21,SOFWO-21,2026-09-08,11,2026-09-08T04:00:00Z,2026-09-08T04:30:00Z,72,72
T_SOFOW-21,SOFWO-21,2026-09-08,12,2026-09-08T04:30:00Z,2026-09-08T05:00:00Z,72,72
T_SOFOW-21,SOFWO-21,2026-09-08,13,2026-09-08T05:00:00Z,2026-09-08T05:30:00Z,72,72
T_SOFOW-21,SOFWO-21,2026-09-08,14,2026-09-08T05:30:00Z,2026-09-08T06:00:00Z,72,72
T_SOFOW-21,SOFWO-21,2026-09-08,15,2026-09-08T06:00:00Z,2026-09-08T06:30:00Z,72,72
T_SOFOW-21,SOFWO-21,2026-09-08,16,2026-09-08T06:30:00Z,2026-09-08T07:00:00Z,72,72
T_SOFOW-21,SOFWO-21,2026-09-08,17,2026-09-08T07:00:00Z,2026-09-08T07:30:00Z,72,72
T_SOFOW-21,SOFWO-21,2026-09-08,18,2026-09-08T07:30:00Z,2026-09-08T08:00:00Z,72,72
T_SOFOW-21,SOFWO-21,2026-09-08,19,2026-09-08T08:00:00Z,2026-09-08T08:30:00Z,128,128
T_SOFOW-21,SOFWO-21,2026-09-08,20,2026-09-08T08:30:00Z,2026-09-08T09:00:00Z,128,128
T_SOFOW-21,SOFWO-21,2026-09-08,21,2026-09-08T09:00:00Z,2026-09-08T09:30:00Z,128,128
T_SOFOW-21,SOFWO-21,2026-09-08,22,2026-09-08T09:30:00Z,2026-09-08T10:00:00Z,128,128
T_SOFOW-21,SOFWO-21,2026-09-08,23,2026-09-08T10:00:00Z,2026-09-08T10:30:00Z,128,128
T_SOFOW-21,SOFWO-21,2026-09-08,24,2026-09-08T10:30:00Z,2026-09-08T11:00:00Z,128,128
T_SOFOW-21,SOFWO-21,2026-09-08,25,2026-09-08T11:00:00Z,2026-09-08T11:30:00Z,128,128
T_SOFOW-21,SOFWO-21,2026-09-08,26,2026-09-08T11:30:00Z,2026-09-08T12:00:00Z,128,128
T_SOFOW-21,SOFWO-21,2026-09-08,27,2026-09-08T12:00:00Z,2026-09-08T12:30:00Z,128,128
T_SOFOW-21,SOFWO-21,2026-09-08,28,2026-09-08T12:30:00Z,2026-09-08T13:00:00Z,128,128
T_SOFOW-21,SOFWO-21,2026-09-08,29,2026-09-08T13:00:00Z,2026-09-08T13:30:00Z,128,128
T_SOFOW-21,SOFWO-21,2026-09-08,30,2026-09-08T13:30:00Z,2026-09-08T14:00:00Z,128,128
T_SOFOW-21,SOFWO-21,2026-09-08,31,2026-09-08T14:00:00Z,2026-09-08T14:30:00Z,128,128
T_SOFOW-21,SOFWO-21,2026-09-08,32,2026-09-08T14:30:00Z,2026-09-08T15:00:00Z,128,128
T_SOFOW-21,SOFWO-21,2026-09-08,33,2026-09-08T15:00:00Z,2026-09-08T15:30:00Z,128,128
T_SOFOW-21,SOFWO-21,2026-09-08,34,2026-09-08T15:30:00Z,2026-09-08T16:00:00Z,128,128
T_SOFOW-21,SOFWO-21,2026-09-08,35,2026-09-08T16:00:00Z,2026-09-08T16:30:00Z,128,128
T_SOFOW-21,SOFWO-21,2026-09-08,36,2026-09-08T16:30:00Z,2026-09-08T17:00:00Z,128,128
T_SOFOW-21,SOFWO-21,2026-09-08,37,2026-09-08T17:00:00Z,2026-09-08T17:30:00Z,128,128
T_SOFOW-21,SOFWO-21,2026-09-08,38,2026-09-08T17:30:00Z,2026-09-08T18:00:00Z,128,128
T_SOFOW-21,SOFWO-21,2026-09-08,39,2026-09-08T18:00:00Z,2026-09-08T18:30:00Z,128,128
T_SOFOW-21,SOFWO-21,2026-09-08,40,2026-09-08T18:30:00Z,2026-09-08T19:00:00Z,128,128
T_SOFOW-21,SOFWO-21,2026-09-08,41,2026-09-08T19:00:00Z,2026-09-08T19:30:00Z,128,128
T_SOFOW-21,SOFWO-21,2026-09-08,42,2026-09-08T19:30:00Z,2026-09-08T20:00:00Z,128,128
T_SOFOW-21,SOFWO-21,2026-09-08,43,2026-09-08T20:00:00Z,2026-09-08T20:30:00Z,128,128
T_SOFOW-21,SOFWO-21,2026-09-08,44,2026-09-08T20:30:00Z,2026-09-08T21:00:00Z,128,128
T_SOFOW-21,SOFWO-21,2026-09-08,45,2026-09-08T21:00:00Z,2026-09-08T21:30:00Z,128,128
T_SOFOW-21,SOFWO-21,2026-09-08,46,2026-09-08T21:30:00Z,2026-09-08T22:00:00Z,128,128
T_SOFOW-21,SOFWO-21,2026-09-08,47,2026-09-08T22:00:00Z,2026-09-08T22:30:00Z,128,128
T_SOFOW-21,SOFWO-21,2026-09-08,48,2026-09-08T22:30:00Z,2026-09-08T23:00:00Z,128,128
T_SOFOW-22,SOFWO-22,2026-09-08,1,2026-09-07T23:00:00Z,2026-09-07T23:30:00Z,58,58
T_SOFOW-22,SOFWO-22,2026-09-08,2,2026-09-07T23:30:00Z,2026-09-08T00:00:00Z,58,58
T_SOFOW-22,SOFWO-22,2026-09-08,3,2026-09-08T00:00:00Z,2026-09-08T00:30:00Z,58,58
T_SOFOW-22,SOFWO-22,2026-09-08,4,2026-09-08T00:30:00Z,2026-09-08T01:00:00Z,58,58
T_SOFOW-22,SOFWO-22,2026-09-08,5,2026-09-08T01:00:00Z,2026-09-08T01:30:00Z,58,58
T_SOFOW-22,SOFWO-22,2026-09-08,6,2026-09-08T01:30:00Z,2026-09-08T02:00:00Z,58,58
T_SOFOW-22,SOFWO-22,2026-09-08,7,2026-09-08T02:00:00Z,2026-09-08T02:30:00Z,58,58
T_SOFOW-22,SOFWO-22,2026-09-08,8,2026-09-08T02:30:00Z,2026-09-08T03:00:00Z,58,58
T_SOFOW-22,SOFWO-22,2026-09-08,9,2026-09-08T03:00:00Z,2026-09-08T03:30:00Z,58,58
T_SOFOW-22,SOFWO-22,2026-09-08,10,2026-09-08T03:30:00Z,2026-09-08T04:00:00Z,58,58
T_SOFOW-22,SOFWO-22,2026-09-08,11,2026-09-08T04:00:00Z,2026-09-08T04:30:00Z,58,58
T_SOFOW-22,SOFWO-22,2026-09-08,12,2026-09-08T04:30:00Z,2026-09-08T05:00:00Z,58,58
T_SOFOW-22,SOFWO-22,2026-09-08,13,2026-09-08T05:00:00Z,2026-09-08T05:30:00Z,58,58
T_SOFOW-22,SOFWO-22,2026-09-08,14,2026-09-08T05:30:00Z,2026-09-08T06:00:00Z,58,58
T_SOFOW-22,SOFWO-22,2026-09-08,15,2026-09-08T06:00:00Z,2026-09-08T06:30:00Z,58,58
T_SOFOW-22,SOFWO-22,2026-09-08,16,2026-09-08T06:30:00Z,2026-09-08T07:00:00Z,58,58
T_SOFOW-22,SOFWO-22,2026-09-08,17,2026-09-08T07:00:00Z,2026-09-08T07:30:00Z,58,58
T_SOFOW-22,SOFWO-22,2026-09-08,18,2026-09-08T07:30:00Z,2026-09-08T08:00:00Z,58,58
T_SOFOW-22,SOFWO-22,2026-09-08,19,2026-09-08T08:00:00Z,2026-09-08T08:30:00Z,58,58
T_SOFOW-22,SOFWO-22,2026-09-08,20,2026-09-08T08:30:00Z,2026-09-08T09:00:00Z,58,58
T_SOFOW-22,SOFWO-22,2026-09-08,21,2026-09-08T09:00:00Z,2026-09-08T09:30:00Z,58,58
T_SOFOW-22,SOFWO-22,2026-09-08,22,2026-09-08T09:30:00Z,2026-09-08T10:00:00Z,58,58
T_SOFOW-22,SOFWO-22,2026-09-08,23,2026-09-08T10:00:00Z,2026-09-08T10:30:00Z,58,58
T_SOFOW-22,SOFWO-22,2026-09-08,24,2026-09-08T10:30:00Z,2026-09-08T11:00:00Z,58,58
T_SOFOW-22,SOFWO-22,2026-09-08,25,2026-09-08T11:00:00Z,2026-09-08T11:30:00Z,58,58
T_SOFOW-22,SOFWO-22,2026-09-08,26,2026-09-08T11:30:00Z,2026-09-08T12:00:00Z,58,58
T_SOFOW-22,SOFWO-22,2026-09-08,27,2026-09-08T12:00:00Z,2026-09-08T12:30:00Z,58,58
T_SOFOW-22,SOFWO-22,2026-09-08,28,2026-09-08T12:30:00Z,2026-09-08T13:00:00Z,58,58
T_SOFOW-22,SOFWO-22,2026-09-08,29,2026-09-08T13:00:00Z,2026-09-08T13:30:00Z,58,58
T_SOFOW-22,SOFWO-22,2026-09-08,30,2026-09-08T13:30:00Z,2026-09-08T14:00:00Z,58,58
T_SOFOW-22,SOFWO-22,2026-09-08,31,2026-09-08T14:00:00Z,2026-09-08T14:30:00Z,58,58
T_SOFOW-22,SOFWO-22,2026-09-08,32,2026-09-08T14:30:00Z,2026-09-08T15:00:00Z,58,58
T_SOFOW-22,SOFWO-22,2026-09-08,33,2026-09-08T15:00:00Z,2026-09-08T15:30:00Z,58,58
T_SOFOW-22,SOFWO-22,2026-09-08,34,2026-09-08T15:30:00Z,2026-09-08T16:00:00Z,58,58
T_SOFOW-22,SOFWO-22,2026-09-08,35,2026-09-08T16:00:00Z,2026-09-08T16:30:00Z,58,58
T_SOFOW-22,SOFWO-22,2026-09-08,36,2026-09-08T16:30:00Z,2026-09-08T17:00:00Z,58,58
T_SOFOW-22,SOFWO-22,2026-09-08,37,2026-09-08T17:00:00Z,2026-09-08T17:30:00Z,58,58
T_SOFOW-22,SOFWO-22,2026-09-08,38,2026-09-08T17:30:00Z,2026-09-08T18:00:00Z,58,58
T_SOFOW-22,SOFWO-22,2026-09-08,39,2026-09-08T18:00:00Z,2026-09-08T18:30:00Z,58,58
T_SOFOW-22,SOFWO-22,2026-09-08,40,2026-09-08T18:30:00Z,2026-09-08T19:00:00Z,58,58
T_SOFOW-22,SOFWO-22,2026-09-08,41,2026-09-08T19:00:00Z,2026-09-08T19:30:00Z,58,58
T_SOFOW-22,SOFWO-22,2026-09-08,42,2026-09-08T19:30:00Z,2026-09-08T20:00:00Z,58,58
T_SOFOW-22,SOFWO-22,2026-09-08,43,2026-09-08T20:00:00Z,2026-09-08T20:30:00Z,58,58
T_SOFOW-22,SOFWO-22,2026-09-08,44,2026-09-08T20:30:00Z,2026-09-08T21:00:00Z,58,58
T_SOFOW-22,SOFWO-22,2026-09-08,45,2026-09-08T21:00:00Z,2026-09-08T21:30:00Z,58,58
T_SOFOW-22,SOFWO-22,2026-09-08,46,2026-09-08T21:30:00Z,2026-09-08T22:00:00Z,58,58
T_SOFOW-22,SOFWO-22,2026-09-08,47,2026-09-08T22:00:00Z,2026-09-08T22:30:00Z,58,58
T_SOFOW-22,SOFWO-22,2026-09-08,48,2026-09-08T22:30:00Z,2026-09-08T23:00:00Z,58,58
T_SOKYW-1,SOKYW-1,2026-09-08,1,2026-09-07T23:00:00Z,2026-09-07T23:15:00Z,101,101
T_SOKYW-1,SOKYW-1,2026-09-08,1,2026-09-07T23:15:00Z,2026-09-07T23:30:00Z,117,117
T_SOKYW-1,SOKYW-1,2026-09-08,2,2026-09-07T23:30:00Z,2026-09-07T23:45:00Z,128,128
T_SOKYW-1,SOKYW-1,2026-09-08,2,2026-09-07T23:45:00Z,2026-09-08T00:00:00Z,135,135
T_SOKYW-1,SOKYW-1,2026-09-08,3,2026-09-08T00:00:00Z,2026-09-08T00:15:00Z,115,115
T_SOKYW-1,SOKYW-1,2026-09-08,3,2026-09-08T00:15:00Z,2026-09-08T00:30:00Z,123,123
T_SOKYW-1,SOKYW-1,2026-09-08,4,2026-09-08T00:30:00Z,2026-09-08T00:45:00Z,126,126
T_SOKYW-1,SOKYW-1,2026-09-08,4,2026-09-08T00:45:00Z,2026-09-08T01:00:00Z,129,129
T_SOKYW-1,SOKYW-1,2026-09-08,5,2026-09-08T01:00:00Z,2026-09-08T01:15:00Z,131,131
T_SOKYW-1,SOKYW-1,2026-09-08,5,2026-09-08T01:15:00Z,2026-09-08T01:30:00Z,130,130
T_SOKYW-1,SOKYW-1,2026-09-08,6,2026-09-08T01:30:00Z,2026-09-08T01:45:00Z,124,124
T_SOKYW-1,SOKYW-1,2026-09-08,6,2026-09-08T01:45:00Z,2026-09-08T02:00:00Z,130,130
T_SOKYW-1,SOKYW-1,2026-09-08,7,2026-09-08T02:00:00Z,2026-09-08T02:15:00Z,130,130
T_SOKYW-1,SOKYW-1,2026-09-08,7,2026-09-08T02:15:00Z,2026-09-08T02:30:00Z,131,131
T_SOKYW-1,SOKYW-1,2026-09-08,8,2026-09-08T02:30:00Z,2026-09-08T02:45:00Z,134,134
T_SOKYW-1,SOKYW-1,2026-09-08,8,2026-09-08T02:45:00Z,2026-09-08T03:00:00Z,136,136
T_SOKYW-1,SOKYW-1,2026-09-08,9,2026-09-08T03:00:00Z,2026-09-08T03:15:00Z,133,133
T_SOKYW-1,SOKYW-1,2026-09-08,9,2026-09-08T03:15:00Z,2026-09-08T03:30:00Z,138,138
T_SOKYW-1,SOKYW-1,2026-09-08,10,2026-09-08T03:30:00Z,2026-09-08T03:45:00Z,136,136
T_SOKYW-1,SOKYW-1,2026-09-08,10,2026-09-08T03:45:00Z,2026-09-08T04:00:00Z,133,133
T_SOKYW-1,SOKYW-1,2026-09-08,11,2026-09-08T04:00:00Z,2026-09-08T04:15:00Z,136,136
T_SOKYW-1,SOKYW-1,2026-09-08,11,2026-09-08T04:15:00Z,2026-09-08T04:30:00Z,145,145
T_SOKYW-1,SOKYW-1,2026-09-08,12,2026-09-08T04:30:00Z,2026-09-08T04:45:00Z,148,148
T_SOKYW-1,SOKYW-1,2026-09-08,12,2026-09-08T04:45:00Z,2026-09-08T05:00:00Z,151,151
T_SOKYW-1,SOKYW-1,2026-09-08,13,2026-09-08T05:00:00Z,2026-09-08T05:15:00Z,152,152
T_SOKYW-1,SOKYW-1,2026-09-08,13,2026-09-08T05:15:00Z,2026-09-08T05:30:00Z,155,155
T_SOKYW-1,SOKYW-1,2026-09-08,14,2026-09-08T05:30:00Z,2026-09-08T05:45:00Z,146,146
T_SOKYW-1,SOKYW-1,2026-09-08,14,2026-09-08T05:45:00Z,2026-09-08T06:00:00Z,143,143
T_SOKYW-1,SOKYW-1,2026-09-08,15,2026-09-08T06:00:00Z,2026-09-08T06:15:00Z,151,151
T_SOKYW-1,SOKYW-1,2026-09-08,15,2026-09-08T06:15:00Z,2026-09-08T06:30:00Z,156,156
T_SOKYW-1,SOKYW-1,2026-09-08,16,2026-09-08T06:30:00Z,2026-09-08T06:45:00Z,160,160
T_SOKYW-1,SOKYW-1,2026-09-08,16,2026-09-08T06:45:00Z,2026-09-08T07:00:00Z,162,162
T_SOKYW-1,SOKYW-1,2026-09-08,17,2026-09-08T07:00:00Z,2026-09-08T07:15:00Z,155,155
T_SOKYW-1,SOKYW-1,2026-09-08,17,2026-09-08T07:15:00Z,2026-09-08T07:30:00Z,160,160
T_SOKYW-1,SOKYW-1,2026-09-08,18,2026-09-08T07:30:00Z,2026-09-08T07:45:00Z,153,153
T_SOKYW-1,SOKYW-1,2026-09-08,18,2026-09-08T07:45:00Z,2026-09-08T08:00:00Z,150,150
T_SOKYW-1,SOKYW-1,2026-09-08,19,2026-09-08T08:00:00Z,2026-09-08T08:15:00Z,150,150
T_SOKYW-1,SOKYW-1,2026-09-08,19,2026-09-08T08:15:00Z,2026-09-08T08:30:00Z,154,154
T_SOKYW-1,SOKYW-1,2026-09-08,20,2026-09-08T08:30:00Z,2026-09-08T08:45:00Z,151,151
T_SOKYW-1,SOKYW-1,2026-09-08,20,2026-09-08T08:45:00Z,2026-09-08T09:00:00Z,159,159
T_SOKYW-1,SOKYW-1,2026-09-08,21,2026-09-08T09:00:00Z,2026-09-08T09:15:00Z,154,154
T_SOKYW-1,SOKYW-1,2026-09-08,21,2026-09-08T09:15:00Z,2026-09-08T09:30:00Z,158,158
T_SOKYW-1,SOKYW-1,2026-09-08,22,2026-09-08T09:30:00Z,2026-09-08T09:45:00Z,157,157
T_SOKYW-1,SOKYW-1,2026-09-08,22,2026-09-08T09:45:00Z,2026-09-08T10:00:00Z,153,153
T_SOKYW-1,SOKYW-1,2026-09-08,23,2026-09-08T10:00:00Z,2026-09-08T10:15:00Z,155,155
T_SOKYW-1,SOKYW-1,2026-09-08,23,2026-09-08T10:15:00Z,2026-09-08T10:30:00Z,156,156
T_SOKYW-1,SOKYW-1,2026-09-08,24,2026-09-08T10:30:00Z,2026-09-08T10:45:00Z,157,157
T_SOKYW-1,SOKYW-1,2026-09-08,24,2026-09-08T10:45:00Z,2026-09-08T11:00:00Z,154,154
T_SOKYW-1,SOKYW-1,2026-09-08,25,2026-09-08T11:00:00Z,2026-09-08T11:15:00Z,159,159
T_SOKYW-1,SOKYW-1,2026-09-08,25,2026-09-08T11:15:00Z,2026-09-08T11:30:00Z,161,161
T_SOKYW-1,SOKYW-1,2026-09-08,26,2026-09-08T11:30:00Z,2026-09-08T11:45:00Z,161,161
T_SOKYW-1,SOKYW-1,2026-09-08,26,2026-09-08T11:45:00Z,2026-09-08T12:00:00Z,162,162
T_SOKYW-1,SOKYW-1,2026-09-08,27,2026-09-08T12:00:00Z,2026-09-08T12:15:00Z,161,161
T_SOKYW-1,SOKYW-1,2026-09-08,27,2026-09-08T12:15:00Z,2026-09-08T12:30:00Z,163,163
T_SOKYW-1,SOKYW-1,2026-09-08,28,2026-09-08T12:30:00Z,2026-09-08T12:45:00Z,153,153
T_SOKYW-1,SOKYW-1,2026-09-08,28,2026-09-08T12:45:00Z,2026-09-08T13:00:00Z,157,157
T_SOKYW-1,SOKYW-1,2026-09-08,29,2026-09-08T13:00:00Z,2026-09-08T13:15:00Z,159,159
T_SOKYW-1,SOKYW-1,2026-09-08,29,2026-09-08T13:15:00Z,2026-09-08T13:30:00Z,162,162
T_SOKYW-1,SOKYW-1,2026-09-08,30,2026-09-08T13:30:00Z,2026-09-08T13:45:00Z,165,165
T_SOKYW-1,SOKYW-1,2026-09-08,30,2026-09-08T13:45:00Z,2026-09-08T14:00:00Z,164,164
T_SOKYW-1,SOKYW-1,2026-09-08,31,2026-09-08T14:00:00Z,2026-09-08T14:15:00Z,159,159
T_SOKYW-1,SOKYW-1,2026-09-08,31,2026-09-08T14:15:00Z,2026-09-08T14:30:00Z,165,165
T_SOKYW-1,SOKYW-1,2026-09-08,32,2026-09-08T14:30:00Z,2026-09-08T14:45:00Z,171,171
T_SOKYW-1,SOKYW-1,2026-09-08,32,2026-09-08T14:45:00Z,2026-09-08T15:00:00Z,174,174
T_SOKYW-1,SOKYW-1,2026-09-08,33,2026-09-08T15:00:00Z,2026-09-08T15:15:00Z,173,173
T_SOKYW-1,SOKYW-1,2026-09-08,33,2026-09-08T15:15:00Z,2026-09-08T15:30:00Z,170,170
T_SOKYW-1,SOKYW-1,2026-09-08,34,2026-09-08T15:30:00Z,2026-09-08T15:45:00Z,167,167
T_SOKYW-1,SOKYW-1,2026-09-08,34,2026-09-08T15:45:00Z,2026-09-08T16:00:00Z,171,171
T_SOKYW-1,SOKYW-1,2026-09-08,35,2026-09-08T16:00:00Z,2026-09-08T16:15:00Z,163,163
T_SOKYW-1,SOKYW-1,2026-09-08,35,2026-09-08T16:15:00Z,2026-09-08T16:30:00Z,166,166
T_SOKYW-1,SOKYW-1,2026-09-08,36,2026-09-08T16:30:00Z,2026-09-08T16:45:00Z,162,162
T_SOKYW-1,SOKYW-1,2026-09-08,36,2026-09-08T16:45:00Z,2026-09-08T17:00:00Z,162,162
T_SOKYW-1,SOKYW-1,2026-09-08,37,2026-09-08T17:00:00Z,2026-09-08T17:15:00Z,161,161
T_SOKYW-1,SOKYW-1,2026-09-08,37,2026-09-08T17:15:00Z,2026-09-08T17:30:00Z,164,164
T_SOKYW-1,SOKYW-1,2026-09-08,38,2026-09-08T17:30:00Z,2026-09-08T17:45:00Z,161,161
T_SOKYW-1,SOKYW-1,2026-09-08,38,2026-09-08T17:45:00Z,2026-09-08T18:00:00Z,161,161
T_SOKYW-1,SOKYW-1,2026-09-08,39,2026-09-08T18:00:00Z,2026-09-08T18:15:00Z,162,162
T_SOKYW-1,SOKYW-1,2026-09-08,39,2026-09-08T18:15:00Z,2026-09-08T18:30:00Z,164,164
T_SOKYW-1,SOKYW-1,2026-09-08,40,2026-09-08T18:30:00Z,2026-09-08T18:45:00Z,166,166
T_SOKYW-1,SOKYW-1,2026-09-08,40,2026-09-08T18:45:00Z,2026-09-08T19:00:00Z,162,162
T_SOKYW-1,SOKYW-1,2026-09-08,41,2026-09-08T19:00:00Z,2026-09-08T19:15:00Z,167,167
T_SOKYW-1,SOKYW-1,2026-09-08,41,2026-09-08T19:15:00Z,2026-09-08T19:30:00Z,169,169
T_SOKYW-1,SOKYW-1,2026-09-08,42,2026-09-08T19:30:00Z,2026-09-08T19:45:00Z,167,167
T_SOKYW-1,SOKYW-1,2026-09-08,42,2026-09-08T19:45:00Z,2026-09-08T20:00:00Z,166,166
T_SOKYW-1,SOKYW-1,2026-09-08,43,2026-09-08T20:00:00Z,2026-09-08T20:15:00Z,166,166
T_SOKYW-1,SOKYW-1,2026-09-08,43,2026-09-08T20:15:00Z,2026-09-08T20:30:00Z,168,168
T_SOKYW-1,SOKYW-1,2026-09-08,44,2026-09-08T20:30:00Z,2026-09-08T20:45:00Z,165,165
T_SOKYW-1,SOKYW-1,2026-09-08,44,2026-09-08T20:45:00Z,2026-09-08T21:00:00Z,165,165
T_SOKYW-1,SOKYW-1,2026-09-08,45,2026-09-08T21:00:00Z,2026-09-08T21:15:00Z,159,159
T_SOKYW-1,SOKYW-1,2026-09-08,45,2026-09-08T21:15:00Z,2026-09-08T21:30:00Z,156,156
T_SOKYW-1,SOKYW-1,2026-09-08,46,2026-09-08T21:30:00Z,2026-09-08T21:45:00Z,150,150
T_SOKYW-1,SOKYW-1,2026-09-08,46,2026-09-08T21:45:00Z,2026-09-08T22:00:00Z,143,143
T_SOKYW-1,SOKYW-1,2026-09-08,47,2026-09-08T22:00:00Z,2026-09-08T22:15:00Z,142,142
T_SOKYW-1,SOKYW-1,2026-09-08,47,2026-09-08T22:15:00Z,2026-09-08T22:30:00Z,129,129
T_SOKYW-1,SOKYW-1,2026-09-08,48,2026-09-08T22:30:00Z,2026-09-08T22:45:00Z,123,123
T_SOKYW-1,SOKYW-1,2026-09-08,48,2026-09-08T22:45:00Z,2026-09-08T23:00:00Z,125,125
T_STLGW-1,STLGW-1,2026-09-08,1,2026-09-07T23:00:00Z,2026-09-07T23:30:00Z,72,72
T_STLGW-1,STLGW-1,2026-09-08,2,2026-09-07T23:30:00Z,2026-09-08T00:00:00Z,72,72
T_STLGW-1,STLGW-1,2026-09-08,3,2026-09-08T00:00:00Z,2026-09-08T00:30:00Z,72,72
T_STLGW-1,STLGW-1,2026-09-08,4,2026-09-08T00:30:00Z,2026-09-08T01:00:00Z,72,72
T_STLGW-1,STLGW-1,2026-09-08,5,2026-09-08T01:00:00Z,2026-09-08T01:30:00Z,72,72
T_STLGW-1,STLGW-1,2026-09-08,6,2026-09-08T01:30:00Z,2026-09-08T02:00:00Z,72,72
T_STLGW-1,STLGW-1,2026-09-08,7,2026-09-08T02:00:00Z,2026-09-08T02:30:00Z,72,72
T_STLGW-1,STLGW-1,2026-09-08,8,2026-09-08T02:30:00Z,2026-09-08T03:00:00Z,72,72
T_STLGW-1,STLGW-1,2026-09-08,9,2026-09-08T03:00:00Z,2026-09-08T03:30:00Z,72,72
T_STLGW-1,STLGW-1,2026-09-08,10,2026-09-08T03:30:00Z,2026-09-08T03:59:00Z,72,72
T_STLGW-1,STLGW-1,2026-09-08,10,2026-09-08T03:59:00Z,2026-09-08T04:00:00Z,72,71
T_STLGW-1,STLGW-1,2026-09-08,11,2026-09-08T04:00:00Z,2026-09-08T04:30:00Z,71,71
T_STLGW-1,STLGW-1,2026-09-08,12,2026-09-08T04:30:00Z,2026-09-08T05:00:00Z,71,71
T_STLGW-1,STLGW-1,2026-09-08,13,2026-09-08T05:00:00Z,2026-09-08T05:30:00Z,71,71
T_STLGW-1,STLGW-1,2026-09-08,14,2026-09-08T05:30:00Z,2026-09-08T05:59:00Z,71,71
T_STLGW-1,STLGW-1,2026-09-08,14,2026-09-08T05:59:00Z,2026-09-08T06:00:00Z,71,72
T_STLGW-1,STLGW-1,2026-09-08,15,2026-09-08T06:00:00Z,2026-09-08T06:30:00Z,72,72
T_STLGW-1,STLGW-1,2026-09-08,16,2026-09-08T06:30:00Z,2026-09-08T07:00:00Z,72,72
T_STLGW-1,STLGW-1,2026-09-08,17,2026-09-08T07:00:00Z,2026-09-08T07:30:00Z,72,72
T_STLGW-1,STLGW-1,2026-09-08,18,2026-09-08T07:30:00Z,2026-09-08T08:00:00Z,72,72
T_STLGW-1,STLGW-1,2026-09-08,19,2026-09-08T08:00:00Z,2026-09-08T08:30:00Z,72,72
T_STLGW-1,STLGW-1,2026-09-08,20,2026-09-08T08:30:00Z,2026-09-08T09:00:00Z,72,72
T_STLGW-1,STLGW-1,2026-09-08,21,2026-09-08T09:00:00Z,2026-09-08T09:30:00Z,72,72
T_STLGW-1,STLGW-1,2026-09-08,22,2026-09-08T09:30:00Z,2026-09-08T10:00:00Z,72,72
T_STLGW-1,STLGW-1,2026-09-08,23,2026-09-08T10:00:00Z,2026-09-08T10:30:00Z,72,72
T_STLGW-1,STLGW-1,2026-09-08,24,2026-09-08T10:30:00Z,2026-09-08T10:59:00Z,72,72
T_STLGW-1,STLGW-1,2026-09-08,24,2026-09-08T10:59:00Z,2026-09-08T11:00:00Z,72,71
T_STLGW-1,STLGW-1,2026-09-08,25,2026-09-08T11:00:00Z,2026-09-08T11:30:00Z,71,71
T_STLGW-1,STLGW-1,2026-09-08,26,2026-09-08T11:30:00Z,2026-09-08T11:59:00Z,71,71
T_STLGW-1,STLGW-1,2026-09-08,26,2026-09-08T11:59:00Z,2026-09-08T12:00:00Z,71,70
T_STLGW-1,STLGW-1,2026-09-08,27,2026-09-08T12:00:00Z,2026-09-08T12:29:00Z,70,70
T_STLGW-1,STLGW-1,2026-09-08,27,2026-09-08T12:29:00Z,2026-09-08T12:30:00Z,70,69
T_STLGW-1,STLGW-1,2026-09-08,28,2026-09-08T12:30:00Z,2026-09-08T13:00:00Z,69,69
T_STLGW-1,STLGW-1,2026-09-08,29,2026-09-08T13:00:00Z,2026-09-08T13:30:00Z,69,69
T_STLGW-1,STLGW-1,2026-09-08,30,2026-09-08T13:30:00Z,2026-09-08T13:59:00Z,68,68
T_STLGW-1,STLGW-1,2026-09-08,30,2026-09-08T13:59:00Z,2026-09-08T14:00:00Z,68,67
T_STLGW-1,STLGW-1,2026-09-08,31,2026-09-08T14:00:00Z,2026-09-08T14:30:00Z,67,67
T_STLGW-1,STLGW-1,2026-09-08,32,2026-09-08T14:30:00Z,2026-09-08T15:00:00Z,67,67
T_STLGW-1,STLGW-1,2026-09-08,33,2026-09-08T15:00:00Z,2026-09-08T15:30:00Z,67,67
T_STLGW-1,STLGW-1,2026-09-08,34,2026-09-08T15:30:00Z,2026-09-08T16:00:00Z,67,67
T_STLGW-1,STLGW-1,2026-09-08,35,2026-09-08T16:00:00Z,2026-09-08T16:30:00Z,67,67
T_STLGW-1,STLGW-1,2026-09-08,36,2026-09-08T16:30:00Z,2026-09-08T16:59:00Z,67,67
T_STLGW-1,STLGW-1,2026-09-08,36,2026-09-08T16:59:00Z,2026-09-08T17:00:00Z,67,66
T_STLGW-1,STLGW-1,2026-09-08,37,2026-09-08T17:00:00Z,2026-09-08T17:30:00Z,66,66
T_STLGW-1,STLGW-1,2026-09-08,38,2026-09-08T17:30:00Z,2026-09-08T17:59:00Z,66,66
T_STLGW-1,STLGW-1,2026-09-08,38,2026-09-08T17:59:00Z,2026-09-08T18:00:00Z,66,65
T_STLGW-1,STLGW-1,2026-09-08,39,2026-09-08T18:00:00Z,2026-09-08T18:30:00Z,65,65
T_STLGW-1,STLGW-1,2026-09-08,40,2026-09-08T18:30:00Z,2026-09-08T18:59:00Z,65,65
T_STLGW-1,STLGW-1,2026-09-08,40,2026-09-08T18:59:00Z,2026-09-08T19:00:00Z,65,61
T_STLGW-1,STLGW-1,2026-09-08,41,2026-09-08T19:00:00Z,2026-09-08T19:29:00Z,61,61
T_STLGW-1,STLGW-1,2026-09-08,41,2026-09-08T19:29:00Z,2026-09-08T19:30:00Z,61,57
T_STLGW-1,STLGW-1,2026-09-08,42,2026-09-08T19:30:00Z,2026-09-08T19:59:00Z,57,57
T_STLGW-1,STLGW-1,2026-09-08,42,2026-09-08T19:59:00Z,2026-09-08T20:00:00Z,57,54
T_STLGW-1,STLGW-1,2026-09-08,43,2026-09-08T20:00:00Z,2026-09-08T20:29:00Z,54,54
T_STLGW-1,STLGW-1,2026-09-08,43,2026-09-08T20:29:00Z,2026-09-08T20:30:00Z,54,52
T_STLGW-1,STLGW-1,2026-09-08,44,2026-09-08T20:30:00Z,2026-09-08T20:58:00Z,52,52
T_STLGW-1,STLGW-1,2026-09-08,44,2026-09-08T20:58:00Z,2026-09-08T20:59:00Z,52,50
T_STLGW-1,STLGW-1,2026-09-08,44,2026-09-08T20:59:00Z,2026-09-08T21:00:00Z,50,49
T_STLGW-1,STLGW-1,2026-09-08,45,2026-09-08T21:00:00Z,2026-09-08T21:29:00Z,48,48
T_STLGW-1,STLGW-1,2026-09-08,45,2026-09-08T21:29:00Z,2026-09-08T21:30:00Z,48,45
T_STLGW-1,STLGW-1,2026-09-08,46,2026-09-08T21:30:00Z,2026-09-08T21:59:00Z,45,45
T_STLGW-1,STLGW-1,2026-09-08,46,2026-09-08T21:59:00Z,2026-09-08T22:00:00Z,45,38
T_STLGW-1,STLGW-1,2026-09-08,47,2026-09-08T22:00:00Z,2026-09-08T22:29:00Z,37,37
T_STLGW-1,STLGW-1,2026-09-08,47,2026-09-08T22:29:00Z,2026-09-08T22:30:00Z,37,30
T_STLGW-1,STLGW-1,2026-09-08,48,2026-09-08T22:30:00Z,2026-09-08T22:59:00Z,30,30
T_STLGW-1,STLGW-1,2026-09-08,48,2026-09-08T22:59:00Z,2026-09-08T23:00:00Z,30,25
T_STLGW-2,STLGW-2,2026-09-08,1,2026-09-07T23:00:00Z,2026-09-07T23:30:00Z,82,82
T_STLGW-2,STLGW-2,2026-09-08,2,2026-09-07T23:30:00Z,2026-09-08T00:00:00Z,82,82
T_STLGW-2,STLGW-2,2026-09-08,3,2026-09-08T00:00:00Z,2026-09-08T00:30:00Z,82,82
T_STLGW-2,STLGW-2,2026-09-08,4,2026-09-08T00:30:00Z,2026-09-08T01:00:00Z,82,82
T_STLGW-2,STLGW-2,2026-09-08,5,2026-09-08T01:00:00Z,2026-09-08T01:30:00Z,82,82
T_STLGW-2,STLGW-2,2026-09-08,6,2026-09-08T01:30:00Z,2026-09-08T02:00:00Z,82,82
T_STLGW-2,STLGW-2,2026-09-08,7,2026-09-08T02:00:00Z,2026-09-08T02:30:00Z,82,82
T_STLGW-2,STLGW-2,2026-09-08,8,2026-09-08T02:30:00Z,2026-09-08T03:00:00Z,82,82
T_STLGW-2,STLGW-2,2026-09-08,9,2026-09-08T03:00:00Z,2026-09-08T03:30:00Z,82,82
T_STLGW-2,STLGW-2,2026-09-08,10,2026-09-08T03:30:00Z,2026-09-08T03:59:00Z,82,82
T_STLGW-2,STLGW-2,2026-09-08,10,2026-09-08T03:59:00Z,2026-09-08T04:00:00Z,82,81
T_STLGW-2,STLGW-2,2026-09-08,11,2026-09-08T04:00:00Z,2026-09-08T04:30:00Z,81,81
T_STLGW-2,STLGW-2,2026-09-08,12,2026-09-08T04:30:00Z,2026-09-08T05:00:00Z,81,81
T_STLGW-2,STLGW-2,2026-09-08,13,2026-09-08T05:00:00Z,2026-09-08T05:30:00Z,81,81
T_STLGW-2,STLGW-2,2026-09-08,14,2026-09-08T05:30:00Z,2026-09-08T06:00:00Z,81,81
T_STLGW-2,STLGW-2,2026-09-08,15,2026-09-08T06:00:00Z,2026-09-08T06:30:00Z,81,81
T_STLGW-2,STLGW-2,2026-09-08,16,2026-09-08T06:30:00Z,2026-09-08T06:59:00Z,81,81
T_STLGW-2,STLGW-2,2026-09-08,16,2026-09-08T06:59:00Z,2026-09-08T07:00:00Z,81,82
T_STLGW-2,STLGW-2,2026-09-08,17,2026-09-08T07:00:00Z,2026-09-08T07:30:00Z,82,82
T_STLGW-2,STLGW-2,2026-09-08,18,2026-09-08T07:30:00Z,2026-09-08T08:00:00Z,82,82
T_STLGW-2,STLGW-2,2026-09-08,19,2026-09-08T08:00:00Z,2026-09-08T08:30:00Z,82,82
T_STLGW-2,STLGW-2,2026-09-08,20,2026-09-08T08:30:00Z,2026-09-08T09:00:00Z,82,82
T_STLGW-2,STLGW-2,2026-09-08,21,2026-09-08T09:00:00Z,2026-09-08T09:30:00Z,82,82
T_STLGW-2,STLGW-2,2026-09-08,22,2026-09-08T09:30:00Z,2026-09-08T10:00:00Z,82,82
T_STLGW-2,STLGW-2,2026-09-08,23,2026-09-08T10:00:00Z,2026-09-08T10:29:00Z,82,82
T_STLGW-2,STLGW-2,2026-09-08,23,2026-09-08T10:29:00Z,2026-09-08T10:30:00Z,82,81
T_STLGW-2,STLGW-2,2026-09-08,24,2026-09-08T10:30:00Z,2026-09-08T11:00:00Z,81,81
T_STLGW-2,STLGW-2,2026-09-08,25,2026-09-08T11:00:00Z,2026-09-08T11:29:00Z,81,81
T_STLGW-2,STLGW-2,2026-09-08,25,2026-09-08T11:29:00Z,2026-09-08T11:30:00Z,81,80
T_STLGW-2,STLGW-2,2026-09-08,26,2026-09-08T11:30:00Z,2026-09-08T12:00:00Z,80,80
T_STLGW-2,STLGW-2,2026-09-08,27,2026-09-08T12:00:00Z,2026-09-08T12:29:00Z,79,79
T_STLGW-2,STLGW-2,2026-09-08,27,2026-09-08T12:29:00Z,2026-09-08T12:30:00Z,79,78
T_STLGW-2,STLGW-2,2026-09-08,28,2026-09-08T12:30:00Z,2026-09-08T12:59:00Z,78,78
T_STLGW-2,STLGW-2,2026-09-08,28,2026-09-08T12:59:00Z,2026-09-08T13:00:00Z,78,79
T_STLGW-2,STLGW-2,2026-09-08,29,2026-09-08T13:00:00Z,2026-09-08T13:30:00Z,79,79
T_STLGW-2,STLGW-2,2026-09-08,30,2026-09-08T13:30:00Z,2026-09-08T14:00:00Z,79,79
T_STLGW-2,STLGW-2,2026-09-08,31,2026-09-08T14:00:00Z,2026-09-08T14:30:00Z,79,79
T_STLGW-2,STLGW-2,2026-09-08,32,2026-09-08T14:30:00Z,2026-09-08T15:00:00Z,79,79
T_STLGW-2,STLGW-2,2026-09-08,33,2026-09-08T15:00:00Z,2026-09-08T15:30:00Z,79,79
T_STLGW-2,STLGW-2,2026-09-08,34,2026-09-08T15:30:00Z,2026-09-08T15:59:00Z,79,79
T_STLGW-2,STLGW-2,2026-09-08,34,2026-09-08T15:59:00Z,2026-09-08T16:00:00Z,79,78
T_STLGW-2,STLGW-2,2026-09-08,35,2026-09-08T16:00:00Z,2026-09-08T16:30:00Z,78,78
T_STLGW-2,STLGW-2,2026-09-08,36,2026-09-08T16:30:00Z,2026-09-08T16:59:00Z,78,78
T_STLGW-2,STLGW-2,2026-09-08,36,2026-09-08T16:59:00Z,2026-09-08T17:00:00Z,78,77
T_STLGW-2,STLGW-2,2026-09-08,37,2026-09-08T17:00:00Z,2026-09-08T17:30:00Z,77,77
T_STLGW-2,STLGW-2,2026-09-08,38,2026-09-08T17:30:00Z,2026-09-08T17:59:00Z,77,77
T_STLGW-2,STLGW-2,2026-09-08,38,2026-09-08T17:59:00Z,2026-09-08T18:00:00Z,77,76
T_STLGW-2,STLGW-2,2026-09-08,39,2026-09-08T18:00:00Z,2026-09-08T18:29:00Z,76,76
T_STLGW-2,STLGW-2,2026-09-08,39,2026-09-08T18:29:00Z,2026-09-08T18:30:00Z,76,75
T_STLGW-2,STLGW-2,2026-09-08,40,2026-09-08T18:30:00Z,2026-09-08T18:59:00Z,75,75
T_STLGW-2,STLGW-2,2026-09-08,40,2026-09-08T18:59:00Z,2026-09-08T19:00:00Z,75,71
T_STLGW-2,STLGW-2,2026-09-08,41,2026-09-08T19:00:00Z,2026-09-08T19:29:00Z,71,71
T_STLGW-2,STLGW-2,2026-09-08,41,2026-09-08T19:29:00Z,2026-09-08T19:30:00Z,71,67
T_STLGW-2,STLGW-2,2026-09-08,42,2026-09-08T19:30:00Z,2026-09-08T19:59:00Z,67,67
T_STLGW-2,STLGW-2,2026-09-08,42,2026-09-08T19:59:00Z,2026-09-08T20:00:00Z,67,64
T_STLGW-2,STLGW-2,2026-09-08,43,2026-09-08T20:00:00Z,2026-09-08T20:29:00Z,64,64
T_STLGW-2,STLGW-2,2026-09-08,43,2026-09-08T20:29:00Z,2026-09-08T20:30:00Z,64,62
T_STLGW-2,STLGW-2,2026-09-08,44,2026-09-08T20:30:00Z,2026-09-08T20:59:00Z,62,62
T_STLGW-2,STLGW-2,2026-09-08,44,2026-09-08T20:59:00Z,2026-09-08T21:00:00Z,62,59
T_STLGW-2,STLGW-2,2026-09-08,45,2026-09-08T21:00:00Z,2026-09-08T21:29:00Z,59,59
T_STLGW-2,STLGW-2,2026-09-08,45,2026-09-08T21:29:00Z,2026-09-08T21:30:00Z,59,56
T_STLGW-2,STLGW-2,2026-09-08,46,2026-09-08T21:30:00Z,2026-09-08T21:58:00Z,56,56
T_STLGW-2,STLGW-2,2026-09-08,46,2026-09-08T21:58:00Z,2026-09-08T21:59:00Z,56,50
T_STLGW-2,STLGW-2,2026-09-08,46,2026-09-08T21:59:00Z,2026-09-08T22:00:00Z,50,47
T_STLGW-2,STLGW-2,2026-09-08,47,2026-09-08T22:00:00Z,2026-09-08T22:29:00Z,46,46
T_STLGW-2,STLGW-2,2026-09-08,47,2026-09-08T22:29:00Z,2026-09-08T22:30:00Z,46,39
T_STLGW-2,STLGW-2,2026-09-08,48,2026-09-08T22:30:00Z,2026-09-08T22:59:00Z,39,39
T_STLGW-2,STLGW-2,2026-09-08,48,2026-09-08T22:59:00Z,2026-09-08T23:00:00Z,39,32
T_STLGW-3,STLGW-3,2026-09-08,1,2026-09-07T23:00:00Z,2026-09-07T23:30:00Z,71,71
T_STLGW-3,STLGW-3,2026-09-08,2,2026-09-07T23:30:00Z,2026-09-08T00:00:00Z,71,71
T_STLGW-3,STLGW-3,2026-09-08,3,2026-09-08T00:00:00Z,2026-09-08T00:29:00Z,71,71
T_STLGW-3,STLGW-3,2026-09-08,3,2026-09-08T00:29:00Z,2026-09-08T00:30:00Z,71,72
T_STLGW-3,STLGW-3,2026-09-08,4,2026-09-08T00:30:00Z,2026-09-08T00:59:00Z,72,72
T_STLGW-3,STLGW-3,2026-09-08,4,2026-09-08T00:59:00Z,2026-09-08T01:00:00Z,72,71
T_STLGW-3,STLGW-3,2026-09-08,5,2026-09-08T01:00:00Z,2026-09-08T01:30:00Z,71,71
T_STLGW-3,STLGW-3,2026-09-08,6,2026-09-08T01:30:00Z,2026-09-08T02:00:00Z,71,71
T_STLGW-3,STLGW-3,2026-09-08,7,2026-09-08T02:00:00Z,2026-09-08T02:30:00Z,71,71
T_STLGW-3,STLGW-3,2026-09-08,8,2026-09-08T02:30:00Z,2026-09-08T03:00:00Z,71,71
T_STLGW-3,STLGW-3,2026-09-08,9,2026-09-08T03:00:00Z,2026-09-08T03:29:00Z,71,71
T_STLGW-3,STLGW-3,2026-09-08,9,2026-09-08T03:29:00Z,2026-09-08T03:30:00Z,71,70
T_STLGW-3,STLGW-3,2026-09-08,10,2026-09-08T03:30:00Z,2026-09-08T03:59:00Z,70,70
T_STLGW-3,STLGW-3,2026-09-08,10,2026-09-08T03:59:00Z,2026-09-08T04:00:00Z,70,71
T_STLGW-3,STLGW-3,2026-09-08,11,2026-09-08T04:00:00Z,2026-09-08T04:30:00Z,70,70
T_STLGW-3,STLGW-3,2026-09-08,12,2026-09-08T04:30:00Z,2026-09-08T05:00:00Z,70,70
T_STLGW-3,STLGW-3,2026-09-08,13,2026-09-08T05:00:00Z,2026-09-08T05:30:00Z,70,70
T_STLGW-3,STLGW-3,2026-09-08,14,2026-09-08T05:30:00Z,2026-09-08T06:00:00Z,70,70
T_STLGW-3,STLGW-3,2026-09-08,15,2026-09-08T06:00:00Z,2026-09-08T06:30:00Z,70,70
T_STLGW-3,STLGW-3,2026-09-08,16,2026-09-08T06:30:00Z,2026-09-08T06:59:00Z,70,70
T_STLGW-3,STLGW-3,2026-09-08,16,2026-09-08T06:59:00Z,2026-09-08T07:00:00Z,70,71
T_STLGW-3,STLGW-3,2026-09-08,17,2026-09-08T07:00:00Z,2026-09-08T07:30:00Z,71,71
T_STLGW-3,STLGW-3,2026-09-08,18,2026-09-08T07:30:00Z,2026-09-08T08:00:00Z,71,71
T_STLGW-3,STLGW-3,2026-09-08,19,2026-09-08T08:00:00Z,2026-09-08T08:30:00Z,71,71
T_STLGW-3,STLGW-3,2026-09-08,20,2026-09-08T08:30:00Z,2026-09-08T09:00:00Z,71,71
T_STLGW-3,STLGW-3,2026-09-08,21,2026-09-08T09:00:00Z,2026-09-08T09:30:00Z,71,71
T_STLGW-3,STLGW-3,2026-09-08,22,2026-09-08T09:30:00Z,2026-09-08T10:00:00Z,71,71
T_STLGW-3,STLGW-3,2026-09-08,23,2026-09-08T10:00:00Z,2026-09-08T10:29:00Z,71,71
T_STLGW-3,STLGW-3,2026-09-08,23,2026-09-08T10:29:00Z,2026-09-08T10:30:00Z,71,70
T_STLGW-3,STLGW-3,2026-09-08,24,2026-09-08T10:30:00Z,2026-09-08T11:00:00Z,70,70
T_STLGW-3,STLGW-3,2026-09-08,25,2026-09-08T11:00:00Z,2026-09-08T11:29:00Z,70,70
T_STLGW-3,STLGW-3,2026-09-08,25,2026-09-08T11:29:00Z,2026-09-08T11:30:00Z,70,69
T_STLGW-3,STLGW-3,2026-09-08,26,2026-09-08T11:30:00Z,2026-09-08T11:59:00Z,69,69
T_STLGW-3,STLGW-3,2026-09-08,26,2026-09-08T11:59:00Z,2026-09-08T12:00:00Z,69,68
T_STLGW-3,STLGW-3,2026-09-08,27,2026-09-08T12:00:00Z,2026-09-08T12:29:00Z,68,68
T_STLGW-3,STLGW-3,2026-09-08,27,2026-09-08T12:29:00Z,2026-09-08T12:30:00Z,68,67
T_STLGW-3,STLGW-3,2026-09-08,28,2026-09-08T12:30:00Z,2026-09-08T12:59:00Z,67,67
T_STLGW-3,STLGW-3,2026-09-08,28,2026-09-08T12:59:00Z,2026-09-08T13:00:00Z,67,68
T_STLGW-3,STLGW-3,2026-09-08,29,2026-09-08T13:00:00Z,2026-09-08T13:30:00Z,68,68
T_STLGW-3,STLGW-3,2026-09-08,30,2026-09-08T13:30:00Z,2026-09-08T14:00:00Z,69,69
T_STLGW-3,STLGW-3,2026-09-08,31,2026-09-08T14:00:00Z,2026-09-08T14:29:00Z,68,68
T_STLGW-3,STLGW-3,2026-09-08,31,2026-09-08T14:29:00Z,2026-09-08T14:30:00Z,68,69
T_STLGW-3,STLGW-3,2026-09-08,32,2026-09-08T14:30:00Z,2026-09-08T15:00:00Z,69,69
T_STLGW-3,STLGW-3,2026-09-08,33,2026-09-08T15:00:00Z,2026-09-08T15:30:00Z,68,68
T_STLGW-3,STLGW-3,2026-09-08,34,2026-09-08T15:30:00Z,2026-09-08T16:00:00Z,68,68
T_STLGW-3,STLGW-3,2026-09-08,35,2026-09-08T16:00:00Z,2026-09-08T16:30:00Z,68,68
T_STLGW-3,STLGW-3,2026-09-08,36,2026-09-08T16:30:00Z,2026-09-08T16:59:00Z,68,68
T_STLGW-3,STLGW-3,2026-09-08,36,2026-09-08T16:59:00Z,2026-09-08T17:00:00Z,68,67
T_STLGW-3,STLGW-3,2026-09-08,37,2026-09-08T17:00:00Z,2026-09-08T17:30:00Z,67,67
T_STLGW-3,STLGW-3,2026-09-08,38,2026-09-08T17:30:00Z,2026-09-08T17:59:00Z,67,67
T_STLGW-3,STLGW-3,2026-09-08,38,2026-09-08T17:59:00Z,2026-09-08T18:00:00Z,67,66
T_STLGW-3,STLGW-3,2026-09-08,39,2026-09-08T18:00:00Z,2026-09-08T18:30:00Z,66,66
T_STLGW-3,STLGW-3,2026-09-08,40,2026-09-08T18:30:00Z,2026-09-08T18:59:00Z,66,66
T_STLGW-3,STLGW-3,2026-09-08,40,2026-09-08T18:59:00Z,2026-09-08T19:00:00Z,66,63
T_STLGW-3,STLGW-3,2026-09-08,41,2026-09-08T19:00:00Z,2026-09-08T19:29:00Z,63,63
T_STLGW-3,STLGW-3,2026-09-08,41,2026-09-08T19:29:00Z,2026-09-08T19:30:00Z,63,60
T_STLGW-3,STLGW-3,2026-09-08,42,2026-09-08T19:30:00Z,2026-09-08T19:59:00Z,60,60
T_STLGW-3,STLGW-3,2026-09-08,42,2026-09-08T19:59:00Z,2026-09-08T20:00:00Z,60,57
T_STLGW-3,STLGW-3,2026-09-08,43,2026-09-08T20:00:00Z,2026-09-08T20:29:00Z,57,57
T_STLGW-3,STLGW-3,2026-09-08,43,2026-09-08T20:29:00Z,2026-09-08T20:30:00Z,57,55
T_STLGW-3,STLGW-3,2026-09-08,44,2026-09-08T20:30:00Z,2026-09-08T20:59:00Z,55,55
T_STLGW-3,STLGW-3,2026-09-08,44,2026-09-08T20:59:00Z,2026-09-08T21:00:00Z,55,52
T_STLGW-3,STLGW-3,2026-09-08,45,2026-09-08T21:00:00Z,2026-09-08T21:28:00Z,51,51
T_STLGW-3,STLGW-3,2026-09-08,45,2026-09-08T21:28:00Z,2026-09-08T21:29:00Z,51,50
T_STLGW-3,STLGW-3,2026-09-08,45,2026-09-08T21:29:00Z,2026-09-08T21:30:00Z,50,49
T_STLGW-3,STLGW-3,2026-09-08,46,2026-09-08T21:30:00Z,2026-09-08T21:59:00Z,49,49
T_STLGW-3,STLGW-3,2026-09-08,46,2026-09-08T21:59:00Z,2026-09-08T22:00:00Z,49,41
T_STLGW-3,STLGW-3,2026-09-08,47,2026-09-08T22:00:00Z,2026-09-08T22:29:00Z,40,40
T_STLGW-3,STLGW-3,2026-09-08,47,2026-09-08T22:29:00Z,2026-09-08T22:30:00Z,40,34
T_STLGW-3,STLGW-3,2026-09-08,48,2026-09-08T22:30:00Z,2026-09-08T22:59:00Z,34,34
T_STLGW-3,STLGW-3,2026-09-08,48,2026-09-08T22:59:00Z,2026-09-08T23:00:00Z,34,28
T_STRNW-1,STRNW-1,2026-09-08,1,2026-09-07T23:00:00Z,2026-09-07T23:29:00Z,57,57
T_STRNW-1,STRNW-1,2026-09-08,1,2026-09-07T23:29:00Z,2026-09-07T23:30:00Z,57,58
T_STRNW-1,STRNW-1,2026-09-08,2,2026-09-07T23:30:00Z,2026-09-08T00:00:00Z,57,57
T_STRNW-1,STRNW-1,2026-09-08,3,2026-09-08T00:00:00Z,2026-09-08T00:30:00Z,56,56
T_STRNW-1,STRNW-1,2026-09-08,4,2026-09-08T00:30:00Z,2026-09-08T00:59:00Z,56,56
T_STRNW-1,STRNW-1,2026-09-08,4,2026-09-08T00:59:00Z,2026-09-08T01:00:00Z,56,54
T_STRNW-1,STRNW-1,2026-09-08,5,2026-09-08T01:00:00Z,2026-09-08T01:29:00Z,54,54
T_STRNW-1,STRNW-1,2026-09-08,5,2026-09-08T01:29:00Z,2026-09-08T01:30:00Z,54,52
T_STRNW-1,STRNW-1,2026-09-08,6,2026-09-08T01:30:00Z,2026-09-08T01:58:00Z,52,52
T_STRNW-1,STRNW-1,2026-09-08,6,2026-09-08T01:58:00Z,2026-09-08T01:59:00Z,52,50
T_STRNW-1,STRNW-1,2026-09-08,6,2026-09-08T01:59:00Z,2026-09-08T02:00:00Z,50,49
T_STRNW-1,STRNW-1,2026-09-08,7,2026-09-08T02:00:00Z,2026-09-08T02:29:00Z,49,49
T_STRNW-1,STRNW-1,2026-09-08,7,2026-09-08T02:29:00Z,2026-09-08T02:30:00Z,49,46
T_STRNW-1,STRNW-1,2026-09-08,8,2026-09-08T02:30:00Z,2026-09-08T02:59:00Z,46,46
T_STRNW-1,STRNW-1,2026-09-08,8,2026-09-08T02:59:00Z,2026-09-08T03:00:00Z,46,44
T_STRNW-1,STRNW-1,2026-09-08,9,2026-09-08T03:00:00Z,2026-09-08T03:29:00Z,44,44
T_STRNW-1,STRNW-1,2026-09-08,9,2026-09-08T03:29:00Z,2026-09-08T03:30:00Z,44,42
T_STRNW-1,STRNW-1,2026-09-08,10,2026-09-08T03:30:00Z,2026-09-08T03:59:00Z,42,42
T_STRNW-1,STRNW-1,2026-09-08,10,2026-09-08T03:59:00Z,2026-09-08T04:00:00Z,42,45
T_STRNW-1,STRNW-1,2026-09-08,11,2026-09-08T04:00:00Z,2026-09-08T04:29:00Z,44,44
T_STRNW-1,STRNW-1,2026-09-08,11,2026-09-08T04:29:00Z,2026-09-08T04:30:00Z,44,47
T_STRNW-1,STRNW-1,2026-09-08,12,2026-09-08T04:30:00Z,2026-09-08T04:59:00Z,47,47
T_STRNW-1,STRNW-1,2026-09-08,12,2026-09-08T04:59:00Z,2026-09-08T05:00:00Z,47,49
T_STRNW-1,STRNW-1,2026-09-08,13,2026-09-08T05:00:00Z,2026-09-08T05:28:00Z,49,49
T_STRNW-1,STRNW-1,2026-09-08,13,2026-09-08T05:28:00Z,2026-09-08T05:29:00Z,49,50
T_STRNW-1,STRNW-1,2026-09-08,13,2026-09-08T05:29:00Z,2026-09-08T05:30:00Z,50,51
T_STRNW-1,STRNW-1,2026-09-08,14,2026-09-08T05:30:00Z,2026-09-08T05:59:00Z,51,51
T_STRNW-1,STRNW-1,2026-09-08,14,2026-09-08T05:59:00Z,2026-09-08T06:00:00Z,51,52
T_STRNW-1,STRNW-1,2026-09-08,15,2026-09-08T06:00:00Z,2026-09-08T06:29:00Z,52,52
T_STRNW-1,STRNW-1,2026-09-08,15,2026-09-08T06:29:00Z,2026-09-08T06:30:00Z,52,53
T_STRNW-1,STRNW-1,2026-09-08,16,2026-09-08T06:30:00Z,2026-09-08T06:59:00Z,53,53
T_STRNW-1,STRNW-1,2026-09-08,16,2026-09-08T06:59:00Z,2026-09-08T07:00:00Z,53,51
T_STRNW-1,STRNW-1,2026-09-08,17,2026-09-08T07:00:00Z,2026-09-08T07:28:00Z,51,51
T_STRNW-1,STRNW-1,2026-09-08,17,2026-09-08T07:28:00Z,2026-09-08T07:29:00Z,51,50
T_STRNW-1,STRNW-1,2026-09-08,17,2026-09-08T07:29:00Z,2026-09-08T07:30:00Z,50,49
T_STRNW-1,STRNW-1,2026-09-08,18,2026-09-08T07:30:00Z,2026-09-08T07:59:00Z,49,49
T_STRNW-1,STRNW-1,2026-09-08,18,2026-09-08T07:59:00Z,2026-09-08T08:00:00Z,49,47
T_STRNW-1,STRNW-1,2026-09-08,19,2026-09-08T08:00:00Z,2026-09-08T08:29:00Z,47,47
T_STRNW-1,STRNW-1,2026-09-08,19,2026-09-08T08:29:00Z,2026-09-08T08:30:00Z,47,45
T_STRNW-1,STRNW-1,2026-09-08,20,2026-09-08T08:30:00Z,2026-09-08T08:59:00Z,45,45
T_STRNW-1,STRNW-1,2026-09-08,20,2026-09-08T08:59:00Z,2026-09-08T09:00:00Z,45,41
T_STRNW-1,STRNW-1,2026-09-08,21,2026-09-08T09:00:00Z,2026-09-08T09:29:00Z,44,44
T_STRNW-1,STRNW-1,2026-09-08,21,2026-09-08T09:29:00Z,2026-09-08T09:30:00Z,44,40
T_STRNW-1,STRNW-1,2026-09-08,22,2026-09-08T09:30:00Z,2026-09-08T09:59:00Z,40,40
T_STRNW-1,STRNW-1,2026-09-08,22,2026-09-08T09:59:00Z,2026-09-08T10:00:00Z,40,43
T_STRNW-1,STRNW-1,2026-09-08,23,2026-09-08T10:00:00Z,2026-09-08T10:29:00Z,40,40
T_STRNW-1,STRNW-1,2026-09-08,23,2026-09-08T10:29:00Z,2026-09-08T10:30:00Z,40,43
T_STRNW-1,STRNW-1,2026-09-08,24,2026-09-08T10:30:00Z,2026-09-08T10:58:00Z,43,43
T_STRNW-1,STRNW-1,2026-09-08,24,2026-09-08T10:58:00Z,2026-09-08T10:59:00Z,43,50
T_STRNW-1,STRNW-1,2026-09-08,24,2026-09-08T10:59:00Z,2026-09-08T11:00:00Z,50,51
T_STRNW-1,STRNW-1,2026-09-08,25,2026-09-08T11:00:00Z,2026-09-08T11:29:00Z,51,51
T_STRNW-1,STRNW-1,2026-09-08,25,2026-09-08T11:29:00Z,2026-09-08T11:30:00Z,51,55
T_STRNW-1,STRNW-1,2026-09-08,26,2026-09-08T11:30:00Z,2026-09-08T11:59:00Z,55,55
T_STRNW-1,STRNW-1,2026-09-08,26,2026-09-08T11:59:00Z,2026-09-08T12:00:00Z,55,57
T_STRNW-1,STRNW-1,2026-09-08,27,2026-09-08T12:00:00Z,2026-09-08T12:29:00Z,57,57
T_STRNW-1,STRNW-1,2026-09-08,27,2026-09-08T12:29:00Z,2026-09-08T12:30:00Z,57,58
T_STRNW-1,STRNW-1,2026-09-08,28,2026-09-08T12:30:00Z,2026-09-08T12:59:00Z,58,58
T_STRNW-1,STRNW-1,2026-09-08,28,2026-09-08T12:59:00Z,2026-09-08T13:00:00Z,58,59
T_STRNW-1,STRNW-1,2026-09-08,29,2026-09-08T13:00:00Z,2026-09-08T13:29:00Z,59,59
T_STRNW-1,STRNW-1,2026-09-08,29,2026-09-08T13:29:00Z,2026-09-08T13:30:00Z,59,60
T_STRNW-1,STRNW-1,2026-09-08,30,2026-09-08T13:30:00Z,2026-09-08T14:00:00Z,60,60
T_STRNW-1,STRNW-1,2026-09-08,31,2026-09-08T14:00:00Z,2026-09-08T14:29:00Z,60,60
T_STRNW-1,STRNW-1,2026-09-08,31,2026-09-08T14:29:00Z,2026-09-08T14:30:00Z,60,61
T_STRNW-1,STRNW-1,2026-09-08,32,2026-09-08T14:30:00Z,2026-09-08T14:59:00Z,61,61
T_STRNW-1,STRNW-1,2026-09-08,32,2026-09-08T14:59:00Z,2026-09-08T15:00:00Z,61,60
T_STRNW-1,STRNW-1,2026-09-08,33,2026-09-08T15:00:00Z,2026-09-08T15:30:00Z,60,60
T_STRNW-1,STRNW-1,2026-09-08,34,2026-09-08T15:30:00Z,2026-09-08T15:59:00Z,60,60
T_STRNW-1,STRNW-1,2026-09-08,34,2026-09-08T15:59:00Z,2026-09-08T16:00:00Z,60,59
T_STRNW-1,STRNW-1,2026-09-08,35,2026-09-08T16:00:00Z,2026-09-08T16:29:00Z,59,59
T_STRNW-1,STRNW-1,2026-09-08,35,2026-09-08T16:29:00Z,2026-09-08T16:30:00Z,59,58
T_STRNW-1,STRNW-1,2026-09-08,36,2026-09-08T16:30:00Z,2026-09-08T17:00:00Z,58,58
T_STRNW-1,STRNW-1,2026-09-08,37,2026-09-08T17:00:00Z,2026-09-08T17:29:00Z,58,58
T_STRNW-1,STRNW-1,2026-09-08,37,2026-09-08T17:29:00Z,2026-09-08T17:30:00Z,58,57
T_STRNW-1,STRNW-1,2026-09-08,38,2026-09-08T17:30:00Z,2026-09-08T17:59:00Z,57,57
T_STRNW-1,STRNW-1,2026-09-08,38,2026-09-08T17:59:00Z,2026-09-08T18:00:00Z,57,56
T_STRNW-1,STRNW-1,2026-09-08,39,2026-09-08T18:00:00Z,2026-09-08T18:29:00Z,56,56
T_STRNW-1,STRNW-1,2026-09-08,39,2026-09-08T18:29:00Z,2026-09-08T18:30:00Z,56,55
T_STRNW-1,STRNW-1,2026-09-08,40,2026-09-08T18:30:00Z,2026-09-08T18:59:00Z,55,55
T_STRNW-1,STRNW-1,2026-09-08,40,2026-09-08T18:59:00Z,2026-09-08T19:00:00Z,55,54
T_STRNW-1,STRNW-1,2026-09-08,41,2026-09-08T19:00:00Z,2026-09-08T19:29:00Z,54,54
T_STRNW-1,STRNW-1,2026-09-08,41,2026-09-08T19:29:00Z,2026-09-08T19:30:00Z,54,53
T_STRNW-1,STRNW-1,2026-09-08,42,2026-09-08T19:30:00Z,2026-09-08T19:59:00Z,53,53
T_STRNW-1,STRNW-1,2026-09-08,42,2026-09-08T19:59:00Z,2026-09-08T20:00:00Z,53,52
T_STRNW-1,STRNW-1,2026-09-08,43,2026-09-08T20:00:00Z,2026-09-08T20:28:00Z,51,51
T_STRNW-1,STRNW-1,2026-09-08,43,2026-09-08T20:28:00Z,2026-09-08T20:29:00Z,51,50
T_STRNW-1,STRNW-1,2026-09-08,43,2026-09-08T20:29:00Z,2026-09-08T20:30:00Z,50,49
T_STRNW-1,STRNW-1,2026-09-08,44,2026-09-08T20:30:00Z,2026-09-08T20:59:00Z,49,49
T_STRNW-1,STRNW-1,2026-09-08,44,2026-09-08T20:59:00Z,2026-09-08T21:00:00Z,49,47
T_STRNW-1,STRNW-1,2026-09-08,45,2026-09-08T21:00:00Z,2026-09-08T21:29:00Z,45,45
T_STRNW-1,STRNW-1,2026-09-08,45,2026-09-08T21:29:00Z,2026-09-08T21:30:00Z,45,43
T_STRNW-1,STRNW-1,2026-09-08,46,2026-09-08T21:30:00Z,2026-09-08T21:59:00Z,43,43
T_STRNW-1,STRNW-1,2026-09-08,46,2026-09-08T21:59:00Z,2026-09-08T22:00:00Z,43,42
T_STRNW-1,STRNW-1,2026-09-08,47,2026-09-08T22:00:00Z,2026-09-08T22:29:00Z,40,40
T_STRNW-1,STRNW-1,2026-09-08,47,2026-09-08T22:29:00Z,2026-09-08T22:30:00Z,40,39
T_STRNW-1,STRNW-1,2026-09-08,48,2026-09-08T22:30:00Z,2026-09-08T22:59:00Z,39,39
T_STRNW-1,STRNW-1,2026-09-08,48,2026-09-08T22:59:00Z,2026-09-08T23:00:00Z,39,37
T_TDBNW-1,TDBNW-1,2026-09-08,1,2026-09-07T23:00:00Z,2026-09-07T23:29:00Z,16,16
T_TDBNW-1,TDBNW-1,2026-09-08,1,2026-09-07T23:29:00Z,2026-09-07T23:30:00Z,16,17
T_TDBNW-1,TDBNW-1,2026-09-08,2,2026-09-07T23:30:00Z,2026-09-08T00:00:00Z,17,17
T_TDBNW-1,TDBNW-1,2026-09-08,3,2026-09-08T00:00:00Z,2026-09-08T00:29:00Z,17,17
T_TDBNW-1,TDBNW-1,2026-09-08,3,2026-09-08T00:29:00Z,2026-09-08T00:30:00Z,17,18
T_TDBNW-1,TDBNW-1,2026-09-08,4,2026-09-08T00:30:00Z,2026-09-08T01:00:00Z,18,18
T_TDBNW-1,TDBNW-1,2026-09-08,5,2026-09-08T01:00:00Z,2026-09-08T01:30:00Z,18,18
T_TDBNW-1,TDBNW-1,2026-09-08,6,2026-09-08T01:30:00Z,2026-09-08T02:00:00Z,18,18
T_TDBNW-1,TDBNW-1,2026-09-08,7,2026-09-08T02:00:00Z,2026-09-08T02:29:00Z,18,18
T_TDBNW-1,TDBNW-1,2026-09-08,7,2026-09-08T02:29:00Z,2026-09-08T02:30:00Z,18,17
T_TDBNW-1,TDBNW-1,2026-09-08,8,2026-09-08T02:30:00Z,2026-09-08T03:00:00Z,17,17
T_TDBNW-1,TDBNW-1,2026-09-08,9,2026-09-08T03:00:00Z,2026-09-08T03:30:00Z,17,17
T_TDBNW-1,TDBNW-1,2026-09-08,10,2026-09-08T03:30:00Z,2026-09-08T03:59:00Z,17,17
T_TDBNW-1,TDBNW-1,2026-09-08,10,2026-09-08T03:59:00Z,2026-09-08T04:00:00Z,17,18
T_TDBNW-1,TDBNW-1,2026-09-08,11,2026-09-08T04:00:00Z,2026-09-08T04:30:00Z,18,18
T_TDBNW-1,TDBNW-1,2026-09-08,12,2026-09-08T04:30:00Z,2026-09-08T05:00:00Z,18,18
T_TDBNW-1,TDBNW-1,2026-09-08,13,2026-09-08T05:00:00Z,2026-09-08T05:30:00Z,18,18
T_TDBNW-1,TDBNW-1,2026-09-08,14,2026-09-08T05:30:00Z,2026-09-08T05:59:00Z,18,18
T_TDBNW-1,TDBNW-1,2026-09-08,14,2026-09-08T05:59:00Z,2026-09-08T06:00:00Z,18,19
T_TDBNW-1,TDBNW-1,2026-09-08,15,2026-09-08T06:00:00Z,2026-09-08T06:30:00Z,19,19
T_TDBNW-1,TDBNW-1,2026-09-08,16,2026-09-08T06:30:00Z,2026-09-08T07:00:00Z,19,19
T_TDBNW-1,TDBNW-1,2026-09-08,17,2026-09-08T07:00:00Z,2026-09-08T07:30:00Z,19,19
T_TDBNW-1,TDBNW-1,2026-09-08,18,2026-09-08T07:30:00Z,2026-09-08T07:59:00Z,19,19
T_TDBNW-1,TDBNW-1,2026-09-08,18,2026-09-08T07:59:00Z,2026-09-08T08:00:00Z,19,20
T_TDBNW-1,TDBNW-1,2026-09-08,19,2026-09-08T08:00:00Z,2026-09-08T08:30:00Z,20,20
T_TDBNW-1,TDBNW-1,2026-09-08,20,2026-09-08T08:30:00Z,2026-09-08T08:59:00Z,20,20
T_TDBNW-1,TDBNW-1,2026-09-08,20,2026-09-08T08:59:00Z,2026-09-08T09:00:00Z,20,21
T_TDBNW-1,TDBNW-1,2026-09-08,21,2026-09-08T09:00:00Z,2026-09-08T09:30:00Z,21,21
T_TDBNW-1,TDBNW-1,2026-09-08,22,2026-09-08T09:30:00Z,2026-09-08T10:00:00Z,21,21
T_TDBNW-1,TDBNW-1,2026-09-08,23,2026-09-08T10:00:00Z,2026-09-08T10:29:00Z,21,21
T_TDBNW-1,TDBNW-1,2026-09-08,23,2026-09-08T10:29:00Z,2026-09-08T10:30:00Z,21,22
T_TDBNW-1,TDBNW-1,2026-09-08,24,2026-09-08T10:30:00Z,2026-09-08T11:00:00Z,22,22
T_TDBNW-1,TDBNW-1,2026-09-08,25,2026-09-08T11:00:00Z,2026-09-08T11:30:00Z,22,22
T_TDBNW-1,TDBNW-1,2026-09-08,26,2026-09-08T11:30:00Z,2026-09-08T11:59:00Z,22,22
T_TDBNW-1,TDBNW-1,2026-09-08,26,2026-09-08T11:59:00Z,2026-09-08T12:00:00Z,22,23
T_TDBNW-1,TDBNW-1,2026-09-08,27,2026-09-08T12:00:00Z,2026-09-08T12:30:00Z,23,23
T_TDBNW-1,TDBNW-1,2026-09-08,28,2026-09-08T12:30:00Z,2026-09-08T13:00:00Z,23,23
T_TDBNW-1,TDBNW-1,2026-09-08,29,2026-09-08T13:00:00Z,2026-09-08T13:30:00Z,23,23
T_TDBNW-1,TDBNW-1,2026-09-08,30,2026-09-08T13:30:00Z,2026-09-08T14:00:00Z,23,23
T_TDBNW-1,TDBNW-1,2026-09-08,31,2026-09-08T14:00:00Z,2026-09-08T14:29:00Z,23,23
T_TDBNW-1,TDBNW-1,2026-09-08,31,2026-09-08T14:29:00Z,2026-09-08T14:30:00Z,23,27
T_TDBNW-1,TDBNW-1,2026-09-08,32,2026-09-08T14:30:00Z,2026-09-08T15:00:00Z,23,23
T_TDBNW-1,TDBNW-1,2026-09-08,33,2026-09-08T15:00:00Z,2026-09-08T15:30:00Z,23,23
T_TDBNW-1,TDBNW-1,2026-09-08,34,2026-09-08T15:30:00Z,2026-09-08T16:00:00Z,23,23
T_TDBNW-1,TDBNW-1,2026-09-08,35,2026-09-08T16:00:00Z,2026-09-08T16:30:00Z,23,23
T_TDBNW-1,TDBNW-1,2026-09-08,36,2026-09-08T16:30:00Z,2026-09-08T17:00:00Z,23,23
T_TDBNW-1,TDBNW-1,2026-09-08,37,2026-09-08T17:00:00Z,2026-09-08T17:29:00Z,23,23
T_TDBNW-1,TDBNW-1,2026-09-08,37,2026-09-08T17:29:00Z,2026-09-08T17:30:00Z,23,22
T_TDBNW-1,TDBNW-1,2026-09-08,38,2026-09-08T17:30:00Z,2026-09-08T18:00:00Z,22,22
T_TDBNW-1,TDBNW-1,2026-09-08,39,2026-09-08T18:00:00Z,2026-09-08T18:30:00Z,22,22
T_TDBNW-1,TDBNW-1,2026-09-08,40,2026-09-08T18:30:00Z,2026-09-08T18:59:00Z,22,22
T_TDBNW-1,TDBNW-1,2026-09-08,40,2026-09-08T18:59:00Z,2026-09-08T19:00:00Z,22,21
T_TDBNW-1,TDBNW-1,2026-09-08,41,2026-09-08T19:00:00Z,2026-09-08T19:29:00Z,22,22
T_TDBNW-1,TDBNW-1,2026-09-08,41,2026-09-08T19:29:00Z,2026-09-08T19:30:00Z,22,21
T_TDBNW-1,TDBNW-1,2026-09-08,42,2026-09-08T19:30:00Z,2026-09-08T20:00:00Z,21,21
T_TDBNW-1,TDBNW-1,2026-09-08,43,2026-09-08T20:00:00Z,2026-09-08T20:30:00Z,21,21
T_TDBNW-1,TDBNW-1,2026-09-08,44,2026-09-08T20:30:00Z,2026-09-08T20:59:00Z,21,21
T_TDBNW-1,TDBNW-1,2026-09-08,44,2026-09-08T20:59:00Z,2026-09-08T21:00:00Z,21,20
T_TDBNW-1,TDBNW-1,2026-09-08,45,2026-09-08T21:00:00Z,2026-09-08T21:29:00Z,20,20
T_TDBNW-1,TDBNW-1,2026-09-08,45,2026-09-08T21:29:00Z,2026-09-08T21:30:00Z,20,19
T_TDBNW-1,TDBNW-1,2026-09-08,46,2026-09-08T21:30:00Z,2026-09-08T21:59:00Z,19,19
T_TDBNW-1,TDBNW-1,2026-09-08,46,2026-09-08T21:59:00Z,2026-09-08T22:00:00Z,19,18
T_TDBNW-1,TDBNW-1,2026-09-08,47,2026-09-08T22:00:00Z,2026-09-08T22:29:00Z,18,18
T_TDBNW-1,TDBNW-1,2026-09-08,47,2026-09-08T22:29:00Z,2026-09-08T22:30:00Z,18,17
T_TDBNW-1,TDBNW-1,2026-09-08,48,2026-09-08T22:30:00Z,2026-09-08T22:59:00Z,17,17
T_TDBNW-1,TDBNW-1,2026-09-08,48,2026-09-08T22:59:00Z,2026-09-08T23:00:00Z,17,16
T_THNTO-1,THNTO-1,2026-09-08,1,2026-09-07T23:00:00Z,2026-09-07T23:15:00Z,63,63
T_THNTO-1,THNTO-1,2026-09-08,1,2026-09-07T23:15:00Z,2026-09-07T23:30:00Z,54,54
T_THNTO-1,THNTO-1,2026-09-08,2,2026-09-07T23:30:00Z,2026-09-07T23:45:00Z,52,52
T_THNTO-1,THNTO-1,2026-09-08,2,2026-09-07T23:45:00Z,2026-09-08T00:00:00Z,43,43
T_THNTO-1,THNTO-1,2026-09-08,3,2026-09-08T00:00:00Z,2026-09-08T00:15:00Z,34,34
T_THNTO-1,THNTO-1,2026-09-08,3,2026-09-08T00:15:00Z,2026-09-08T00:30:00Z,34,34
T_THNTO-1,THNTO-1,2026-09-08,4,2026-09-08T00:30:00Z,2026-09-08T00:45:00Z,32,32
T_THNTO-1,THNTO-1,2026-09-08,4,2026-09-08T00:45:00Z,2026-09-08T01:00:00Z,30,30
T_THNTO-1,THNTO-1,2026-09-08,5,2026-09-08T01:00:00Z,2026-09-08T01:15:00Z,30,30
T_THNTO-1,THNTO-1,2026-09-08,5,2026-09-08T01:15:00Z,2026-09-08T01:30:00Z,33,33
T_THNTO-1,THNTO-1,2026-09-08,6,2026-09-08T01:30:00Z,2026-09-08T01:45:00Z,35,35
T_THNTO-1,THNTO-1,2026-09-08,6,2026-09-08T01:45:00Z,2026-09-08T02:00:00Z,36,36
T_THNTO-1,THNTO-1,2026-09-08,7,2026-09-08T02:00:00Z,2026-09-08T02:15:00Z,34,34
T_THNTO-1,THNTO-1,2026-09-08,7,2026-09-08T02:15:00Z,2026-09-08T02:30:00Z,34,34
T_THNTO-1,THNTO-1,2026-09-08,8,2026-09-08T02:30:00Z,2026-09-08T02:45:00Z,33,33
T_THNTO-1,THNTO-1,2026-09-08,8,2026-09-08T02:45:00Z,2026-09-08T03:00:00Z,33,33
T_THNTO-1,THNTO-1,2026-09-08,9,2026-09-08T03:00:00Z,2026-09-08T03:15:00Z,33,33
T_THNTO-1,THNTO-1,2026-09-08,9,2026-09-08T03:15:00Z,2026-09-08T03:30:00Z,36,36
T_THNTO-1,THNTO-1,2026-09-08,10,2026-09-08T03:30:00Z,2026-09-08T03:45:00Z,37,37
T_THNTO-1,THNTO-1,2026-09-08,10,2026-09-08T03:45:00Z,2026-09-08T04:00:00Z,38,38
T_THNTO-1,THNTO-1,2026-09-08,11,2026-09-08T04:00:00Z,2026-09-08T04:15:00Z,39,39
T_THNTO-1,THNTO-1,2026-09-08,11,2026-09-08T04:15:00Z,2026-09-08T04:30:00Z,36,36
T_THNTO-1,THNTO-1,2026-09-08,12,2026-09-08T04:30:00Z,2026-09-08T04:45:00Z,35,35
T_THNTO-1,THNTO-1,2026-09-08,12,2026-09-08T04:45:00Z,2026-09-08T05:00:00Z,38,38
T_THNTO-1,THNTO-1,2026-09-08,13,2026-09-08T05:00:00Z,2026-09-08T05:15:00Z,43,43
T_THNTO-1,THNTO-1,2026-09-08,13,2026-09-08T05:15:00Z,2026-09-08T05:30:00Z,41,41
T_THNTO-1,THNTO-1,2026-09-08,14,2026-09-08T05:30:00Z,2026-09-08T05:45:00Z,35,35
T_THNTO-1,THNTO-1,2026-09-08,14,2026-09-08T05:45:00Z,2026-09-08T06:00:00Z,34,34
T_THNTO-1,THNTO-1,2026-09-08,15,2026-09-08T06:00:00Z,2026-09-08T06:15:00Z,33,33
T_THNTO-1,THNTO-1,2026-09-08,15,2026-09-08T06:15:00Z,2026-09-08T06:30:00Z,34,34
T_THNTO-1,THNTO-1,2026-09-08,16,2026-09-08T06:30:00Z,2026-09-08T06:45:00Z,35,35
T_THNTO-1,THNTO-1,2026-09-08,16,2026-09-08T06:45:00Z,2026-09-08T07:00:00Z,36,36
T_THNTO-1,THNTO-1,2026-09-08,17,2026-09-08T07:00:00Z,2026-09-08T07:15:00Z,39,39
T_THNTO-1,THNTO-1,2026-09-08,17,2026-09-08T07:15:00Z,2026-09-08T07:30:00Z,39,39
T_THNTO-1,THNTO-1,2026-09-08,18,2026-09-08T07:30:00Z,2026-09-08T07:45:00Z,39,39
T_THNTO-1,THNTO-1,2026-09-08,18,2026-09-08T07:45:00Z,2026-09-08T08:00:00Z,40,40
T_THNTO-1,THNTO-1,2026-09-08,19,2026-09-08T08:00:00Z,2026-09-08T08:15:00Z,43,43
T_THNTO-1,THNTO-1,2026-09-08,19,2026-09-08T08:15:00Z,2026-09-08T08:30:00Z,39,39
T_THNTO-1,THNTO-1,2026-09-08,20,2026-09-08T08:30:00Z,2026-09-08T08:45:00Z,38,38
T_THNTO-1,THNTO-1,2026-09-08,20,2026-09-08T08:45:00Z,2026-09-08T09:00:00Z,39,39
T_THNTO-1,THNTO-1,2026-09-08,21,2026-09-08T09:00:00Z,2026-09-08T09:15:00Z,35,35
T_THNTO-1,THNTO-1,2026-09-08,21,2026-09-08T09:15:00Z,2026-09-08T09:30:00Z,37,37
T_THNTO-1,THNTO-1,2026-09-08,22,2026-09-08T09:30:00Z,2026-09-08T09:45:00Z,39,39
T_THNTO-1,THNTO-1,2026-09-08,22,2026-09-08T09:45:00Z,2026-09-08T10:00:00Z,37,37
T_THNTO-1,THNTO-1,2026-09-08,23,2026-09-08T10:00:00Z,2026-09-08T10:15:00Z,39,39
T_THNTO-1,THNTO-1,2026-09-08,23,2026-09-08T10:15:00Z,2026-09-08T10:30:00Z,37,37
T_THNTO-1,THNTO-1,2026-09-08,24,2026-09-08T10:30:00Z,2026-09-08T10:45:00Z,33,33
T_THNTO-1,THNTO-1,2026-09-08,24,2026-09-08T10:45:00Z,2026-09-08T11:00:00Z,31,31
T_THNTO-1,THNTO-1,2026-09-08,25,2026-09-08T11:00:00Z,2026-09-08T11:15:00Z,29,29
T_THNTO-1,THNTO-1,2026-09-08,25,2026-09-08T11:15:00Z,2026-09-08T11:30:00Z,26,26
T_THNTO-1,THNTO-1,2026-09-08,26,2026-09-08T11:30:00Z,2026-09-08T11:45:00Z,19,19
T_THNTO-1,THNTO-1,2026-09-08,26,2026-09-08T11:45:00Z,2026-09-08T12:00:00Z,19,19
T_THNTO-1,THNTO-1,2026-09-08,27,2026-09-08T12:00:00Z,2026-09-08T12:15:00Z,17,17
T_THNTO-1,THNTO-1,2026-09-08,27,2026-09-08T12:15:00Z,2026-09-08T12:30:00Z,18,18
T_THNTO-1,THNTO-1,2026-09-08,28,2026-09-08T12:30:00Z,2026-09-08T12:45:00Z,17,17
T_THNTO-1,THNTO-1,2026-09-08,28,2026-09-08T12:45:00Z,2026-09-08T13:00:00Z,17,17
T_THNTO-1,THNTO-1,2026-09-08,29,2026-09-08T13:00:00Z,2026-09-08T13:15:00Z,14,14
T_THNTO-1,THNTO-1,2026-09-08,29,2026-09-08T13:15:00Z,2026-09-08T13:30:00Z,13,13
T_THNTO-1,THNTO-1,2026-09-08,30,2026-09-08T13:30:00Z,2026-09-08T13:45:00Z,14,14
T_THNTO-1,THNTO-1,2026-09-08,30,2026-09-08T13:45:00Z,2026-09-08T14:00:00Z,12,12
T_THNTO-1,THNTO-1,2026-09-08,31,2026-09-08T14:00:00Z,2026-09-08T14:15:00Z,13,13
T_THNTO-1,THNTO-1,2026-09-08,31,2026-09-08T14:15:00Z,2026-09-08T14:30:00Z,18,18
T_THNTO-1,THNTO-1,2026-09-08,32,2026-09-08T14:30:00Z,2026-09-08T14:45:00Z,27,27
T_THNTO-1,THNTO-1,2026-09-08,32,2026-09-08T14:45:00Z,2026-09-08T15:00:00Z,31,31
T_THNTO-1,THNTO-1,2026-09-08,33,2026-09-08T15:00:00Z,2026-09-08T15:15:00Z,40,40
T_THNTO-1,THNTO-1,2026-09-08,33,2026-09-08T15:15:00Z,2026-09-08T15:30:00Z,56,56
T_THNTO-1,THNTO-1,2026-09-08,34,2026-09-08T15:30:00Z,2026-09-08T15:45:00Z,57,57
T_THNTO-1,THNTO-1,2026-09-08,34,2026-09-08T15:45:00Z,2026-09-08T16:00:00Z,60,60
T_THNTO-1,THNTO-1,2026-09-08,35,2026-09-08T16:00:00Z,2026-09-08T16:15:00Z,63,63
T_THNTO-1,THNTO-1,2026-09-08,35,2026-09-08T16:15:00Z,2026-09-08T16:30:00Z,73,73
T_THNTO-1,THNTO-1,2026-09-08,36,2026-09-08T16:30:00Z,2026-09-08T16:45:00Z,77,77
T_THNTO-1,THNTO-1,2026-09-08,36,2026-09-08T16:45:00Z,2026-09-08T17:00:00Z,77,77
T_THNTO-1,THNTO-1,2026-09-08,37,2026-09-08T17:00:00Z,2026-09-08T17:15:00Z,76,76
T_THNTO-1,THNTO-1,2026-09-08,37,2026-09-08T17:15:00Z,2026-09-08T17:30:00Z,74,74
T_THNTO-1,THNTO-1,2026-09-08,38,2026-09-08T17:30:00Z,2026-09-08T17:45:00Z,76,76
T_THNTO-1,THNTO-1,2026-09-08,38,2026-09-08T17:45:00Z,2026-09-08T18:00:00Z,76,76
T_THNTO-1,THNTO-1,2026-09-08,39,2026-09-08T18:00:00Z,2026-09-08T18:15:00Z,72,72
T_THNTO-1,THNTO-1,2026-09-08,39,2026-09-08T18:15:00Z,2026-09-08T18:30:00Z,74,74
T_THNTO-1,THNTO-1,2026-09-08,40,2026-09-08T18:30:00Z,2026-09-08T18:45:00Z,71,71
T_THNTO-1,THNTO-1,2026-09-08,40,2026-09-08T18:45:00Z,2026-09-08T19:00:00Z,75,75
T_THNTO-1,THNTO-1,2026-09-08,41,2026-09-08T19:00:00Z,2026-09-08T19:15:00Z,78,78
T_THNTO-1,THNTO-1,2026-09-08,41,2026-09-08T19:15:00Z,2026-09-08T19:30:00Z,86,86
T_THNTO-1,THNTO-1,2026-09-08,42,2026-09-08T19:30:00Z,2026-09-08T19:45:00Z,88,88
T_THNTO-1,THNTO-1,2026-09-08,42,2026-09-08T19:45:00Z,2026-09-08T20:00:00Z,87,87
T_THNTO-1,THNTO-1,2026-09-08,43,2026-09-08T20:00:00Z,2026-09-08T20:15:00Z,91,91
T_THNTO-1,THNTO-1,2026-09-08,43,2026-09-08T20:15:00Z,2026-09-08T20:30:00Z,90,90
T_THNTO-1,THNTO-1,2026-09-08,44,2026-09-08T20:30:00Z,2026-09-08T20:45:00Z,89,89
T_THNTO-1,THNTO-1,2026-09-08,44,2026-09-08T20:45:00Z,2026-09-08T21:00:00Z,91,91
T_THNTO-1,THNTO-1,2026-09-08,45,2026-09-08T21:00:00Z,2026-09-08T21:15:00Z,97,97
T_THNTO-1,THNTO-1,2026-09-08,45,2026-09-08T21:15:00Z,2026-09-08T21:30:00Z,102,102
T_THNTO-1,THNTO-1,2026-09-08,46,2026-09-08T21:30:00Z,2026-09-08T21:45:00Z,102,102
T_THNTO-1,THNTO-1,2026-09-08,46,2026-09-08T21:45:00Z,2026-09-08T22:00:00Z,104,104
T_THNTO-1,THNTO-1,2026-09-08,47,2026-09-08T22:00:00Z,2026-09-08T22:15:00Z,101,101
T_THNTO-1,THNTO-1,2026-09-08,47,2026-09-08T22:15:00Z,2026-09-08T22:30:00Z,101,101
T_THNTO-1,THNTO-1,2026-09-08,48,2026-09-08T22:30:00Z,2026-09-08T22:45:00Z,95,95
T_THNTO-1,THNTO-1,2026-09-08,48,2026-09-08T22:45:00Z,2026-09-08T23:00:00Z,98,98
T_THNTO-2,THNTO-2,2026-09-08,1,2026-09-07T23:00:00Z,2026-09-07T23:15:00Z,63,63
T_THNTO-2,THNTO-2,2026-09-08,1,2026-09-07T23:15:00Z,2026-09-07T23:30:00Z,54,54
T_THNTO-2,THNTO-2,2026-09-08,2,2026-09-07T23:30:00Z,2026-09-07T23:45:00Z,52,52
T_THNTO-2,THNTO-2,2026-09-08,2,2026-09-07T23:45:00Z,2026-09-08T00:00:00Z,43,43
T_THNTO-2,THNTO-2,2026-09-08,3,2026-09-08T00:00:00Z,2026-09-08T00:15:00Z,34,34
T_THNTO-2,THNTO-2,2026-09-08,3,2026-09-08T00:15:00Z,2026-09-08T00:30:00Z,34,34
T_THNTO-2,THNTO-2,2026-09-08,4,2026-09-08T00:30:00Z,2026-09-08T00:45:00Z,32,32
T_THNTO-2,THNTO-2,2026-09-08,4,2026-09-08T00:45:00Z,2026-09-08T01:00:00Z,30,30
T_THNTO-2,THNTO-2,2026-09-08,5,2026-09-08T01:00:00Z,2026-09-08T01:15:00Z,30,30
T_THNTO-2,THNTO-2,2026-09-08,5,2026-09-08T01:15:00Z,2026-09-08T01:30:00Z,33,33
T_THNTO-2,THNTO-2,2026-09-08,6,2026-09-08T01:30:00Z,2026-09-08T01:45:00Z,35,35
T_THNTO-2,THNTO-2,2026-09-08,6,2026-09-08T01:45:00Z,2026-09-08T02:00:00Z,36,36
T_THNTO-2,THNTO-2,2026-09-08,7,2026-09-08T02:00:00Z,2026-09-08T02:15:00Z,34,34
T_THNTO-2,THNTO-2,2026-09-08,7,2026-09-08T02:15:00Z,2026-09-08T02:30:00Z,34,34
T_THNTO-2,THNTO-2,2026-09-08,8,2026-09-08T02:30:00Z,2026-09-08T02:45:00Z,33,33
T_THNTO-2,THNTO-2,2026-09-08,8,2026-09-08T02:45:00Z,2026-09-08T03:00:00Z,33,33
T_THNTO-2,THNTO-2,2026-09-08,9,2026-09-08T03:00:00Z,2026-09-08T03:15:00Z,33,33
T_THNTO-2,THNTO-2,2026-09-08,9,2026-09-08T03:15:00Z,2026-09-08T03:30:00Z,36,36
T_THNTO-2,THNTO-2,2026-09-08,10,2026-09-08T03:30:00Z,2026-09-08T03:45:00Z,37,37
T_THNTO-2,THNTO-2,2026-09-08,10,2026-09-08T03:45:00Z,2026-09-08T04:00:00Z,38,38
T_THNTO-2,THNTO-2,2026-09-08,11,2026-09-08T04:00:00Z,2026-09-08T04:15:00Z,39,39
T_THNTO-2,THNTO-2,2026-09-08,11,2026-09-08T04:15:00Z,2026-09-08T04:30:00Z,36,36
T_THNTO-2,THNTO-2,2026-09-08,12,2026-09-08T04:30:00Z,2026-09-08T04:45:00Z,35,35
T_THNTO-2,THNTO-2,2026-09-08,12,2026-09-08T04:45:00Z,2026-09-08T05:00:00Z,38,38
T_THNTO-2,THNTO-2,2026-09-08,13,2026-09-08T05:00:00Z,2026-09-08T05:15:00Z,43,43
T_THNTO-2,THNTO-2,2026-09-08,13,2026-09-08T05:15:00Z,2026-09-08T05:30:00Z,41,41
T_THNTO-2,THNTO-2,2026-09-08,14,2026-09-08T05:30:00Z,2026-09-08T05:45:00Z,35,35
T_THNTO-2,THNTO-2,2026-09-08,14,2026-09-08T05:45:00Z,2026-09-08T06:00:00Z,34,34
T_THNTO-2,THNTO-2,2026-09-08,15,2026-09-08T06:00:00Z,2026-09-08T06:15:00Z,33,33
T_THNTO-2,THNTO-2,2026-09-08,15,2026-09-08T06:15:00Z,2026-09-08T06:30:00Z,34,34
T_THNTO-2,THNTO-2,2026-09-08,16,2026-09-08T06:30:00Z,2026-09-08T06:45:00Z,35,35
T_THNTO-2,THNTO-2,2026-09-08,16,2026-09-08T06:45:00Z,2026-09-08T07:00:00Z,36,36
T_THNTO-2,THNTO-2,2026-09-08,17,2026-09-08T07:00:00Z,2026-09-08T07:15:00Z,39,39
T_THNTO-2,THNTO-2,2026-09-08,17,2026-09-08T07:15:00Z,2026-09-08T07:30:00Z,39,39
T_THNTO-2,THNTO-2,2026-09-08,18,2026-09-08T07:30:00Z,2026-09-08T07:45:00Z,39,39
T_THNTO-2,THNTO-2,2026-09-08,18,2026-09-08T07:45:00Z,2026-09-08T08:00:00Z,40,40
T_THNTO-2,THNTO-2,2026-09-08,19,2026-09-08T08:00:00Z,2026-09-08T08:15:00Z,43,43
T_THNTO-2,THNTO-2,2026-09-08,19,2026-09-08T08:15:00Z,2026-09-08T08:30:00Z,39,39
T_THNTO-2,THNTO-2,2026-09-08,20,2026-09-08T08:30:00Z,2026-09-08T08:45:00Z,38,38
T_THNTO-2,THNTO-2,2026-09-08,20,2026-09-08T08:45:00Z,2026-09-08T09:00:00Z,39,39
T_THNTO-2,THNTO-2,2026-09-08,21,2026-09-08T09:00:00Z,2026-09-08T09:15:00Z,35,35
T_THNTO-2,THNTO-2,2026-09-08,21,2026-09-08T09:15:00Z,2026-09-08T09:30:00Z,37,37
T_THNTO-2,THNTO-2,2026-09-08,22,2026-09-08T09:30:00Z,2026-09-08T09:45:00Z,39,39
T_THNTO-2,THNTO-2,2026-09-08,22,2026-09-08T09:45:00Z,2026-09-08T10:00:00Z,37,37
T_THNTO-2,THNTO-2,2026-09-08,23,2026-09-08T10:00:00Z,2026-09-08T10:15:00Z,39,39
T_THNTO-2,THNTO-2,2026-09-08,23,2026-09-08T10:15:00Z,2026-09-08T10:30:00Z,37,37
T_THNTO-2,THNTO-2,2026-09-08,24,2026-09-08T10:30:00Z,2026-09-08T10:45:00Z,33,33
T_THNTO-2,THNTO-2,2026-09-08,24,2026-09-08T10:45:00Z,2026-09-08T11:00:00Z,31,31
T_THNTO-2,THNTO-2,2026-09-08,25,2026-09-08T11:00:00Z,2026-09-08T11:15:00Z,29,29
T_THNTO-2,THNTO-2,2026-09-08,25,2026-09-08T11:15:00Z,2026-09-08T11:30:00Z,26,26
T_THNTO-2,THNTO-2,2026-09-08,26,2026-09-08T11:30:00Z,2026-09-08T11:45:00Z,19,19
T_THNTO-2,THNTO-2,2026-09-08,26,2026-09-08T11:45:00Z,2026-09-08T12:00:00Z,19,19
T_THNTO-2,THNTO-2,2026-09-08,27,2026-09-08T12:00:00Z,2026-09-08T12:15:00Z,17,17
T_THNTO-2,THNTO-2,2026-09-08,27,2026-09-08T12:15:00Z,2026-09-08T12:30:00Z,18,18
T_THNTO-2,THNTO-2,2026-09-08,28,2026-09-08T12:30:00Z,2026-09-08T12:45:00Z,17,17
T_THNTO-2,THNTO-2,2026-09-08,28,2026-09-08T12:45:00Z,2026-09-08T13:00:00Z,17,17
T_THNTO-2,THNTO-2,2026-09-08,29,2026-09-08T13:00:00Z,2026-09-08T13:15:00Z,14,14
T_THNTO-2,THNTO-2,2026-09-08,29,2026-09-08T13:15:00Z,2026-09-08T13:30:00Z,13,13
T_THNTO-2,THNTO-2,2026-09-08,30,2026-09-08T13:30:00Z,2026-09-08T13:45:00Z,14,14
T_THNTO-2,THNTO-2,2026-09-08,30,2026-09-08T13:45:00Z,2026-09-08T14:00:00Z,12,12
T_THNTO-2,THNTO-2,2026-09-08,31,2026-09-08T14:00:00Z,2026-09-08T14:15:00Z,13,13
T_THNTO-2,THNTO-2,2026-09-08,31,2026-09-08T14:15:00Z,2026-09-08T14:30:00Z,18,18
T_THNTO-2,THNTO-2,2026-09-08,32,2026-09-08T14:30:00Z,2026-09-08T14:45:00Z,27,27
T_THNTO-2,THNTO-2,2026-09-08,32,2026-09-08T14:45:00Z,2026-09-08T15:00:00Z,31,31
T_THNTO-2,THNTO-2,2026-09-08,33,2026-09-08T15:00:00Z,2026-09-08T15:15:00Z,40,40
T_THNTO-2,THNTO-2,2026-09-08,33,2026-09-08T15:15:00Z,2026-09-08T15:30:00Z,56,56
T_THNTO-2,THNTO-2,2026-09-08,34,2026-09-08T15:30:00Z,2026-09-08T15:45:00Z,57,57
T_THNTO-2,THNTO-2,2026-09-08,34,2026-09-08T15:45:00Z,2026-09-08T16:00:00Z,60,60
T_THNTO-2,THNTO-2,2026-09-08,35,2026-09-08T16:00:00Z,2026-09-08T16:15:00Z,63,63
T_THNTO-2,THNTO-2,2026-09-08,35,2026-09-08T16:15:00Z,2026-09-08T16:30:00Z,73,73
T_THNTO-2,THNTO-2,2026-09-08,36,2026-09-08T16:30:00Z,2026-09-08T16:45:00Z,77,77
T_THNTO-2,THNTO-2,2026-09-08,36,2026-09-08T16:45:00Z,2026-09-08T17:00:00Z,77,77
T_THNTO-2,THNTO-2,2026-09-08,37,2026-09-08T17:00:00Z,2026-09-08T17:15:00Z,76,76
T_THNTO-2,THNTO-2,2026-09-08,37,2026-09-08T17:15:00Z,2026-09-08T17:30:00Z,74,74
T_THNTO-2,THNTO-2,2026-09-08,38,2026-09-08T17:30:00Z,2026-09-08T17:45:00Z,76,76
T_THNTO-2,THNTO-2,2026-09-08,38,2026-09-08T17:45:00Z,2026-09-08T18:00:00Z,76,76
T_THNTO-2,THNTO-2,2026-09-08,39,2026-09-08T18:00:00Z,2026-09-08T18:15:00Z,72,72
T_THNTO-2,THNTO-2,2026-09-08,39,2026-09-08T18:15:00Z,2026-09-08T18:30:00Z,74,74
T_THNTO-2,THNTO-2,2026-09-08,40,2026-09-08T18:30:00Z,2026-09-08T18:45:00Z,71,71
T_THNTO-2,THNTO-2,2026-09-08,40,2026-09-08T18:45:00Z,2026-09-08T19:00:00Z,75,75
T_THNTO-2,THNTO-2,2026-09-08,41,2026-09-08T19:00:00Z,2026-09-08T19:15:00Z,78,78
T_THNTO-2,THNTO-2,2026-09-08,41,2026-09-08T19:15:00Z,2026-09-08T19:30:00Z,86,86
T_THNTO-2,THNTO-2,2026-09-08,42,2026-09-08T19:30:00Z,2026-09-08T19:45:00Z,88,88
T_THNTO-2,THNTO-2,2026-09-08,42,2026-09-08T19:45:00Z,2026-09-08T20:00:00Z,87,87
T_THNTO-2,THNTO-2,2026-09-08,43,2026-09-08T20:00:00Z,2026-09-08T20:15:00Z,91,91
T_THNTO-2,THNTO-2,2026-09-08,43,2026-09-08T20:15:00Z,2026-09-08T20:30:00Z,90,90
T_THNTO-2,THNTO-2,2026-09-08,44,2026-09-08T20:30:00Z,2026-09-08T20:45:00Z,89,89
T_THNTO-2,THNTO-2,2026-09-08,44,2026-09-08T20:45:00Z,2026-09-08T21:00:00Z,91,91
T_THNTO-2,THNTO-2,2026-09-08,45,2026-09-08T21:00:00Z,2026-09-08T21:15:00Z,97,97
T_THNTO-2,THNTO-2,2026-09-08,45,2026-09-08T21:15:00Z,2026-09-08T21:30:00Z,102,102
T_THNTO-2,THNTO-2,2026-09-08,46,2026-09-08T21:30:00Z,2026-09-08T21:45:00Z,102,102
T_THNTO-2,THNTO-2,2026-09-08,46,2026-09-08T21:45:00Z,2026-09-08T22:00:00Z,104,104
T_THNTO-2,THNTO-2,2026-09-08,47,2026-09-08T22:00:00Z,2026-09-08T22:15:00Z,101,101
T_THNTO-2,THNTO-2,2026-09-08,47,2026-09-08T22:15:00Z,2026-09-08T22:30:00Z,101,101
T_THNTO-2,THNTO-2,2026-09-08,48,2026-09-08T22:30:00Z,2026-09-08T22:45:00Z,95,95
T_THNTO-2,THNTO-2,2026-09-08,48,2026-09-08T22:45:00Z,2026-09-08T23:00:00Z,98,98
T_TKNEW-1,TKNEW-1,2026-09-08,1,2026-09-07T23:00:00Z,2026-09-07T23:30:00Z,212,212
T_TKNEW-1,TKNEW-1,2026-09-08,2,2026-09-07T23:30:00Z,2026-09-08T00:00:00Z,242,242
T_TKNEW-1,TKNEW-1,2026-09-08,3,2026-09-08T00:00:00Z,2026-09-08T00:30:00Z,283,283
T_TKNEW-1,TKNEW-1,2026-09-08,4,2026-09-08T00:30:00Z,2026-09-08T01:00:00Z,318,318
T_TKNEW-1,TKNEW-1,2026-09-08,5,2026-09-08T01:00:00Z,2026-09-08T01:30:00Z,345,345
T_TKNEW-1,TKNEW-1,2026-09-08,6,2026-09-08T01:30:00Z,2026-09-08T02:00:00Z,313,313
T_TKNEW-1,TKNEW-1,2026-09-08,7,2026-09-08T02:00:00Z,2026-09-08T02:30:00Z,332,332
T_TKNEW-1,TKNEW-1,2026-09-08,8,2026-09-08T02:30:00Z,2026-09-08T03:00:00Z,341,341
T_TKNEW-1,TKNEW-1,2026-09-08,9,2026-09-08T03:00:00Z,2026-09-08T03:30:00Z,346,346
T_TKNEW-1,TKNEW-1,2026-09-08,10,2026-09-08T03:30:00Z,2026-09-08T04:00:00Z,336,336
T_TKNEW-1,TKNEW-1,2026-09-08,11,2026-09-08T04:00:00Z,2026-09-08T04:30:00Z,336,336
T_TKNEW-1,TKNEW-1,2026-09-08,12,2026-09-08T04:30:00Z,2026-09-08T05:00:00Z,332,332
T_TKNEW-1,TKNEW-1,2026-09-08,13,2026-09-08T05:00:00Z,2026-09-08T05:30:00Z,319,319
T_TKNEW-1,TKNEW-1,2026-09-08,14,2026-09-08T05:30:00Z,2026-09-08T06:00:00Z,319,319
T_TKNEW-1,TKNEW-1,2026-09-08,15,2026-09-08T06:00:00Z,2026-09-08T06:30:00Z,298,298
T_TKNEW-1,TKNEW-1,2026-09-08,16,2026-09-08T06:30:00Z,2026-09-08T07:00:00Z,241,241
T_TKNEW-1,TKNEW-1,2026-09-08,17,2026-09-08T07:00:00Z,2026-09-08T07:30:00Z,230,230
T_TKNEW-1,TKNEW-1,2026-09-08,18,2026-09-08T07:30:00Z,2026-09-08T08:00:00Z,203,203
T_TKNEW-1,TKNEW-1,2026-09-08,19,2026-09-08T08:00:00Z,2026-09-08T08:30:00Z,169,169
T_TKNEW-1,TKNEW-1,2026-09-08,20,2026-09-08T08:30:00Z,2026-09-08T09:00:00Z,113,113
T_TKNEW-1,TKNEW-1,2026-09-08,21,2026-09-08T09:00:00Z,2026-09-08T09:30:00Z,93,93
T_TKNEW-1,TKNEW-1,2026-09-08,22,2026-09-08T09:30:00Z,2026-09-08T10:00:00Z,82,82
T_TKNEW-1,TKNEW-1,2026-09-08,23,2026-09-08T10:00:00Z,2026-09-08T10:30:00Z,69,69
T_TKNEW-1,TKNEW-1,2026-09-08,24,2026-09-08T10:30:00Z,2026-09-08T11:00:00Z,60,60
T_TKNEW-1,TKNEW-1,2026-09-08,25,2026-09-08T11:00:00Z,2026-09-08T11:30:00Z,55,55
T_TKNEW-1,TKNEW-1,2026-09-08,26,2026-09-08T11:30:00Z,2026-09-08T12:00:00Z,60,60
T_TKNEW-1,TKNEW-1,2026-09-08,27,2026-09-08T12:00:00Z,2026-09-08T12:30:00Z,64,64
T_TKNEW-1,TKNEW-1,2026-09-08,28,2026-09-08T12:30:00Z,2026-09-08T13:00:00Z,68,68
T_TKNEW-1,TKNEW-1,2026-09-08,29,2026-09-08T13:00:00Z,2026-09-08T13:30:00Z,71,71
T_TKNEW-1,TKNEW-1,2026-09-08,30,2026-09-08T13:30:00Z,2026-09-08T14:00:00Z,67,67
T_TKNEW-1,TKNEW-1,2026-09-08,31,2026-09-08T14:00:00Z,2026-09-08T14:30:00Z,71,71
T_TKNEW-1,TKNEW-1,2026-09-08,32,2026-09-08T14:30:00Z,2026-09-08T15:00:00Z,79,79
T_TKNEW-1,TKNEW-1,2026-09-08,33,2026-09-08T15:00:00Z,2026-09-08T15:30:00Z,94,94
T_TKNEW-1,TKNEW-1,2026-09-08,34,2026-09-08T15:30:00Z,2026-09-08T16:00:00Z,151,151
T_TKNEW-1,TKNEW-1,2026-09-08,35,2026-09-08T16:00:00Z,2026-09-08T16:30:00Z,187,187
T_TKNEW-1,TKNEW-1,2026-09-08,36,2026-09-08T16:30:00Z,2026-09-08T17:00:00Z,227,227
T_TKNEW-1,TKNEW-1,2026-09-08,37,2026-09-08T17:00:00Z,2026-09-08T17:30:00Z,279,279
T_TKNEW-1,TKNEW-1,2026-09-08,38,2026-09-08T17:30:00Z,2026-09-08T18:00:00Z,314,314
T_TKNEW-1,TKNEW-1,2026-09-08,39,2026-09-08T18:00:00Z,2026-09-08T18:30:00Z,341,341
T_TKNEW-1,TKNEW-1,2026-09-08,40,2026-09-08T18:30:00Z,2026-09-08T19:00:00Z,357,357
T_TKNEW-1,TKNEW-1,2026-09-08,41,2026-09-08T19:00:00Z,2026-09-08T19:30:00Z,362,362
T_TKNEW-1,TKNEW-1,2026-09-08,42,2026-09-08T19:30:00Z,2026-09-08T20:00:00Z,348,348
T_TKNEW-1,TKNEW-1,2026-09-08,43,2026-09-08T20:00:00Z,2026-09-08T20:30:00Z,361,361
T_TKNEW-1,TKNEW-1,2026-09-08,44,2026-09-08T20:30:00Z,2026-09-08T21:00:00Z,395,395
T_TKNEW-1,TKNEW-1,2026-09-08,45,2026-09-08T21:00:00Z,2026-09-08T21:30:00Z,394,394
T_TKNEW-1,TKNEW-1,2026-09-08,46,2026-09-08T21:30:00Z,2026-09-08T22:00:00Z,396,396
T_TKNEW-1,TKNEW-1,2026-09-08,47,2026-09-08T22:00:00Z,2026-09-08T22:30:00Z,397,397
T_TKNEW-1,TKNEW-1,2026-09-08,48,2026-09-08T22:30:00Z,2026-09-08T23:00:00Z,395,395
T_TKNWW-1,TKNWW-1,2026-09-08,1,2026-09-07T23:00:00Z,2026-09-07T23:30:00Z,220,220
T_TKNWW-1,TKNWW-1,2026-09-08,2,2026-09-07T23:30:00Z,2026-09-08T00:00:00Z,265,265
T_TKNWW-1,TKNWW-1,2026-09-08,3,2026-09-08T00:00:00Z,2026-09-08T00:30:00Z,313,313
T_TKNWW-1,TKNWW-1,2026-09-08,4,2026-09-08T00:30:00Z,2026-09-08T01:00:00Z,344,344
T_TKNWW-1,TKNWW-1,2026-09-08,5,2026-09-08T01:00:00Z,2026-09-08T01:30:00Z,358,358
T_TKNWW-1,TKNWW-1,2026-09-08,6,2026-09-08T01:30:00Z,2026-09-08T02:00:00Z,329,329
T_TKNWW-1,TKNWW-1,2026-09-08,7,2026-09-08T02:00:00Z,2026-09-08T02:30:00Z,345,345
T_TKNWW-1,TKNWW-1,2026-09-08,8,2026-09-08T02:30:00Z,2026-09-08T03:00:00Z,353,353
T_TKNWW-1,TKNWW-1,2026-09-08,9,2026-09-08T03:00:00Z,2026-09-08T03:30:00Z,356,356
T_TKNWW-1,TKNWW-1,2026-09-08,10,2026-09-08T03:30:00Z,2026-09-08T04:00:00Z,339,339
T_TKNWW-1,TKNWW-1,2026-09-08,11,2026-09-08T04:00:00Z,2026-09-08T04:30:00Z,332,332
T_TKNWW-1,TKNWW-1,2026-09-08,12,2026-09-08T04:30:00Z,2026-09-08T05:00:00Z,325,325
T_TKNWW-1,TKNWW-1,2026-09-08,13,2026-09-08T05:00:00Z,2026-09-08T05:30:00Z,279,279
T_TKNWW-1,TKNWW-1,2026-09-08,14,2026-09-08T05:30:00Z,2026-09-08T06:00:00Z,242,242
T_TKNWW-1,TKNWW-1,2026-09-08,15,2026-09-08T06:00:00Z,2026-09-08T06:30:00Z,230,230
T_TKNWW-1,TKNWW-1,2026-09-08,16,2026-09-08T06:30:00Z,2026-09-08T07:00:00Z,202,202
T_TKNWW-1,TKNWW-1,2026-09-08,17,2026-09-08T07:00:00Z,2026-09-08T07:30:00Z,177,177
T_TKNWW-1,TKNWW-1,2026-09-08,18,2026-09-08T07:30:00Z,2026-09-08T08:00:00Z,161,161
T_TKNWW-1,TKNWW-1,2026-09-08,19,2026-09-08T08:00:00Z,2026-09-08T08:30:00Z,115,115
T_TKNWW-1,TKNWW-1,2026-09-08,20,2026-09-08T08:30:00Z,2026-09-08T09:00:00Z,99,99
T_TKNWW-1,TKNWW-1,2026-09-08,21,2026-09-08T09:00:00Z,2026-09-08T09:30:00Z,86,86
T_TKNWW-1,TKNWW-1,2026-09-08,22,2026-09-08T09:30:00Z,2026-09-08T10:00:00Z,76,76
T_TKNWW-1,TKNWW-1,2026-09-08,23,2026-09-08T10:00:00Z,2026-09-08T10:30:00Z,69,69
T_TKNWW-1,TKNWW-1,2026-09-08,24,2026-09-08T10:30:00Z,2026-09-08T11:00:00Z,64,64
T_TKNWW-1,TKNWW-1,2026-09-08,25,2026-09-08T11:00:00Z,2026-09-08T11:30:00Z,67,67
T_TKNWW-1,TKNWW-1,2026-09-08,26,2026-09-08T11:30:00Z,2026-09-08T12:00:00Z,72,72
T_TKNWW-1,TKNWW-1,2026-09-08,27,2026-09-08T12:00:00Z,2026-09-08T12:30:00Z,71,71
T_TKNWW-1,TKNWW-1,2026-09-08,28,2026-09-08T12:30:00Z,2026-09-08T13:00:00Z,72,72
T_TKNWW-1,TKNWW-1,2026-09-08,29,2026-09-08T13:00:00Z,2026-09-08T13:30:00Z,79,79
T_TKNWW-1,TKNWW-1,2026-09-08,30,2026-09-08T13:30:00Z,2026-09-08T14:00:00Z,83,83
T_TKNWW-1,TKNWW-1,2026-09-08,31,2026-09-08T14:00:00Z,2026-09-08T14:30:00Z,97,97
T_TKNWW-1,TKNWW-1,2026-09-08,32,2026-09-08T14:30:00Z,2026-09-08T15:00:00Z,107,107
T_TKNWW-1,TKNWW-1,2026-09-08,33,2026-09-08T15:00:00Z,2026-09-08T15:30:00Z,127,127
T_TKNWW-1,TKNWW-1,2026-09-08,34,2026-09-08T15:30:00Z,2026-09-08T16:00:00Z,181,181
T_TKNWW-1,TKNWW-1,2026-09-08,35,2026-09-08T16:00:00Z,2026-09-08T16:30:00Z,231,231
T_TKNWW-1,TKNWW-1,2026-09-08,36,2026-09-08T16:30:00Z,2026-09-08T17:00:00Z,258,258
T_TKNWW-1,TKNWW-1,2026-09-08,37,2026-09-08T17:00:00Z,2026-09-08T17:30:00Z,316,316
T_TKNWW-1,TKNWW-1,2026-09-08,38,2026-09-08T17:30:00Z,2026-09-08T18:00:00Z,337,337
T_TKNWW-1,TKNWW-1,2026-09-08,39,2026-09-08T18:00:00Z,2026-09-08T18:30:00Z,357,357
T_TKNWW-1,TKNWW-1,2026-09-08,40,2026-09-08T18:30:00Z,2026-09-08T19:00:00Z,369,369
T_TKNWW-1,TKNWW-1,2026-09-08,41,2026-09-08T19:00:00Z,2026-09-08T19:30:00Z,378,378
T_TKNWW-1,TKNWW-1,2026-09-08,42,2026-09-08T19:30:00Z,2026-09-08T20:00:00Z,355,355
T_TKNWW-1,TKNWW-1,2026-09-08,43,2026-09-08T20:00:00Z,2026-09-08T20:30:00Z,356,356
T_TKNWW-1,TKNWW-1,2026-09-08,44,2026-09-08T20:30:00Z,2026-09-08T21:00:00Z,368,368
T_TKNWW-1,TKNWW-1,2026-09-08,45,2026-09-08T21:00:00Z,2026-09-08T21:30:00Z,364,364
T_TKNWW-1,TKNWW-1,2026-09-08,46,2026-09-08T21:30:00Z,2026-09-08T22:00:00Z,362,362
T_TKNWW-1,TKNWW-1,2026-09-08,47,2026-09-08T22:00:00Z,2026-09-08T22:30:00Z,359,359
T_TKNWW-1,TKNWW-1,2026-09-08,48,2026-09-08T22:30:00Z,2026-09-08T23:00:00Z,357,357
T_TRLGW-1,TRLGW-1,2026-09-08,1,2026-09-07T23:00:00Z,2026-09-07T23:30:00Z,13,13
T_TRLGW-1,TRLGW-1,2026-09-08,2,2026-09-07T23:30:00Z,2026-09-08T00:00:00Z,13,13
T_TRLGW-1,TRLGW-1,2026-09-08,3,2026-09-08T00:00:00Z,2026-09-08T00:30:00Z,13,14
T_TRLGW-1,TRLGW-1,2026-09-08,4,2026-09-08T00:30:00Z,2026-09-08T01:00:00Z,14,14
T_TRLGW-1,TRLGW-1,2026-09-08,5,2026-09-08T01:00:00Z,2026-09-08T01:30:00Z,14,14
T_TRLGW-1,TRLGW-1,2026-09-08,6,2026-09-08T01:30:00Z,2026-09-08T02:00:00Z,14,14
T_TRLGW-1,TRLGW-1,2026-09-08,7,2026-09-08T02:00:00Z,2026-09-08T02:30:00Z,14,14
T_TRLGW-1,TRLGW-1,2026-09-08,8,2026-09-08T02:30:00Z,2026-09-08T03:00:00Z,14,14
T_TRLGW-1,TRLGW-1,2026-09-08,9,2026-09-08T03:00:00Z,2026-09-08T03:30:00Z,14,14
T_TRLGW-1,TRLGW-1,2026-09-08,10,2026-09-08T03:30:00Z,2026-09-08T04:00:00Z,14,14
T_TRLGW-1,TRLGW-1,2026-09-08,11,2026-09-08T04:00:00Z,2026-09-08T04:30:00Z,14,14
T_TRLGW-1,TRLGW-1,2026-09-08,12,2026-09-08T04:30:00Z,2026-09-08T05:00:00Z,14,15
T_TRLGW-1,TRLGW-1,2026-09-08,13,2026-09-08T05:00:00Z,2026-09-08T05:30:00Z,15,15
T_TRLGW-1,TRLGW-1,2026-09-08,14,2026-09-08T05:30:00Z,2026-09-08T06:00:00Z,15,15
T_TRLGW-1,TRLGW-1,2026-09-08,15,2026-09-08T06:00:00Z,2026-09-08T06:30:00Z,15,15
T_TRLGW-1,TRLGW-1,2026-09-08,16,2026-09-08T06:30:00Z,2026-09-08T07:00:00Z,15,15
T_TRLGW-1,TRLGW-1,2026-09-08,17,2026-09-08T07:00:00Z,2026-09-08T07:30:00Z,15,15
T_TRLGW-1,TRLGW-1,2026-09-08,18,2026-09-08T07:30:00Z,2026-09-08T08:00:00Z,15,14
T_TRLGW-1,TRLGW-1,2026-09-08,19,2026-09-08T08:00:00Z,2026-09-08T08:30:00Z,14,15
T_TRLGW-1,TRLGW-1,2026-09-08,20,2026-09-08T08:30:00Z,2026-09-08T09:00:00Z,15,15
T_TRLGW-1,TRLGW-1,2026-09-08,21,2026-09-08T09:00:00Z,2026-09-08T09:30:00Z,15,15
T_TRLGW-1,TRLGW-1,2026-09-08,22,2026-09-08T09:30:00Z,2026-09-08T10:00:00Z,15,15
T_TRLGW-1,TRLGW-1,2026-09-08,23,2026-09-08T10:00:00Z,2026-09-08T10:30:00Z,15,15
T_TRLGW-1,TRLGW-1,2026-09-08,24,2026-09-08T10:30:00Z,2026-09-08T11:00:00Z,15,15
T_TRLGW-1,TRLGW-1,2026-09-08,25,2026-09-08T11:00:00Z,2026-09-08T11:30:00Z,15,16
T_TRLGW-1,TRLGW-1,2026-09-08,26,2026-09-08T11:30:00Z,2026-09-08T12:00:00Z,16,16
T_TRLGW-1,TRLGW-1,2026-09-08,27,2026-09-08T12:00:00Z,2026-09-08T12:30:00Z,16,16
T_TRLGW-1,TRLGW-1,2026-09-08,28,2026-09-08T12:30:00Z,2026-09-08T13:00:00Z,16,15
T_TRLGW-1,TRLGW-1,2026-09-08,29,2026-09-08T13:00:00Z,2026-09-08T13:30:00Z,15,15
T_TRLGW-1,TRLGW-1,2026-09-08,30,2026-09-08T13:30:00Z,2026-09-08T14:00:00Z,15,15
T_TRLGW-1,TRLGW-1,2026-09-08,31,2026-09-08T14:00:00Z,2026-09-08T14:30:00Z,15,15
T_TRLGW-1,TRLGW-1,2026-09-08,32,2026-09-08T14:30:00Z,2026-09-08T15:00:00Z,15,15
T_TRLGW-1,TRLGW-1,2026-09-08,33,2026-09-08T15:00:00Z,2026-09-08T15:30:00Z,15,15
T_TRLGW-1,TRLGW-1,2026-09-08,34,2026-09-08T15:30:00Z,2026-09-08T16:00:00Z,15,15
T_TRLGW-1,TRLGW-1,2026-09-08,35,2026-09-08T16:00:00Z,2026-09-08T16:30:00Z,15,15
T_TRLGW-1,TRLGW-1,2026-09-08,36,2026-09-08T16:30:00Z,2026-09-08T17:00:00Z,15,15
T_TRLGW-1,TRLGW-1,2026-09-08,37,2026-09-08T17:00:00Z,2026-09-08T17:30:00Z,15,16
T_TRLGW-1,TRLGW-1,2026-09-08,38,2026-09-08T17:30:00Z,2026-09-08T18:00:00Z,16,15
T_TRLGW-1,TRLGW-1,2026-09-08,39,2026-09-08T18:00:00Z,2026-09-08T18:30:00Z,15,15
T_TRLGW-1,TRLGW-1,2026-09-08,40,2026-09-08T18:30:00Z,2026-09-08T19:00:00Z,15,14
T_TRLGW-1,TRLGW-1,2026-09-08,41,2026-09-08T19:00:00Z,2026-09-08T19:30:00Z,14,14
T_TRLGW-1,TRLGW-1,2026-09-08,42,2026-09-08T19:30:00Z,2026-09-08T20:00:00Z,14,13
T_TRLGW-1,TRLGW-1,2026-09-08,43,2026-09-08T20:00:00Z,2026-09-08T20:30:00Z,13,13
T_TRLGW-1,TRLGW-1,2026-09-08,44,2026-09-08T20:30:00Z,2026-09-08T21:00:00Z,13,13
T_TRLGW-1,TRLGW-1,2026-09-08,45,2026-09-08T21:00:00Z,2026-09-08T21:30:00Z,13,13
T_TRLGW-1,TRLGW-1,2026-09-08,46,2026-09-08T21:30:00Z,2026-09-08T22:00:00Z,13,12
T_TRLGW-1,TRLGW-1,2026-09-08,47,2026-09-08T22:00:00Z,2026-09-08T22:30:00Z,12,12
T_TRLGW-1,TRLGW-1,2026-09-08,48,2026-09-08T22:30:00Z,2026-09-08T23:00:00Z,12,11
T_TWSHW-1,TWSHW-1,2026-09-08,1,2026-09-07T23:00:00Z,2026-09-07T23:30:00Z,14,15
T_TWSHW-1,TWSHW-1,2026-09-08,2,2026-09-07T23:30:00Z,2026-09-08T00:00:00Z,24,24
T_TWSHW-1,TWSHW-1,2026-09-08,3,2026-09-08T00:00:00Z,2026-09-08T00:30:00Z,30,30
T_TWSHW-1,TWSHW-1,2026-09-08,4,2026-09-08T00:30:00Z,2026-09-08T01:00:00Z,25,26
T_TWSHW-1,TWSHW-1,2026-09-08,5,2026-09-08T01:00:00Z,2026-09-08T01:30:00Z,25,25
T_TWSHW-1,TWSHW-1,2026-09-08,6,2026-09-08T01:30:00Z,2026-09-08T02:00:00Z,26,26
T_TWSHW-1,TWSHW-1,2026-09-08,7,2026-09-08T02:00:00Z,2026-09-08T02:30:00Z,31,31
T_TWSHW-1,TWSHW-1,2026-09-08,8,2026-09-08T02:30:00Z,2026-09-08T03:00:00Z,28,28
T_TWSHW-1,TWSHW-1,2026-09-08,9,2026-09-08T03:00:00Z,2026-09-08T03:30:00Z,28,28
T_TWSHW-1,TWSHW-1,2026-09-08,10,2026-09-08T03:30:00Z,2026-09-08T04:00:00Z,32,32
T_TWSHW-1,TWSHW-1,2026-09-08,11,2026-09-08T04:00:00Z,2026-09-08T04:30:00Z,29,29
T_TWSHW-1,TWSHW-1,2026-09-08,12,2026-09-08T04:30:00Z,2026-09-08T05:00:00Z,27,27
T_TWSHW-1,TWSHW-1,2026-09-08,13,2026-09-08T05:00:00Z,2026-09-08T05:30:00Z,29,29
T_TWSHW-1,TWSHW-1,2026-09-08,14,2026-09-08T05:30:00Z,2026-09-08T06:00:00Z,32,32
T_TWSHW-1,TWSHW-1,2026-09-08,15,2026-09-08T06:00:00Z,2026-09-08T06:30:00Z,31,32
T_TWSHW-1,TWSHW-1,2026-09-08,16,2026-09-08T06:30:00Z,2026-09-08T07:00:00Z,30,30
T_TWSHW-1,TWSHW-1,2026-09-08,17,2026-09-08T07:00:00Z,2026-09-08T07:30:00Z,30,30
T_TWSHW-1,TWSHW-1,2026-09-08,18,2026-09-08T07:30:00Z,2026-09-08T08:00:00Z,27,27
T_TWSHW-1,TWSHW-1,2026-09-08,19,2026-09-08T08:00:00Z,2026-09-08T08:30:00Z,32,32
T_TWSHW-1,TWSHW-1,2026-09-08,20,2026-09-08T08:30:00Z,2026-09-08T09:00:00Z,32,32
T_TWSHW-1,TWSHW-1,2026-09-08,21,2026-09-08T09:00:00Z,2026-09-08T09:30:00Z,32,32
T_TWSHW-1,TWSHW-1,2026-09-08,22,2026-09-08T09:30:00Z,2026-09-08T10:00:00Z,31,31
T_TWSHW-1,TWSHW-1,2026-09-08,23,2026-09-08T10:00:00Z,2026-09-08T10:30:00Z,30,30
T_TWSHW-1,TWSHW-1,2026-09-08,24,2026-09-08T10:30:00Z,2026-09-08T11:00:00Z,29,29
T_TWSHW-1,TWSHW-1,2026-09-08,25,2026-09-08T11:00:00Z,2026-09-08T11:30:00Z,29,29
T_TWSHW-1,TWSHW-1,2026-09-08,26,2026-09-08T11:30:00Z,2026-09-08T12:00:00Z,27,27
T_TWSHW-1,TWSHW-1,2026-09-08,27,2026-09-08T12:00:00Z,2026-09-08T12:30:00Z,28,28
T_TWSHW-1,TWSHW-1,2026-09-08,28,2026-09-08T12:30:00Z,2026-09-08T13:00:00Z,27,27
T_TWSHW-1,TWSHW-1,2026-09-08,29,2026-09-08T13:00:00Z,2026-09-08T13:30:00Z,30,29
T_TWSHW-1,TWSHW-1,2026-09-08,30,2026-09-08T13:30:00Z,2026-09-08T14:00:00Z,30,30
T_TWSHW-1,TWSHW-1,2026-09-08,31,2026-09-08T14:00:00Z,2026-09-08T14:30:00Z,30,30
T_TWSHW-1,TWSHW-1,2026-09-08,32,2026-09-08T14:30:00Z,2026-09-08T15:00:00Z,31,31
T_TWSHW-1,TWSHW-1,2026-09-08,33,2026-09-08T15:00:00Z,2026-09-08T15:30:00Z,31,31
T_TWSHW-1,TWSHW-1,2026-09-08,34,2026-09-08T15:30:00Z,2026-09-08T16:00:00Z,33,33
T_TWSHW-1,TWSHW-1,2026-09-08,35,2026-09-08T16:00:00Z,2026-09-08T16:30:00Z,33,33
T_TWSHW-1,TWSHW-1,2026-09-08,36,2026-09-08T16:30:00Z,2026-09-08T17:00:00Z,33,33
T_TWSHW-1,TWSHW-1,2026-09-08,37,2026-09-08T17:00:00Z,2026-09-08T17:30:00Z,34,34
T_TWSHW-1,TWSHW-1,2026-09-08,38,2026-09-08T17:30:00Z,2026-09-08T18:00:00Z,32,32
T_TWSHW-1,TWSHW-1,2026-09-08,39,2026-09-08T18:00:00Z,2026-09-08T18:30:00Z,33,33
T_TWSHW-1,TWSHW-1,2026-09-08,40,2026-09-08T18:30:00Z,2026-09-08T19:00:00Z,34,34
T_TWSHW-1,TWSHW-1,2026-09-08,41,2026-09-08T19:00:00Z,2026-09-08T19:30:00Z,33,33
T_TWSHW-1,TWSHW-1,2026-09-08,42,2026-09-08T19:30:00Z,2026-09-08T20:00:00Z,34,34
T_TWSHW-1,TWSHW-1,2026-09-08,43,2026-09-08T20:00:00Z,2026-09-08T20:30:00Z,34,34
T_TWSHW-1,TWSHW-1,2026-09-08,44,2026-09-08T20:30:00Z,2026-09-08T21:00:00Z,34,34
T_TWSHW-1,TWSHW-1,2026-09-08,45,2026-09-08T21:00:00Z,2026-09-08T21:30:00Z,34,34
T_TWSHW-1,TWSHW-1,2026-09-08,46,2026-09-08T21:30:00Z,2026-09-08T22:00:00Z,34,34
T_TWSHW-1,TWSHW-1,2026-09-08,47,2026-09-08T22:00:00Z,2026-09-08T22:30:00Z,34,34
T_TWSHW-1,TWSHW-1,2026-09-08,48,2026-09-08T22:30:00Z,2026-09-08T23:00:00Z,34,34
T_VKNGW-1,VKNGW-1,2026-09-08,1,2026-09-07T23:00:00Z,2026-09-07T23:29:00Z,89,89
T_VKNGW-1,VKNGW-1,2026-09-08,1,2026-09-07T23:29:00Z,2026-09-07T23:30:00Z,89,90
T_VKNGW-1,VKNGW-1,2026-09-08,2,2026-09-07T23:30:00Z,2026-09-08T00:00:00Z,90,90
T_VKNGW-1,VKNGW-1,2026-09-08,3,2026-09-08T00:00:00Z,2026-09-08T00:29:00Z,90,90
T_VKNGW-1,VKNGW-1,2026-09-08,3,2026-09-08T00:29:00Z,2026-09-08T00:30:00Z,90,92
T_VKNGW-1,VKNGW-1,2026-09-08,4,2026-09-08T00:30:00Z,2026-09-08T00:59:00Z,92,92
T_VKNGW-1,VKNGW-1,2026-09-08,4,2026-09-08T00:59:00Z,2026-09-08T01:00:00Z,92,90
T_VKNGW-1,VKNGW-1,2026-09-08,5,2026-09-08T01:00:00Z,2026-09-08T01:29:00Z,90,90
T_VKNGW-1,VKNGW-1,2026-09-08,5,2026-09-08T01:29:00Z,2026-09-08T01:30:00Z,90,88
T_VKNGW-1,VKNGW-1,2026-09-08,6,2026-09-08T01:30:00Z,2026-09-08T01:59:00Z,88,88
T_VKNGW-1,VKNGW-1,2026-09-08,6,2026-09-08T01:59:00Z,2026-09-08T02:00:00Z,88,87
T_VKNGW-1,VKNGW-1,2026-09-08,7,2026-09-08T02:00:00Z,2026-09-08T02:29:00Z,86,86
T_VKNGW-1,VKNGW-1,2026-09-08,7,2026-09-08T02:29:00Z,2026-09-08T02:30:00Z,86,85
T_VKNGW-1,VKNGW-1,2026-09-08,8,2026-09-08T02:30:00Z,2026-09-08T02:59:00Z,85,85
T_VKNGW-1,VKNGW-1,2026-09-08,8,2026-09-08T02:59:00Z,2026-09-08T03:00:00Z,85,83
T_VKNGW-1,VKNGW-1,2026-09-08,9,2026-09-08T03:00:00Z,2026-09-08T03:29:00Z,83,83
T_VKNGW-1,VKNGW-1,2026-09-08,9,2026-09-08T03:29:00Z,2026-09-08T03:30:00Z,83,81
T_VKNGW-1,VKNGW-1,2026-09-08,10,2026-09-08T03:30:00Z,2026-09-08T03:59:00Z,81,81
T_VKNGW-1,VKNGW-1,2026-09-08,10,2026-09-08T03:59:00Z,2026-09-08T04:00:00Z,81,75
T_VKNGW-1,VKNGW-1,2026-09-08,11,2026-09-08T04:00:00Z,2026-09-08T04:29:00Z,75,75
T_VKNGW-1,VKNGW-1,2026-09-08,11,2026-09-08T04:29:00Z,2026-09-08T04:30:00Z,75,69
T_VKNGW-1,VKNGW-1,2026-09-08,12,2026-09-08T04:30:00Z,2026-09-08T04:59:00Z,69,69
T_VKNGW-1,VKNGW-1,2026-09-08,12,2026-09-08T04:59:00Z,2026-09-08T05:00:00Z,69,60
T_VKNGW-1,VKNGW-1,2026-09-08,13,2026-09-08T05:00:00Z,2026-09-08T05:29:00Z,60,60
T_VKNGW-1,VKNGW-1,2026-09-08,13,2026-09-08T05:29:00Z,2026-09-08T05:30:00Z,60,51
T_VKNGW-1,VKNGW-1,2026-09-08,14,2026-09-08T05:30:00Z,2026-09-08T05:58:00Z,51,51
T_VKNGW-1,VKNGW-1,2026-09-08,14,2026-09-08T05:58:00Z,2026-09-08T05:59:00Z,51,50
T_VKNGW-1,VKNGW-1,2026-09-08,14,2026-09-08T05:59:00Z,2026-09-08T06:00:00Z,50,43
T_VKNGW-1,VKNGW-1,2026-09-08,15,2026-09-08T06:00:00Z,2026-09-08T06:29:00Z,42,42
T_VKNGW-1,VKNGW-1,2026-09-08,15,2026-09-08T06:29:00Z,2026-09-08T06:30:00Z,42,34
T_VKNGW-1,VKNGW-1,2026-09-08,16,2026-09-08T06:30:00Z,2026-09-08T06:59:00Z,34,34
T_VKNGW-1,VKNGW-1,2026-09-08,16,2026-09-08T06:59:00Z,2026-09-08T07:00:00Z,34,26
T_VKNGW-1,VKNGW-1,2026-09-08,17,2026-09-08T07:00:00Z,2026-09-08T07:29:00Z,29,29
T_VKNGW-1,VKNGW-1,2026-09-08,17,2026-09-08T07:29:00Z,2026-09-08T07:30:00Z,29,20
T_VKNGW-1,VKNGW-1,2026-09-08,18,2026-09-08T07:30:00Z,2026-09-08T07:59:00Z,20,20
T_VKNGW-1,VKNGW-1,2026-09-08,18,2026-09-08T07:59:00Z,2026-09-08T08:00:00Z,20,15
T_VKNGW-1,VKNGW-1,2026-09-08,19,2026-09-08T08:00:00Z,2026-09-08T08:29:00Z,16,16
T_VKNGW-1,VKNGW-1,2026-09-08,19,2026-09-08T08:29:00Z,2026-09-08T08:30:00Z,16,10
T_VKNGW-1,VKNGW-1,2026-09-08,20,2026-09-08T08:30:00Z,2026-09-08T08:59:00Z,10,10
T_VKNGW-1,VKNGW-1,2026-09-08,20,2026-09-08T08:59:00Z,2026-09-08T09:00:00Z,10,6
T_VKNGW-1,VKNGW-1,2026-09-08,21,2026-09-08T09:00:00Z,2026-09-08T09:29:00Z,6,6
T_VKNGW-1,VKNGW-1,2026-09-08,21,2026-09-08T09:29:00Z,2026-09-08T09:30:00Z,6,2
T_VKNGW-1,VKNGW-1,2026-09-08,22,2026-09-08T09:30:00Z,2026-09-08T10:00:00Z,2,2
T_VKNGW-1,VKNGW-1,2026-09-08,23,2026-09-08T10:00:00Z,2026-09-08T10:29:00Z,2,2
T_VKNGW-1,VKNGW-1,2026-09-08,23,2026-09-08T10:29:00Z,2026-09-08T10:30:00Z,2,1
T_VKNGW-1,VKNGW-1,2026-09-08,24,2026-09-08T10:30:00Z,2026-09-08T10:59:00Z,1,1
T_VKNGW-1,VKNGW-1,2026-09-08,24,2026-09-08T10:59:00Z,2026-09-08T11:00:00Z,1,2
T_VKNGW-1,VKNGW-1,2026-09-08,25,2026-09-08T11:00:00Z,2026-09-08T11:29:00Z,2,2
T_VKNGW-1,VKNGW-1,2026-09-08,25,2026-09-08T11:29:00Z,2026-09-08T11:30:00Z,2,3
T_VKNGW-1,VKNGW-1,2026-09-08,26,2026-09-08T11:30:00Z,2026-09-08T11:59:00Z,3,3
T_VKNGW-1,VKNGW-1,2026-09-08,26,2026-09-08T11:59:00Z,2026-09-08T12:00:00Z,3,4
T_VKNGW-1,VKNGW-1,2026-09-08,27,2026-09-08T12:00:00Z,2026-09-08T12:30:00Z,5,5
T_VKNGW-1,VKNGW-1,2026-09-08,28,2026-09-08T12:30:00Z,2026-09-08T12:59:00Z,5,5
T_VKNGW-1,VKNGW-1,2026-09-08,28,2026-09-08T12:59:00Z,2026-09-08T13:00:00Z,5,7
T_VKNGW-1,VKNGW-1,2026-09-08,29,2026-09-08T13:00:00Z,2026-09-08T13:29:00Z,7,7
T_VKNGW-1,VKNGW-1,2026-09-08,29,2026-09-08T13:29:00Z,2026-09-08T13:30:00Z,7,8
T_VKNGW-1,VKNGW-1,2026-09-08,30,2026-09-08T13:30:00Z,2026-09-08T13:59:00Z,8,8
T_VKNGW-1,VKNGW-1,2026-09-08,30,2026-09-08T13:59:00Z,2026-09-08T14:00:00Z,8,10
T_VKNGW-1,VKNGW-1,2026-09-08,31,2026-09-08T14:00:00Z,2026-09-08T14:29:00Z,14,14
T_VKNGW-1,VKNGW-1,2026-09-08,31,2026-09-08T14:29:00Z,2026-09-08T14:30:00Z,14,16
T_VKNGW-1,VKNGW-1,2026-09-08,32,2026-09-08T14:30:00Z,2026-09-08T14:59:00Z,16,16
T_VKNGW-1,VKNGW-1,2026-09-08,32,2026-09-08T14:59:00Z,2026-09-08T15:00:00Z,16,20
T_VKNGW-1,VKNGW-1,2026-09-08,33,2026-09-08T15:00:00Z,2026-09-08T15:29:00Z,20,20
T_VKNGW-1,VKNGW-1,2026-09-08,33,2026-09-08T15:29:00Z,2026-09-08T15:30:00Z,20,24
T_VKNGW-1,VKNGW-1,2026-09-08,34,2026-09-08T15:30:00Z,2026-09-08T15:59:00Z,24,24
T_VKNGW-1,VKNGW-1,2026-09-08,34,2026-09-08T15:59:00Z,2026-09-08T16:00:00Z,24,28
T_VKNGW-1,VKNGW-1,2026-09-08,35,2026-09-08T16:00:00Z,2026-09-08T16:29:00Z,28,28
T_VKNGW-1,VKNGW-1,2026-09-08,35,2026-09-08T16:29:00Z,2026-09-08T16:30:00Z,28,32
T_VKNGW-1,VKNGW-1,2026-09-08,36,2026-09-08T16:30:00Z,2026-09-08T17:00:00Z,32,32
T_VKNGW-1,VKNGW-1,2026-09-08,37,2026-09-08T17:00:00Z,2026-09-08T17:30:00Z,31,31
T_VKNGW-1,VKNGW-1,2026-09-08,38,2026-09-08T17:30:00Z,2026-09-08T17:59:00Z,31,31
T_VKNGW-1,VKNGW-1,2026-09-08,38,2026-09-08T17:59:00Z,2026-09-08T18:00:00Z,31,29
T_VKNGW-1,VKNGW-1,2026-09-08,39,2026-09-08T18:00:00Z,2026-09-08T18:29:00Z,29,29
T_VKNGW-1,VKNGW-1,2026-09-08,39,2026-09-08T18:29:00Z,2026-09-08T18:30:00Z,29,28
T_VKNGW-1,VKNGW-1,2026-09-08,40,2026-09-08T18:30:00Z,2026-09-08T18:59:00Z,28,28
T_VKNGW-1,VKNGW-1,2026-09-08,40,2026-09-08T18:59:00Z,2026-09-08T19:00:00Z,28,31
T_VKNGW-1,VKNGW-1,2026-09-08,41,2026-09-08T19:00:00Z,2026-09-08T19:29:00Z,35,35
T_VKNGW-1,VKNGW-1,2026-09-08,41,2026-09-08T19:29:00Z,2026-09-08T19:30:00Z,35,38
T_VKNGW-1,VKNGW-1,2026-09-08,42,2026-09-08T19:30:00Z,2026-09-08T19:59:00Z,38,38
T_VKNGW-1,VKNGW-1,2026-09-08,42,2026-09-08T19:59:00Z,2026-09-08T20:00:00Z,38,45
T_VKNGW-1,VKNGW-1,2026-09-08,43,2026-09-08T20:00:00Z,2026-09-08T20:28:00Z,44,44
T_VKNGW-1,VKNGW-1,2026-09-08,43,2026-09-08T20:28:00Z,2026-09-08T20:29:00Z,44,50
T_VKNGW-1,VKNGW-1,2026-09-08,43,2026-09-08T20:29:00Z,2026-09-08T20:30:00Z,50,51
T_VKNGW-1,VKNGW-1,2026-09-08,44,2026-09-08T20:30:00Z,2026-09-08T20:59:00Z,51,51
T_VKNGW-1,VKNGW-1,2026-09-08,44,2026-09-08T20:59:00Z,2026-09-08T21:00:00Z,51,55
T_VKNGW-1,VKNGW-1,2026-09-08,45,2026-09-08T21:00:00Z,2026-09-08T21:29:00Z,54,54
T_VKNGW-1,VKNGW-1,2026-09-08,45,2026-09-08T21:29:00Z,2026-09-08T21:30:00Z,54,58
T_VKNGW-1,VKNGW-1,2026-09-08,46,2026-09-08T21:30:00Z,2026-09-08T21:59:00Z,58,58
T_VKNGW-1,VKNGW-1,2026-09-08,46,2026-09-08T21:59:00Z,2026-09-08T22:00:00Z,58,61
T_VKNGW-1,VKNGW-1,2026-09-08,47,2026-09-08T22:00:00Z,2026-09-08T22:29:00Z,60,60
T_VKNGW-1,VKNGW-1,2026-09-08,47,2026-09-08T22:29:00Z,2026-09-08T22:30:00Z,60,63
T_VKNGW-1,VKNGW-1,2026-09-08,48,2026-09-08T22:30:00Z,2026-09-08T23:00:00Z,63,63
T_VKNGW-2,VKNGW-2,2026-09-08,1,2026-09-07T23:00:00Z,2026-09-07T23:29:00Z,89,89
T_VKNGW-2,VKNGW-2,2026-09-08,1,2026-09-07T23:29:00Z,2026-09-07T23:30:00Z,89,90
T_VKNGW-2,VKNGW-2,2026-09-08,2,2026-09-07T23:30:00Z,2026-09-07T23:59:00Z,90,90
T_VKNGW-2,VKNGW-2,2026-09-08,2,2026-09-07T23:59:00Z,2026-09-08T00:00:00Z,90,91
T_VKNGW-2,VKNGW-2,2026-09-08,3,2026-09-08T00:00:00Z,2026-09-08T00:29:00Z,91,91
T_VKNGW-2,VKNGW-2,2026-09-08,3,2026-09-08T00:29:00Z,2026-09-08T00:30:00Z,91,93
T_VKNGW-2,VKNGW-2,2026-09-08,4,2026-09-08T00:30:00Z,2026-09-08T00:59:00Z,93,93
T_VKNGW-2,VKNGW-2,2026-09-08,4,2026-09-08T00:59:00Z,2026-09-08T01:00:00Z,93,90
T_VKNGW-2,VKNGW-2,2026-09-08,5,2026-09-08T01:00:00Z,2026-09-08T01:29:00Z,90,90
T_VKNGW-2,VKNGW-2,2026-09-08,5,2026-09-08T01:29:00Z,2026-09-08T01:30:00Z,90,88
T_VKNGW-2,VKNGW-2,2026-09-08,6,2026-09-08T01:30:00Z,2026-09-08T01:59:00Z,88,88
T_VKNGW-2,VKNGW-2,2026-09-08,6,2026-09-08T01:59:00Z,2026-09-08T02:00:00Z,88,86
T_VKNGW-2,VKNGW-2,2026-09-08,7,2026-09-08T02:00:00Z,2026-09-08T02:29:00Z,84,84
T_VKNGW-2,VKNGW-2,2026-09-08,7,2026-09-08T02:29:00Z,2026-09-08T02:30:00Z,84,83
T_VKNGW-2,VKNGW-2,2026-09-08,8,2026-09-08T02:30:00Z,2026-09-08T02:59:00Z,83,83
T_VKNGW-2,VKNGW-2,2026-09-08,8,2026-09-08T02:59:00Z,2026-09-08T03:00:00Z,83,79
T_VKNGW-2,VKNGW-2,2026-09-08,9,2026-09-08T03:00:00Z,2026-09-08T03:29:00Z,79,79
T_VKNGW-2,VKNGW-2,2026-09-08,9,2026-09-08T03:29:00Z,2026-09-08T03:30:00Z,79,75
T_VKNGW-2,VKNGW-2,2026-09-08,10,2026-09-08T03:30:00Z,2026-09-08T03:59:00Z,75,75
T_VKNGW-2,VKNGW-2,2026-09-08,10,2026-09-08T03:59:00Z,2026-09-08T04:00:00Z,75,68
T_VKNGW-2,VKNGW-2,2026-09-08,11,2026-09-08T04:00:00Z,2026-09-08T04:29:00Z,69,69
T_VKNGW-2,VKNGW-2,2026-09-08,11,2026-09-08T04:29:00Z,2026-09-08T04:30:00Z,69,63
T_VKNGW-2,VKNGW-2,2026-09-08,12,2026-09-08T04:30:00Z,2026-09-08T04:59:00Z,63,63
T_VKNGW-2,VKNGW-2,2026-09-08,12,2026-09-08T04:59:00Z,2026-09-08T05:00:00Z,63,54
T_VKNGW-2,VKNGW-2,2026-09-08,13,2026-09-08T05:00:00Z,2026-09-08T05:28:00Z,53,53
T_VKNGW-2,VKNGW-2,2026-09-08,13,2026-09-08T05:28:00Z,2026-09-08T05:29:00Z,53,50
T_VKNGW-2,VKNGW-2,2026-09-08,13,2026-09-08T05:29:00Z,2026-09-08T05:30:00Z,50,44
T_VKNGW-2,VKNGW-2,2026-09-08,14,2026-09-08T05:30:00Z,2026-09-08T05:59:00Z,44,44
T_VKNGW-2,VKNGW-2,2026-09-08,14,2026-09-08T05:59:00Z,2026-09-08T06:00:00Z,44,37
T_VKNGW-2,VKNGW-2,2026-09-08,15,2026-09-08T06:00:00Z,2026-09-08T06:29:00Z,37,37
T_VKNGW-2,VKNGW-2,2026-09-08,15,2026-09-08T06:29:00Z,2026-09-08T06:30:00Z,37,30
T_VKNGW-2,VKNGW-2,2026-09-08,16,2026-09-08T06:30:00Z,2026-09-08T06:59:00Z,30,30
T_VKNGW-2,VKNGW-2,2026-09-08,16,2026-09-08T06:59:00Z,2026-09-08T07:00:00Z,30,24
T_VKNGW-2,VKNGW-2,2026-09-08,17,2026-09-08T07:00:00Z,2026-09-08T07:29:00Z,26,26
T_VKNGW-2,VKNGW-2,2026-09-08,17,2026-09-08T07:29:00Z,2026-09-08T07:30:00Z,26,17
T_VKNGW-2,VKNGW-2,2026-09-08,18,2026-09-08T07:30:00Z,2026-09-08T07:59:00Z,17,17
T_VKNGW-2,VKNGW-2,2026-09-08,18,2026-09-08T07:59:00Z,2026-09-08T08:00:00Z,17,12
T_VKNGW-2,VKNGW-2,2026-09-08,19,2026-09-08T08:00:00Z,2026-09-08T08:29:00Z,13,13
T_VKNGW-2,VKNGW-2,2026-09-08,19,2026-09-08T08:29:00Z,2026-09-08T08:30:00Z,13,8
T_VKNGW-2,VKNGW-2,2026-09-08,20,2026-09-08T08:30:00Z,2026-09-08T08:59:00Z,8,8
T_VKNGW-2,VKNGW-2,2026-09-08,20,2026-09-08T08:59:00Z,2026-09-08T09:00:00Z,8,5
T_VKNGW-2,VKNGW-2,2026-09-08,21,2026-09-08T09:00:00Z,2026-09-08T09:29:00Z,5,5
T_VKNGW-2,VKNGW-2,2026-09-08,21,2026-09-08T09:29:00Z,2026-09-08T09:30:00Z,5,2
T_VKNGW-2,VKNGW-2,2026-09-08,22,2026-09-08T09:30:00Z,2026-09-08T09:59:00Z,2,2
T_VKNGW-2,VKNGW-2,2026-09-08,22,2026-09-08T09:59:00Z,2026-09-08T10:00:00Z,2,1
T_VKNGW-2,VKNGW-2,2026-09-08,23,2026-09-08T10:00:00Z,2026-09-08T10:30:00Z,1,1
T_VKNGW-2,VKNGW-2,2026-09-08,24,2026-09-08T10:30:00Z,2026-09-08T10:59:00Z,1,1
T_VKNGW-2,VKNGW-2,2026-09-08,24,2026-09-08T10:59:00Z,2026-09-08T11:00:00Z,1,2
T_VKNGW-2,VKNGW-2,2026-09-08,25,2026-09-08T11:00:00Z,2026-09-08T11:29:00Z,2,2
T_VKNGW-2,VKNGW-2,2026-09-08,25,2026-09-08T11:29:00Z,2026-09-08T11:30:00Z,2,3
T_VKNGW-2,VKNGW-2,2026-09-08,26,2026-09-08T11:30:00Z,2026-09-08T12:00:00Z,3,3
T_VKNGW-2,VKNGW-2,2026-09-08,27,2026-09-08T12:00:00Z,2026-09-08T12:30:00Z,5,5
T_VKNGW-2,VKNGW-2,2026-09-08,28,2026-09-08T12:30:00Z,2026-09-08T12:59:00Z,5,5
T_VKNGW-2,VKNGW-2,2026-09-08,28,2026-09-08T12:59:00Z,2026-09-08T13:00:00Z,5,6
T_VKNGW-2,VKNGW-2,2026-09-08,29,2026-09-08T13:00:00Z,2026-09-08T13:29:00Z,6,6
T_VKNGW-2,VKNGW-2,2026-09-08,29,2026-09-08T13:29:00Z,2026-09-08T13:30:00Z,6,7
T_VKNGW-2,VKNGW-2,2026-09-08,30,2026-09-08T13:30:00Z,2026-09-08T13:59:00Z,7,7
T_VKNGW-2,VKNGW-2,2026-09-08,30,2026-09-08T13:59:00Z,2026-09-08T14:00:00Z,7,10
T_VKNGW-2,VKNGW-2,2026-09-08,31,2026-09-08T14:00:00Z,2026-09-08T14:29:00Z,15,15
T_VKNGW-2,VKNGW-2,2026-09-08,31,2026-09-08T14:29:00Z,2026-09-08T14:30:00Z,15,18
T_VKNGW-2,VKNGW-2,2026-09-08,32,2026-09-08T14:30:00Z,2026-09-08T14:59:00Z,18,18
T_VKNGW-2,VKNGW-2,2026-09-08,32,2026-09-08T14:59:00Z,2026-09-08T15:00:00Z,18,23
T_VKNGW-2,VKNGW-2,2026-09-08,33,2026-09-08T15:00:00Z,2026-09-08T15:29:00Z,23,23
T_VKNGW-2,VKNGW-2,2026-09-08,33,2026-09-08T15:29:00Z,2026-09-08T15:30:00Z,23,29
T_VKNGW-2,VKNGW-2,2026-09-08,34,2026-09-08T15:30:00Z,2026-09-08T15:59:00Z,29,29
T_VKNGW-2,VKNGW-2,2026-09-08,34,2026-09-08T15:59:00Z,2026-09-08T16:00:00Z,29,33
T_VKNGW-2,VKNGW-2,2026-09-08,35,2026-09-08T16:00:00Z,2026-09-08T16:29:00Z,33,33
T_VKNGW-2,VKNGW-2,2026-09-08,35,2026-09-08T16:29:00Z,2026-09-08T16:30:00Z,33,38
T_VKNGW-2,VKNGW-2,2026-09-08,36,2026-09-08T16:30:00Z,2026-09-08T16:59:00Z,38,38
T_VKNGW-2,VKNGW-2,2026-09-08,36,2026-09-08T16:59:00Z,2026-09-08T17:00:00Z,38,36
T_VKNGW-2,VKNGW-2,2026-09-08,37,2026-09-08T17:00:00Z,2026-09-08T17:29:00Z,36,36
T_VKNGW-2,VKNGW-2,2026-09-08,37,2026-09-08T17:29:00Z,2026-09-08T17:30:00Z,36,35
T_VKNGW-2,VKNGW-2,2026-09-08,38,2026-09-08T17:30:00Z,2026-09-08T17:59:00Z,35,35
T_VKNGW-2,VKNGW-2,2026-09-08,38,2026-09-08T17:59:00Z,2026-09-08T18:00:00Z,35,33
T_VKNGW-2,VKNGW-2,2026-09-08,39,2026-09-08T18:00:00Z,2026-09-08T18:29:00Z,33,33
T_VKNGW-2,VKNGW-2,2026-09-08,39,2026-09-08T18:29:00Z,2026-09-08T18:30:00Z,33,31
T_VKNGW-2,VKNGW-2,2026-09-08,40,2026-09-08T18:30:00Z,2026-09-08T18:59:00Z,31,31
T_VKNGW-2,VKNGW-2,2026-09-08,40,2026-09-08T18:59:00Z,2026-09-08T19:00:00Z,31,34
T_VKNGW-2,VKNGW-2,2026-09-08,41,2026-09-08T19:00:00Z,2026-09-08T19:29:00Z,38,38
T_VKNGW-2,VKNGW-2,2026-09-08,41,2026-09-08T19:29:00Z,2026-09-08T19:30:00Z,38,41
T_VKNGW-2,VKNGW-2,2026-09-08,42,2026-09-08T19:30:00Z,2026-09-08T19:59:00Z,41,41
T_VKNGW-2,VKNGW-2,2026-09-08,42,2026-09-08T19:59:00Z,2026-09-08T20:00:00Z,41,46
T_VKNGW-2,VKNGW-2,2026-09-08,43,2026-09-08T20:00:00Z,2026-09-08T20:29:00Z,45,45
T_VKNGW-2,VKNGW-2,2026-09-08,43,2026-09-08T20:29:00Z,2026-09-08T20:30:00Z,45,50
T_VKNGW-2,VKNGW-2,2026-09-08,44,2026-09-08T20:30:00Z,2026-09-08T20:59:00Z,50,50
T_VKNGW-2,VKNGW-2,2026-09-08,44,2026-09-08T20:59:00Z,2026-09-08T21:00:00Z,50,54
T_VKNGW-2,VKNGW-2,2026-09-08,45,2026-09-08T21:00:00Z,2026-09-08T21:29:00Z,54,54
T_VKNGW-2,VKNGW-2,2026-09-08,45,2026-09-08T21:29:00Z,2026-09-08T21:30:00Z,54,58
T_VKNGW-2,VKNGW-2,2026-09-08,46,2026-09-08T21:30:00Z,2026-09-08T21:59:00Z,58,58
T_VKNGW-2,VKNGW-2,2026-09-08,46,2026-09-08T21:59:00Z,2026-09-08T22:00:00Z,58,61
T_VKNGW-2,VKNGW-2,2026-09-08,47,2026-09-08T22:00:00Z,2026-09-08T22:29:00Z,60,60
T_VKNGW-2,VKNGW-2,2026-09-08,47,2026-09-08T22:29:00Z,2026-09-08T22:30:00Z,60,63
T_VKNGW-2,VKNGW-2,2026-09-08,48,2026-09-08T22:30:00Z,2026-09-08T22:59:00Z,63,63
T_VKNGW-2,VKNGW-2,2026-09-08,48,2026-09-08T22:59:00Z,2026-09-08T23:00:00Z,63,64
T_VKNGW-3,VKNGW-3,2026-09-08,1,2026-09-07T23:00:00Z,2026-09-07T23:29:00Z,77,77
T_VKNGW-3,VKNGW-3,2026-09-08,1,2026-09-07T23:29:00Z,2026-09-07T23:30:00Z,77,79
T_VKNGW-3,VKNGW-3,2026-09-08,2,2026-09-07T23:30:00Z,2026-09-07T23:59:00Z,79,79
T_VKNGW-3,VKNGW-3,2026-09-08,2,2026-09-07T23:59:00Z,2026-09-08T00:00:00Z,79,80
T_VKNGW-3,VKNGW-3,2026-09-08,3,2026-09-08T00:00:00Z,2026-09-08T00:29:00Z,79,79
T_VKNGW-3,VKNGW-3,2026-09-08,3,2026-09-08T00:29:00Z,2026-09-08T00:30:00Z,79,82
T_VKNGW-3,VKNGW-3,2026-09-08,4,2026-09-08T00:30:00Z,2026-09-08T00:59:00Z,82,82
T_VKNGW-3,VKNGW-3,2026-09-08,4,2026-09-08T00:59:00Z,2026-09-08T01:00:00Z,82,79
T_VKNGW-3,VKNGW-3,2026-09-08,5,2026-09-08T01:00:00Z,2026-09-08T01:29:00Z,79,79
T_VKNGW-3,VKNGW-3,2026-09-08,5,2026-09-08T01:29:00Z,2026-09-08T01:30:00Z,79,77
T_VKNGW-3,VKNGW-3,2026-09-08,6,2026-09-08T01:30:00Z,2026-09-08T01:59:00Z,77,77
T_VKNGW-3,VKNGW-3,2026-09-08,6,2026-09-08T01:59:00Z,2026-09-08T02:00:00Z,77,75
T_VKNGW-3,VKNGW-3,2026-09-08,7,2026-09-08T02:00:00Z,2026-09-08T02:29:00Z,72,72
T_VKNGW-3,VKNGW-3,2026-09-08,7,2026-09-08T02:29:00Z,2026-09-08T02:30:00Z,72,71
T_VKNGW-3,VKNGW-3,2026-09-08,8,2026-09-08T02:30:00Z,2026-09-08T02:59:00Z,71,71
T_VKNGW-3,VKNGW-3,2026-09-08,8,2026-09-08T02:59:00Z,2026-09-08T03:00:00Z,71,68
T_VKNGW-3,VKNGW-3,2026-09-08,9,2026-09-08T03:00:00Z,2026-09-08T03:29:00Z,67,67
T_VKNGW-3,VKNGW-3,2026-09-08,9,2026-09-08T03:29:00Z,2026-09-08T03:30:00Z,67,64
T_VKNGW-3,VKNGW-3,2026-09-08,10,2026-09-08T03:30:00Z,2026-09-08T03:59:00Z,64,64
T_VKNGW-3,VKNGW-3,2026-09-08,10,2026-09-08T03:59:00Z,2026-09-08T04:00:00Z,64,58
T_VKNGW-3,VKNGW-3,2026-09-08,11,2026-09-08T04:00:00Z,2026-09-08T04:29:00Z,59,59
T_VKNGW-3,VKNGW-3,2026-09-08,11,2026-09-08T04:29:00Z,2026-09-08T04:30:00Z,59,54
T_VKNGW-3,VKNGW-3,2026-09-08,12,2026-09-08T04:30:00Z,2026-09-08T04:58:00Z,54,54
T_VKNGW-3,VKNGW-3,2026-09-08,12,2026-09-08T04:58:00Z,2026-09-08T04:59:00Z,54,50
T_VKNGW-3,VKNGW-3,2026-09-08,12,2026-09-08T04:59:00Z,2026-09-08T05:00:00Z,50,46
T_VKNGW-3,VKNGW-3,2026-09-08,13,2026-09-08T05:00:00Z,2026-09-08T05:29:00Z,45,45
T_VKNGW-3,VKNGW-3,2026-09-08,13,2026-09-08T05:29:00Z,2026-09-08T05:30:00Z,45,37
T_VKNGW-3,VKNGW-3,2026-09-08,14,2026-09-08T05:30:00Z,2026-09-08T05:59:00Z,37,37
T_VKNGW-3,VKNGW-3,2026-09-08,14,2026-09-08T05:59:00Z,2026-09-08T06:00:00Z,37,31
T_VKNGW-3,VKNGW-3,2026-09-08,15,2026-09-08T06:00:00Z,2026-09-08T06:29:00Z,30,30
T_VKNGW-3,VKNGW-3,2026-09-08,15,2026-09-08T06:29:00Z,2026-09-08T06:30:00Z,30,24
T_VKNGW-3,VKNGW-3,2026-09-08,16,2026-09-08T06:30:00Z,2026-09-08T06:59:00Z,24,24
T_VKNGW-3,VKNGW-3,2026-09-08,16,2026-09-08T06:59:00Z,2026-09-08T07:00:00Z,24,18
T_VKNGW-3,VKNGW-3,2026-09-08,17,2026-09-08T07:00:00Z,2026-09-08T07:29:00Z,20,20
T_VKNGW-3,VKNGW-3,2026-09-08,17,2026-09-08T07:29:00Z,2026-09-08T07:30:00Z,20,13
T_VKNGW-3,VKNGW-3,2026-09-08,18,2026-09-08T07:30:00Z,2026-09-08T07:59:00Z,13,13
T_VKNGW-3,VKNGW-3,2026-09-08,18,2026-09-08T07:59:00Z,2026-09-08T08:00:00Z,13,10
T_VKNGW-3,VKNGW-3,2026-09-08,19,2026-09-08T08:00:00Z,2026-09-08T08:29:00Z,10,10
T_VKNGW-3,VKNGW-3,2026-09-08,19,2026-09-08T08:29:00Z,2026-09-08T08:30:00Z,10,6
T_VKNGW-3,VKNGW-3,2026-09-08,20,2026-09-08T08:30:00Z,2026-09-08T08:59:00Z,6,6
T_VKNGW-3,VKNGW-3,2026-09-08,20,2026-09-08T08:59:00Z,2026-09-08T09:00:00Z,6,4
T_VKNGW-3,VKNGW-3,2026-09-08,21,2026-09-08T09:00:00Z,2026-09-08T09:29:00Z,4,4
T_VKNGW-3,VKNGW-3,2026-09-08,21,2026-09-08T09:29:00Z,2026-09-08T09:30:00Z,4,1
T_VKNGW-3,VKNGW-3,2026-09-08,22,2026-09-08T09:30:00Z,2026-09-08T10:00:00Z,1,1
T_VKNGW-3,VKNGW-3,2026-09-08,23,2026-09-08T10:00:00Z,2026-09-08T10:30:00Z,1,1
T_VKNGW-3,VKNGW-3,2026-09-08,24,2026-09-08T10:30:00Z,2026-09-08T10:59:00Z,1,1
T_VKNGW-3,VKNGW-3,2026-09-08,24,2026-09-08T10:59:00Z,2026-09-08T11:00:00Z,1,2
T_VKNGW-3,VKNGW-3,2026-09-08,25,2026-09-08T11:00:00Z,2026-09-08T11:30:00Z,2,2
T_VKNGW-3,VKNGW-3,2026-09-08,26,2026-09-08T11:30:00Z,2026-09-08T12:00:00Z,2,2
T_VKNGW-3,VKNGW-3,2026-09-08,27,2026-09-08T12:00:00Z,2026-09-08T12:30:00Z,3,3
T_VKNGW-3,VKNGW-3,2026-09-08,28,2026-09-08T12:30:00Z,2026-09-08T12:59:00Z,3,3
T_VKNGW-3,VKNGW-3,2026-09-08,28,2026-09-08T12:59:00Z,2026-09-08T13:00:00Z,3,4
T_VKNGW-3,VKNGW-3,2026-09-08,29,2026-09-08T13:00:00Z,2026-09-08T13:29:00Z,4,4
T_VKNGW-3,VKNGW-3,2026-09-08,29,2026-09-08T13:29:00Z,2026-09-08T13:30:00Z,4,5
T_VKNGW-3,VKNGW-3,2026-09-08,30,2026-09-08T13:30:00Z,2026-09-08T13:59:00Z,5,5
T_VKNGW-3,VKNGW-3,2026-09-08,30,2026-09-08T13:59:00Z,2026-09-08T14:00:00Z,5,7
T_VKNGW-3,VKNGW-3,2026-09-08,31,2026-09-08T14:00:00Z,2026-09-08T14:29:00Z,11,11
T_VKNGW-3,VKNGW-3,2026-09-08,31,2026-09-08T14:29:00Z,2026-09-08T14:30:00Z,11,14
T_VKNGW-3,VKNGW-3,2026-09-08,32,2026-09-08T14:30:00Z,2026-09-08T14:59:00Z,14,14
T_VKNGW-3,VKNGW-3,2026-09-08,32,2026-09-08T14:59:00Z,2026-09-08T15:00:00Z,14,18
T_VKNGW-3,VKNGW-3,2026-09-08,33,2026-09-08T15:00:00Z,2026-09-08T15:29:00Z,18,18
T_VKNGW-3,VKNGW-3,2026-09-08,33,2026-09-08T15:29:00Z,2026-09-08T15:30:00Z,18,22
T_VKNGW-3,VKNGW-3,2026-09-08,34,2026-09-08T15:30:00Z,2026-09-08T15:59:00Z,22,22
T_VKNGW-3,VKNGW-3,2026-09-08,34,2026-09-08T15:59:00Z,2026-09-08T16:00:00Z,22,27
T_VKNGW-3,VKNGW-3,2026-09-08,35,2026-09-08T16:00:00Z,2026-09-08T16:29:00Z,27,27
T_VKNGW-3,VKNGW-3,2026-09-08,35,2026-09-08T16:29:00Z,2026-09-08T16:30:00Z,27,31
T_VKNGW-3,VKNGW-3,2026-09-08,36,2026-09-08T16:30:00Z,2026-09-08T16:59:00Z,31,31
T_VKNGW-3,VKNGW-3,2026-09-08,36,2026-09-08T16:59:00Z,2026-09-08T17:00:00Z,31,30
T_VKNGW-3,VKNGW-3,2026-09-08,37,2026-09-08T17:00:00Z,2026-09-08T17:29:00Z,30,30
T_VKNGW-3,VKNGW-3,2026-09-08,37,2026-09-08T17:29:00Z,2026-09-08T17:30:00Z,30,29
T_VKNGW-3,VKNGW-3,2026-09-08,38,2026-09-08T17:30:00Z,2026-09-08T17:59:00Z,29,29
T_VKNGW-3,VKNGW-3,2026-09-08,38,2026-09-08T17:59:00Z,2026-09-08T18:00:00Z,29,28
T_VKNGW-3,VKNGW-3,2026-09-08,39,2026-09-08T18:00:00Z,2026-09-08T18:29:00Z,28,28
T_VKNGW-3,VKNGW-3,2026-09-08,39,2026-09-08T18:29:00Z,2026-09-08T18:30:00Z,28,26
T_VKNGW-3,VKNGW-3,2026-09-08,40,2026-09-08T18:30:00Z,2026-09-08T18:59:00Z,26,26
T_VKNGW-3,VKNGW-3,2026-09-08,40,2026-09-08T18:59:00Z,2026-09-08T19:00:00Z,26,29
T_VKNGW-3,VKNGW-3,2026-09-08,41,2026-09-08T19:00:00Z,2026-09-08T19:29:00Z,33,33
T_VKNGW-3,VKNGW-3,2026-09-08,41,2026-09-08T19:29:00Z,2026-09-08T19:30:00Z,33,36
T_VKNGW-3,VKNGW-3,2026-09-08,42,2026-09-08T19:30:00Z,2026-09-08T19:59:00Z,36,36
T_VKNGW-3,VKNGW-3,2026-09-08,42,2026-09-08T19:59:00Z,2026-09-08T20:00:00Z,36,41
T_VKNGW-3,VKNGW-3,2026-09-08,43,2026-09-08T20:00:00Z,2026-09-08T20:29:00Z,41,41
T_VKNGW-3,VKNGW-3,2026-09-08,43,2026-09-08T20:29:00Z,2026-09-08T20:30:00Z,41,45
T_VKNGW-3,VKNGW-3,2026-09-08,44,2026-09-08T20:30:00Z,2026-09-08T20:59:00Z,45,45
T_VKNGW-3,VKNGW-3,2026-09-08,44,2026-09-08T20:59:00Z,2026-09-08T21:00:00Z,45,48
T_VKNGW-3,VKNGW-3,2026-09-08,45,2026-09-08T21:00:00Z,2026-09-08T21:28:00Z,48,48
T_VKNGW-3,VKNGW-3,2026-09-08,45,2026-09-08T21:28:00Z,2026-09-08T21:29:00Z,48,50
T_VKNGW-3,VKNGW-3,2026-09-08,45,2026-09-08T21:29:00Z,2026-09-08T21:30:00Z,50,51
T_VKNGW-3,VKNGW-3,2026-09-08,46,2026-09-08T21:30:00Z,2026-09-08T21:59:00Z,51,51
T_VKNGW-3,VKNGW-3,2026-09-08,46,2026-09-08T21:59:00Z,2026-09-08T22:00:00Z,51,53
T_VKNGW-3,VKNGW-3,2026-09-08,47,2026-09-08T22:00:00Z,2026-09-08T22:29:00Z,53,53
T_VKNGW-3,VKNGW-3,2026-09-08,47,2026-09-08T22:29:00Z,2026-09-08T22:30:00Z,53,55
T_VKNGW-3,VKNGW-3,2026-09-08,48,2026-09-08T22:30:00Z,2026-09-08T23:00:00Z,55,55
T_VKNGW-4,VKNGW-4,2026-09-08,1,2026-09-07T23:00:00Z,2026-09-07T23:29:00Z,78,78
T_VKNGW-4,VKNGW-4,2026-09-08,1,2026-09-07T23:29:00Z,2026-09-07T23:30:00Z,78,81
T_VKNGW-4,VKNGW-4,2026-09-08,2,2026-09-07T23:30:00Z,2026-09-08T00:00:00Z,81,81
T_VKNGW-4,VKNGW-4,2026-09-08,3,2026-09-08T00:00:00Z,2026-09-08T00:29:00Z,82,82
T_VKNGW-4,VKNGW-4,2026-09-08,3,2026-09-08T00:29:00Z,2026-09-08T00:30:00Z,82,85
T_VKNGW-4,VKNGW-4,2026-09-08,4,2026-09-08T00:30:00Z,2026-09-08T00:59:00Z,85,85
T_VKNGW-4,VKNGW-4,2026-09-08,4,2026-09-08T00:59:00Z,2026-09-08T01:00:00Z,85,81
T_VKNGW-4,VKNGW-4,2026-09-08,5,2026-09-08T01:00:00Z,2026-09-08T01:29:00Z,82,82
T_VKNGW-4,VKNGW-4,2026-09-08,5,2026-09-08T01:29:00Z,2026-09-08T01:30:00Z,82,79
T_VKNGW-4,VKNGW-4,2026-09-08,6,2026-09-08T01:30:00Z,2026-09-08T01:59:00Z,79,79
T_VKNGW-4,VKNGW-4,2026-09-08,6,2026-09-08T01:59:00Z,2026-09-08T02:00:00Z,79,77
T_VKNGW-4,VKNGW-4,2026-09-08,7,2026-09-08T02:00:00Z,2026-09-08T02:29:00Z,74,74
T_VKNGW-4,VKNGW-4,2026-09-08,7,2026-09-08T02:29:00Z,2026-09-08T02:30:00Z,74,73
T_VKNGW-4,VKNGW-4,2026-09-08,8,2026-09-08T02:30:00Z,2026-09-08T02:59:00Z,73,73
T_VKNGW-4,VKNGW-4,2026-09-08,8,2026-09-08T02:59:00Z,2026-09-08T03:00:00Z,73,70
T_VKNGW-4,VKNGW-4,2026-09-08,9,2026-09-08T03:00:00Z,2026-09-08T03:29:00Z,69,69
T_VKNGW-4,VKNGW-4,2026-09-08,9,2026-09-08T03:29:00Z,2026-09-08T03:30:00Z,69,66
T_VKNGW-4,VKNGW-4,2026-09-08,10,2026-09-08T03:30:00Z,2026-09-08T03:59:00Z,66,66
T_VKNGW-4,VKNGW-4,2026-09-08,10,2026-09-08T03:59:00Z,2026-09-08T04:00:00Z,66,61
T_VKNGW-4,VKNGW-4,2026-09-08,11,2026-09-08T04:00:00Z,2026-09-08T04:29:00Z,62,62
T_VKNGW-4,VKNGW-4,2026-09-08,11,2026-09-08T04:29:00Z,2026-09-08T04:30:00Z,62,56
T_VKNGW-4,VKNGW-4,2026-09-08,12,2026-09-08T04:30:00Z,2026-09-08T04:58:00Z,56,56
T_VKNGW-4,VKNGW-4,2026-09-08,12,2026-09-08T04:58:00Z,2026-09-08T04:59:00Z,56,50
T_VKNGW-4,VKNGW-4,2026-09-08,12,2026-09-08T04:59:00Z,2026-09-08T05:00:00Z,50,48
T_VKNGW-4,VKNGW-4,2026-09-08,13,2026-09-08T05:00:00Z,2026-09-08T05:29:00Z,47,47
T_VKNGW-4,VKNGW-4,2026-09-08,13,2026-09-08T05:29:00Z,2026-09-08T05:30:00Z,47,39
T_VKNGW-4,VKNGW-4,2026-09-08,14,2026-09-08T05:30:00Z,2026-09-08T05:59:00Z,39,39
T_VKNGW-4,VKNGW-4,2026-09-08,14,2026-09-08T05:59:00Z,2026-09-08T06:00:00Z,39,32
T_VKNGW-4,VKNGW-4,2026-09-08,15,2026-09-08T06:00:00Z,2026-09-08T06:29:00Z,32,32
T_VKNGW-4,VKNGW-4,2026-09-08,15,2026-09-08T06:29:00Z,2026-09-08T06:30:00Z,32,26
T_VKNGW-4,VKNGW-4,2026-09-08,16,2026-09-08T06:30:00Z,2026-09-08T06:59:00Z,26,26
T_VKNGW-4,VKNGW-4,2026-09-08,16,2026-09-08T06:59:00Z,2026-09-08T07:00:00Z,26,20
T_VKNGW-4,VKNGW-4,2026-09-08,17,2026-09-08T07:00:00Z,2026-09-08T07:29:00Z,21,21
T_VKNGW-4,VKNGW-4,2026-09-08,17,2026-09-08T07:29:00Z,2026-09-08T07:30:00Z,21,14
T_VKNGW-4,VKNGW-4,2026-09-08,18,2026-09-08T07:30:00Z,2026-09-08T07:59:00Z,14,14
T_VKNGW-4,VKNGW-4,2026-09-08,18,2026-09-08T07:59:00Z,2026-09-08T08:00:00Z,14,10
T_VKNGW-4,VKNGW-4,2026-09-08,19,2026-09-08T08:00:00Z,2026-09-08T08:29:00Z,11,11
T_VKNGW-4,VKNGW-4,2026-09-08,19,2026-09-08T08:29:00Z,2026-09-08T08:30:00Z,11,7
T_VKNGW-4,VKNGW-4,2026-09-08,20,2026-09-08T08:30:00Z,2026-09-08T08:59:00Z,7,7
T_VKNGW-4,VKNGW-4,2026-09-08,20,2026-09-08T08:59:00Z,2026-09-08T09:00:00Z,7,4
T_VKNGW-4,VKNGW-4,2026-09-08,21,2026-09-08T09:00:00Z,2026-09-08T09:29:00Z,4,4
T_VKNGW-4,VKNGW-4,2026-09-08,21,2026-09-08T09:29:00Z,2026-09-08T09:30:00Z,4,2
T_VKNGW-4,VKNGW-4,2026-09-08,22,2026-09-08T09:30:00Z,2026-09-08T09:59:00Z,2,2
T_VKNGW-4,VKNGW-4,2026-09-08,22,2026-09-08T09:59:00Z,2026-09-08T10:00:00Z,2,1
T_VKNGW-4,VKNGW-4,2026-09-08,23,2026-09-08T10:00:00Z,2026-09-08T10:30:00Z,1,1
T_VKNGW-4,VKNGW-4,2026-09-08,24,2026-09-08T10:30:00Z,2026-09-08T10:59:00Z,1,1
T_VKNGW-4,VKNGW-4,2026-09-08,24,2026-09-08T10:59:00Z,2026-09-08T11:00:00Z,1,2
T_VKNGW-4,VKNGW-4,2026-09-08,25,2026-09-08T11:00:00Z,2026-09-08T11:30:00Z,2,2
T_VKNGW-4,VKNGW-4,2026-09-08,26,2026-09-08T11:30:00Z,2026-09-08T12:00:00Z,2,2
T_VKNGW-4,VKNGW-4,2026-09-08,27,2026-09-08T12:00:00Z,2026-09-08T12:30:00Z,3,3
T_VKNGW-4,VKNGW-4,2026-09-08,28,2026-09-08T12:30:00Z,2026-09-08T12:59:00Z,3,3
T_VKNGW-4,VKNGW-4,2026-09-08,28,2026-09-08T12:59:00Z,2026-09-08T13:00:00Z,3,4
T_VKNGW-4,VKNGW-4,2026-09-08,29,2026-09-08T13:00:00Z,2026-09-08T13:29:00Z,4,4
T_VKNGW-4,VKNGW-4,2026-09-08,29,2026-09-08T13:29:00Z,2026-09-08T13:30:00Z,4,6
T_VKNGW-4,VKNGW-4,2026-09-08,30,2026-09-08T13:30:00Z,2026-09-08T13:59:00Z,6,6
T_VKNGW-4,VKNGW-4,2026-09-08,30,2026-09-08T13:59:00Z,2026-09-08T14:00:00Z,6,8
T_VKNGW-4,VKNGW-4,2026-09-08,31,2026-09-08T14:00:00Z,2026-09-08T14:29:00Z,13,13
T_VKNGW-4,VKNGW-4,2026-09-08,31,2026-09-08T14:29:00Z,2026-09-08T14:30:00Z,13,16
T_VKNGW-4,VKNGW-4,2026-09-08,32,2026-09-08T14:30:00Z,2026-09-08T14:59:00Z,16,16
T_VKNGW-4,VKNGW-4,2026-09-08,32,2026-09-08T14:59:00Z,2026-09-08T15:00:00Z,16,22
T_VKNGW-4,VKNGW-4,2026-09-08,33,2026-09-08T15:00:00Z,2026-09-08T15:29:00Z,22,22
T_VKNGW-4,VKNGW-4,2026-09-08,33,2026-09-08T15:29:00Z,2026-09-08T15:30:00Z,22,28
T_VKNGW-4,VKNGW-4,2026-09-08,34,2026-09-08T15:30:00Z,2026-09-08T15:59:00Z,28,28
T_VKNGW-4,VKNGW-4,2026-09-08,34,2026-09-08T15:59:00Z,2026-09-08T16:00:00Z,28,32
T_VKNGW-4,VKNGW-4,2026-09-08,35,2026-09-08T16:00:00Z,2026-09-08T16:29:00Z,32,32
T_VKNGW-4,VKNGW-4,2026-09-08,35,2026-09-08T16:29:00Z,2026-09-08T16:30:00Z,32,36
T_VKNGW-4,VKNGW-4,2026-09-08,36,2026-09-08T16:30:00Z,2026-09-08T17:00:00Z,36,36
T_VKNGW-4,VKNGW-4,2026-09-08,37,2026-09-08T17:00:00Z,2026-09-08T17:30:00Z,35,35
T_VKNGW-4,VKNGW-4,2026-09-08,38,2026-09-08T17:30:00Z,2026-09-08T17:59:00Z,35,35
T_VKNGW-4,VKNGW-4,2026-09-08,38,2026-09-08T17:59:00Z,2026-09-08T18:00:00Z,35,33
T_VKNGW-4,VKNGW-4,2026-09-08,39,2026-09-08T18:00:00Z,2026-09-08T18:29:00Z,33,33
T_VKNGW-4,VKNGW-4,2026-09-08,39,2026-09-08T18:29:00Z,2026-09-08T18:30:00Z,33,32
T_VKNGW-4,VKNGW-4,2026-09-08,40,2026-09-08T18:30:00Z,2026-09-08T18:59:00Z,32,32
T_VKNGW-4,VKNGW-4,2026-09-08,40,2026-09-08T18:59:00Z,2026-09-08T19:00:00Z,32,35
T_VKNGW-4,VKNGW-4,2026-09-08,41,2026-09-08T19:00:00Z,2026-09-08T19:29:00Z,39,39
T_VKNGW-4,VKNGW-4,2026-09-08,41,2026-09-08T19:29:00Z,2026-09-08T19:30:00Z,39,42
T_VKNGW-4,VKNGW-4,2026-09-08,42,2026-09-08T19:30:00Z,2026-09-08T19:59:00Z,42,42
T_VKNGW-4,VKNGW-4,2026-09-08,42,2026-09-08T19:59:00Z,2026-09-08T20:00:00Z,42,47
T_VKNGW-4,VKNGW-4,2026-09-08,43,2026-09-08T20:00:00Z,2026-09-08T20:28:00Z,46,46
T_VKNGW-4,VKNGW-4,2026-09-08,43,2026-09-08T20:28:00Z,2026-09-08T20:29:00Z,46,50
T_VKNGW-4,VKNGW-4,2026-09-08,43,2026-09-08T20:29:00Z,2026-09-08T20:30:00Z,50,51
T_VKNGW-4,VKNGW-4,2026-09-08,44,2026-09-08T20:30:00Z,2026-09-08T20:59:00Z,51,51
T_VKNGW-4,VKNGW-4,2026-09-08,44,2026-09-08T20:59:00Z,2026-09-08T21:00:00Z,51,53
T_VKNGW-4,VKNGW-4,2026-09-08,45,2026-09-08T21:00:00Z,2026-09-08T21:29:00Z,53,53
T_VKNGW-4,VKNGW-4,2026-09-08,45,2026-09-08T21:29:00Z,2026-09-08T21:30:00Z,53,55
T_VKNGW-4,VKNGW-4,2026-09-08,46,2026-09-08T21:30:00Z,2026-09-08T21:59:00Z,55,55
T_VKNGW-4,VKNGW-4,2026-09-08,46,2026-09-08T21:59:00Z,2026-09-08T22:00:00Z,55,57
T_VKNGW-4,VKNGW-4,2026-09-08,47,2026-09-08T22:00:00Z,2026-09-08T22:29:00Z,57,57
T_VKNGW-4,VKNGW-4,2026-09-08,47,2026-09-08T22:29:00Z,2026-09-08T22:30:00Z,57,59
T_VKNGW-4,VKNGW-4,2026-09-08,48,2026-09-08T22:30:00Z,2026-09-08T22:59:00Z,59,59
T_VKNGW-4,VKNGW-4,2026-09-08,48,2026-09-08T22:59:00Z,2026-09-08T23:00:00Z,59,60
T_WDNSO-1,WDNSO-1,2026-09-08,1,2026-09-07T23:00:00Z,2026-09-07T23:30:00Z,177,177
T_WDNSO-1,WDNSO-1,2026-09-08,2,2026-09-07T23:30:00Z,2026-09-08T00:00:00Z,181,181
T_WDNSO-1,WDNSO-1,2026-09-08,3,2026-09-08T00:00:00Z,2026-09-08T00:30:00Z,181,181
T_WDNSO-1,WDNSO-1,2026-09-08,4,2026-09-08T00:30:00Z,2026-09-08T01:00:00Z,169,169
T_WDNSO-1,WDNSO-1,2026-09-08,5,2026-09-08T01:00:00Z,2026-09-08T01:30:00Z,178,178
T_WDNSO-1,WDNSO-1,2026-09-08,6,2026-09-08T01:30:00Z,2026-09-08T02:00:00Z,169,169
T_WDNSO-1,WDNSO-1,2026-09-08,7,2026-09-08T02:00:00Z,2026-09-08T02:30:00Z,178,178
T_WDNSO-1,WDNSO-1,2026-09-08,8,2026-09-08T02:30:00Z,2026-09-08T03:00:00Z,174,174
T_WDNSO-1,WDNSO-1,2026-09-08,9,2026-09-08T03:00:00Z,2026-09-08T03:30:00Z,177,177
T_WDNSO-1,WDNSO-1,2026-09-08,10,2026-09-08T03:30:00Z,2026-09-08T04:00:00Z,179,179
T_WDNSO-1,WDNSO-1,2026-09-08,11,2026-09-08T04:00:00Z,2026-09-08T04:30:00Z,182,182
T_WDNSO-1,WDNSO-1,2026-09-08,12,2026-09-08T04:30:00Z,2026-09-08T05:00:00Z,184,184
T_WDNSO-1,WDNSO-1,2026-09-08,13,2026-09-08T05:00:00Z,2026-09-08T05:30:00Z,189,189
T_WDNSO-1,WDNSO-1,2026-09-08,14,2026-09-08T05:30:00Z,2026-09-08T06:00:00Z,183,183
T_WDNSO-1,WDNSO-1,2026-09-08,15,2026-09-08T06:00:00Z,2026-09-08T06:30:00Z,180,180
T_WDNSO-1,WDNSO-1,2026-09-08,16,2026-09-08T06:30:00Z,2026-09-08T07:00:00Z,180,180
T_WDNSO-1,WDNSO-1,2026-09-08,17,2026-09-08T07:00:00Z,2026-09-08T07:30:00Z,187,187
T_WDNSO-1,WDNSO-1,2026-09-08,18,2026-09-08T07:30:00Z,2026-09-08T08:00:00Z,186,186
T_WDNSO-1,WDNSO-1,2026-09-08,19,2026-09-08T08:00:00Z,2026-09-08T08:30:00Z,185,185
T_WDNSO-1,WDNSO-1,2026-09-08,20,2026-09-08T08:30:00Z,2026-09-08T09:00:00Z,184,184
T_WDNSO-1,WDNSO-1,2026-09-08,21,2026-09-08T09:00:00Z,2026-09-08T09:30:00Z,184,184
T_WDNSO-1,WDNSO-1,2026-09-08,22,2026-09-08T09:30:00Z,2026-09-08T10:00:00Z,185,185
T_WDNSO-1,WDNSO-1,2026-09-08,23,2026-09-08T10:00:00Z,2026-09-08T10:30:00Z,188,188
T_WDNSO-1,WDNSO-1,2026-09-08,24,2026-09-08T10:30:00Z,2026-09-08T11:00:00Z,188,188
T_WDNSO-1,WDNSO-1,2026-09-08,25,2026-09-08T11:00:00Z,2026-09-08T11:30:00Z,186,186
T_WDNSO-1,WDNSO-1,2026-09-08,26,2026-09-08T11:30:00Z,2026-09-08T12:00:00Z,185,185
T_WDNSO-1,WDNSO-1,2026-09-08,27,2026-09-08T12:00:00Z,2026-09-08T12:30:00Z,189,189
T_WDNSO-1,WDNSO-1,2026-09-08,28,2026-09-08T12:30:00Z,2026-09-08T13:00:00Z,186,186
T_WDNSO-1,WDNSO-1,2026-09-08,29,2026-09-08T13:00:00Z,2026-09-08T13:30:00Z,189,189
T_WDNSO-1,WDNSO-1,2026-09-08,30,2026-09-08T13:30:00Z,2026-09-08T14:00:00Z,182,182
T_WDNSO-1,WDNSO-1,2026-09-08,31,2026-09-08T14:00:00Z,2026-09-08T14:30:00Z,174,174
T_WDNSO-1,WDNSO-1,2026-09-08,32,2026-09-08T14:30:00Z,2026-09-08T15:00:00Z,183,183
T_WDNSO-1,WDNSO-1,2026-09-08,33,2026-09-08T15:00:00Z,2026-09-08T15:30:00Z,177,177
T_WDNSO-1,WDNSO-1,2026-09-08,34,2026-09-08T15:30:00Z,2026-09-08T16:00:00Z,182,182
T_WDNSO-1,WDNSO-1,2026-09-08,35,2026-09-08T16:00:00Z,2026-09-08T16:30:00Z,174,174
T_WDNSO-1,WDNSO-1,2026-09-08,36,2026-09-08T16:30:00Z,2026-09-08T17:00:00Z,175,175
T_WDNSO-1,WDNSO-1,2026-09-08,37,2026-09-08T17:00:00Z,2026-09-08T17:30:00Z,177,177
T_WDNSO-1,WDNSO-1,2026-09-08,38,2026-09-08T17:30:00Z,2026-09-08T18:00:00Z,176,176
T_WDNSO-1,WDNSO-1,2026-09-08,39,2026-09-08T18:00:00Z,2026-09-08T18:30:00Z,185,185
T_WDNSO-1,WDNSO-1,2026-09-08,40,2026-09-08T18:30:00Z,2026-09-08T19:00:00Z,185,185
T_WDNSO-1,WDNSO-1,2026-09-08,41,2026-09-08T19:00:00Z,2026-09-08T19:30:00Z,185,185
T_WDNSO-1,WDNSO-1,2026-09-08,42,2026-09-08T19:30:00Z,2026-09-08T20:00:00Z,186,186
T_WDNSO-1,WDNSO-1,2026-09-08,43,2026-09-08T20:00:00Z,2026-09-08T20:30:00Z,187,187
T_WDNSO-1,WDNSO-1,2026-09-08,44,2026-09-08T20:30:00Z,2026-09-08T21:00:00Z,190,190
T_WDNSO-1,WDNSO-1,2026-09-08,45,2026-09-08T21:00:00Z,2026-09-08T21:30:00Z,190,190
T_WDNSO-1,WDNSO-1,2026-09-08,46,2026-09-08T21:30:00Z,2026-09-08T22:00:00Z,190,190
T_WDNSO-1,WDNSO-1,2026-09-08,47,2026-09-08T22:00:00Z,2026-09-08T22:30:00Z,189,189
T_WDNSO-1,WDNSO-1,2026-09-08,48,2026-09-08T22:30:00Z,2026-09-08T23:00:00Z,190,190
T_WDNSO-2,WDNSO-2,2026-09-08,1,2026-09-07T23:00:00Z,2026-09-07T23:30:00Z,177,177
T_WDNSO-2,WDNSO-2,2026-09-08,2,2026-09-07T23:30:00Z,2026-09-08T00:00:00Z,181,181
T_WDNSO-2,WDNSO-2,2026-09-08,3,2026-09-08T00:00:00Z,2026-09-08T00:30:00Z,181,181
T_WDNSO-2,WDNSO-2,2026-09-08,4,2026-09-08T00:30:00Z,2026-09-08T01:00:00Z,169,169
T_WDNSO-2,WDNSO-2,2026-09-08,5,2026-09-08T01:00:00Z,2026-09-08T01:30:00Z,178,178
T_WDNSO-2,WDNSO-2,2026-09-08,6,2026-09-08T01:30:00Z,2026-09-08T02:00:00Z,169,169
T_WDNSO-2,WDNSO-2,2026-09-08,7,2026-09-08T02:00:00Z,2026-09-08T02:30:00Z,178,178
T_WDNSO-2,WDNSO-2,2026-09-08,8,2026-09-08T02:30:00Z,2026-09-08T03:00:00Z,174,174
T_WDNSO-2,WDNSO-2,2026-09-08,9,2026-09-08T03:00:00Z,2026-09-08T03:30:00Z,177,177
T_WDNSO-2,WDNSO-2,2026-09-08,10,2026-09-08T03:30:00Z,2026-09-08T04:00:00Z,179,179
T_WDNSO-2,WDNSO-2,2026-09-08,11,2026-09-08T04:00:00Z,2026-09-08T04:30:00Z,182,182
T_WDNSO-2,WDNSO-2,2026-09-08,12,2026-09-08T04:30:00Z,2026-09-08T05:00:00Z,184,184
T_WDNSO-2,WDNSO-2,2026-09-08,13,2026-09-08T05:00:00Z,2026-09-08T05:30:00Z,189,189
T_WDNSO-2,WDNSO-2,2026-09-08,14,2026-09-08T05:30:00Z,2026-09-08T06:00:00Z,183,183
T_WDNSO-2,WDNSO-2,2026-09-08,15,2026-09-08T06:00:00Z,2026-09-08T06:30:00Z,180,180
T_WDNSO-2,WDNSO-2,2026-09-08,16,2026-09-08T06:30:00Z,2026-09-08T07:00:00Z,180,180
T_WDNSO-2,WDNSO-2,2026-09-08,17,2026-09-08T07:00:00Z,2026-09-08T07:30:00Z,187,187
T_WDNSO-2,WDNSO-2,2026-09-08,18,2026-09-08T07:30:00Z,2026-09-08T08:00:00Z,186,186
T_WDNSO-2,WDNSO-2,2026-09-08,19,2026-09-08T08:00:00Z,2026-09-08T08:30:00Z,185,185
T_WDNSO-2,WDNSO-2,2026-09-08,20,2026-09-08T08:30:00Z,2026-09-08T09:00:00Z,184,184
T_WDNSO-2,WDNSO-2,2026-09-08,21,2026-09-08T09:00:00Z,2026-09-08T09:30:00Z,184,184
T_WDNSO-2,WDNSO-2,2026-09-08,22,2026-09-08T09:30:00Z,2026-09-08T10:00:00Z,185,185
T_WDNSO-2,WDNSO-2,2026-09-08,23,2026-09-08T10:00:00Z,2026-09-08T10:30:00Z,188,188
T_WDNSO-2,WDNSO-2,2026-09-08,24,2026-09-08T10:30:00Z,2026-09-08T11:00:00Z,188,188
T_WDNSO-2,WDNSO-2,2026-09-08,25,2026-09-08T11:00:00Z,2026-09-08T11:30:00Z,186,186
T_WDNSO-2,WDNSO-2,2026-09-08,26,2026-09-08T11:30:00Z,2026-09-08T12:00:00Z,185,185
T_WDNSO-2,WDNSO-2,2026-09-08,27,2026-09-08T12:00:00Z,2026-09-08T12:30:00Z,189,189
T_WDNSO-2,WDNSO-2,2026-09-08,28,2026-09-08T12:30:00Z,2026-09-08T13:00:00Z,186,186
T_WDNSO-2,WDNSO-2,2026-09-08,29,2026-09-08T13:00:00Z,2026-09-08T13:30:00Z,189,189
T_WDNSO-2,WDNSO-2,2026-09-08,30,2026-09-08T13:30:00Z,2026-09-08T14:00:00Z,182,182
T_WDNSO-2,WDNSO-2,2026-09-08,31,2026-09-08T14:00:00Z,2026-09-08T14:30:00Z,174,174
T_WDNSO-2,WDNSO-2,2026-09-08,32,2026-09-08T14:30:00Z,2026-09-08T15:00:00Z,183,183
T_WDNSO-2,WDNSO-2,2026-09-08,33,2026-09-08T15:00:00Z,2026-09-08T15:30:00Z,177,177
T_WDNSO-2,WDNSO-2,2026-09-08,34,2026-09-08T15:30:00Z,2026-09-08T16:00:00Z,182,182
T_WDNSO-2,WDNSO-2,2026-09-08,35,2026-09-08T16:00:00Z,2026-09-08T16:30:00Z,174,174
T_WDNSO-2,WDNSO-2,2026-09-08,36,2026-09-08T16:30:00Z,2026-09-08T17:00:00Z,175,175
T_WDNSO-2,WDNSO-2,2026-09-08,37,2026-09-08T17:00:00Z,2026-09-08T17:30:00Z,177,177
T_WDNSO-2,WDNSO-2,2026-09-08,38,2026-09-08T17:30:00Z,2026-09-08T18:00:00Z,176,176
T_WDNSO-2,WDNSO-2,2026-09-08,39,2026-09-08T18:00:00Z,2026-09-08T18:30:00Z,185,185
T_WDNSO-2,WDNSO-2,2026-09-08,40,2026-09-08T18:30:00Z,2026-09-08T19:00:00Z,185,185
T_WDNSO-2,WDNSO-2,2026-09-08,41,2026-09-08T19:00:00Z,2026-09-08T19:30:00Z,185,185
T_WDNSO-2,WDNSO-2,2026-09-08,42,2026-09-08T19:30:00Z,2026-09-08T20:00:00Z,186,186
T_WDNSO-2,WDNSO-2,2026-09-08,43,2026-09-08T20:00:00Z,2026-09-08T20:30:00Z,187,187
T_WDNSO-2,WDNSO-2,2026-09-08,44,2026-09-08T20:30:00Z,2026-09-08T21:00:00Z,190,190
T_WDNSO-2,WDNSO-2,2026-09-08,45,2026-09-08T21:00:00Z,2026-09-08T21:30:00Z,190,190
T_WDNSO-2,WDNSO-2,2026-09-08,46,2026-09-08T21:30:00Z,2026-09-08T22:00:00Z,190,190
T_WDNSO-2,WDNSO-2,2026-09-08,47,2026-09-08T22:00:00Z,2026-09-08T22:30:00Z,189,189
T_WDNSO-2,WDNSO-2,2026-09-08,48,2026-09-08T22:30:00Z,2026-09-08T23:00:00Z,190,190
T_WDRGW-1,WDRGW-1,2026-09-08,1,2026-09-07T23:00:00Z,2026-09-07T23:30:00Z,23,24
T_WDRGW-1,WDRGW-1,2026-09-08,2,2026-09-07T23:30:00Z,2026-09-08T00:00:00Z,22,24
T_WDRGW-1,WDRGW-1,2026-09-08,3,2026-09-08T00:00:00Z,2026-09-08T00:30:00Z,28,28
T_WDRGW-1,WDRGW-1,2026-09-08,4,2026-09-08T00:30:00Z,2026-09-08T01:00:00Z,34,35
T_WDRGW-1,WDRGW-1,2026-09-08,5,2026-09-08T01:00:00Z,2026-09-08T01:30:00Z,36,36
T_WDRGW-1,WDRGW-1,2026-09-08,6,2026-09-08T01:30:00Z,2026-09-08T02:00:00Z,37,37
T_WDRGW-1,WDRGW-1,2026-09-08,7,2026-09-08T02:00:00Z,2026-09-08T02:30:00Z,36,36
T_WDRGW-1,WDRGW-1,2026-09-08,8,2026-09-08T02:30:00Z,2026-09-08T03:00:00Z,38,39
T_WDRGW-1,WDRGW-1,2026-09-08,9,2026-09-08T03:00:00Z,2026-09-08T03:30:00Z,41,42
T_WDRGW-1,WDRGW-1,2026-09-08,10,2026-09-08T03:30:00Z,2026-09-08T04:00:00Z,40,40
T_WDRGW-1,WDRGW-1,2026-09-08,11,2026-09-08T04:00:00Z,2026-09-08T04:30:00Z,37,37
T_WDRGW-1,WDRGW-1,2026-09-08,12,2026-09-08T04:30:00Z,2026-09-08T05:00:00Z,40,40
T_WDRGW-1,WDRGW-1,2026-09-08,13,2026-09-08T05:00:00Z,2026-09-08T05:30:00Z,40,40
T_WDRGW-1,WDRGW-1,2026-09-08,14,2026-09-08T05:30:00Z,2026-09-08T06:00:00Z,42,42
T_WDRGW-1,WDRGW-1,2026-09-08,15,2026-09-08T06:00:00Z,2026-09-08T06:30:00Z,39,38
T_WDRGW-1,WDRGW-1,2026-09-08,16,2026-09-08T06:30:00Z,2026-09-08T07:00:00Z,41,40
T_WDRGW-1,WDRGW-1,2026-09-08,17,2026-09-08T07:00:00Z,2026-09-08T07:30:00Z,40,40
T_WDRGW-1,WDRGW-1,2026-09-08,18,2026-09-08T07:30:00Z,2026-09-08T08:00:00Z,41,41
T_WDRGW-1,WDRGW-1,2026-09-08,19,2026-09-08T08:00:00Z,2026-09-08T08:30:00Z,41,41
T_WDRGW-1,WDRGW-1,2026-09-08,20,2026-09-08T08:30:00Z,2026-09-08T09:00:00Z,40,40
T_WDRGW-1,WDRGW-1,2026-09-08,21,2026-09-08T09:00:00Z,2026-09-08T09:30:00Z,41,41
T_WDRGW-1,WDRGW-1,2026-09-08,22,2026-09-08T09:30:00Z,2026-09-08T10:00:00Z,41,41
T_WDRGW-1,WDRGW-1,2026-09-08,23,2026-09-08T10:00:00Z,2026-09-08T10:30:00Z,41,41
T_WDRGW-1,WDRGW-1,2026-09-08,24,2026-09-08T10:30:00Z,2026-09-08T11:00:00Z,40,40
T_WDRGW-1,WDRGW-1,2026-09-08,25,2026-09-08T11:00:00Z,2026-09-08T11:30:00Z,41,41
T_WDRGW-1,WDRGW-1,2026-09-08,26,2026-09-08T11:30:00Z,2026-09-08T12:00:00Z,26,26
T_WDRGW-1,WDRGW-1,2026-09-08,27,2026-09-08T12:00:00Z,2026-09-08T12:30:00Z,40,40
T_WDRGW-1,WDRGW-1,2026-09-08,28,2026-09-08T12:30:00Z,2026-09-08T13:00:00Z,40,40
T_WDRGW-1,WDRGW-1,2026-09-08,29,2026-09-08T13:00:00Z,2026-09-08T13:30:00Z,40,40
T_WDRGW-1,WDRGW-1,2026-09-08,30,2026-09-08T13:30:00Z,2026-09-08T14:00:00Z,40,40
T_WDRGW-1,WDRGW-1,2026-09-08,31,2026-09-08T14:00:00Z,2026-09-08T14:30:00Z,40,41
T_WDRGW-1,WDRGW-1,2026-09-08,32,2026-09-08T14:30:00Z,2026-09-08T15:00:00Z,41,43
T_WDRGW-1,WDRGW-1,2026-09-08,33,2026-09-08T15:00:00Z,2026-09-08T15:30:00Z,43,43
T_WDRGW-1,WDRGW-1,2026-09-08,34,2026-09-08T15:30:00Z,2026-09-08T16:00:00Z,43,43
T_WDRGW-1,WDRGW-1,2026-09-08,35,2026-09-08T16:00:00Z,2026-09-08T16:30:00Z,43,43
T_WDRGW-1,WDRGW-1,2026-09-08,36,2026-09-08T16:30:00Z,2026-09-08T17:00:00Z,43,43
T_WDRGW-1,WDRGW-1,2026-09-08,37,2026-09-08T17:00:00Z,2026-09-08T17:30:00Z,43,43
T_WDRGW-1,WDRGW-1,2026-09-08,38,2026-09-08T17:30:00Z,2026-09-08T18:00:00Z,43,43
T_WDRGW-1,WDRGW-1,2026-09-08,39,2026-09-08T18:00:00Z,2026-09-08T18:30:00Z,43,43
T_WDRGW-1,WDRGW-1,2026-09-08,40,2026-09-08T18:30:00Z,2026-09-08T19:00:00Z,43,43
T_WDRGW-1,WDRGW-1,2026-09-08,41,2026-09-08T19:00:00Z,2026-09-08T19:30:00Z,43,43
T_WDRGW-1,WDRGW-1,2026-09-08,42,2026-09-08T19:30:00Z,2026-09-08T20:00:00Z,43,43
T_WDRGW-1,WDRGW-1,2026-09-08,43,2026-09-08T20:00:00Z,2026-09-08T20:30:00Z,43,43
T_WDRGW-1,WDRGW-1,2026-09-08,44,2026-09-08T20:30:00Z,2026-09-08T21:00:00Z,43,43
T_WDRGW-1,WDRGW-1,2026-09-08,45,2026-09-08T21:00:00Z,2026-09-08T21:30:00Z,43,43
T_WDRGW-1,WDRGW-1,2026-09-08,46,2026-09-08T21:30:00Z,2026-09-08T22:00:00Z,43,43
T_WDRGW-1,WDRGW-1,2026-09-08,47,2026-09-08T22:00:00Z,2026-09-08T22:30:00Z,43,43
T_WDRGW-1,WDRGW-1,2026-09-08,48,2026-09-08T22:30:00Z,2026-09-08T23:00:00Z,43,43
T_WHIHW-1,WHIHW-1,2026-09-08,1,2026-09-07T23:00:00Z,2026-09-07T23:30:00Z,21,22
T_WHIHW-1,WHIHW-1,2026-09-08,2,2026-09-07T23:30:00Z,2026-09-08T00:00:00Z,22,23
T_WHIHW-1,WHIHW-1,2026-09-08,3,2026-09-08T00:00:00Z,2026-09-08T00:30:00Z,23,23
T_WHIHW-1,WHIHW-1,2026-09-08,4,2026-09-08T00:30:00Z,2026-09-08T01:00:00Z,23,24
T_WHIHW-1,WHIHW-1,2026-09-08,5,2026-09-08T01:00:00Z,2026-09-08T01:30:00Z,24,24
T_WHIHW-1,WHIHW-1,2026-09-08,6,2026-09-08T01:30:00Z,2026-09-08T02:00:00Z,23,23
T_WHIHW-1,WHIHW-1,2026-09-08,7,2026-09-08T02:00:00Z,2026-09-08T02:30:00Z,23,24
T_WHIHW-1,WHIHW-1,2026-09-08,8,2026-09-08T02:30:00Z,2026-09-08T03:00:00Z,24,24
T_WHIHW-1,WHIHW-1,2026-09-08,9,2026-09-08T03:00:00Z,2026-09-08T03:30:00Z,24,24
T_WHIHW-1,WHIHW-1,2026-09-08,10,2026-09-08T03:30:00Z,2026-09-08T04:00:00Z,24,24
T_WHIHW-1,WHIHW-1,2026-09-08,11,2026-09-08T04:00:00Z,2026-09-08T04:30:00Z,24,24
T_WHIHW-1,WHIHW-1,2026-09-08,12,2026-09-08T04:30:00Z,2026-09-08T05:00:00Z,24,24
T_WHIHW-1,WHIHW-1,2026-09-08,13,2026-09-08T05:00:00Z,2026-09-08T05:30:00Z,24,25
T_WHIHW-1,WHIHW-1,2026-09-08,14,2026-09-08T05:30:00Z,2026-09-08T06:00:00Z,25,25
T_WHIHW-1,WHIHW-1,2026-09-08,15,2026-09-08T06:00:00Z,2026-09-08T06:30:00Z,25,25
T_WHIHW-1,WHIHW-1,2026-09-08,16,2026-09-08T06:30:00Z,2026-09-08T07:00:00Z,25,25
T_WHIHW-1,WHIHW-1,2026-09-08,17,2026-09-08T07:00:00Z,2026-09-08T07:30:00Z,25,25
T_WHIHW-1,WHIHW-1,2026-09-08,18,2026-09-08T07:30:00Z,2026-09-08T08:00:00Z,24,24
T_WHIHW-1,WHIHW-1,2026-09-08,19,2026-09-08T08:00:00Z,2026-09-08T08:30:00Z,24,25
T_WHIHW-1,WHIHW-1,2026-09-08,20,2026-09-08T08:30:00Z,2026-09-08T09:00:00Z,25,25
T_WHIHW-1,WHIHW-1,2026-09-08,21,2026-09-08T09:00:00Z,2026-09-08T09:30:00Z,25,26
T_WHIHW-1,WHIHW-1,2026-09-08,22,2026-09-08T09:30:00Z,2026-09-08T10:00:00Z,26,26
T_WHIHW-1,WHIHW-1,2026-09-08,23,2026-09-08T10:00:00Z,2026-09-08T10:30:00Z,26,26
T_WHIHW-1,WHIHW-1,2026-09-08,24,2026-09-08T10:30:00Z,2026-09-08T11:00:00Z,26,26
T_WHIHW-1,WHIHW-1,2026-09-08,25,2026-09-08T11:00:00Z,2026-09-08T11:30:00Z,26,27
T_WHIHW-1,WHIHW-1,2026-09-08,26,2026-09-08T11:30:00Z,2026-09-08T12:00:00Z,27,27
T_WHIHW-1,WHIHW-1,2026-09-08,27,2026-09-08T12:00:00Z,2026-09-08T12:30:00Z,27,27
T_WHIHW-1,WHIHW-1,2026-09-08,28,2026-09-08T12:30:00Z,2026-09-08T13:00:00Z,27,27
T_WHIHW-1,WHIHW-1,2026-09-08,29,2026-09-08T13:00:00Z,2026-09-08T13:30:00Z,27,27
T_WHIHW-1,WHIHW-1,2026-09-08,30,2026-09-08T13:30:00Z,2026-09-08T14:00:00Z,27,27
T_WHIHW-1,WHIHW-1,2026-09-08,31,2026-09-08T14:00:00Z,2026-09-08T14:30:00Z,27,27
T_WHIHW-1,WHIHW-1,2026-09-08,32,2026-09-08T14:30:00Z,2026-09-08T15:00:00Z,27,27
T_WHIHW-1,WHIHW-1,2026-09-08,33,2026-09-08T15:00:00Z,2026-09-08T15:30:00Z,27,27
T_WHIHW-1,WHIHW-1,2026-09-08,34,2026-09-08T15:30:00Z,2026-09-08T16:00:00Z,27,27
T_WHIHW-1,WHIHW-1,2026-09-08,35,2026-09-08T16:00:00Z,2026-09-08T16:30:00Z,27,27
T_WHIHW-1,WHIHW-1,2026-09-08,36,2026-09-08T16:30:00Z,2026-09-08T17:00:00Z,27,27
T_WHIHW-1,WHIHW-1,2026-09-08,37,2026-09-08T17:00:00Z,2026-09-08T17:30:00Z,27,27
T_WHIHW-1,WHIHW-1,2026-09-08,38,2026-09-08T17:30:00Z,2026-09-08T18:00:00Z,27,27
T_WHIHW-1,WHIHW-1,2026-09-08,39,2026-09-08T18:00:00Z,2026-09-08T18:30:00Z,27,27
T_WHIHW-1,WHIHW-1,2026-09-08,40,2026-09-08T18:30:00Z,2026-09-08T19:00:00Z,27,27
T_WHIHW-1,WHIHW-1,2026-09-08,41,2026-09-08T19:00:00Z,2026-09-08T19:30:00Z,27,27
T_WHIHW-1,WHIHW-1,2026-09-08,42,2026-09-08T19:30:00Z,2026-09-08T20:00:00Z,27,27
T_WHIHW-1,WHIHW-1,2026-09-08,43,2026-09-08T20:00:00Z,2026-09-08T20:30:00Z,27,27
T_WHIHW-1,WHIHW-1,2026-09-08,44,2026-09-08T20:30:00Z,2026-09-08T21:00:00Z,27,27
T_WHIHW-1,WHIHW-1,2026-09-08,45,2026-09-08T21:00:00Z,2026-09-08T21:30:00Z,27,27
T_WHIHW-1,WHIHW-1,2026-09-08,46,2026-09-08T21:30:00Z,2026-09-08T22:00:00Z,27,26
T_WHIHW-1,WHIHW-1,2026-09-08,47,2026-09-08T22:00:00Z,2026-09-08T22:30:00Z,26,25
T_WHIHW-1,WHIHW-1,2026-09-08,48,2026-09-08T22:30:00Z,2026-09-08T23:00:00Z,25,24
T_WHILW-1,WHILW-1,2026-09-08,1,2026-09-07T23:00:00Z,2026-09-07T23:30:00Z,262,262
T_WHILW-1,WHILW-1,2026-09-08,2,2026-09-07T23:30:00Z,2026-09-08T00:00:00Z,240,240
T_WHILW-1,WHILW-1,2026-09-08,3,2026-09-08T00:00:00Z,2026-09-08T00:30:00Z,262,262
T_WHILW-1,WHILW-1,2026-09-08,4,2026-09-08T00:30:00Z,2026-09-08T01:00:00Z,253,253
T_WHILW-1,WHILW-1,2026-09-08,5,2026-09-08T01:00:00Z,2026-09-08T01:30:00Z,278,278
T_WHILW-1,WHILW-1,2026-09-08,6,2026-09-08T01:30:00Z,2026-09-08T02:00:00Z,265,265
T_WHILW-1,WHILW-1,2026-09-08,7,2026-09-08T02:00:00Z,2026-09-08T02:30:00Z,277,277
T_WHILW-1,WHILW-1,2026-09-08,8,2026-09-08T02:30:00Z,2026-09-08T03:00:00Z,277,277
T_WHILW-1,WHILW-1,2026-09-08,9,2026-09-08T03:00:00Z,2026-09-08T03:30:00Z,275,275
T_WHILW-1,WHILW-1,2026-09-08,10,2026-09-08T03:30:00Z,2026-09-08T04:00:00Z,263,263
T_WHILW-1,WHILW-1,2026-09-08,11,2026-09-08T04:00:00Z,2026-09-08T04:30:00Z,275,275
T_WHILW-1,WHILW-1,2026-09-08,12,2026-09-08T04:30:00Z,2026-09-08T05:00:00Z,259,259
T_WHILW-1,WHILW-1,2026-09-08,13,2026-09-08T05:00:00Z,2026-09-08T05:30:00Z,271,271
T_WHILW-1,WHILW-1,2026-09-08,14,2026-09-08T05:30:00Z,2026-09-08T06:00:00Z,248,248
T_WHILW-1,WHILW-1,2026-09-08,15,2026-09-08T06:00:00Z,2026-09-08T06:30:00Z,258,258
T_WHILW-1,WHILW-1,2026-09-08,16,2026-09-08T06:30:00Z,2026-09-08T07:00:00Z,228,228
T_WHILW-1,WHILW-1,2026-09-08,17,2026-09-08T07:00:00Z,2026-09-08T07:30:00Z,238,238
T_WHILW-1,WHILW-1,2026-09-08,18,2026-09-08T07:30:00Z,2026-09-08T08:00:00Z,226,226
T_WHILW-1,WHILW-1,2026-09-08,19,2026-09-08T08:00:00Z,2026-09-08T08:30:00Z,222,222
T_WHILW-1,WHILW-1,2026-09-08,20,2026-09-08T08:30:00Z,2026-09-08T09:00:00Z,210,210
T_WHILW-1,WHILW-1,2026-09-08,21,2026-09-08T09:00:00Z,2026-09-08T09:30:00Z,205,205
T_WHILW-1,WHILW-1,2026-09-08,22,2026-09-08T09:30:00Z,2026-09-08T10:00:00Z,207,207
T_WHILW-1,WHILW-1,2026-09-08,23,2026-09-08T10:00:00Z,2026-09-08T10:30:00Z,188,188
T_WHILW-1,WHILW-1,2026-09-08,24,2026-09-08T10:30:00Z,2026-09-08T11:00:00Z,190,190
T_WHILW-1,WHILW-1,2026-09-08,25,2026-09-08T11:00:00Z,2026-09-08T11:30:00Z,213,213
T_WHILW-1,WHILW-1,2026-09-08,26,2026-09-08T11:30:00Z,2026-09-08T12:00:00Z,216,216
T_WHILW-1,WHILW-1,2026-09-08,27,2026-09-08T12:00:00Z,2026-09-08T12:30:00Z,259,259
T_WHILW-1,WHILW-1,2026-09-08,28,2026-09-08T12:30:00Z,2026-09-08T13:00:00Z,261,261
T_WHILW-1,WHILW-1,2026-09-08,29,2026-09-08T13:00:00Z,2026-09-08T13:30:00Z,266,266
T_WHILW-1,WHILW-1,2026-09-08,30,2026-09-08T13:30:00Z,2026-09-08T14:00:00Z,263,263
T_WHILW-1,WHILW-1,2026-09-08,31,2026-09-08T14:00:00Z,2026-09-08T14:30:00Z,251,251
T_WHILW-1,WHILW-1,2026-09-08,32,2026-09-08T14:30:00Z,2026-09-08T15:00:00Z,243,243
T_WHILW-1,WHILW-1,2026-09-08,33,2026-09-08T15:00:00Z,2026-09-08T15:30:00Z,239,239
T_WHILW-1,WHILW-1,2026-09-08,34,2026-09-08T15:30:00Z,2026-09-08T16:00:00Z,233,233
T_WHILW-1,WHILW-1,2026-09-08,35,2026-09-08T16:00:00Z,2026-09-08T16:30:00Z,210,210
T_WHILW-1,WHILW-1,2026-09-08,36,2026-09-08T16:30:00Z,2026-09-08T17:00:00Z,200,200
T_WHILW-1,WHILW-1,2026-09-08,37,2026-09-08T17:00:00Z,2026-09-08T17:30:00Z,186,186
T_WHILW-1,WHILW-1,2026-09-08,38,2026-09-08T17:30:00Z,2026-09-08T18:00:00Z,157,157
T_WHILW-1,WHILW-1,2026-09-08,39,2026-09-08T18:00:00Z,2026-09-08T18:30:00Z,124,124
T_WHILW-1,WHILW-1,2026-09-08,40,2026-09-08T18:30:00Z,2026-09-08T19:00:00Z,122,122
T_WHILW-1,WHILW-1,2026-09-08,41,2026-09-08T19:00:00Z,2026-09-08T19:30:00Z,92,92
T_WHILW-1,WHILW-1,2026-09-08,42,2026-09-08T19:30:00Z,2026-09-08T20:00:00Z,87,87
T_WHILW-1,WHILW-1,2026-09-08,43,2026-09-08T20:00:00Z,2026-09-08T20:30:00Z,72,72
T_WHILW-1,WHILW-1,2026-09-08,44,2026-09-08T20:30:00Z,2026-09-08T21:00:00Z,96,96
T_WHILW-1,WHILW-1,2026-09-08,45,2026-09-08T21:00:00Z,2026-09-08T21:30:00Z,61,61
T_WHILW-1,WHILW-1,2026-09-08,46,2026-09-08T21:30:00Z,2026-09-08T22:00:00Z,66,66
T_WHILW-1,WHILW-1,2026-09-08,47,2026-09-08T22:00:00Z,2026-09-08T22:30:00Z,49,49
T_WHILW-1,WHILW-1,2026-09-08,48,2026-09-08T22:30:00Z,2026-09-08T23:00:00Z,52,52
T_WHILW-2,WHILW-2,2026-09-08,1,2026-09-07T23:00:00Z,2026-09-07T23:30:00Z,129,129
T_WHILW-2,WHILW-2,2026-09-08,2,2026-09-07T23:30:00Z,2026-09-08T00:00:00Z,120,120
T_WHILW-2,WHILW-2,2026-09-08,3,2026-09-08T00:00:00Z,2026-09-08T00:30:00Z,151,151
T_WHILW-2,WHILW-2,2026-09-08,4,2026-09-08T00:30:00Z,2026-09-08T01:00:00Z,154,154
T_WHILW-2,WHILW-2,2026-09-08,5,2026-09-08T01:00:00Z,2026-09-08T01:30:00Z,154,154
T_WHILW-2,WHILW-2,2026-09-08,6,2026-09-08T01:30:00Z,2026-09-08T02:00:00Z,165,165
T_WHILW-2,WHILW-2,2026-09-08,7,2026-09-08T02:00:00Z,2026-09-08T02:30:00Z,155,155
T_WHILW-2,WHILW-2,2026-09-08,8,2026-09-08T02:30:00Z,2026-09-08T03:00:00Z,154,154
T_WHILW-2,WHILW-2,2026-09-08,9,2026-09-08T03:00:00Z,2026-09-08T03:30:00Z,149,149
T_WHILW-2,WHILW-2,2026-09-08,10,2026-09-08T03:30:00Z,2026-09-08T04:00:00Z,145,145
T_WHILW-2,WHILW-2,2026-09-08,11,2026-09-08T04:00:00Z,2026-09-08T04:30:00Z,147,147
T_WHILW-2,WHILW-2,2026-09-08,12,2026-09-08T04:30:00Z,2026-09-08T05:00:00Z,146,146
T_WHILW-2,WHILW-2,2026-09-08,13,2026-09-08T05:00:00Z,2026-09-08T05:30:00Z,145,145
T_WHILW-2,WHILW-2,2026-09-08,14,2026-09-08T05:30:00Z,2026-09-08T06:00:00Z,132,132
T_WHILW-2,WHILW-2,2026-09-08,15,2026-09-08T06:00:00Z,2026-09-08T06:30:00Z,141,141
T_WHILW-2,WHILW-2,2026-09-08,16,2026-09-08T06:30:00Z,2026-09-08T07:00:00Z,134,134
T_WHILW-2,WHILW-2,2026-09-08,17,2026-09-08T07:00:00Z,2026-09-08T07:30:00Z,118,118
T_WHILW-2,WHILW-2,2026-09-08,18,2026-09-08T07:30:00Z,2026-09-08T08:00:00Z,123,123
T_WHILW-2,WHILW-2,2026-09-08,19,2026-09-08T08:00:00Z,2026-09-08T08:30:00Z,107,107
T_WHILW-2,WHILW-2,2026-09-08,20,2026-09-08T08:30:00Z,2026-09-08T09:00:00Z,116,116
T_WHILW-2,WHILW-2,2026-09-08,21,2026-09-08T09:00:00Z,2026-09-08T09:30:00Z,109,109
T_WHILW-2,WHILW-2,2026-09-08,22,2026-09-08T09:30:00Z,2026-09-08T10:00:00Z,112,112
T_WHILW-2,WHILW-2,2026-09-08,23,2026-09-08T10:00:00Z,2026-09-08T10:30:00Z,89,89
T_WHILW-2,WHILW-2,2026-09-08,24,2026-09-08T10:30:00Z,2026-09-08T11:00:00Z,90,90
T_WHILW-2,WHILW-2,2026-09-08,25,2026-09-08T11:00:00Z,2026-09-08T11:30:00Z,106,106
T_WHILW-2,WHILW-2,2026-09-08,26,2026-09-08T11:30:00Z,2026-09-08T12:00:00Z,116,116
T_WHILW-2,WHILW-2,2026-09-08,27,2026-09-08T12:00:00Z,2026-09-08T12:30:00Z,147,147
T_WHILW-2,WHILW-2,2026-09-08,28,2026-09-08T12:30:00Z,2026-09-08T13:00:00Z,141,141
T_WHILW-2,WHILW-2,2026-09-08,29,2026-09-08T13:00:00Z,2026-09-08T13:30:00Z,149,149
T_WHILW-2,WHILW-2,2026-09-08,30,2026-09-08T13:30:00Z,2026-09-08T14:00:00Z,146,146
T_WHILW-2,WHILW-2,2026-09-08,31,2026-09-08T14:00:00Z,2026-09-08T14:30:00Z,139,139
T_WHILW-2,WHILW-2,2026-09-08,32,2026-09-08T14:30:00Z,2026-09-08T15:00:00Z,130,130
T_WHILW-2,WHILW-2,2026-09-08,33,2026-09-08T15:00:00Z,2026-09-08T15:30:00Z,130,130
T_WHILW-2,WHILW-2,2026-09-08,34,2026-09-08T15:30:00Z,2026-09-08T16:00:00Z,128,128
T_WHILW-2,WHILW-2,2026-09-08,35,2026-09-08T16:00:00Z,2026-09-08T16:30:00Z,109,109
T_WHILW-2,WHILW-2,2026-09-08,36,2026-09-08T16:30:00Z,2026-09-08T17:00:00Z,110,110
T_WHILW-2,WHILW-2,2026-09-08,37,2026-09-08T17:00:00Z,2026-09-08T17:30:00Z,90,90
T_WHILW-2,WHILW-2,2026-09-08,38,2026-09-08T17:30:00Z,2026-09-08T18:00:00Z,80,80
T_WHILW-2,WHILW-2,2026-09-08,39,2026-09-08T18:00:00Z,2026-09-08T18:30:00Z,62,62
T_WHILW-2,WHILW-2,2026-09-08,40,2026-09-08T18:30:00Z,2026-09-08T19:00:00Z,69,69
T_WHILW-2,WHILW-2,2026-09-08,41,2026-09-08T19:00:00Z,2026-09-08T19:30:00Z,52,52
T_WHILW-2,WHILW-2,2026-09-08,42,2026-09-08T19:30:00Z,2026-09-08T20:00:00Z,49,49
T_WHILW-2,WHILW-2,2026-09-08,43,2026-09-08T20:00:00Z,2026-09-08T20:30:00Z,47,47
T_WHILW-2,WHILW-2,2026-09-08,44,2026-09-08T20:30:00Z,2026-09-08T21:00:00Z,52,52
T_WHILW-2,WHILW-2,2026-09-08,45,2026-09-08T21:00:00Z,2026-09-08T21:30:00Z,37,37
T_WHILW-2,WHILW-2,2026-09-08,46,2026-09-08T21:30:00Z,2026-09-08T22:00:00Z,39,39
T_WHILW-2,WHILW-2,2026-09-08,47,2026-09-08T22:00:00Z,2026-09-08T22:30:00Z,29,29
T_WHILW-2,WHILW-2,2026-09-08,48,2026-09-08T22:30:00Z,2026-09-08T23:00:00Z,30,30
T_WISTW-2,WISTW-2,2026-09-08,1,2026-09-07T23:00:00Z,2026-09-07T23:30:00Z,39,40
T_WISTW-2,WISTW-2,2026-09-08,2,2026-09-07T23:30:00Z,2026-09-08T00:00:00Z,46,48
T_WISTW-2,WISTW-2,2026-09-08,3,2026-09-08T00:00:00Z,2026-09-08T00:30:00Z,47,48
T_WISTW-2,WISTW-2,2026-09-08,4,2026-09-08T00:30:00Z,2026-09-08T01:00:00Z,49,51
T_WISTW-2,WISTW-2,2026-09-08,5,2026-09-08T01:00:00Z,2026-09-08T01:30:00Z,54,53
T_WISTW-2,WISTW-2,2026-09-08,6,2026-09-08T01:30:00Z,2026-09-08T02:00:00Z,54,54
T_WISTW-2,WISTW-2,2026-09-08,7,2026-09-08T02:00:00Z,2026-09-08T02:30:00Z,56,57
T_WISTW-2,WISTW-2,2026-09-08,8,2026-09-08T02:30:00Z,2026-09-08T03:00:00Z,57,59
T_WISTW-2,WISTW-2,2026-09-08,9,2026-09-08T03:00:00Z,2026-09-08T03:30:00Z,59,59
T_WISTW-2,WISTW-2,2026-09-08,10,2026-09-08T03:30:00Z,2026-09-08T04:00:00Z,59,59
T_WISTW-2,WISTW-2,2026-09-08,11,2026-09-08T04:00:00Z,2026-09-08T04:30:00Z,59,60
T_WISTW-2,WISTW-2,2026-09-08,12,2026-09-08T04:30:00Z,2026-09-08T05:00:00Z,58,59
T_WISTW-2,WISTW-2,2026-09-08,13,2026-09-08T05:00:00Z,2026-09-08T05:30:00Z,59,59
T_WISTW-2,WISTW-2,2026-09-08,14,2026-09-08T05:30:00Z,2026-09-08T06:00:00Z,59,59
T_WISTW-2,WISTW-2,2026-09-08,15,2026-09-08T06:00:00Z,2026-09-08T06:30:00Z,60,54
T_WISTW-2,WISTW-2,2026-09-08,16,2026-09-08T06:30:00Z,2026-09-08T07:00:00Z,54,48
T_WISTW-2,WISTW-2,2026-09-08,17,2026-09-08T07:00:00Z,2026-09-08T07:30:00Z,47,47
T_WISTW-2,WISTW-2,2026-09-08,18,2026-09-08T07:30:00Z,2026-09-08T08:00:00Z,46,45
T_WISTW-2,WISTW-2,2026-09-08,19,2026-09-08T08:00:00Z,2026-09-08T08:30:00Z,45,46
T_WISTW-2,WISTW-2,2026-09-08,20,2026-09-08T08:30:00Z,2026-09-08T09:00:00Z,47,48
T_WISTW-2,WISTW-2,2026-09-08,21,2026-09-08T09:00:00Z,2026-09-08T09:30:00Z,48,48
T_WISTW-2,WISTW-2,2026-09-08,22,2026-09-08T09:30:00Z,2026-09-08T10:00:00Z,48,49
T_WISTW-2,WISTW-2,2026-09-08,23,2026-09-08T10:00:00Z,2026-09-08T10:30:00Z,49,49
T_WISTW-2,WISTW-2,2026-09-08,24,2026-09-08T10:30:00Z,2026-09-08T11:00:00Z,49,50
T_WISTW-2,WISTW-2,2026-09-08,25,2026-09-08T11:00:00Z,2026-09-08T11:30:00Z,49,50
T_WISTW-2,WISTW-2,2026-09-08,26,2026-09-08T11:30:00Z,2026-09-08T12:00:00Z,49,49
T_WISTW-2,WISTW-2,2026-09-08,27,2026-09-08T12:00:00Z,2026-09-08T12:30:00Z,49,49
T_WISTW-2,WISTW-2,2026-09-08,28,2026-09-08T12:30:00Z,2026-09-08T13:00:00Z,49,49
T_WISTW-2,WISTW-2,2026-09-08,29,2026-09-08T13:00:00Z,2026-09-08T13:30:00Z,50,54
T_WISTW-2,WISTW-2,2026-09-08,30,2026-09-08T13:30:00Z,2026-09-08T14:00:00Z,56,62
T_WISTW-2,WISTW-2,2026-09-08,31,2026-09-08T14:00:00Z,2026-09-08T14:30:00Z,62,62
T_WISTW-2,WISTW-2,2026-09-08,32,2026-09-08T14:30:00Z,2026-09-08T15:00:00Z,62,61
T_WISTW-2,WISTW-2,2026-09-08,33,2026-09-08T15:00:00Z,2026-09-08T15:30:00Z,61,61
T_WISTW-2,WISTW-2,2026-09-08,34,2026-09-08T15:30:00Z,2026-09-08T16:00:00Z,61,61
T_WISTW-2,WISTW-2,2026-09-08,35,2026-09-08T16:00:00Z,2026-09-08T16:30:00Z,61,61
T_WISTW-2,WISTW-2,2026-09-08,36,2026-09-08T16:30:00Z,2026-09-08T17:00:00Z,61,62
T_WISTW-2,WISTW-2,2026-09-08,37,2026-09-08T17:00:00Z,2026-09-08T17:30:00Z,61,61
T_WISTW-2,WISTW-2,2026-09-08,38,2026-09-08T17:30:00Z,2026-09-08T18:00:00Z,61,62
T_WISTW-2,WISTW-2,2026-09-08,39,2026-09-08T18:00:00Z,2026-09-08T18:30:00Z,62,61
T_WISTW-2,WISTW-2,2026-09-08,40,2026-09-08T18:30:00Z,2026-09-08T19:00:00Z,60,60
T_WISTW-2,WISTW-2,2026-09-08,41,2026-09-08T19:00:00Z,2026-09-08T19:30:00Z,60,59
T_WISTW-2,WISTW-2,2026-09-08,42,2026-09-08T19:30:00Z,2026-09-08T20:00:00Z,58,56
T_WISTW-2,WISTW-2,2026-09-08,43,2026-09-08T20:00:00Z,2026-09-08T20:30:00Z,57,55
T_WISTW-2,WISTW-2,2026-09-08,44,2026-09-08T20:30:00Z,2026-09-08T21:00:00Z,52,49
T_WISTW-2,WISTW-2,2026-09-08,45,2026-09-08T21:00:00Z,2026-09-08T21:30:00Z,52,50
T_WISTW-2,WISTW-2,2026-09-08,46,2026-09-08T21:30:00Z,2026-09-08T22:00:00Z,52,50
T_WISTW-2,WISTW-2,2026-09-08,47,2026-09-08T22:00:00Z,2026-09-08T22:30:00Z,50,46
T_WISTW-2,WISTW-2,2026-09-08,48,2026-09-08T22:30:00Z,2026-09-08T23:00:00Z,52,49
T_WLNYO-2,WLNYO-2,2026-09-08,1,2026-09-07T23:00:00Z,2026-09-07T23:30:00Z,166,168
T_WLNYO-2,WLNYO-2,2026-09-08,2,2026-09-07T23:30:00Z,2026-09-08T00:00:00Z,168,170
T_WLNYO-2,WLNYO-2,2026-09-08,3,2026-09-08T00:00:00Z,2026-09-08T00:30:00Z,164,169
T_WLNYO-2,WLNYO-2,2026-09-08,4,2026-09-08T00:30:00Z,2026-09-08T01:00:00Z,169,170
T_WLNYO-2,WLNYO-2,2026-09-08,5,2026-09-08T01:00:00Z,2026-09-08T01:30:00Z,162,168
T_WLNYO-2,WLNYO-2,2026-09-08,6,2026-09-08T01:30:00Z,2026-09-08T02:00:00Z,168,171
T_WLNYO-2,WLNYO-2,2026-09-08,7,2026-09-08T02:00:00Z,2026-09-08T02:30:00Z,166,172
T_WLNYO-2,WLNYO-2,2026-09-08,8,2026-09-08T02:30:00Z,2026-09-08T03:00:00Z,172,173
T_WLNYO-2,WLNYO-2,2026-09-08,9,2026-09-08T03:00:00Z,2026-09-08T03:30:00Z,165,171
T_WLNYO-2,WLNYO-2,2026-09-08,10,2026-09-08T03:30:00Z,2026-09-08T04:00:00Z,171,173
T_WLNYO-2,WLNYO-2,2026-09-08,11,2026-09-08T04:00:00Z,2026-09-08T04:30:00Z,167,172
T_WLNYO-2,WLNYO-2,2026-09-08,12,2026-09-08T04:30:00Z,2026-09-08T05:00:00Z,172,173
T_WLNYO-2,WLNYO-2,2026-09-08,13,2026-09-08T05:00:00Z,2026-09-08T05:30:00Z,166,171
T_WLNYO-2,WLNYO-2,2026-09-08,14,2026-09-08T05:30:00Z,2026-09-08T06:00:00Z,171,173
T_WLNYO-2,WLNYO-2,2026-09-08,15,2026-09-08T06:00:00Z,2026-09-08T06:30:00Z,166,172
T_WLNYO-2,WLNYO-2,2026-09-08,16,2026-09-08T06:30:00Z,2026-09-08T07:00:00Z,172,173
T_WLNYO-2,WLNYO-2,2026-09-08,17,2026-09-08T07:00:00Z,2026-09-08T07:30:00Z,168,173
T_WLNYO-2,WLNYO-2,2026-09-08,18,2026-09-08T07:30:00Z,2026-09-08T08:00:00Z,173,174
T_WLNYO-2,WLNYO-2,2026-09-08,19,2026-09-08T08:00:00Z,2026-09-08T08:30:00Z,167,173
T_WLNYO-2,WLNYO-2,2026-09-08,20,2026-09-08T08:30:00Z,2026-09-08T09:00:00Z,168,174
T_WLNYO-2,WLNYO-2,2026-09-08,21,2026-09-08T09:00:00Z,2026-09-08T09:30:00Z,168,174
T_WLNYO-2,WLNYO-2,2026-09-08,22,2026-09-08T09:30:00Z,2026-09-08T10:00:00Z,169,174
T_WLNYO-2,WLNYO-2,2026-09-08,23,2026-09-08T10:00:00Z,2026-09-08T10:30:00Z,169,174
T_WLNYO-2,WLNYO-2,2026-09-08,24,2026-09-08T10:30:00Z,2026-09-08T11:00:00Z,174,175
T_WLNYO-2,WLNYO-2,2026-09-08,25,2026-09-08T11:00:00Z,2026-09-08T11:30:00Z,175,174
T_WLNYO-2,WLNYO-2,2026-09-08,26,2026-09-08T11:30:00Z,2026-09-08T12:00:00Z,174,172
T_WLNYO-2,WLNYO-2,2026-09-08,27,2026-09-08T12:00:00Z,2026-09-08T12:30:00Z,164,166
T_WLNYO-2,WLNYO-2,2026-09-08,28,2026-09-08T12:30:00Z,2026-09-08T13:00:00Z,166,165
T_WLNYO-2,WLNYO-2,2026-09-08,29,2026-09-08T13:00:00Z,2026-09-08T13:30:00Z,161,161
T_WLNYO-2,WLNYO-2,2026-09-08,30,2026-09-08T13:30:00Z,2026-09-08T14:00:00Z,161,163
T_WLNYO-2,WLNYO-2,2026-09-08,31,2026-09-08T14:00:00Z,2026-09-08T14:30:00Z,161,166
T_WLNYO-2,WLNYO-2,2026-09-08,32,2026-09-08T14:30:00Z,2026-09-08T15:00:00Z,166,169
T_WLNYO-2,WLNYO-2,2026-09-08,33,2026-09-08T15:00:00Z,2026-09-08T15:30:00Z,160,168
T_WLNYO-2,WLNYO-2,2026-09-08,34,2026-09-08T15:30:00Z,2026-09-08T16:00:00Z,168,171
T_WLNYO-2,WLNYO-2,2026-09-08,35,2026-09-08T16:00:00Z,2026-09-08T16:30:00Z,169,172
T_WLNYO-2,WLNYO-2,2026-09-08,36,2026-09-08T16:30:00Z,2026-09-08T17:00:00Z,172,172
T_WLNYO-2,WLNYO-2,2026-09-08,37,2026-09-08T17:00:00Z,2026-09-08T17:30:00Z,169,172
T_WLNYO-2,WLNYO-2,2026-09-08,38,2026-09-08T17:30:00Z,2026-09-08T18:00:00Z,172,172
T_WLNYO-2,WLNYO-2,2026-09-08,39,2026-09-08T18:00:00Z,2026-09-08T18:30:00Z,170,172
T_WLNYO-2,WLNYO-2,2026-09-08,40,2026-09-08T18:30:00Z,2026-09-08T19:00:00Z,172,172
T_WLNYO-2,WLNYO-2,2026-09-08,41,2026-09-08T19:00:00Z,2026-09-08T19:30:00Z,170,172
T_WLNYO-2,WLNYO-2,2026-09-08,42,2026-09-08T19:30:00Z,2026-09-08T20:00:00Z,172,172
T_WLNYO-2,WLNYO-2,2026-09-08,43,2026-09-08T20:00:00Z,2026-09-08T20:30:00Z,169,172
T_WLNYO-2,WLNYO-2,2026-09-08,44,2026-09-08T20:30:00Z,2026-09-08T21:00:00Z,172,172
T_WLNYO-2,WLNYO-2,2026-09-08,45,2026-09-08T21:00:00Z,2026-09-08T21:30:00Z,169,172
T_WLNYO-2,WLNYO-2,2026-09-08,46,2026-09-08T21:30:00Z,2026-09-08T22:00:00Z,172,172
T_WLNYO-2,WLNYO-2,2026-09-08,47,2026-09-08T22:00:00Z,2026-09-08T22:30:00Z,170,173
T_WLNYO-2,WLNYO-2,2026-09-08,48,2026-09-08T22:30:00Z,2026-09-08T23:00:00Z,173,173
T_WLNYO-3,WLNYO-3,2026-09-08,1,2026-09-07T23:00:00Z,2026-09-07T23:30:00Z,302,303
T_WLNYO-3,WLNYO-3,2026-09-08,2,2026-09-07T23:30:00Z,2026-09-08T00:00:00Z,303,303
T_WLNYO-3,WLNYO-3,2026-09-08,3,2026-09-08T00:00:00Z,2026-09-08T00:30:00Z,297,298
T_WLNYO-3,WLNYO-3,2026-09-08,4,2026-09-08T00:30:00Z,2026-09-08T01:00:00Z,298,300
T_WLNYO-3,WLNYO-3,2026-09-08,5,2026-09-08T01:00:00Z,2026-09-08T01:30:00Z,301,302
T_WLNYO-3,WLNYO-3,2026-09-08,6,2026-09-08T01:30:00Z,2026-09-08T02:00:00Z,302,303
T_WLNYO-3,WLNYO-3,2026-09-08,7,2026-09-08T02:00:00Z,2026-09-08T02:30:00Z,304,304
T_WLNYO-3,WLNYO-3,2026-09-08,8,2026-09-08T02:30:00Z,2026-09-08T03:00:00Z,304,304
T_WLNYO-3,WLNYO-3,2026-09-08,9,2026-09-08T03:00:00Z,2026-09-08T03:30:00Z,301,304
T_WLNYO-3,WLNYO-3,2026-09-08,10,2026-09-08T03:30:00Z,2026-09-08T04:00:00Z,304,304
T_WLNYO-3,WLNYO-3,2026-09-08,11,2026-09-08T04:00:00Z,2026-09-08T04:30:00Z,300,303
T_WLNYO-3,WLNYO-3,2026-09-08,12,2026-09-08T04:30:00Z,2026-09-08T05:00:00Z,303,303
T_WLNYO-3,WLNYO-3,2026-09-08,13,2026-09-08T05:00:00Z,2026-09-08T05:30:00Z,304,310
T_WLNYO-3,WLNYO-3,2026-09-08,14,2026-09-08T05:30:00Z,2026-09-08T06:00:00Z,310,310
T_WLNYO-3,WLNYO-3,2026-09-08,15,2026-09-08T06:00:00Z,2026-09-08T06:30:00Z,303,309
T_WLNYO-3,WLNYO-3,2026-09-08,16,2026-09-08T06:30:00Z,2026-09-08T07:00:00Z,309,310
T_WLNYO-3,WLNYO-3,2026-09-08,17,2026-09-08T07:00:00Z,2026-09-08T07:30:00Z,303,309
T_WLNYO-3,WLNYO-3,2026-09-08,18,2026-09-08T07:30:00Z,2026-09-08T08:00:00Z,309,310
T_WLNYO-3,WLNYO-3,2026-09-08,19,2026-09-08T08:00:00Z,2026-09-08T08:30:00Z,303,309
T_WLNYO-3,WLNYO-3,2026-09-08,20,2026-09-08T08:30:00Z,2026-09-08T09:00:00Z,303,309
T_WLNYO-3,WLNYO-3,2026-09-08,21,2026-09-08T09:00:00Z,2026-09-08T09:30:00Z,301,307
T_WLNYO-3,WLNYO-3,2026-09-08,22,2026-09-08T09:30:00Z,2026-09-08T10:00:00Z,303,309
T_WLNYO-3,WLNYO-3,2026-09-08,23,2026-09-08T10:00:00Z,2026-09-08T10:30:00Z,303,308
T_WLNYO-3,WLNYO-3,2026-09-08,24,2026-09-08T10:30:00Z,2026-09-08T11:00:00Z,308,308
T_WLNYO-3,WLNYO-3,2026-09-08,25,2026-09-08T11:00:00Z,2026-09-08T11:30:00Z,308,305
T_WLNYO-3,WLNYO-3,2026-09-08,26,2026-09-08T11:30:00Z,2026-09-08T12:00:00Z,305,302
T_WLNYO-3,WLNYO-3,2026-09-08,27,2026-09-08T12:00:00Z,2026-09-08T12:30:00Z,298,299
T_WLNYO-3,WLNYO-3,2026-09-08,28,2026-09-08T12:30:00Z,2026-09-08T13:00:00Z,299,296
T_WLNYO-3,WLNYO-3,2026-09-08,29,2026-09-08T13:00:00Z,2026-09-08T13:30:00Z,288,290
T_WLNYO-3,WLNYO-3,2026-09-08,30,2026-09-08T13:30:00Z,2026-09-08T14:00:00Z,290,294
T_WLNYO-3,WLNYO-3,2026-09-08,31,2026-09-08T14:00:00Z,2026-09-08T14:30:00Z,292,304
T_WLNYO-3,WLNYO-3,2026-09-08,32,2026-09-08T14:30:00Z,2026-09-08T15:00:00Z,304,308
T_WLNYO-3,WLNYO-3,2026-09-08,33,2026-09-08T15:00:00Z,2026-09-08T15:30:00Z,303,312
T_WLNYO-3,WLNYO-3,2026-09-08,34,2026-09-08T15:30:00Z,2026-09-08T16:00:00Z,312,314
T_WLNYO-3,WLNYO-3,2026-09-08,35,2026-09-08T16:00:00Z,2026-09-08T16:30:00Z,304,312
T_WLNYO-3,WLNYO-3,2026-09-08,36,2026-09-08T16:30:00Z,2026-09-08T17:00:00Z,312,312
T_WLNYO-3,WLNYO-3,2026-09-08,37,2026-09-08T17:00:00Z,2026-09-08T17:30:00Z,304,311
T_WLNYO-3,WLNYO-3,2026-09-08,38,2026-09-08T17:30:00Z,2026-09-08T18:00:00Z,311,311
T_WLNYO-3,WLNYO-3,2026-09-08,39,2026-09-08T18:00:00Z,2026-09-08T18:30:00Z,309,315
T_WLNYO-3,WLNYO-3,2026-09-08,40,2026-09-08T18:30:00Z,2026-09-08T19:00:00Z,315,315
T_WLNYO-3,WLNYO-3,2026-09-08,41,2026-09-08T19:00:00Z,2026-09-08T19:30:00Z,311,316
T_WLNYO-3,WLNYO-3,2026-09-08,42,2026-09-08T19:30:00Z,2026-09-08T20:00:00Z,316,316
T_WLNYO-3,WLNYO-3,2026-09-08,43,2026-09-08T20:00:00Z,2026-09-08T20:30:00Z,316,315
T_WLNYO-3,WLNYO-3,2026-09-08,44,2026-09-08T20:30:00Z,2026-09-08T21:00:00Z,315,315
T_WLNYO-3,WLNYO-3,2026-09-08,45,2026-09-08T21:00:00Z,2026-09-08T21:30:00Z,316,315
T_WLNYO-3,WLNYO-3,2026-09-08,46,2026-09-08T21:30:00Z,2026-09-08T22:00:00Z,315,315
T_WLNYO-3,WLNYO-3,2026-09-08,47,2026-09-08T22:00:00Z,2026-09-08T22:30:00Z,316,315
T_WLNYO-3,WLNYO-3,2026-09-08,48,2026-09-08T22:30:00Z,2026-09-08T23:00:00Z,315,315
T_WLNYO-4,WLNYO-4,2026-09-08,1,2026-09-07T23:00:00Z,2026-09-07T23:30:00Z,292,296
T_WLNYO-4,WLNYO-4,2026-09-08,2,2026-09-07T23:30:00Z,2026-09-08T00:00:00Z,296,299
T_WLNYO-4,WLNYO-4,2026-09-08,3,2026-09-08T00:00:00Z,2026-09-08T00:30:00Z,299,298
T_WLNYO-4,WLNYO-4,2026-09-08,4,2026-09-08T00:30:00Z,2026-09-08T01:00:00Z,298,300
T_WLNYO-4,WLNYO-4,2026-09-08,5,2026-09-08T01:00:00Z,2026-09-08T01:30:00Z,272,279
T_WLNYO-4,WLNYO-4,2026-09-08,6,2026-09-08T01:30:00Z,2026-09-08T02:00:00Z,279,288
T_WLNYO-4,WLNYO-4,2026-09-08,7,2026-09-08T02:00:00Z,2026-09-08T02:30:00Z,302,303
T_WLNYO-4,WLNYO-4,2026-09-08,8,2026-09-08T02:30:00Z,2026-09-08T03:00:00Z,303,306
T_WLNYO-4,WLNYO-4,2026-09-08,9,2026-09-08T03:00:00Z,2026-09-08T03:30:00Z,306,306
T_WLNYO-4,WLNYO-4,2026-09-08,10,2026-09-08T03:30:00Z,2026-09-08T04:00:00Z,306,308
T_WLNYO-4,WLNYO-4,2026-09-08,11,2026-09-08T04:00:00Z,2026-09-08T04:30:00Z,305,303
T_WLNYO-4,WLNYO-4,2026-09-08,12,2026-09-08T04:30:00Z,2026-09-08T05:00:00Z,303,304
T_WLNYO-4,WLNYO-4,2026-09-08,13,2026-09-08T05:00:00Z,2026-09-08T05:30:00Z,301,300
T_WLNYO-4,WLNYO-4,2026-09-08,14,2026-09-08T05:30:00Z,2026-09-08T06:00:00Z,300,302
T_WLNYO-4,WLNYO-4,2026-09-08,15,2026-09-08T06:00:00Z,2026-09-08T06:30:00Z,299,299
T_WLNYO-4,WLNYO-4,2026-09-08,16,2026-09-08T06:30:00Z,2026-09-08T07:00:00Z,299,302
T_WLNYO-4,WLNYO-4,2026-09-08,17,2026-09-08T07:00:00Z,2026-09-08T07:30:00Z,302,302
T_WLNYO-4,WLNYO-4,2026-09-08,18,2026-09-08T07:30:00Z,2026-09-08T08:00:00Z,302,304
T_WLNYO-4,WLNYO-4,2026-09-08,19,2026-09-08T08:00:00Z,2026-09-08T08:30:00Z,304,303
T_WLNYO-4,WLNYO-4,2026-09-08,20,2026-09-08T08:30:00Z,2026-09-08T09:00:00Z,305,304
T_WLNYO-4,WLNYO-4,2026-09-08,21,2026-09-08T09:00:00Z,2026-09-08T09:30:00Z,305,304
T_WLNYO-4,WLNYO-4,2026-09-08,22,2026-09-08T09:30:00Z,2026-09-08T10:00:00Z,305,304
T_WLNYO-4,WLNYO-4,2026-09-08,23,2026-09-08T10:00:00Z,2026-09-08T10:30:00Z,307,305
T_WLNYO-4,WLNYO-4,2026-09-08,24,2026-09-08T10:30:00Z,2026-09-08T11:00:00Z,305,303
T_WLNYO-4,WLNYO-4,2026-09-08,25,2026-09-08T11:00:00Z,2026-09-08T11:30:00Z,303,300
T_WLNYO-4,WLNYO-4,2026-09-08,26,2026-09-08T11:30:00Z,2026-09-08T12:00:00Z,300,294
T_WLNYO-4,WLNYO-4,2026-09-08,27,2026-09-08T12:00:00Z,2026-09-08T12:30:00Z,296,288
T_WLNYO-4,WLNYO-4,2026-09-08,28,2026-09-08T12:30:00Z,2026-09-08T13:00:00Z,288,279
T_WLNYO-4,WLNYO-4,2026-09-08,29,2026-09-08T13:00:00Z,2026-09-08T13:30:00Z,281,269
T_WLNYO-4,WLNYO-4,2026-09-08,30,2026-09-08T13:30:00Z,2026-09-08T14:00:00Z,269,263
T_WLNYO-4,WLNYO-4,2026-09-08,31,2026-09-08T14:00:00Z,2026-09-08T14:30:00Z,271,276
T_WLNYO-4,WLNYO-4,2026-09-08,32,2026-09-08T14:30:00Z,2026-09-08T15:00:00Z,276,287
T_WLNYO-4,WLNYO-4,2026-09-08,33,2026-09-08T15:00:00Z,2026-09-08T15:30:00Z,289,301
T_WLNYO-4,WLNYO-4,2026-09-08,34,2026-09-08T15:30:00Z,2026-09-08T16:00:00Z,301,309
T_WLNYO-4,WLNYO-4,2026-09-08,35,2026-09-08T16:00:00Z,2026-09-08T16:30:00Z,301,309
T_WLNYO-4,WLNYO-4,2026-09-08,36,2026-09-08T16:30:00Z,2026-09-08T17:00:00Z,309,313
T_WLNYO-4,WLNYO-4,2026-09-08,37,2026-09-08T17:00:00Z,2026-09-08T17:30:00Z,309,311
T_WLNYO-4,WLNYO-4,2026-09-08,38,2026-09-08T17:30:00Z,2026-09-08T18:00:00Z,311,314
T_WLNYO-4,WLNYO-4,2026-09-08,39,2026-09-08T18:00:00Z,2026-09-08T18:30:00Z,314,314
T_WLNYO-4,WLNYO-4,2026-09-08,40,2026-09-08T18:30:00Z,2026-09-08T19:00:00Z,314,315
T_WLNYO-4,WLNYO-4,2026-09-08,41,2026-09-08T19:00:00Z,2026-09-08T19:30:00Z,318,317
T_WLNYO-4,WLNYO-4,2026-09-08,42,2026-09-08T19:30:00Z,2026-09-08T20:00:00Z,317,318
T_WLNYO-4,WLNYO-4,2026-09-08,43,2026-09-08T20:00:00Z,2026-09-08T20:30:00Z,318,317
T_WLNYO-4,WLNYO-4,2026-09-08,44,2026-09-08T20:30:00Z,2026-09-08T21:00:00Z,317,317
T_WLNYO-4,WLNYO-4,2026-09-08,45,2026-09-08T21:00:00Z,2026-09-08T21:30:00Z,317,316
T_WLNYO-4,WLNYO-4,2026-09-08,46,2026-09-08T21:30:00Z,2026-09-08T22:00:00Z,316,316
T_WLNYO-4,WLNYO-4,2026-09-08,47,2026-09-08T22:00:00Z,2026-09-08T22:30:00Z,317,315
T_WLNYO-4,WLNYO-4,2026-09-08,48,2026-09-08T22:30:00Z,2026-09-08T23:00:00Z,315,315
T_WLNYW-1,WLNYW-1,2026-09-08,1,2026-09-07T23:00:00Z,2026-09-07T23:30:00Z,131,136
T_WLNYW-1,WLNYW-1,2026-09-08,2,2026-09-07T23:30:00Z,2026-09-08T00:00:00Z,136,143
T_WLNYW-1,WLNYW-1,2026-09-08,3,2026-09-08T00:00:00Z,2026-09-08T00:30:00Z,153,154
T_WLNYW-1,WLNYW-1,2026-09-08,4,2026-09-08T00:30:00Z,2026-09-08T01:00:00Z,154,154
T_WLNYW-1,WLNYW-1,2026-09-08,5,2026-09-08T01:00:00Z,2026-09-08T01:30:00Z,132,137
T_WLNYW-1,WLNYW-1,2026-09-08,6,2026-09-08T01:30:00Z,2026-09-08T02:00:00Z,137,143
T_WLNYW-1,WLNYW-1,2026-09-08,7,2026-09-08T02:00:00Z,2026-09-08T02:30:00Z,153,157
T_WLNYW-1,WLNYW-1,2026-09-08,8,2026-09-08T02:30:00Z,2026-09-08T03:00:00Z,157,159
T_WLNYW-1,WLNYW-1,2026-09-08,9,2026-09-08T03:00:00Z,2026-09-08T03:30:00Z,146,152
T_WLNYW-1,WLNYW-1,2026-09-08,10,2026-09-08T03:30:00Z,2026-09-08T04:00:00Z,152,156
T_WLNYW-1,WLNYW-1,2026-09-08,11,2026-09-08T04:00:00Z,2026-09-08T04:30:00Z,156,159
T_WLNYW-1,WLNYW-1,2026-09-08,12,2026-09-08T04:30:00Z,2026-09-08T05:00:00Z,159,159
T_WLNYW-1,WLNYW-1,2026-09-08,13,2026-09-08T05:00:00Z,2026-09-08T05:30:00Z,154,157
T_WLNYW-1,WLNYW-1,2026-09-08,14,2026-09-08T05:30:00Z,2026-09-08T06:00:00Z,157,158
T_WLNYW-1,WLNYW-1,2026-09-08,15,2026-09-08T06:00:00Z,2026-09-08T06:30:00Z,152,156
T_WLNYW-1,WLNYW-1,2026-09-08,16,2026-09-08T06:30:00Z,2026-09-08T07:00:00Z,156,158
T_WLNYW-1,WLNYW-1,2026-09-08,17,2026-09-08T07:00:00Z,2026-09-08T07:30:00Z,154,159
T_WLNYW-1,WLNYW-1,2026-09-08,18,2026-09-08T07:30:00Z,2026-09-08T08:00:00Z,159,160
T_WLNYW-1,WLNYW-1,2026-09-08,19,2026-09-08T08:00:00Z,2026-09-08T08:30:00Z,155,159
T_WLNYW-1,WLNYW-1,2026-09-08,20,2026-09-08T08:30:00Z,2026-09-08T09:00:00Z,158,162
T_WLNYW-1,WLNYW-1,2026-09-08,21,2026-09-08T09:00:00Z,2026-09-08T09:30:00Z,160,164
T_WLNYW-1,WLNYW-1,2026-09-08,22,2026-09-08T09:30:00Z,2026-09-08T10:00:00Z,156,161
T_WLNYW-1,WLNYW-1,2026-09-08,23,2026-09-08T10:00:00Z,2026-09-08T10:30:00Z,161,164
T_WLNYW-1,WLNYW-1,2026-09-08,24,2026-09-08T10:30:00Z,2026-09-08T11:00:00Z,164,164
T_WLNYW-1,WLNYW-1,2026-09-08,25,2026-09-08T11:00:00Z,2026-09-08T11:30:00Z,164,162
T_WLNYW-1,WLNYW-1,2026-09-08,26,2026-09-08T11:30:00Z,2026-09-08T12:00:00Z,162,159
T_WLNYW-1,WLNYW-1,2026-09-08,27,2026-09-08T12:00:00Z,2026-09-08T12:30:00Z,154,154
T_WLNYW-1,WLNYW-1,2026-09-08,28,2026-09-08T12:30:00Z,2026-09-08T13:00:00Z,154,150
T_WLNYW-1,WLNYW-1,2026-09-08,29,2026-09-08T13:00:00Z,2026-09-08T13:30:00Z,150,148
T_WLNYW-1,WLNYW-1,2026-09-08,30,2026-09-08T13:30:00Z,2026-09-08T14:00:00Z,148,146
T_WLNYW-1,WLNYW-1,2026-09-08,31,2026-09-08T14:00:00Z,2026-09-08T14:30:00Z,146,150
T_WLNYW-1,WLNYW-1,2026-09-08,32,2026-09-08T14:30:00Z,2026-09-08T15:00:00Z,150,157
T_WLNYW-1,WLNYW-1,2026-09-08,33,2026-09-08T15:00:00Z,2026-09-08T15:30:00Z,141,152
T_WLNYW-1,WLNYW-1,2026-09-08,34,2026-09-08T15:30:00Z,2026-09-08T16:00:00Z,152,160
T_WLNYW-1,WLNYW-1,2026-09-08,35,2026-09-08T16:00:00Z,2026-09-08T16:30:00Z,156,163
T_WLNYW-1,WLNYW-1,2026-09-08,36,2026-09-08T16:30:00Z,2026-09-08T17:00:00Z,163,166
T_WLNYW-1,WLNYW-1,2026-09-08,37,2026-09-08T17:00:00Z,2026-09-08T17:30:00Z,157,163
T_WLNYW-1,WLNYW-1,2026-09-08,38,2026-09-08T17:30:00Z,2026-09-08T18:00:00Z,163,165
T_WLNYW-1,WLNYW-1,2026-09-08,39,2026-09-08T18:00:00Z,2026-09-08T18:30:00Z,167,170
T_WLNYW-1,WLNYW-1,2026-09-08,40,2026-09-08T18:30:00Z,2026-09-08T19:00:00Z,170,170
T_WLNYW-1,WLNYW-1,2026-09-08,41,2026-09-08T19:00:00Z,2026-09-08T19:30:00Z,167,170
T_WLNYW-1,WLNYW-1,2026-09-08,42,2026-09-08T19:30:00Z,2026-09-08T20:00:00Z,170,170
T_WLNYW-1,WLNYW-1,2026-09-08,43,2026-09-08T20:00:00Z,2026-09-08T20:30:00Z,167,170
T_WLNYW-1,WLNYW-1,2026-09-08,44,2026-09-08T20:30:00Z,2026-09-08T21:00:00Z,170,170
T_WLNYW-1,WLNYW-1,2026-09-08,45,2026-09-08T21:00:00Z,2026-09-08T21:30:00Z,167,170
T_WLNYW-1,WLNYW-1,2026-09-08,46,2026-09-08T21:30:00Z,2026-09-08T22:00:00Z,170,169
T_WLNYW-1,WLNYW-1,2026-09-08,47,2026-09-08T22:00:00Z,2026-09-08T22:30:00Z,166,169
T_WLNYW-1,WLNYW-1,2026-09-08,48,2026-09-08T22:30:00Z,2026-09-08T23:00:00Z,169,168
T_WTMSO-1,WTMSO-1,2026-09-08,1,2026-09-07T23:00:00Z,2026-09-07T23:30:00Z,173,176
T_WTMSO-1,WTMSO-1,2026-09-08,2,2026-09-07T23:30:00Z,2026-09-08T00:00:00Z,176,181
T_WTMSO-1,WTMSO-1,2026-09-08,3,2026-09-08T00:00:00Z,2026-09-08T00:30:00Z,186,189
T_WTMSO-1,WTMSO-1,2026-09-08,4,2026-09-08T00:30:00Z,2026-09-08T01:00:00Z,189,191
T_WTMSO-1,WTMSO-1,2026-09-08,5,2026-09-08T01:00:00Z,2026-09-08T01:30:00Z,169,176
T_WTMSO-1,WTMSO-1,2026-09-08,6,2026-09-08T01:30:00Z,2026-09-08T02:00:00Z,176,182
T_WTMSO-1,WTMSO-1,2026-09-08,7,2026-09-08T02:00:00Z,2026-09-08T02:30:00Z,173,174
T_WTMSO-1,WTMSO-1,2026-09-08,8,2026-09-08T02:30:00Z,2026-09-08T03:00:00Z,174,172
T_WTMSO-1,WTMSO-1,2026-09-08,9,2026-09-08T03:00:00Z,2026-09-08T03:30:00Z,191,181
T_WTMSO-1,WTMSO-1,2026-09-08,10,2026-09-08T03:30:00Z,2026-09-08T04:00:00Z,181,162
T_WTMSO-1,WTMSO-1,2026-09-08,11,2026-09-08T04:00:00Z,2026-09-08T04:30:00Z,165,146
T_WTMSO-1,WTMSO-1,2026-09-08,12,2026-09-08T04:30:00Z,2026-09-08T05:00:00Z,146,121
T_WTMSO-1,WTMSO-1,2026-09-08,13,2026-09-08T05:00:00Z,2026-09-08T05:30:00Z,130,115
T_WTMSO-1,WTMSO-1,2026-09-08,14,2026-09-08T05:30:00Z,2026-09-08T06:00:00Z,115,103
T_WTMSO-1,WTMSO-1,2026-09-08,15,2026-09-08T06:00:00Z,2026-09-08T06:30:00Z,114,108
T_WTMSO-1,WTMSO-1,2026-09-08,16,2026-09-08T06:30:00Z,2026-09-08T07:00:00Z,108,104
T_WTMSO-1,WTMSO-1,2026-09-08,17,2026-09-08T07:00:00Z,2026-09-08T07:30:00Z,72,74
T_WTMSO-1,WTMSO-1,2026-09-08,18,2026-09-08T07:30:00Z,2026-09-08T08:00:00Z,74,78
T_WTMSO-1,WTMSO-1,2026-09-08,19,2026-09-08T08:00:00Z,2026-09-08T08:30:00Z,83,84
T_WTMSO-1,WTMSO-1,2026-09-08,20,2026-09-08T08:30:00Z,2026-09-08T09:00:00Z,93,95
T_WTMSO-1,WTMSO-1,2026-09-08,21,2026-09-08T09:00:00Z,2026-09-08T09:30:00Z,101,101
T_WTMSO-1,WTMSO-1,2026-09-08,22,2026-09-08T09:30:00Z,2026-09-08T10:00:00Z,96,98
T_WTMSO-1,WTMSO-1,2026-09-08,23,2026-09-08T10:00:00Z,2026-09-08T10:30:00Z,90,94
T_WTMSO-1,WTMSO-1,2026-09-08,24,2026-09-08T10:30:00Z,2026-09-08T11:00:00Z,94,101
T_WTMSO-1,WTMSO-1,2026-09-08,25,2026-09-08T11:00:00Z,2026-09-08T11:30:00Z,101,109
T_WTMSO-1,WTMSO-1,2026-09-08,26,2026-09-08T11:30:00Z,2026-09-08T12:00:00Z,109,125
T_WTMSO-1,WTMSO-1,2026-09-08,27,2026-09-08T12:00:00Z,2026-09-08T12:30:00Z,126,139
T_WTMSO-1,WTMSO-1,2026-09-08,28,2026-09-08T12:30:00Z,2026-09-08T13:00:00Z,139,158
T_WTMSO-1,WTMSO-1,2026-09-08,29,2026-09-08T13:00:00Z,2026-09-08T13:30:00Z,149,166
T_WTMSO-1,WTMSO-1,2026-09-08,30,2026-09-08T13:30:00Z,2026-09-08T14:00:00Z,166,183
T_WTMSO-1,WTMSO-1,2026-09-08,31,2026-09-08T14:00:00Z,2026-09-08T14:30:00Z,181,188
T_WTMSO-1,WTMSO-1,2026-09-08,32,2026-09-08T14:30:00Z,2026-09-08T15:00:00Z,188,195
T_WTMSO-1,WTMSO-1,2026-09-08,33,2026-09-08T15:00:00Z,2026-09-08T15:30:00Z,197,198
T_WTMSO-1,WTMSO-1,2026-09-08,34,2026-09-08T15:30:00Z,2026-09-08T16:00:00Z,198,200
T_WTMSO-1,WTMSO-1,2026-09-08,35,2026-09-08T16:00:00Z,2026-09-08T16:30:00Z,197,199
T_WTMSO-1,WTMSO-1,2026-09-08,36,2026-09-08T16:30:00Z,2026-09-08T17:00:00Z,199,201
T_WTMSO-1,WTMSO-1,2026-09-08,37,2026-09-08T17:00:00Z,2026-09-08T17:30:00Z,200,202
T_WTMSO-1,WTMSO-1,2026-09-08,38,2026-09-08T17:30:00Z,2026-09-08T18:00:00Z,202,203
T_WTMSO-1,WTMSO-1,2026-09-08,39,2026-09-08T18:00:00Z,2026-09-08T18:30:00Z,202,203
T_WTMSO-1,WTMSO-1,2026-09-08,40,2026-09-08T18:30:00Z,2026-09-08T19:00:00Z,203,203
T_WTMSO-1,WTMSO-1,2026-09-08,41,2026-09-08T19:00:00Z,2026-09-08T19:30:00Z,202,202
T_WTMSO-1,WTMSO-1,2026-09-08,42,2026-09-08T19:30:00Z,2026-09-08T20:00:00Z,202,202
T_WTMSO-1,WTMSO-1,2026-09-08,43,2026-09-08T20:00:00Z,2026-09-08T20:30:00Z,201,202
T_WTMSO-1,WTMSO-1,2026-09-08,44,2026-09-08T20:30:00Z,2026-09-08T21:00:00Z,202,202
T_WTMSO-1,WTMSO-1,2026-09-08,45,2026-09-08T21:00:00Z,2026-09-08T21:30:00Z,201,201
T_WTMSO-1,WTMSO-1,2026-09-08,46,2026-09-08T21:30:00Z,2026-09-08T22:00:00Z,201,201
T_WTMSO-1,WTMSO-1,2026-09-08,47,2026-09-08T22:00:00Z,2026-09-08T22:30:00Z,200,201
T_WTMSO-1,WTMSO-1,2026-09-08,48,2026-09-08T22:30:00Z,2026-09-08T23:00:00Z,201,201
